Gene,expression_range
AT1G01010,0.33578955253223264
AT1G01020,0.5482767043419882
AT1G01030,0.3556739376651509
AT1G01040,0.4059481222923248
AT1G01046,0.1019935489625394
AT1G01050,0.6737911256872704
AT1G01060,0.6074124302419559
AT1G01070,0.9511357950543006
AT1G01080,0.5480085270869721
AT1G01090,0.8213953209313971
AT1G01100,0.6537851480094266
AT1G01110,0.45427713920394586
AT1G01120,0.3797958023965281
AT1G01130,0.2697387587230644
AT1G01140,0.5014538243151787
AT1G01150,0.1610417876165464
AT1G01160,0.6613472543304826
AT1G01170,0.6819326741729298
AT1G01180,0.3974442336054173
AT1G01183,0.2369302441774614
AT1G01190,0.6925195928384035
AT1G01200,0.4236905173811816
AT1G01210,0.6869515884740323
AT1G01220,0.46834234538540065
AT1G01225,0.5467703431402272
AT1G01230,0.5103433173066201
AT1G01240,0.4283525376241355
AT1G01250,0.1066470560095756
AT1G01260,0.35190214407603243
AT1G01270,0.1022361431632837
AT1G01280,0.1022361431632837
AT1G01290,0.6428321641721728
AT1G01300,0.7717532221494732
AT1G01305,0.1127750569145306
AT1G01310,0.2666951179477235
AT1G01320,0.4937084857716131
AT1G01335,0.1022361431632837
AT1G01340,0.5860822049447337
AT1G01350,0.5421719780699102
AT1G01355,0.1734607906853523
AT1G01360,0.4668042999382358
AT1G01370,0.3988913652000689
AT1G01380,0.2132178000017146
AT1G01390,0.1022361431632837
AT1G01400,0.13147187192490628
AT1G01410,0.1022361431632837
AT1G01420,0.38307413416882763
AT1G01430,0.6251894529573041
AT1G01440,0.2855720121109865
AT1G01448,0.7228423146476672
AT1G01450,0.3177480590436677
AT1G01453,0.3427891128376437
AT1G01460,0.1022361431632837
AT1G01470,0.7658322268282451
AT1G01480,0.3520520759613485
AT1G01490,0.6203654028666323
AT1G01500,0.3889885077194025
AT1G01510,0.6144334968996338
AT1G01520,0.2636359798237732
AT1G01530,0.1086263273482466
AT1G01540,0.30223119369737916
AT1G01550,0.848931364120445
AT1G01560,0.21159403683981517
AT1G01570,0.2993500159285042
AT1G01580,1.6075499735219665
AT1G01590,0.12397874312476509
AT1G01600,0.46739840345636496
AT1G01610,0.8828758246415186
AT1G01620,1.1003112225673837
AT1G01630,0.8848335394399829
AT1G01640,0.6936231315029935
AT1G01650,0.5768687684183886
AT1G01660,0.3921276648575821
AT1G01670,0.48318123213216724
AT1G01680,0.10791087632342759
AT1G01690,0.3276647055236281
AT1G01695,0.1574802423670437
AT1G01700,0.2633980333863773
AT1G01710,0.4700685435109119
AT1G01715,0.34879572973424755
AT1G01720,1.0921193096820718
AT1G01725,0.5953775241718403
AT1G01730,0.368758155753639
AT1G01740,0.28334229687660784
AT1G01750,0.9680937573153923
AT1G01760,0.4780844870176726
AT1G01770,0.44020713641436765
AT1G01780,0.45190872684271877
AT1G01790,0.4436998498975536
AT1G01800,0.6784173168058212
AT1G01810,0.2365063915555811
AT1G01820,0.6136099141399611
AT1G01830,0.30781221442389434
AT1G01840,0.31437429464852723
AT1G01860,0.3590182534742519
AT1G01870,0.1477211663664761
AT1G01880,0.2556012164891588
AT1G01890,0.13710881267564518
AT1G01900,0.43541870957079776
AT1G01910,0.6123374839747782
AT1G01920,0.7985492169116619
AT1G01930,0.32795905203857667
AT1G01940,0.502757495471523
AT1G01950,0.2702474993366381
AT1G01960,0.6220524153025064
AT1G01970,0.3031164858986996
AT1G01980,0.1022361431632837
AT1G01990,0.33718651893751017
AT1G02000,0.5071288641020006
AT1G02010,0.36557885827765807
AT1G02020,0.4586281993723898
AT1G02030,0.3224761524913064
AT1G02040,0.11614916973784539
AT1G02050,0.31929142291354873
AT1G02060,0.4092876185917594
AT1G02065,0.1016524999438922
AT1G02067,0.1022361431632837
AT1G02070,0.2935531356676755
AT1G02080,0.6412455619976418
AT1G02090,0.4845310986755744
AT1G02100,0.48155317267984366
AT1G02110,0.502319929812719
AT1G02120,0.3468513991508635
AT1G02130,0.4649886331775399
AT1G02140,0.7108766086592135
AT1G02145,0.34118333260821077
AT1G02150,0.7579747169557768
AT1G02160,0.6144001529079546
AT1G02170,0.35510383142084256
AT1G02180,0.44984551166944386
AT1G02190,0.1019935489625394
AT1G02205,0.3909098280015038
AT1G02210,0.1022361431632837
AT1G02220,1.0160278460203027
AT1G02230,0.3973487506519406
AT1G02250,0.1019935489625394
AT1G02260,0.5334468134549883
AT1G02270,0.4837460552458876
AT1G02280,0.6194637123498785
AT1G02290,0.45717889941250983
AT1G02300,0.5402834549891405
AT1G02305,0.7988890777440047
AT1G02310,0.4618565132105914
AT1G02320,0.1154390614062556
AT1G02330,1.0277643347619496
AT1G02335,0.7957543421547741
AT1G02340,0.48899272802883337
AT1G02350,0.2625871381381228
AT1G02360,0.6905698124635605
AT1G02370,0.39612285411063997
AT1G02380,0.3080361266027955
AT1G02390,0.33129204265353795
AT1G02400,0.4574996443198535
AT1G02405,0.1482101380816071
AT1G02410,0.9575250891125053
AT1G02420,0.2164535026160208
AT1G02430,0.3531160720573559
AT1G02440,0.2483568534511933
AT1G02450,0.2817608830744107
AT1G02460,0.544740986091873
AT1G02470,0.22303107552557438
AT1G02475,0.4753660277751986
AT1G02480,0.11921321204849218
AT1G02490,0.44267405113971225
AT1G02500,1.1712506389654451
AT1G02510,0.1022361431632837
AT1G02520,0.36779299820863265
AT1G02530,0.1682192821361995
AT1G02540,0.1022361431632837
AT1G02550,0.1022361431632837
AT1G02560,0.5050446878000086
AT1G02570,0.5282543069286929
AT1G02575,0.555545310180741
AT1G02580,0.15008991000605168
AT1G02590,0.1022361431632837
AT1G02600,0.1022361431632837
AT1G02610,0.4264984298976664
AT1G02620,0.1022361431632837
AT1G02630,0.1035798262364268
AT1G02640,0.38764842720014103
AT1G02650,0.2720527652373964
AT1G02660,0.3154542818625985
AT1G02670,0.281632580559453
AT1G02680,0.46871337440853167
AT1G02690,0.4666300318014458
AT1G02700,1.6809158524135541
AT1G02705,0.443043335559321
AT1G02710,0.12924459010556022
AT1G02720,0.3717889834762247
AT1G02730,0.6351602573403109
AT1G02740,0.3133492474900546
AT1G02750,0.457903207853929
AT1G02770,0.18157710664102739
AT1G02780,0.8145832521674192
AT1G02790,0.1643630982626555
AT1G02800,0.1777756714743017
AT1G02810,0.3765055858133182
AT1G02813,0.22308556411243888
AT1G02816,0.5632900695357714
AT1G02820,0.1819241948978447
AT1G02830,0.1048106872518009
AT1G02840,0.4068170484761051
AT1G02850,0.6339492999714217
AT1G02860,0.6767865713516272
AT1G02870,0.5995924461162199
AT1G02880,0.5925383028910429
AT1G02890,0.537213234451764
AT1G02900,1.1130026014088255
AT1G02910,0.3096627284692264
AT1G02920,2.2410759865360976
AT1G02930,2.430965667268221
AT1G02940,0.1022361431632837
AT1G02950,0.8733293919921647
AT1G02952,0.1022361431632837
AT1G02960,0.6435348337629385
AT1G02965,0.1022361431632837
AT1G02970,0.2466184877070623
AT1G02980,0.2930277571783158
AT1G02990,0.38290658226700175
AT1G03000,0.3070138590217504
AT1G03010,0.3911254543312734
AT1G03020,0.2540887483790458
AT1G03030,0.5195081884819921
AT1G03040,0.5352891800297168
AT1G03050,0.1182540156723805
AT1G03055,0.16623168838405858
AT1G03060,0.7754574238867874
AT1G03070,0.2393456098876245
AT1G03080,0.7463569653314008
AT1G03090,0.5650469754760556
AT1G03100,0.376069277429276
AT1G03103,0.1022361431632837
AT1G03106,3.5182315863679006
AT1G03110,0.7595351651355051
AT1G03120,0.2920422015813473
AT1G03130,0.3380045654378963
AT1G03140,0.3532961501784795
AT1G03150,0.5321322296477278
AT1G03160,0.42565332516291243
AT1G03165,0.1016524999438922
AT1G03170,0.1963143083052141
AT1G03180,0.48234692843221066
AT1G03190,0.2969089512348322
AT1G03200,0.3497624155586585
AT1G03210,0.5629477290699874
AT1G03220,0.8560684703798227
AT1G03230,0.6185273044522733
AT1G03240,0.2473662805171149
AT1G03250,0.34573334101439845
AT1G03260,0.2718461439241878
AT1G03270,0.3388726110877748
AT1G03280,0.4598783872269617
AT1G03290,0.3827453359696993
AT1G03300,0.1022361431632837
AT1G03310,0.3344249875229335
AT1G03320,0.1022361431632837
AT1G03325,0.1022361431632837
AT1G03330,0.6184019857051919
AT1G03340,0.331273681459997
AT1G03350,0.5166136465894264
AT1G03360,0.5218927132562757
AT1G03365,0.3980825899982485
AT1G03370,0.29087696133168245
AT1G03380,0.4627223328778155
AT1G03390,0.1022361431632837
AT1G03395,0.1022361431632837
AT1G03400,0.317223425942545
AT1G03410,0.9032511463100571
AT1G03430,0.4557965062689867
AT1G03440,0.3212074392086754
AT1G03445,0.2631009353771941
AT1G03457,0.4081813896577735
AT1G03470,0.46165818694715777
AT1G03475,0.2772420535874778
AT1G03490,0.1059081205993447
AT1G03495,0.3635067732586238
AT1G03502,0.3087326869043508
AT1G03506,0.20921768587544032
AT1G03510,0.4261498488064852
AT1G03515,0.236481882967134
AT1G03520,0.3606088250357603
AT1G03530,0.4992837422504459
AT1G03540,0.2707317294173955
AT1G03545,0.2335295090964462
AT1G03550,0.4358185748822573
AT1G03560,0.34832005012871725
AT1G03570,0.1320762159468708
AT1G03590,0.5611718339945073
AT1G03600,0.5556560944350318
AT1G03610,0.6496122182627014
AT1G03620,0.5544482302560836
AT1G03630,0.4673538250413412
AT1G03650,0.4663786940925101
AT1G03660,0.4614523694203705
AT1G03670,0.1022361431632837
AT1G03680,0.5289972354885916
AT1G03687,0.5732395307288275
AT1G03700,0.44554905234051057
AT1G03710,0.196805342528398
AT1G03720,0.1022361431632837
AT1G03730,0.39678718473745955
AT1G03740,0.4081223324281842
AT1G03743,0.2520864815652282
AT1G03746,0.3738766793666787
AT1G03750,0.318162643548983
AT1G03760,0.3041659890586933
AT1G03770,0.47380431668464607
AT1G03780,0.5077410313664321
AT1G03790,1.772040261608107
AT1G03800,0.2410104607196969
AT1G03810,0.1543583049326627
AT1G03820,1.9122223772152247
AT1G03830,0.3264207902500796
AT1G03840,0.6082002215090921
AT1G03850,1.1554690810350035
AT1G03860,0.6779821068901888
AT1G03870,0.8698214867951513
AT1G03880,0.6782620923509273
AT1G03890,0.40064438918433853
AT1G03900,0.6266448395505972
AT1G03905,0.4435058515917921
AT1G03910,0.5154847461164913
AT1G03920,0.5565593519906847
AT1G03930,0.30752675926452355
AT1G03935,0.1875494641076992
AT1G03940,0.3358673600498129
AT1G03950,0.3630998505272881
AT1G03960,0.36368366229886295
AT1G03970,0.395111422821801
AT1G03980,0.34053125649800586
AT1G03982,0.1152594082255481
AT1G03987,0.1022361431632837
AT1G03990,0.5160951340635935
AT1G03993,0.2559427777375458
AT1G03997,0.1022361431632837
AT1G04000,0.3996732097253789
AT1G04003,0.1022361431632837
AT1G04007,0.23528346488273838
AT1G04010,0.3845887128010704
AT1G04013,0.1022361431632837
AT1G04017,0.1019935489625394
AT1G04020,0.5083052024018719
AT1G04023,0.1019935489625394
AT1G04027,0.1022361431632837
AT1G04030,0.6030080352826825
AT1G04033,0.18981568910955798
AT1G04037,0.11401151286501619
AT1G04040,0.9941408830756315
AT1G04043,0.1022361431632837
AT1G04047,0.1491582878224234
AT1G04050,0.2791489339021097
AT1G04053,0.2259952420850368
AT1G04057,0.1022361431632837
AT1G04063,0.1019935489625394
AT1G04067,0.1808248941657655
AT1G04070,0.5816467764974903
AT1G04073,0.1019935489625394
AT1G04077,0.14808827030131488
AT1G04080,0.5183760226379309
AT1G04083,0.1019935489625394
AT1G04087,0.1022361431632837
AT1G04090,0.271346607127948
AT1G04093,0.141287642798019
AT1G04097,0.1016524999438922
AT1G04100,0.4394456819760837
AT1G04103,0.1576028107321856
AT1G04105,0.1022361431632837
AT1G04110,0.11515546350542459
AT1G04117,0.2680692900198006
AT1G04120,0.6266400668939892
AT1G04123,0.1758006760768562
AT1G04127,0.1722007211847155
AT1G04130,0.5617708313456564
AT1G04133,0.1022361431632837
AT1G04137,0.1399612887711578
AT1G04140,0.5755180043805537
AT1G04143,0.1022361431632837
AT1G04147,0.10075254141967468
AT1G04150,0.34230168274529527
AT1G04153,0.1019935489625394
AT1G04157,0.1022361431632837
AT1G04160,0.324609016418196
AT1G04163,0.13577082609690877
AT1G04167,0.1022361431632837
AT1G04170,0.43028734879267083
AT1G04173,0.11360421139358248
AT1G04177,0.1022361431632837
AT1G04180,0.485188591788213
AT1G04183,1.5951116308011397
AT1G04187,0.1936404037167681
AT1G04190,1.0992046956803259
AT1G04193,0.1737852744644956
AT1G04197,0.3799429581598739
AT1G04200,0.33245589322353053
AT1G04203,0.1022361431632837
AT1G04207,0.1022361431632837
AT1G04210,0.427667418899473
AT1G04213,0.1382339580760853
AT1G04217,0.4119929643713038
AT1G04220,0.7375430986705327
AT1G04223,0.2404949108097791
AT1G04227,0.1505302731386049
AT1G04230,0.21342103731467837
AT1G04233,0.1022361431632837
AT1G04237,0.1361782856280173
AT1G04240,1.0670760333277431
AT1G04243,0.1022361431632837
AT1G04247,0.461817658715016
AT1G04250,0.9545016931891195
AT1G04253,0.1022361431632837
AT1G04257,0.10134379978257319
AT1G04260,0.49101341292116507
AT1G04263,0.1158459879109906
AT1G04267,0.1534613090091232
AT1G04270,0.7488052608718205
AT1G04273,0.2209708308081092
AT1G04277,0.42826090337993483
AT1G04280,0.7387873587332524
AT1G04283,0.1035427623695311
AT1G04287,0.1468422368692784
AT1G04290,1.1132438813137813
AT1G04293,0.1022361431632837
AT1G04295,0.29496339122933246
AT1G04297,0.1690918642199722
AT1G04300,0.33425363836415145
AT1G04303,0.1022361431632837
AT1G04307,0.1518861749879481
AT1G04310,0.3706123026225641
AT1G04313,0.1019935489625394
AT1G04320,0.1609196461458213
AT1G04323,0.1019935489625394
AT1G04327,0.1022361431632837
AT1G04330,0.7350431721594546
AT1G04333,0.1022361431632837
AT1G04337,0.1157401875728611
AT1G04340,0.638626063748712
AT1G04343,0.1347502093239678
AT1G04347,0.2031829419842616
AT1G04350,0.5086257303119329
AT1G04353,0.3535922064986733
AT1G04357,0.26074897310214606
AT1G04360,0.40013100464511975
AT1G04363,0.13310185515125608
AT1G04367,0.1754555067401034
AT1G04370,0.1208752519427472
AT1G04373,0.1022361431632837
AT1G04377,0.1022361431632837
AT1G04380,0.2566880433361926
AT1G04383,0.1022361431632837
AT1G04387,0.1022361431632837
AT1G04390,0.3543941744332786
AT1G04393,0.1016524999438922
AT1G04397,0.1016524999438922
AT1G04400,0.4359108754080845
AT1G04403,0.13680399835142398
AT1G04407,0.1022361431632837
AT1G04410,1.042153929982081
AT1G04413,0.1156001847370652
AT1G04417,0.10075254141967468
AT1G04420,0.36716768271956024
AT1G04423,0.25927988817332903
AT1G04425,1.8687944047669087
AT1G04427,0.11444303835507919
AT1G04430,0.756970094541906
AT1G04433,0.2697722396297007
AT1G04437,0.10246802623269259
AT1G04440,0.7162902872792936
AT1G04443,0.1022361431632837
AT1G04445,0.1473784809074214
AT1G04447,0.1022361431632837
AT1G04450,0.436486579589324
AT1G04453,0.1022361431632837
AT1G04455,0.1022361431632837
AT1G04463,0.5894514484593987
AT1G04467,0.10134379978257319
AT1G04470,0.1016524999438922
AT1G04473,0.2065171840764805
AT1G04477,0.34830064267187677
AT1G04480,0.6002770637907031
AT1G04483,0.1019935489625394
AT1G04487,0.1567070508851968
AT1G04490,0.38761720255200416
AT1G04493,0.10723969807591059
AT1G04497,0.1016524999438922
AT1G04500,0.1022361431632837
AT1G04503,0.851270539462314
AT1G04507,0.1022361431632837
AT1G04510,0.5678642581772635
AT1G04513,0.127926209227189
AT1G04517,0.2385048715039847
AT1G04520,0.8460893143744765
AT1G04523,0.2235038811007973
AT1G04527,0.1703252928955503
AT1G04530,0.5904520237345446
AT1G04533,0.1153215346463968
AT1G04537,0.3256134826178335
AT1G04540,0.43405869610823905
AT1G04547,0.1022361431632837
AT1G04550,0.4680357656798998
AT1G04555,0.48648391583383765
AT1G04557,0.1016524999438922
AT1G04560,3.04170317295158
AT1G04563,0.183723615582392
AT1G04567,0.1019935489625394
AT1G04570,0.5564898788512018
AT1G04573,0.1022361431632837
AT1G04577,0.2591033951782557
AT1G04580,0.3255697912911723
AT1G04583,0.10665781231970589
AT1G04587,0.1198129780598585
AT1G04590,1.0056230758746145
AT1G04593,0.1022361431632837
AT1G04597,0.1022361431632837
AT1G04600,0.26800848102915487
AT1G04603,0.11473066542508109
AT1G04607,0.1022361431632837
AT1G04610,0.38252657172335414
AT1G04620,0.4631589335512356
AT1G04623,0.1019935489625394
AT1G04625,0.1292672916092043
AT1G04630,0.6833126938978389
AT1G04635,0.5374787855737949
AT1G04640,0.3855972650657323
AT1G04643,0.10858261405553989
AT1G04645,0.1022361431632837
AT1G04647,0.3675756817478229
AT1G04650,0.35079933743078273
AT1G04653,0.1022361431632837
AT1G04657,0.12822961683437567
AT1G04660,0.11488926139914618
AT1G04667,0.1022361431632837
AT1G04670,0.1019935489625394
AT1G04673,0.1022361431632837
AT1G04677,0.1022361431632837
AT1G04680,1.1012512340061955
AT1G04683,0.1179958396990885
AT1G04687,0.1022361431632837
AT1G04690,0.9129190196615249
AT1G04693,0.1022361431632837
AT1G04697,0.12616745869458218
AT1G04700,0.2523107824109061
AT1G04703,0.1768307327712899
AT1G04707,0.2341122065128727
AT1G04710,0.5084277295716395
AT1G04713,0.10659027982216149
AT1G04717,0.1022361431632837
AT1G04720,0.1290998254526816
AT1G04723,0.1022361431632837
AT1G04730,0.310871616689695
AT1G04733,0.5658288879030482
AT1G04737,0.1022361431632837
AT1G04743,0.1019935489625394
AT1G04747,0.1022361431632837
AT1G04750,0.6775711570648895
AT1G04753,0.1156852762339872
AT1G04760,0.46768463325787146
AT1G04763,0.1022361431632837
AT1G04767,0.17750479742979938
AT1G04770,0.5393188232001528
AT1G04773,0.1022361431632837
AT1G04778,0.3951894608593783
AT1G04780,0.6080255017203623
AT1G04783,0.1016524999438922
AT1G04787,0.1019935489625394
AT1G04790,0.37605766157694775
AT1G04793,0.1022361431632837
AT1G04797,0.1022361431632837
AT1G04800,0.1016524999438922
AT1G04803,0.2214126045119097
AT1G04807,0.1022361431632837
AT1G04810,0.5864825834688921
AT1G04813,0.1022361431632837
AT1G04817,0.1019935489625394
AT1G04820,0.9080377427326667
AT1G04823,0.1294637844691584
AT1G04827,0.2043289456750657
AT1G04830,0.2493824497681999
AT1G04833,0.3735230458835256
AT1G04837,0.587417204888897
AT1G04840,0.3454966534208778
AT1G04847,0.1022361431632837
AT1G04850,0.7530301686424272
AT1G04853,0.1022361431632837
AT1G04857,0.11285349672868329
AT1G04860,0.3340576261765651
AT1G04863,0.256461068662396
AT1G04867,0.1022361431632837
AT1G04870,0.8171231147715954
AT1G04873,0.1303903253953601
AT1G04877,0.19627359308855238
AT1G04880,0.29857182134217863
AT1G04883,0.1022361431632837
AT1G04887,0.1022361431632837
AT1G04890,0.1022361431632837
AT1G04893,0.1022361431632837
AT1G04895,0.1022361431632837
AT1G04897,0.1022361431632837
AT1G04900,0.8029023781756444
AT1G04907,0.12697281791831488
AT1G04910,0.45742150779513757
AT1G04913,0.1022361431632837
AT1G04917,0.2281119464971284
AT1G04920,0.5510694809205023
AT1G04923,0.1293094476827123
AT1G04927,0.1016524999438922
AT1G04930,0.2891865976467079
AT1G04933,0.15128225737022238
AT1G04937,0.1022361431632837
AT1G04940,0.5820028542830078
AT1G04943,0.1022361431632837
AT1G04945,0.47409049768676514
AT1G04947,0.1022361431632837
AT1G04950,0.5358270662425144
AT1G04953,0.1164531435322056
AT1G04957,0.1019935489625394
AT1G04960,0.577722011561763
AT1G04963,0.1022361431632837
AT1G04967,0.1022361431632837
AT1G04970,0.6383238239176232
AT1G04973,0.2363749084669567
AT1G04977,0.2505746502432979
AT1G04980,0.5745187128669282
AT1G04983,0.1022361431632837
AT1G04985,0.47177191155529696
AT1G04987,0.1022361431632837
AT1G04990,0.8876553954573374
AT1G04993,0.1022361431632837
AT1G04997,0.1019935489625394
AT1G05000,1.0487784121486379
AT1G05003,0.1022361431632837
AT1G05005,0.1022361431632837
AT1G05007,0.1022361431632837
AT1G05010,0.6116694545727234
AT1G05013,0.1302242750469512
AT1G05017,0.1019935489625394
AT1G05020,0.37255572221741684
AT1G05023,0.1022361431632837
AT1G05027,0.1019935489625394
AT1G05030,0.26753622356898016
AT1G05033,0.1374083795262372
AT1G05035,0.1022361431632837
AT1G05037,0.1022361431632837
AT1G05040,0.1411738671923493
AT1G05043,0.1133948467902904
AT1G05047,0.10075254141967468
AT1G05053,0.1022361431632837
AT1G05055,0.384031362304582
AT1G05057,0.2378142584424095
AT1G05060,0.4679485369483152
AT1G05065,0.3504609343476658
AT1G05067,0.1022361431632837
AT1G05070,0.5801084422815194
AT1G05073,0.1022361431632837
AT1G05077,0.1022361431632837
AT1G05080,0.1022361431632837
AT1G05083,0.11673682476017058
AT1G05085,0.1022361431632837
AT1G05087,0.2025638806897877
AT1G05090,0.46152848906089117
AT1G05093,0.13391448415068208
AT1G05097,0.1022361431632837
AT1G05100,0.20764978555777208
AT1G05103,0.1016524999438922
AT1G05107,0.1312041022914089
AT1G05113,0.1022361431632837
AT1G05117,0.1022361431632837
AT1G05120,0.41267089147159136
AT1G05123,0.1019935489625394
AT1G05127,0.1019935489625394
AT1G05133,0.1022361431632837
AT1G05136,0.1022361431632837
AT1G05137,0.1022361431632837
AT1G05140,0.33942163236536127
AT1G05143,0.1501551119980932
AT1G05147,0.1016524999438922
AT1G05150,0.3419809088622955
AT1G05153,0.7495876036592266
AT1G05160,0.38785374133898043
AT1G05163,1.276962056834432
AT1G05170,0.3717391801587603
AT1G05173,0.1022361431632837
AT1G05177,0.1104007496954906
AT1G05180,0.3897273390549758
AT1G05183,0.5268544994733311
AT1G05187,0.27462467527473833
AT1G05190,0.66031123964062
AT1G05193,0.1022361431632837
AT1G05197,0.1022361431632837
AT1G05200,0.328062373610275
AT1G05203,0.1321203840822475
AT1G05205,0.5491435154211461
AT1G05207,0.1005546875699398
AT1G05210,0.5162035542717525
AT1G05213,0.36494149047073454
AT1G05217,0.1022361431632837
AT1G05220,0.8075924266895073
AT1G05223,0.10134379978257319
AT1G05227,0.1019935489625394
AT1G05230,0.2020512341804886
AT1G05233,0.1022361431632837
AT1G05237,0.1022361431632837
AT1G05240,0.3204071071361233
AT1G05243,0.1022361431632837
AT1G05247,0.34828995845157007
AT1G05250,0.9665268530444115
AT1G05253,0.1022361431632837
AT1G05257,0.1022361431632837
AT1G05260,1.140795602626939
AT1G05263,0.1022361431632837
AT1G05267,0.1222992755005245
AT1G05270,0.3767015968943843
AT1G05273,0.8869410025695698
AT1G05277,0.2660922725828691
AT1G05280,0.2184469791181785
AT1G05283,0.267273951428787
AT1G05287,0.30389450014899466
AT1G05290,0.1019935489625394
AT1G05291,0.1022361431632837
AT1G05293,0.1016524999438922
AT1G05297,0.0985155031087589
AT1G05300,0.37956871411839976
AT1G05303,0.1188383085313494
AT1G05307,0.1022361431632837
AT1G05310,0.36740769206395824
AT1G05313,0.111682183165905
AT1G05317,0.1333912564201606
AT1G05320,0.5259799481608816
AT1G05323,0.1022361431632837
AT1G05327,0.1022361431632837
AT1G05330,0.1329226080096361
AT1G05333,1.7572267074215315
AT1G05337,0.1022361431632837
AT1G05340,0.7869130275525892
AT1G05343,0.1022361431632837
AT1G05347,0.37847817813002116
AT1G05350,0.5287551915980789
AT1G05353,0.1019935489625394
AT1G05357,0.17109299297001118
AT1G05360,0.8902608692079073
AT1G05363,0.1022361431632837
AT1G05367,0.1022361431632837
AT1G05370,0.4581595422025525
AT1G05373,0.1022361431632837
AT1G05377,0.1057161014306722
AT1G05380,0.7071141558053928
AT1G05383,0.1019935489625394
AT1G05385,0.2846475474496922
AT1G05387,0.1022361431632837
AT1G05390,0.1022361431632837
AT1G05397,0.2091471466314944
AT1G05400,0.36783078926090507
AT1G05407,0.1022361431632837
AT1G05410,0.5108507800925622
AT1G05413,0.1022361431632837
AT1G05417,0.2386446715526235
AT1G05420,0.257194917635312
AT1G05423,0.1022361431632837
AT1G05427,0.1022361431632837
AT1G05430,0.5220708936859403
AT1G05433,0.5890744973703663
AT1G05440,0.32972208121904156
AT1G05443,0.1022361431632837
AT1G05447,0.1366285093414622
AT1G05450,0.3338271251363949
AT1G05453,0.1019935489625394
AT1G05460,0.3003719715133386
AT1G05463,0.13881827684024828
AT1G05467,0.34961531952192604
AT1G05470,0.371867389446468
AT1G05473,0.1022361431632837
AT1G05477,0.1022361431632837
AT1G05483,0.11467926760255019
AT1G05487,0.1022361431632837
AT1G05490,0.3233039202147358
AT1G05493,0.1022361431632837
AT1G05497,0.1022361431632837
AT1G05500,0.4827730229191387
AT1G05507,0.1022361431632837
AT1G05510,2.116648978339903
AT1G05517,0.258304966843395
AT1G05520,0.37760006673719093
AT1G05523,0.6968616747171554
AT1G05527,0.1022361431632837
AT1G05530,0.3579878417487923
AT1G05533,0.11050263611328691
AT1G05537,0.1022361431632837
AT1G05540,0.220131276406588
AT1G05543,0.1022361431632837
AT1G05547,0.1022361431632837
AT1G05550,0.1782818616639555
AT1G05553,0.1022361431632837
AT1G05557,0.32263923118788396
AT1G05560,0.3007286390157313
AT1G05562,0.2641112721927726
AT1G05563,0.1178097211844731
AT1G05567,0.1022361431632837
AT1G05570,0.9238291604390458
AT1G05575,0.6010208592733497
AT1G05577,0.3116881835358634
AT1G05580,0.1022361431632837
AT1G05583,0.1022361431632837
AT1G05587,0.1022361431632837
AT1G05590,0.334518712528434
AT1G05593,0.1022361431632837
AT1G05597,0.1022361431632837
AT1G05600,0.2089565375440092
AT1G05603,0.1022361431632837
AT1G05607,0.1514763551697764
AT1G05610,0.21009988504990562
AT1G05613,0.1022361431632837
AT1G05615,0.1949735754309797
AT1G05617,0.1022361431632837
AT1G05620,0.4673350609184028
AT1G05623,0.1022361431632837
AT1G05627,0.1022361431632837
AT1G05630,0.2698717245980181
AT1G05633,0.1022361431632837
AT1G05637,0.1022361431632837
AT1G05640,0.4224122169434134
AT1G05643,0.1022361431632837
AT1G05647,0.1022361431632837
AT1G05650,0.5648060920095045
AT1G05653,0.1022361431632837
AT1G05657,0.1022361431632837
AT1G05660,0.49482762318190965
AT1G05663,0.1022361431632837
AT1G05667,0.1022361431632837
AT1G05670,0.3278315039619908
AT1G05673,0.1022361431632837
AT1G05675,0.1155770737738861
AT1G05680,0.8257498789120583
AT1G05683,0.1022361431632837
AT1G05687,0.11179953782977389
AT1G05690,0.41115828579680497
AT1G05693,0.1022361431632837
AT1G05697,0.1022361431632837
AT1G05700,0.4270449219599881
AT1G05703,0.1083267417085233
AT1G05707,0.1022361431632837
AT1G05710,0.951711822211887
AT1G05713,0.1022361431632837
AT1G05717,0.1019935489625394
AT1G05720,0.6974304774236986
AT1G05723,0.10075254141967468
AT1G05727,0.1706254688253684
AT1G05730,0.5026541420998977
AT1G05733,0.10134379978257319
AT1G05737,0.1022361431632837
AT1G05740,0.1625177990524996
AT1G05747,0.1138297457713275
AT1G05750,0.305494681516357
AT1G05753,0.1019935489625394
AT1G05757,0.1192966452139983
AT1G05760,0.40559923812103854
AT1G05763,0.1022361431632837
AT1G05767,0.5397262267909376
AT1G05770,0.6779539390542622
AT1G05773,0.2786642697926238
AT1G05777,0.1249907671070048
AT1G05780,0.5551962429595062
AT1G05783,0.1151639852285408
AT1G05785,0.5454336005523002
AT1G05787,0.1019935489625394
AT1G05790,0.28865092077817767
AT1G05793,0.1022361431632837
AT1G05797,0.1022361431632837
AT1G05800,0.1022361431632837
AT1G05803,0.1022361431632837
AT1G05805,0.36259159725056916
AT1G05807,0.1022361431632837
AT1G05810,0.6048361997284226
AT1G05813,0.1996966203215316
AT1G05817,0.1022361431632837
AT1G05820,0.3113092988798195
AT1G05823,0.1022361431632837
AT1G05827,0.1022361431632837
AT1G05830,0.46244251844142975
AT1G05833,0.16217779861892
AT1G05835,0.5092928463535725
AT1G05837,0.4268718438123513
AT1G05840,0.6188804440288024
AT1G05843,0.2425745740545704
AT1G05847,0.1022361431632837
AT1G05850,1.1168120531617682
AT1G05853,0.25387711884016273
AT1G05857,0.1022361431632837
AT1G05860,0.37585787879187693
AT1G05863,0.1022361431632837
AT1G05867,0.1022361431632837
AT1G05870,0.5296734555822814
AT1G05873,0.1237919276677909
AT1G05880,0.11400730813540619
AT1G05887,0.1022361431632837
AT1G05890,0.5029975992804143
AT1G05893,0.1022361431632837
AT1G05894,0.2275225959719058
AT1G05897,0.1022361431632837
AT1G05900,0.5068268268336741
AT1G05903,0.1022361431632837
AT1G05907,0.17547350626987018
AT1G05910,0.606491702905287
AT1G05913,0.23426757649787122
AT1G05917,0.3554171493953817
AT1G05920,0.1019935489625394
AT1G05927,1.474278452834696
AT1G05930,0.1184471010394509
AT1G05933,0.141980041331774
AT1G05937,0.2422742610788789
AT1G05940,0.4176667307327152
AT1G05943,0.2322672071335311
AT1G05947,0.1022361431632837
AT1G05950,0.4929056216930811
AT1G05953,0.1022361431632837
AT1G05957,0.1022361431632837
AT1G05960,0.8298749749666974
AT1G05963,0.1022361431632837
AT1G05967,0.1022361431632837
AT1G05970,0.572629303122345
AT1G05973,0.12886562201301188
AT1G05977,0.1603931593125778
AT1G05980,0.1022361431632837
AT1G05983,0.1019935489625394
AT1G05987,0.1022361431632837
AT1G05990,0.3653715207374649
AT1G05993,0.2669671448062033
AT1G05997,0.3060427097706448
AT1G06000,0.7660175254826855
AT1G06002,0.6385624405874541
AT1G06003,0.1422740886298358
AT1G06007,0.1022361431632837
AT1G06010,0.5010794241216314
AT1G06013,0.1022361431632837
AT1G06017,0.1251611431476342
AT1G06020,0.1397509456452085
AT1G06023,0.1019935489625394
AT1G06027,0.1022361431632837
AT1G06030,0.2594078076267693
AT1G06033,0.2863080407219846
AT1G06037,0.1022361431632837
AT1G06040,1.0778112646890918
AT1G06043,0.1431633092226854
AT1G06045,0.15232721140600458
AT1G06047,0.1016524999438922
AT1G06050,0.31791866908355493
AT1G06053,0.1022361431632837
AT1G06057,0.1022361431632837
AT1G06060,0.4862478176200833
AT1G06063,0.1022361431632837
AT1G06067,0.1022361431632837
AT1G06070,0.25509521795475054
AT1G06073,0.1019935489625394
AT1G06080,0.9662365070901056
AT1G06083,0.3484698319034766
AT1G06087,0.3316424382379819
AT1G06090,0.3855549519060014
AT1G06093,0.1022361431632837
AT1G06097,0.1022361431632837
AT1G06100,0.1019935489625394
AT1G06103,0.1022361431632837
AT1G06110,0.9376127498220082
AT1G06113,0.17770005491982288
AT1G06117,0.1001810529850545
AT1G06120,0.6600616733506421
AT1G06123,0.1022361431632837
AT1G06127,0.12509309191063178
AT1G06130,0.4071199082516106
AT1G06133,0.1022361431632837
AT1G06135,0.1300871738214135
AT1G06137,0.1022361431632837
AT1G06140,0.3792158247233672
AT1G06143,0.2653375038568999
AT1G06147,0.11445471685794989
AT1G06148,0.1869960949474928
AT1G06150,0.42443483966520534
AT1G06153,0.12009731032199379
AT1G06157,0.1016524999438922
AT1G06160,0.4901892288931714
AT1G06163,0.1264880808775451
AT1G06170,0.3310232970362606
AT1G06173,0.37185541535228617
AT1G06177,0.22979309885818
AT1G06180,0.5718999272141645
AT1G06187,0.1019935489625394
AT1G06190,0.4308545631542884
AT1G06197,0.15058015304100558
AT1G06200,0.6344668800234339
AT1G06203,0.10607177991656398
AT1G06207,0.171013238642332
AT1G06210,0.6422851276033221
AT1G06213,0.1022361431632837
AT1G06217,0.1429383190021866
AT1G06220,0.6694885545370179
AT1G06225,0.119168852251167
AT1G06227,0.5114686762652154
AT1G06230,0.5103006218939578
AT1G06233,0.11746219600199
AT1G06237,0.1022361431632837
AT1G06240,0.3708978611839411
AT1G06243,0.1022361431632837
AT1G06247,0.1022361431632837
AT1G06250,0.3389639359801012
AT1G06253,0.1022361431632837
AT1G06257,0.1496049200878629
AT1G06260,0.1126040940480083
AT1G06263,0.1016524999438922
AT1G06265,0.3197966399861839
AT1G06267,0.1016524999438922
AT1G06270,0.5562044263013218
AT1G06273,0.3533334036723887
AT1G06277,0.2265557748193985
AT1G06280,0.1022361431632837
AT1G06283,0.3771514477082032
AT1G06287,0.1460919437661375
AT1G06290,0.5195629172600903
AT1G06293,0.1019935489625394
AT1G06297,0.1022361431632837
AT1G06303,0.1022361431632837
AT1G06307,0.1019935489625394
AT1G06310,0.39658140960832966
AT1G06313,0.1019935489625394
AT1G06317,0.1022361431632837
AT1G06320,0.2589479208943303
AT1G06323,0.1019935489625394
AT1G06327,0.1022361431632837
AT1G06330,0.29740871237282673
AT1G06333,0.1276105059167586
AT1G06337,0.1258722039915533
AT1G06340,0.1019935489625394
AT1G06343,0.1022361431632837
AT1G06347,0.10467815307108179
AT1G06350,0.4992030255424302
AT1G06353,0.1022361431632837
AT1G06357,0.1569844098775634
AT1G06360,0.1022361431632837
AT1G06363,0.1022361431632837
AT1G06373,0.1022361431632837
AT1G06377,0.10075254141967468
AT1G06380,0.5189110865895615
AT1G06383,0.1019935489625394
AT1G06387,0.1022361431632837
AT1G06390,0.5837605087017121
AT1G06393,0.1022361431632837
AT1G06397,0.1265502889306964
AT1G06400,0.7381094557380186
AT1G06403,0.1022361431632837
AT1G06407,0.1214596475309617
AT1G06410,0.6111743404605317
AT1G06413,0.1022361431632837
AT1G06417,0.1022361431632837
AT1G06420,0.3483021879155842
AT1G06423,0.1022361431632837
AT1G06427,0.1022361431632837
AT1G06430,0.466346199878928
AT1G06433,0.1022361431632837
AT1G06437,0.1022361431632837
AT1G06440,0.4406193347900564
AT1G06443,0.1022361431632837
AT1G06447,0.1022361431632837
AT1G06450,0.5036851950258354
AT1G06453,0.1256362818303389
AT1G06457,0.1566178594778901
AT1G06460,0.4746857876205038
AT1G06463,0.4753853023021354
AT1G06467,1.5988307921977174
AT1G06470,0.6839595634915804
AT1G06473,0.468215422335067
AT1G06475,0.6342776729981037
AT1G06480,0.1550363998061126
AT1G06483,0.16878668808387268
AT1G06487,0.1022361431632837
AT1G06490,0.4476585287916258
AT1G06493,0.1022361431632837
AT1G06497,0.1022361431632837
AT1G06500,0.3186085216831836
AT1G06507,0.1022361431632837
AT1G06510,0.3344732811931023
AT1G06513,0.1022361431632837
AT1G06515,0.7388200848048929
AT1G06517,0.1022361431632837
AT1G06520,0.43764917937070713
AT1G06523,0.1022361431632837
AT1G06527,0.1022361431632837
AT1G06530,0.4206291348907648
AT1G06533,0.1022361431632837
AT1G06537,0.3273858266412817
AT1G06540,0.303000248513191
AT1G06543,0.1022361431632837
AT1G06547,0.38034307707902393
AT1G06550,1.0267530678191032
AT1G06553,0.5070499107667387
AT1G06557,0.1022361431632837
AT1G06560,0.546744841114486
AT1G06567,0.1022361431632837
AT1G06570,0.5575257153767275
AT1G06573,0.5486186974075928
AT1G06577,0.180877978104688
AT1G06580,0.3274403990389982
AT1G06583,0.1425568952772456
AT1G06587,0.184171652403396
AT1G06590,0.3722115816110387
AT1G06593,0.1001810529850545
AT1G06597,0.1189041818893998
AT1G06603,0.1119682625977762
AT1G06607,0.1818898582005826
AT1G06610,0.12312854402438858
AT1G06613,0.1022361431632837
AT1G06617,0.1022361431632837
AT1G06620,0.48616433243140933
AT1G06623,0.1022361431632837
AT1G06627,0.1019935489625394
AT1G06630,0.5748671518580157
AT1G06633,0.1016524999438922
AT1G06637,0.1022361431632837
AT1G06640,1.505772522232236
AT1G06643,0.1022361431632837
AT1G06645,0.4400794723565082
AT1G06650,0.49757693253809293
AT1G06653,0.1022361431632837
AT1G06657,0.1022361431632837
AT1G06660,0.3761260260985876
AT1G06663,0.1022361431632837
AT1G06667,0.4573201348621027
AT1G06670,0.6598243686619553
AT1G06673,0.12076915595577478
AT1G06677,0.1022361431632837
AT1G06680,0.9356094078357188
AT1G06683,0.1022361431632837
AT1G06687,0.3404556402105558
AT1G06690,0.3357130866849435
AT1G06693,0.2984419780050913
AT1G06697,0.1022361431632837
AT1G06700,0.5262700953427062
AT1G06703,0.1180674194705809
AT1G06707,0.1564099888669357
AT1G06710,0.46347541701086653
AT1G06713,0.1019935489625394
AT1G06717,0.1440059306778379
AT1G06720,0.7119251102814395
AT1G06723,0.1022361431632837
AT1G06727,0.1022361431632837
AT1G06730,0.4157820763694098
AT1G06733,0.1016524999438922
AT1G06737,0.1016524999438922
AT1G06740,0.4698221625726768
AT1G06743,0.19432563248420429
AT1G06747,0.1022361431632837
AT1G06750,0.1599186460182523
AT1G06753,0.1016524999438922
AT1G06757,0.1852198510981096
AT1G06760,0.7463181393063691
AT1G06770,0.33855188634567346
AT1G06773,0.13506983443152848
AT1G06777,0.1626116230811649
AT1G06780,0.4821247160583194
AT1G06783,0.1022361431632837
AT1G06787,0.1731454710116531
AT1G06790,0.4129476236306411
AT1G06797,0.1334559268461471
AT1G06800,0.3782609156752724
AT1G06810,0.117182763181786
AT1G06817,0.1022361431632837
AT1G06820,0.28231970847095733
AT1G06823,0.1331993316341533
AT1G06827,0.1022361431632837
AT1G06830,0.6271395830864855
AT1G06837,0.1264832344549898
AT1G06840,0.373219726478412
AT1G06850,0.3238437840954185
AT1G06853,0.3384688618157885
AT1G06857,0.1022361431632837
AT1G06860,0.2762380921210449
AT1G06863,0.1022361431632837
AT1G06867,0.1019935489625394
AT1G06870,0.35185159906887864
AT1G06873,0.1022361431632837
AT1G06877,0.1022361431632837
AT1G06883,0.1316556053404234
AT1G06890,0.5255701021094297
AT1G06897,0.1022361431632837
AT1G06900,0.4150416898014344
AT1G06903,0.1019935489625394
AT1G06907,0.1022361431632837
AT1G06910,0.4331536655924605
AT1G06913,0.1022361431632837
AT1G06917,0.1022361431632837
AT1G06920,0.1115913119113181
AT1G06923,0.7993081560191453
AT1G06925,0.1196503481769375
AT1G06927,0.1022361431632837
AT1G06930,0.42826296451787943
AT1G06933,0.1022361431632837
AT1G06937,0.1022361431632837
AT1G06943,0.1022361431632837
AT1G06947,0.1022361431632837
AT1G06950,0.6876326862467643
AT1G06953,0.1022361431632837
AT1G06957,0.1150615498288208
AT1G06960,0.4548842639516728
AT1G06963,0.5240122843233145
AT1G06967,0.1022361431632837
AT1G06970,0.1697162677186453
AT1G06973,0.1022361431632837
AT1G06977,0.1366321883886389
AT1G06980,0.3727780861485946
AT1G06983,0.2568969017309952
AT1G06987,0.209433272927227
AT1G06990,0.3119989297745683
AT1G06993,0.1016524999438922
AT1G06997,0.1022361431632837
AT1G07000,0.20890070616563258
AT1G07003,0.1022361431632837
AT1G07007,0.1022361431632837
AT1G07010,0.3190447257120719
AT1G07013,0.1022361431632837
AT1G07017,0.1022361431632837
AT1G07020,0.642498637382299
AT1G07023,0.1930572233534755
AT1G07025,0.1022361431632837
AT1G07027,0.20076410325432809
AT1G07030,0.4468221281109991
AT1G07040,0.4972828780386853
AT1G07050,0.1763246982893957
AT1G07051,0.1022361431632837
AT1G07060,0.3419906867359753
AT1G07070,0.592634728071604
AT1G07080,0.6753213427568701
AT1G07090,0.4664317806681032
AT1G07100,0.1525682864995196
AT1G07110,0.33159143589176565
AT1G07117,0.1022361431632837
AT1G07119,0.3379545547221028
AT1G07120,0.2003462714162975
AT1G07123,0.1022361431632837
AT1G07127,0.1022361431632837
AT1G07128,0.613041287350218
AT1G07130,0.4908133377003787
AT1G07133,0.1022361431632837
AT1G07135,0.484651923498005
AT1G07137,0.2992133615536377
AT1G07140,0.8697811260921338
AT1G07143,0.7475645470931438
AT1G07147,0.1022361431632837
AT1G07150,0.5447466947074803
AT1G07157,0.1022361431632837
AT1G07160,0.2440053097504747
AT1G07163,0.1022361431632837
AT1G07167,0.4417705904263268
AT1G07170,0.5492200476472582
AT1G07173,0.1140153015923072
AT1G07175,0.4080070773885123
AT1G07177,0.1022361431632837
AT1G07180,0.2095672228669108
AT1G07183,0.1022361431632837
AT1G07187,0.246296288193857
AT1G07190,0.1022361431632837
AT1G07193,0.1022361431632837
AT1G07197,0.1022361431632837
AT1G07200,0.4427130853392553
AT1G07210,0.6569130482641015
AT1G07220,0.3290282249212056
AT1G07230,0.4967625252295824
AT1G07233,0.1022361431632837
AT1G07237,0.1022361431632837
AT1G07240,0.5508089565780474
AT1G07243,0.10134379978257319
AT1G07247,0.1022361431632837
AT1G07250,0.5392400299970219
AT1G07253,0.1022361431632837
AT1G07257,0.1022361431632837
AT1G07260,0.4406077261905308
AT1G07263,0.1022361431632837
AT1G07267,0.1094228436598629
AT1G07270,0.29855713300378833
AT1G07273,0.1022361431632837
AT1G07277,0.1022361431632837
AT1G07280,0.5204489438703982
AT1G07283,0.1022361431632837
AT1G07287,0.2211681338935673
AT1G07290,0.44211563743941545
AT1G07293,0.10923284054880479
AT1G07297,0.1022361431632837
AT1G07300,0.4737459422829962
AT1G07303,0.1022361431632837
AT1G07310,0.6559851647733151
AT1G07313,0.1014301792230284
AT1G07317,0.1022361431632837
AT1G07320,0.3820952373284521
AT1G07323,1.7767364888465482
AT1G07327,0.1022361431632837
AT1G07330,0.1022361431632837
AT1G07333,0.1878693244631235
AT1G07337,0.1022361431632837
AT1G07340,0.1022361431632837
AT1G07343,0.1706211846994856
AT1G07347,0.1022361431632837
AT1G07350,0.7218433870707759
AT1G07353,0.1022361431632837
AT1G07357,0.1022361431632837
AT1G07360,0.4309970324659558
AT1G07367,1.0068739290066382
AT1G07370,0.597381330303965
AT1G07373,0.8307532226949621
AT1G07380,0.32768051424044753
AT1G07383,0.1022361431632837
AT1G07390,0.24392060010609212
AT1G07393,0.2998269702330033
AT1G07397,0.17869310999891058
AT1G07400,0.4244747311159753
AT1G07407,0.3373739286296342
AT1G07410,0.48909557187895625
AT1G07413,0.1253561020876301
AT1G07417,0.1016524999438922
AT1G07420,0.6281064104816194
AT1G07423,0.1019935489625394
AT1G07430,0.927973661691951
AT1G07433,0.1016524999438922
AT1G07437,0.1175845356227462
AT1G07440,0.35849363112011523
AT1G07447,0.1022361431632837
AT1G07450,0.10895177002282609
AT1G07453,0.1022361431632837
AT1G07457,0.12894835033758079
AT1G07460,0.3684090504240336
AT1G07463,0.2347631323782655
AT1G07467,0.1022361431632837
AT1G07470,0.5437572935274033
AT1G07473,0.1472519677022771
AT1G07476,0.1022361431632837
AT1G07477,0.2506797444618739
AT1G07480,0.43636372035760296
AT1G07483,0.2165677691813056
AT1G07485,0.1488274502013327
AT1G07487,0.207310444760067
AT1G07490,0.2535207198595435
AT1G07493,0.3805683483066644
AT1G07497,0.1022361431632837
AT1G07500,0.5599868932996169
AT1G07503,0.1130157844844818
AT1G07507,0.1022361431632837
AT1G07510,0.9432641611628276
AT1G07513,0.18133741034010542
AT1G07517,0.2360993593267016
AT1G07520,0.18465376417800639
AT1G07523,0.1022361431632837
AT1G07527,0.1022361431632837
AT1G07530,0.48475848305192154
AT1G07533,0.1022361431632838
AT1G07537,0.1022361431632837
AT1G07540,0.1022361431632837
AT1G07543,0.1152004386519207
AT1G07547,0.1289788240907257
AT1G07550,0.244102809553153
AT1G07553,0.1016524999438922
AT1G07557,0.11164712530445689
AT1G07560,0.37782911309953965
AT1G07563,0.10134379978257319
AT1G07567,0.1555492103582055
AT1G07570,0.3843642589406628
AT1G07573,0.1022361431632837
AT1G07583,0.1022361431632837
AT1G07587,0.2454022894083057
AT1G07590,0.2577202380682406
AT1G07593,0.1606357993736099
AT1G07597,0.1022361431632837
AT1G07600,1.007589739468321
AT1G07603,0.13835188714521268
AT1G07607,0.40625017295831933
AT1G07610,1.3932699158696535
AT1G07613,0.1022361431632837
AT1G07615,0.33790222698258876
AT1G07617,0.1022361431632837
AT1G07620,0.5062070637536435
AT1G07623,0.1022361431632837
AT1G07627,0.1022361431632837
AT1G07630,0.4496929711993094
AT1G07633,0.1022361431632837
AT1G07637,0.1139590108252303
AT1G07640,0.6769567473875688
AT1G07645,1.094469083588433
AT1G07647,0.1022361431632837
AT1G07650,0.2542264080629632
AT1G07653,0.1309366464943564
AT1G07657,0.1019935489625394
AT1G07660,1.73192707810939
AT1G07663,0.1022361431632837
AT1G07667,0.33805786739860166
AT1G07670,0.6610631142122421
AT1G07673,0.1022361431632837
AT1G07680,0.2224410285867309
AT1G07683,0.1022361431632837
AT1G07690,0.3277526003606973
AT1G07693,0.1148239694875822
AT1G07697,0.1019935489625394
AT1G07700,0.7542786141352373
AT1G07702,0.1022361431632837
AT1G07703,0.2060577319155739
AT1G07705,0.3056616242951242
AT1G07707,0.32227744814592807
AT1G07710,0.4839951068891683
AT1G07717,0.1392105405190379
AT1G07720,0.2972289487991542
AT1G07723,0.1022361431632837
AT1G07725,0.11806162615649439
AT1G07727,0.18434767366013338
AT1G07728,0.27244576897362577
AT1G07730,0.8152607064716295
AT1G07733,0.21741196039264918
AT1G07737,0.10120651672276759
AT1G07740,0.3055861289458209
AT1G07743,0.5702597913373126
AT1G07745,0.35851270048458583
AT1G07747,0.1022361431632837
AT1G07750,0.8504385459684684
AT1G07753,0.1814490230893464
AT1G07757,0.1022361431632837
AT1G07763,0.1022361431632837
AT1G07767,0.1022361431632837
AT1G07770,1.0855429291609018
AT1G07773,0.1022361431632837
AT1G07777,0.1022361431632837
AT1G07780,0.639467725509046
AT1G07783,0.1022361431632837
AT1G07787,0.1022361431632837
AT1G07790,0.8240920132415857
AT1G07793,0.1088236072824324
AT1G07795,0.6431542483108148
AT1G07803,0.2922597345218969
AT1G07807,0.1019935489625394
AT1G07810,0.45582345249523765
AT1G07813,0.1426682455016376
AT1G07820,0.7173053396406601
AT1G07823,0.1171335157077101
AT1G07827,0.1022361431632837
AT1G07830,0.6517821598911959
AT1G07833,0.1022361431632837
AT1G07837,0.1022361431632837
AT1G07840,0.6357209936760132
AT1G07843,0.1022361431632837
AT1G07847,0.13622202777318893
AT1G07850,0.1022361431632837
AT1G07853,0.11620805567217318
AT1G07857,0.1022361431632837
AT1G07860,0.1022361431632837
AT1G07863,0.1019935489625394
AT1G07867,0.1022361431632837
AT1G07870,0.48054606074259154
AT1G07873,0.1022361431632837
AT1G07877,0.2459301267276438
AT1G07880,1.1628118564318437
AT1G07883,0.1022361431632837
AT1G07885,0.1968508470780369
AT1G07887,1.6147535869187917
AT1G07890,0.9461534119787975
AT1G07893,0.1019935489625394
AT1G07897,0.9755025727081067
AT1G07900,0.13767251085811488
AT1G07901,0.2335676017932355
AT1G07902,0.2520058565203118
AT1G07903,0.1022361431632837
AT1G07907,0.10134379978257319
AT1G07910,0.368864052012421
AT1G07913,0.390126314370781
AT1G07917,0.1022361431632837
AT1G07920,0.972285731929893
AT1G07923,0.1022361431632837
AT1G07927,0.1022361431632837
AT1G07930,0.6488485303924061
AT1G07933,0.6627308717807406
AT1G07937,0.3385167821518824
AT1G07940,0.8533997561654325
AT1G07943,0.1022361431632837
AT1G07947,0.1022361431632837
AT1G07950,0.6256082778266338
AT1G07957,0.1852389918016755
AT1G07960,0.7740112385896634
AT1G07963,0.1275987878627024
AT1G07967,0.13181784858387
AT1G07970,0.5409662025728048
AT1G07973,0.1022361431632837
AT1G07977,0.1022361431632837
AT1G07980,0.5354954321182892
AT1G07983,0.1825123788824597
AT1G07985,2.126736002449757
AT1G07987,0.1502723411352499
AT1G07990,0.43280398175594126
AT1G07993,0.1025744497834475
AT1G07997,0.11367300913202849
AT1G08000,0.2554573049667433
AT1G08003,0.1022361431632837
AT1G08005,0.10329760331412349
AT1G08007,0.1022361431632837
AT1G08010,0.3441708010104888
AT1G08013,0.1022361431632837
AT1G08017,0.1022361431632837
AT1G08023,0.1022361431632837
AT1G08027,0.1022361431632837
AT1G08030,0.499635340029912
AT1G08033,0.1022361431632837
AT1G08035,0.7166115579652191
AT1G08037,0.6880565146635395
AT1G08040,0.5306172136046997
AT1G08043,0.46910680471492483
AT1G08047,0.1022361431632837
AT1G08050,0.5914998519739852
AT1G08053,0.1022361431632837
AT1G08057,0.1022361431632837
AT1G08060,0.4608607201447046
AT1G08063,0.1217999886749433
AT1G08065,0.1022361431632837
AT1G08070,0.3888881388615959
AT1G08073,0.1022361431632837
AT1G08077,0.1022361431632837
AT1G08080,0.1133258462448904
AT1G08087,0.5291004784476853
AT1G08090,0.8781460610656381
AT1G08093,0.09874957657902418
AT1G08097,0.13829864156080798
AT1G08100,0.1022361431632837
AT1G08103,0.2805634037562855
AT1G08107,0.10134379978257319
AT1G08110,0.569336403151798
AT1G08113,0.2542485165532001
AT1G08115,0.1303337950473552
AT1G08117,0.35060760926466716
AT1G08120,0.1380364563829169
AT1G08123,0.2832047584526308
AT1G08125,0.3704712773298342
AT1G08127,0.1022361431632837
AT1G08130,0.3802504079805279
AT1G08133,0.1022361431632837
AT1G08135,0.1022361431632837
AT1G08137,0.1022361431632837
AT1G08140,0.1022361431632837
AT1G08143,0.1022361431632837
AT1G08147,0.1019935489625394
AT1G08150,0.1022361431632837
AT1G08153,0.1022361431632837
AT1G08157,0.1022361431632837
AT1G08160,0.8603750462248172
AT1G08163,0.1022361431632837
AT1G08165,1.7842365418482915
AT1G08170,0.55800568233333
AT1G08173,0.4798113701526977
AT1G08177,0.1022361431632837
AT1G08180,0.33503036752054555
AT1G08183,0.1290258202390027
AT1G08190,0.5487880849552125
AT1G08193,0.1184664139153563
AT1G08200,0.6070463810501101
AT1G08207,0.4431326909841352
AT1G08210,0.5917063302920722
AT1G08213,0.2962216617236213
AT1G08217,0.1829491259106092
AT1G08220,0.4979549648538162
AT1G08223,0.1022361431632837
AT1G08227,0.1022361431632837
AT1G08230,0.4674592340137399
AT1G08237,0.1019935489625394
AT1G08240,0.1151825763294341
AT1G08247,0.1022361431632837
AT1G08250,0.7025210869795911
AT1G08253,0.1022361431632837
AT1G08257,0.1022361431632837
AT1G08260,0.6344135393306226
AT1G08263,0.1022361431632837
AT1G08267,0.1022361431632837
AT1G08270,0.31326105952393857
AT1G08273,0.1162411702976522
AT1G08277,0.1022361431632837
AT1G08280,0.5309348712263794
AT1G08283,0.671826078651419
AT1G08287,0.1022361431632837
AT1G08290,0.8582578390943221
AT1G08293,0.6633347465223919
AT1G08297,0.1152075868621653
AT1G08300,0.3345466494961299
AT1G08303,0.1022361431632837
AT1G08307,0.1022361431632837
AT1G08310,0.2502758212366149
AT1G08313,0.1022361431632837
AT1G08315,0.5113057231587506
AT1G08317,0.1194040576760628
AT1G08320,0.6129915967490225
AT1G08323,0.10075254141967468
AT1G08327,0.1022361431632837
AT1G08333,0.1016524999438922
AT1G08337,0.1022361431632837
AT1G08340,0.44878630360535937
AT1G08343,0.1022361431632837
AT1G08347,0.1019935489625394
AT1G08350,0.4616694735340844
AT1G08353,0.6738598338265747
AT1G08357,0.1022361431632837
AT1G08360,0.7881998691442202
AT1G08363,0.1019935489625394
AT1G08367,0.1022361431632837
AT1G08370,0.5299308386513506
AT1G08377,0.1022361431632837
AT1G08380,0.7575038383007849
AT1G08383,0.1022361431632837
AT1G08387,0.4092439675879104
AT1G08390,0.41804173506226583
AT1G08393,0.5506655350890088
AT1G08397,0.1022361431632837
AT1G08400,0.2514168566873072
AT1G08403,0.11306557787598309
AT1G08410,0.8183982771960696
AT1G08413,0.11316768505690179
AT1G08417,0.1971818683898763
AT1G08420,0.4963447258068196
AT1G08427,0.1016524999438922
AT1G08430,1.2101568553124276
AT1G08433,0.1022361431632837
AT1G08437,0.1022361431632837
AT1G08440,0.3509654277901826
AT1G08443,0.1358806116836665
AT1G08447,0.1022361431632837
AT1G08450,0.5591173836023564
AT1G08453,0.1022361431632837
AT1G08457,0.2536094415592341
AT1G08460,0.3163183229596046
AT1G08463,0.4543983249060869
AT1G08465,0.1662371614307274
AT1G08470,0.34195892729927674
AT1G08473,0.1022361431632837
AT1G08477,0.8963242487492198
AT1G08480,0.5656057689761536
AT1G08483,0.1022361431632837
AT1G08487,0.15259586642005168
AT1G08490,0.5079861590895667
AT1G08493,0.1022361431632837
AT1G08497,0.1022361431632837
AT1G08500,0.6761807671456205
AT1G08503,0.1022361431632837
AT1G08507,0.16899639848295722
AT1G08510,0.3877861029639875
AT1G08513,0.1404370562111203
AT1G08517,0.1019935489625394
AT1G08520,0.5462312853977171
AT1G08523,0.1022361431632837
AT1G08530,0.5820425688485251
AT1G08533,0.1022361431632837
AT1G08537,0.1005546875699398
AT1G08540,0.3518327918676594
AT1G08543,0.23872835297185369
AT1G08547,0.1184366670998664
AT1G08550,0.380534311403242
AT1G08553,0.1019935489625394
AT1G08557,0.1022361431632837
AT1G08560,0.522080315357071
AT1G08563,0.15828186674524322
AT1G08567,0.204757141592625
AT1G08570,0.8015684651875434
AT1G08573,0.13943480728236188
AT1G08577,0.1019935489625394
AT1G08580,0.803568848155706
AT1G08583,0.1022361431632837
AT1G08587,0.1022361431632837
AT1G08590,0.6201204108602665
AT1G08592,0.20401317937701072
AT1G08597,0.1022361431632837
AT1G08600,0.6356458835114185
AT1G08603,0.1022361431632837
AT1G08607,0.1022361431632837
AT1G08610,0.41347592557116314
AT1G08613,0.1022361431632837
AT1G08620,0.4125758892074244
AT1G08623,0.1022361431632837
AT1G08627,0.1333975267961498
AT1G08630,0.4526530200647023
AT1G08633,0.1022361431632837
AT1G08637,0.1022361431632837
AT1G08640,0.28477967806327364
AT1G08643,0.9980412472993803
AT1G08645,0.1022361431632837
AT1G08647,0.1016524999438922
AT1G08650,0.7734186225477531
AT1G08653,0.1022361431632837
AT1G08657,0.4052308704401771
AT1G08660,0.6259003797438751
AT1G08663,0.1022361431632837
AT1G08667,0.13162050866500669
AT1G08670,0.6952384183391814
AT1G08673,0.1022361431632837
AT1G08677,0.1019935489625394
AT1G08680,0.3787326116390124
AT1G08683,0.1022361431632837
AT1G08695,0.1019935489625394
AT1G08697,0.4813758742836378
AT1G08700,0.4999256215905641
AT1G08703,0.1025453024493926
AT1G08707,0.1317207570395342
AT1G08710,0.47343017436577584
AT1G08713,0.11422088993586539
AT1G08717,0.1022361431632837
AT1G08720,0.3340009826050502
AT1G08723,0.1186299403916949
AT1G08727,0.3662662795765995
AT1G08730,0.3418197605041941
AT1G08733,0.10911109422448259
AT1G08737,0.1022361431632837
AT1G08743,0.2119108337440772
AT1G08747,0.1016524999438922
AT1G08750,0.4236345300374116
AT1G08753,0.1701218920269596
AT1G08757,0.1022361431632837
AT1G08760,0.31321537046080766
AT1G08763,0.1022361431632837
AT1G08767,0.1022361431632837
AT1G08770,0.7060359392774007
AT1G08773,0.1022361431632837
AT1G08777,0.1022361431632837
AT1G08780,0.5948355698947161
AT1G08783,0.1022361431632837
AT1G08787,0.1022361431632837
AT1G08790,0.1022361431632837
AT1G08793,0.1019935489625394
AT1G08797,0.1022361431632837
AT1G08800,0.4698549054512414
AT1G08803,0.1515246304957032
AT1G08807,0.1022361431632837
AT1G08810,0.25169365417047207
AT1G08813,0.1022361431632837
AT1G08817,0.1022361431632837
AT1G08820,0.5103162733842067
AT1G08823,0.1022361431632837
AT1G08827,0.10772547836377609
AT1G08830,0.714062860363601
AT1G08833,0.1022361431632837
AT1G08840,0.27982484871610247
AT1G08843,0.1022361431632837
AT1G08845,0.5586710536951154
AT1G08847,0.6499437159070985
AT1G08853,0.1016524999438922
AT1G08857,0.2373390534208738
AT1G08860,0.1517392184811397
AT1G08863,0.1022361431632837
AT1G08867,0.1022361431632837
AT1G08870,0.1253407186329124
AT1G08877,0.1019935489625394
AT1G08880,0.644708207787835
AT1G08883,0.1022361431632837
AT1G08887,0.1022361431632837
AT1G08890,0.584844107743113
AT1G08893,0.1022361431632837
AT1G08897,0.1022361431632837
AT1G08900,0.2877673188949206
AT1G08903,0.6601006232614888
AT1G08907,0.1022361431632837
AT1G08910,0.7624525062437735
AT1G08913,0.1022361431632837
AT1G08920,0.6533896644406327
AT1G08923,0.1092583248296594
AT1G08927,0.1022361431632837
AT1G08930,0.6591639627381195
AT1G08933,0.1022361431632837
AT1G08937,0.1830617684996723
AT1G08940,0.2801004504445407
AT1G08947,0.1670408342913022
AT1G08950,0.1031864173990161
AT1G08953,0.1022361431632837
AT1G08960,0.34597199254762184
AT1G08963,0.1022361431632837
AT1G08967,0.1555252784537274
AT1G08970,0.311070563932608
AT1G08973,0.4046382716422814
AT1G08977,0.1016524999438922
AT1G08980,0.5229493328052802
AT1G08983,0.1022361431632837
AT1G08985,0.1022361431632837
AT1G08987,0.1022361431632837
AT1G08990,0.5377082515529198
AT1G08993,0.1022361431632837
AT1G08997,0.1022361431632837
AT1G09000,0.3099721925670672
AT1G09003,0.11863395691594569
AT1G09007,0.1022361431632837
AT1G09010,0.38672949168432075
AT1G09013,0.1022361431632837
AT1G09017,0.1022361431632837
AT1G09020,0.5335131520814537
AT1G09023,0.6223097977022807
AT1G09027,0.2783161877720207
AT1G09030,0.16208243951383589
AT1G09033,0.11521695887424399
AT1G09037,0.1019935489625394
AT1G09040,0.3748129897719098
AT1G09043,0.1055927404124972
AT1G09047,0.1019935489625394
AT1G09050,0.39403542398101676
AT1G09053,0.1185396821400037
AT1G09057,0.1022361431632837
AT1G09060,0.2799439619571199
AT1G09063,0.1022361431632837
AT1G09067,0.1144204216704782
AT1G09070,0.43828980139352725
AT1G09073,0.1022361431632837
AT1G09077,0.1022361431632837
AT1G09080,0.1818168673184366
AT1G09083,0.4374451800743473
AT1G09087,0.2240415340559758
AT1G09090,0.5102489227298983
AT1G09097,0.1022361431632837
AT1G09100,0.6889192703079398
AT1G09103,0.1019935489625394
AT1G09107,0.1022361431632837
AT1G09110,0.1022361431632837
AT1G09113,0.1022361431632837
AT1G09117,0.1022361431632837
AT1G09123,0.1022361431632837
AT1G09127,0.1022361431632837
AT1G09130,0.38175231389490727
AT1G09133,0.1022361431632837
AT1G09137,0.1022361431632837
AT1G09140,0.4303204847541555
AT1G09143,0.1022361431632837
AT1G09147,0.1022361431632837
AT1G09150,0.38734350317744504
AT1G09153,0.1022361431632837
AT1G09155,0.29660066275195063
AT1G09157,0.1022361431632837
AT1G09160,0.6313430956509793
AT1G09163,0.1022361431632837
AT1G09167,0.1191587553738958
AT1G09170,0.3220805873388325
AT1G09173,0.1022361431632837
AT1G09176,0.29614822321157397
AT1G09177,0.1022361431632837
AT1G09180,0.2679652953022884
AT1G09183,0.1022361431632837
AT1G09187,0.1022361431632837
AT1G09190,0.3525955688250643
AT1G09193,0.10134379978257319
AT1G09195,0.34662389360643187
AT1G09197,0.1022361431632837
AT1G09200,0.6708540292102656
AT1G09207,0.1022361431632837
AT1G09210,0.9190256162054578
AT1G09213,0.2010413036063957
AT1G09217,0.1809027355413498
AT1G09220,0.2721895930475304
AT1G09223,0.1485030837138158
AT1G09227,0.1022361431632837
AT1G09230,0.4371181033665893
AT1G09233,0.1019935489625394
AT1G09237,0.1022361431632837
AT1G09240,0.2414940861627394
AT1G09243,0.1022361431632837
AT1G09245,0.1022361431632837
AT1G09247,0.3004628762391254
AT1G09250,0.5863588296884676
AT1G09253,0.1022361431632837
AT1G09257,0.10075254141967468
AT1G09260,0.1022361431632837
AT1G09263,0.1405912405217507
AT1G09267,0.14468494754915112
AT1G09270,0.5651429219099828
AT1G09273,0.1022361431632837
AT1G09277,0.1022361431632837
AT1G09280,0.5149025394858721
AT1G09283,0.1022361431632837
AT1G09287,0.1328528222256959
AT1G09290,0.40713277451558705
AT1G09293,0.1022361431632837
AT1G09297,0.139698567853973
AT1G09300,0.46559977586439705
AT1G09303,0.1022361431632837
AT1G09307,0.1022361431632837
AT1G09310,1.78747672667966
AT1G09313,0.1022361431632837
AT1G09317,0.1022361431632837
AT1G09320,0.316676563608363
AT1G09323,0.1201942409947552
AT1G09327,0.2466250364048097
AT1G09330,0.5682462370334311
AT1G09333,0.1022361431632837
AT1G09337,0.1022361431632837
AT1G09340,0.4294242373840996
AT1G09343,0.1019935489625394
AT1G09350,0.527463366314474
AT1G09353,0.1022361431632837
AT1G09357,0.1022361431632837
AT1G09360,0.1022361431632837
AT1G09363,0.24393657750813422
AT1G09367,0.1708818243884796
AT1G09370,0.1700922824612352
AT1G09373,0.1022361431632837
AT1G09377,0.1080910748234546
AT1G09380,0.3110158844726434
AT1G09383,0.118123777732347
AT1G09387,0.1022361431632837
AT1G09390,0.5470134824164197
AT1G09393,0.1022361431632837
AT1G09397,0.1022361431632837
AT1G09400,0.2152379126168811
AT1G09407,0.1022361431632837
AT1G09410,0.1900448031375595
AT1G09415,0.5315810349045028
AT1G09417,0.1022361431632837
AT1G09420,0.8085089921572883
AT1G09421,0.1019935489625394
AT1G09423,0.10812711867759389
AT1G09427,0.1512024190801618
AT1G09430,0.974697307840598
AT1G09433,0.11311505454312239
AT1G09437,0.1022361431632837
AT1G09440,0.47222583818402064
AT1G09443,0.2052736602439634
AT1G09447,0.10134379978257319
AT1G09450,0.3925728913667222
AT1G09453,0.12313054918372411
AT1G09457,0.1022361431632837
AT1G09460,0.5308562283132461
AT1G09463,0.1334189944655132
AT1G09467,0.4248053360276609
AT1G09470,0.521382523486579
AT1G09473,0.1925351858414581
AT1G09477,0.1022361431632837
AT1G09480,0.3331789188661479
AT1G09483,0.1022361431632837
AT1G09487,0.1595735472779552
AT1G09490,0.6713365038690504
AT1G09493,0.2132427805337411
AT1G09497,0.2600790833797251
AT1G09500,0.46939668617775243
AT1G09503,0.1022361431632837
AT1G09507,0.1022361431632837
AT1G09510,0.1049727341917752
AT1G09513,0.1186358445193165
AT1G09517,0.11998548351692989
AT1G09520,0.4782142623383264
AT1G09523,0.1402789747757569
AT1G09527,0.1019935489625394
AT1G09530,0.3179271119188466
AT1G09533,0.3827782526716876
AT1G09537,0.106316725207845
AT1G09540,0.35265104456727
AT1G09543,0.1936793146607012
AT1G09547,0.1022361431632837
AT1G09550,0.1022361431632837
AT1G09553,0.13682993846045038
AT1G09557,0.1663564146874434
AT1G09560,1.332650516209252
AT1G09563,0.1022361431632837
AT1G09567,0.1022361431632837
AT1G09570,0.8661144565969574
AT1G09573,0.2808042251142918
AT1G09575,0.30181484721079344
AT1G09577,0.1022361431632837
AT1G09580,0.39764201579114933
AT1G09583,0.1022361431632837
AT1G09587,0.1022361431632837
AT1G09590,0.7014211479986248
AT1G09593,0.1022361431632837
AT1G09597,0.1022361431632837
AT1G09600,0.3941000144915065
AT1G09603,0.1412975818401582
AT1G09607,0.13417919987844357
AT1G09610,0.34788794640185594
AT1G09613,0.1022361431632837
AT1G09617,0.1177609861135795
AT1G09620,0.6128411193288936
AT1G09623,0.1458041126332188
AT1G09625,0.1022361431632837
AT1G09627,0.1234637589013673
AT1G09630,0.5250985950578893
AT1G09633,0.1022361431632837
AT1G09637,0.1022361431632837
AT1G09640,0.5443375498531888
AT1G09645,0.5807468789546177
AT1G09647,0.29377266824392756
AT1G09650,0.2824803877054411
AT1G09653,0.1022361431632837
AT1G09657,0.12165343275041579
AT1G09660,0.5225480493072374
AT1G09663,0.1327474721038296
AT1G09665,0.1218711019686398
AT1G09667,0.1022361431632837
AT1G09673,0.13762188270360182
AT1G09677,0.1159593994432524
AT1G09680,0.2943842518796127
AT1G09683,0.2378633710073155
AT1G09687,0.3003342400378919
AT1G09690,0.5777074773569773
AT1G09693,0.251084241976311
AT1G09697,0.16776486462689108
AT1G09700,0.3894263478822583
AT1G09703,0.1022361431632837
AT1G09710,0.5672303106062342
AT1G09713,0.19187332465348939
AT1G09717,0.1022361431632837
AT1G09720,0.1610709832433207
AT1G09723,0.1022361431632837
AT1G09730,0.40570949341232276
AT1G09733,0.1193826490119256
AT1G09737,0.1414088581780373
AT1G09740,0.848721144048145
AT1G09743,0.1022361431632837
AT1G09747,0.1019935489625394
AT1G09750,0.6627292687634312
AT1G09753,0.3649857079013107
AT1G09757,0.10713337724129889
AT1G09760,0.5670101268589698
AT1G09763,0.1022361431632837
AT1G09767,0.1022361431632837
AT1G09770,0.8105669556636912
AT1G09773,0.1308931066622691
AT1G09777,0.11477959787609139
AT1G09780,0.7932877002514052
AT1G09783,0.3283103353683623
AT1G09787,0.5060425824315785
AT1G09790,0.1630590387626886
AT1G09793,0.1518768146612689
AT1G09794,0.6213625652104507
AT1G09795,0.4288926485068313
AT1G09797,0.33273723425372637
AT1G09800,0.3852431222694529
AT1G09803,0.1022361431632837
AT1G09807,0.1022361431632837
AT1G09810,0.3848272813680465
AT1G09812,0.20586858001168912
AT1G09813,0.1156709684139948
AT1G09815,0.3797143183226236
AT1G09817,0.14283738673962998
AT1G09820,0.3883433733003901
AT1G09823,0.1276678525464252
AT1G09827,0.1022361431632837
AT1G09830,0.6029013663078654
AT1G09833,0.12414222482340359
AT1G09837,0.1213370353410497
AT1G09840,0.9481831478855183
AT1G09843,0.1206041937502001
AT1G09847,0.1126777549717448
AT1G09850,0.5079401722707133
AT1G09853,0.1615527437267846
AT1G09857,0.1022361431632837
AT1G09860,0.13159672546980278
AT1G09863,0.45744946907354117
AT1G09867,0.2290513075779532
AT1G09870,0.6233448218069835
AT1G09873,0.1022361431632837
AT1G09877,0.250475586517225
AT1G09880,0.3121876611489305
AT1G09883,0.1382345279479654
AT1G09887,0.1022361431632837
AT1G09890,0.4216152176264659
AT1G09893,0.1022361431632837
AT1G09897,0.2301319399673603
AT1G09900,0.3594492134410889
AT1G09903,0.1022361431632837
AT1G09907,0.10075254141967468
AT1G09910,0.4310482503425483
AT1G09913,0.11386823794276299
AT1G09917,0.1001810529850545
AT1G09920,0.6080577257746683
AT1G09923,0.1019935489625394
AT1G09927,0.5128039273195757
AT1G09930,0.1275209279272515
AT1G09932,0.7881920231522317
AT1G09935,0.1537605414546354
AT1G09937,0.1016524999438922
AT1G09940,0.3697146140589479
AT1G09947,0.1022361431632837
AT1G09950,0.24904315747281208
AT1G09953,0.1022361431632837
AT1G09957,0.1022361431632837
AT1G09960,0.269979546729782
AT1G09963,0.1022361431632837
AT1G09967,0.1022361431632837
AT1G09970,0.803906149589539
AT1G09973,0.1022361431632837
AT1G09977,0.1022361431632837
AT1G09980,0.4582307861827666
AT1G09983,0.1022361431632837
AT1G09987,0.142258995542351
AT1G09993,0.3317574676155478
AT1G09995,0.5628145411389412
AT1G09997,0.1022361431632837
AT1G10000,0.2173261563918582
AT1G10010,0.1506262539924724
AT1G10020,0.3564689087398106
AT1G10030,0.5601062348138854
AT1G10040,0.24138578322541887
AT1G10050,0.3732770755791977
AT1G10060,0.1522623736357466
AT1G10070,0.9468834949301528
AT1G10090,0.5003908265805083
AT1G10095,0.3203300199780982
AT1G10100,0.1022361431632837
AT1G10110,0.19551742144566375
AT1G10120,0.6061067570460169
AT1G10130,0.6405153383204586
AT1G10140,0.5090699200431824
AT1G10150,0.7907076941570457
AT1G10155,0.46670352493364897
AT1G10170,0.8051395623061013
AT1G10180,0.49006153170019295
AT1G10190,0.1022361431632837
AT1G10200,0.8357818556164296
AT1G10210,0.4371850344647229
AT1G10220,0.2858883504563431
AT1G10225,0.1022361431632837
AT1G10230,0.47845511786521655
AT1G10240,0.2345117544311949
AT1G10250,0.1022361431632837
AT1G10270,0.5107590957815024
AT1G10280,0.22045708833221206
AT1G10290,0.6199567292010736
AT1G10300,0.4761777377215527
AT1G10310,0.5445765861001376
AT1G10320,0.32721066518704056
AT1G10330,0.4917797613764836
AT1G10340,0.2542257729786989
AT1G10350,0.3418609728003443
AT1G10360,0.5497506048433641
AT1G10370,1.0632859818434415
AT1G10380,0.91123919451489
AT1G10385,0.2200881334229097
AT1G10390,0.58606345004326
AT1G10395,0.1022361431632837
AT1G10400,0.4324807258105626
AT1G10410,0.7778428693047409
AT1G10417,0.3248870355425384
AT1G10430,0.4396807260920018
AT1G10450,0.5437011791790535
AT1G10455,0.1183849486247873
AT1G10460,0.4601314245805561
AT1G10470,0.8860879095392133
AT1G10480,0.4841866695151592
AT1G10490,0.36756812047730925
AT1G10500,0.605224412432758
AT1G10510,0.3138170735209848
AT1G10520,0.2367857655068825
AT1G10522,0.6194150430429131
AT1G10530,0.6795676109416736
AT1G10540,0.2126686655747349
AT1G10550,0.296988213871619
AT1G10560,0.59027848602367
AT1G10570,0.46730622016088275
AT1G10580,0.6484272895875116
AT1G10585,0.1031561520363926
AT1G10586,0.1022361431632837
AT1G10588,0.1904563135579302
AT1G10590,0.5894290858359437
AT1G10600,0.5688220648847429
AT1G10610,0.3172393131801599
AT1G10620,0.1016524999438922
AT1G10630,0.549298613238336
AT1G10640,0.9398631392401753
AT1G10650,0.7337202423983835
AT1G10657,0.17635750286617718
AT1G10660,0.43108563289398893
AT1G10670,0.7787827550321726
AT1G10680,0.14015338817103917
AT1G10682,0.9416659156163179
AT1G10690,0.5714123941388423
AT1G10700,0.5140246955856589
AT1G10710,0.2172828179737579
AT1G10715,0.1022361431632837
AT1G10717,0.1022361431632837
AT1G10720,0.3951655617003651
AT1G10730,0.3711588819855514
AT1G10740,1.128281245437079
AT1G10745,0.1022361431632837
AT1G10747,0.1022361431632837
AT1G10750,0.4073876357719549
AT1G10760,0.8031597664907069
AT1G10770,0.2892948109484284
AT1G10780,0.32651523640402674
AT1G10790,0.3388516140914476
AT1G10800,0.292774783344656
AT1G10810,0.322150568167749
AT1G10820,0.3221783100889595
AT1G10830,0.4505607226222493
AT1G10840,0.7338604131876543
AT1G10850,0.5109639392153106
AT1G10865,0.5361054210803327
AT1G10870,0.35833452766039364
AT1G10875,0.2767499815865746
AT1G10880,0.1022361431632837
AT1G10890,0.5442425090228904
AT1G10900,0.48372741704111655
AT1G10910,0.47415518857274447
AT1G10920,0.2717664060991622
AT1G10930,0.3313852126166072
AT1G10940,0.4650195943229628
AT1G10950,0.48046093294360537
AT1G10960,0.9300606001135507
AT1G10970,0.5636204687931442
AT1G10980,0.1467544414817013
AT1G10990,0.61157833950199
AT1G11000,0.4382589257821422
AT1G11020,0.3612553647394223
AT1G11030,0.1019935489625394
AT1G11040,0.13316135560775322
AT1G11050,0.11770082984194989
AT1G11060,0.49915163439673016
AT1G11070,0.1655696178992914
AT1G11080,0.4951566910720107
AT1G11090,0.44739643151885555
AT1G11100,0.4308790733115257
AT1G11110,0.1022361431632837
AT1G11112,0.2973970638219531
AT1G11120,0.5998784881091691
AT1G11125,0.2955086564334035
AT1G11130,0.4514370840095025
AT1G11145,0.1019935489625394
AT1G11160,0.32947261531507444
AT1G11170,0.4429959221415838
AT1G11175,1.7143474813079211
AT1G11180,0.316509668722802
AT1G11185,1.4005096776437762
AT1G11190,0.4841858020627659
AT1G11200,0.443018384974017
AT1G11210,0.3156564341659386
AT1G11220,0.2617708719536116
AT1G11230,0.1022361431632837
AT1G11240,0.4448269580272126
AT1G11250,0.1022361431632837
AT1G11260,0.31860401008817685
AT1G11270,0.5837083471662614
AT1G11280,0.8889131119830302
AT1G11290,0.234574776787999
AT1G11300,0.6020734980191874
AT1G11303,0.1022361431632837
AT1G11310,0.7466249134640777
AT1G11320,0.34580272658285793
AT1G11330,0.6786879257839717
AT1G11340,0.1205061728953884
AT1G11350,0.2427673079777024
AT1G11360,0.33069769996107046
AT1G11362,0.1016524999438922
AT1G11370,0.16358712344165469
AT1G11380,0.3653306872643436
AT1G11390,0.34963059756062764
AT1G11400,0.598881239149141
AT1G11410,0.27335858241772
AT1G11420,0.5327782081432063
AT1G11430,0.42063998969625405
AT1G11440,0.4169160459676948
AT1G11450,0.8282794012480215
AT1G11460,0.46599699320061955
AT1G11470,0.1158784386344692
AT1G11475,0.8568043955731091
AT1G11480,0.4704834343712201
AT1G11490,0.31884325737309127
AT1G11500,0.3074978953053284
AT1G11510,0.1022361431632837
AT1G11520,0.1022361431632837
AT1G11530,0.5087919916601699
AT1G11540,0.4088067986019828
AT1G11545,0.6297375290580329
AT1G11550,0.1019935489625394
AT1G11560,0.10075254141967468
AT1G11570,0.304640546301643
AT1G11572,0.1258747354712908
AT1G11580,0.9822337413181277
AT1G11590,0.1022361431632837
AT1G11591,0.1380696451641072
AT1G11592,0.41570474306942473
AT1G11593,0.1022361431632837
AT1G11600,0.7032830234445312
AT1G11608,0.1022361431632837
AT1G11610,0.1022361431632837
AT1G11620,0.14332145824532538
AT1G11630,0.2946345282637535
AT1G11640,0.2346943012377692
AT1G11650,0.5271666351178386
AT1G11655,0.7158672298298467
AT1G11660,0.6116753090524276
AT1G11670,0.44595204126264454
AT1G11680,0.615900863487371
AT1G11684,0.1022361431632837
AT1G11690,0.1016524999438922
AT1G11700,0.3185064017584086
AT1G11710,0.3984408262010707
AT1G11720,0.43532992873811993
AT1G11730,0.3857959337155418
AT1G11735,0.13284759299941828
AT1G11740,0.5226211172879341
AT1G11750,0.5322553896954993
AT1G11755,0.5391654940173181
AT1G11760,0.4164236411326227
AT1G11765,0.1022361431632837
AT1G11770,0.1022361431632837
AT1G11780,0.6681058012341429
AT1G11785,0.1652916193840958
AT1G11790,0.6961911525746609
AT1G11800,0.613149946979153
AT1G11810,0.1022361431632837
AT1G11820,0.5000718873348889
AT1G11840,1.2401459848740117
AT1G11850,0.1022361431632837
AT1G11860,0.9384869063835106
AT1G11870,0.4428013645831542
AT1G11880,0.3145760212727075
AT1G11890,0.6023071636373021
AT1G11900,0.3343011206637747
AT1G11905,0.5146971787113942
AT1G11910,0.7266620356155549
AT1G11915,0.46118867920372375
AT1G11920,0.20512922026788669
AT1G11925,0.2179788566672955
AT1G11930,0.5175329517111498
AT1G11940,0.3346986851647108
AT1G11950,0.3207406152210252
AT1G11960,0.3058504601630188
AT1G11970,0.1076046205870458
AT1G11980,0.1022361431632837
AT1G11990,0.1022361431632837
AT1G12000,0.811069427210878
AT1G12010,1.1019676151699733
AT1G12013,0.2501236242011562
AT1G12015,0.2223214125319096
AT1G12020,0.5480227989632155
AT1G12030,0.14008860287451688
AT1G12040,1.0627462863633292
AT1G12050,0.5530085853176976
AT1G12060,0.4662661514162395
AT1G12064,0.4038612489658749
AT1G12070,0.2751185682304229
AT1G12080,1.0112342435962653
AT1G12090,0.9307642423806493
AT1G12100,0.3291158626211592
AT1G12110,1.5241492118666062
AT1G12120,1.1573887190623466
AT1G12130,0.3867252625009897
AT1G12140,0.7006601380984127
AT1G12150,0.3264452982375589
AT1G12160,0.8906587903508283
AT1G12170,0.1022361431632837
AT1G12180,0.1022361431632837
AT1G12190,0.1022361431632837
AT1G12200,0.8493611283292852
AT1G12210,0.5069929662181656
AT1G12211,0.1417478278667314
AT1G12220,0.17681916853711718
AT1G12230,0.6303400318718024
AT1G12240,0.6690799211378815
AT1G12244,0.38551001796949436
AT1G12250,0.4147801407374059
AT1G12260,0.3823177406823993
AT1G12270,1.264914811948875
AT1G12280,0.3582332099444681
AT1G12290,0.33180366301651243
AT1G12294,0.1022361431632837
AT1G12300,0.3825194383386573
AT1G12310,0.5812356787433748
AT1G12320,0.6339484429017149
AT1G12330,0.3347094557326179
AT1G12340,1.612788318091741
AT1G12350,0.42500873312367393
AT1G12360,0.4449020231421923
AT1G12370,0.25128699848605823
AT1G12380,0.41971385230343716
AT1G12390,1.4278161742727864
AT1G12400,0.897173650943714
AT1G12410,0.48864571659117606
AT1G12411,0.1022361431632837
AT1G12420,0.31559909260819946
AT1G12430,0.4671499380455842
AT1G12440,0.4791685657311777
AT1G12450,0.36957263530142914
AT1G12460,0.3645568701978655
AT1G12470,0.36816554207046825
AT1G12480,0.1667164294439717
AT1G12490,0.1019935489625394
AT1G12500,0.6413957650799365
AT1G12510,0.1246763700576591
AT1G12520,0.46082207612078463
AT1G12530,0.8817303200427935
AT1G12540,0.1022361431632837
AT1G12550,0.45236734425515013
AT1G12560,0.801033331999028
AT1G12570,0.1579359653015219
AT1G12580,0.35688865524424085
AT1G12600,0.41083936407776206
AT1G12610,0.1059518094882265
AT1G12615,0.1022361431632837
AT1G12620,0.4752775030147659
AT1G12630,0.48524785035479673
AT1G12640,0.6007515701861978
AT1G12650,0.93981942329561
AT1G12660,0.1022361431632837
AT1G12663,0.1016524999438922
AT1G12665,0.1022361431632837
AT1G12672,0.3145358957607364
AT1G12680,0.34083922569031333
AT1G12700,0.2963764780058282
AT1G12710,0.4379534346737547
AT1G12730,0.39635511707396487
AT1G12740,0.8408145976613173
AT1G12750,0.6326103062730274
AT1G12760,0.46203928791446935
AT1G12770,0.47361144987094705
AT1G12775,0.5448706598302964
AT1G12780,0.2462820308889379
AT1G12790,0.24199185044189403
AT1G12800,0.3475473492703356
AT1G12805,1.2858200585578317
AT1G12810,0.5438405783257658
AT1G12820,0.4939228384698233
AT1G12830,0.1091317528663517
AT1G12840,0.9789037714832189
AT1G12845,0.9760888410050708
AT1G12850,0.48246045045558006
AT1G12855,0.1022361431632837
AT1G12860,0.3246802880118108
AT1G12870,0.1022361431632837
AT1G12880,0.467054248593375
AT1G12890,0.3946695893184322
AT1G12900,0.6142923330772003
AT1G12910,0.4694188329485758
AT1G12920,1.14861919130361
AT1G12930,0.512176876489636
AT1G12940,0.1022361431632837
AT1G12950,0.4818932347378455
AT1G12960,0.1022361431632837
AT1G12970,0.39671519734561866
AT1G12980,0.1022361431632837
AT1G12990,0.30051832891582053
AT1G13000,0.3457765121158397
AT1G13010,0.1019935489625394
AT1G13020,0.42876190375628004
AT1G13030,0.5933461137460505
AT1G13040,0.29131750607715956
AT1G13050,0.3676013684091379
AT1G13060,0.5971397757587655
AT1G13080,0.7148961604872357
AT1G13090,0.36650731571617035
AT1G13100,0.3799824789255707
AT1G13110,0.6637754337022956
AT1G13120,0.7777249533448816
AT1G13130,0.3064136648731271
AT1G13140,0.2936280272667794
AT1G13143,0.10134379978257319
AT1G13150,0.28448524129452757
AT1G13160,0.7403791098202156
AT1G13170,0.4573878944348946
AT1G13180,0.4215772144885615
AT1G13190,0.3581974266443527
AT1G13195,0.4470931128766129
AT1G13200,0.2047395847035401
AT1G13210,0.3675892993267111
AT1G13220,0.8963385941326356
AT1G13230,0.2088038942793773
AT1G13245,0.6448960522292808
AT1G13250,0.5752461101446602
AT1G13260,0.856961414844572
AT1G13270,0.4227743732326597
AT1G13280,0.47146115864359905
AT1G13290,0.1022361431632837
AT1G13300,0.4917878150988284
AT1G13310,0.1019935489625394
AT1G13320,0.4703724280785784
AT1G13330,0.3678050339773247
AT1G13340,1.5335890421761036
AT1G13350,0.37212726310267863
AT1G13360,0.603468689837005
AT1G13370,0.207588010029712
AT1G13380,0.6581061196174893
AT1G13390,0.5113073777327902
AT1G13400,0.1649991911986847
AT1G13410,0.3977748956460076
AT1G13420,1.1575956494564539
AT1G13430,0.46472835216222474
AT1G13440,1.3293321637240756
AT1G13448,0.2597237315651459
AT1G13450,0.6201840591374823
AT1G13460,0.9702142923274479
AT1G13470,0.1022361431632837
AT1G13480,0.5135776865610144
AT1G13485,0.1022361431632837
AT1G13490,0.1651194544927882
AT1G13500,0.2229085815639888
AT1G13510,0.2808398946933246
AT1G13520,0.3613014697946092
AT1G13530,0.3486246377726443
AT1G13540,0.2373331736938435
AT1G13550,0.2593310743860598
AT1G13560,0.5276006656606194
AT1G13570,0.5284753692136781
AT1G13580,0.507098284886491
AT1G13590,0.9284609825527123
AT1G13600,0.6164073893426216
AT1G13605,0.1019935489625394
AT1G13607,0.1022361431632837
AT1G13608,0.1022361431632837
AT1G13609,0.5774141144097991
AT1G13610,0.5575046701277531
AT1G13620,1.1581845169121672
AT1G13630,0.24178602673730631
AT1G13635,0.799966202634161
AT1G13640,1.3087619205715728
AT1G13650,0.1022361431632837
AT1G13670,1.0101950040657894
AT1G13680,0.10075254141967468
AT1G13690,0.5326325757557167
AT1G13700,0.31993392085412153
AT1G13710,0.361844037857477
AT1G13720,0.202540748452339
AT1G13730,0.7041396900486581
AT1G13740,0.5146822332826327
AT1G13750,0.5053883905348749
AT1G13755,0.1022361431632837
AT1G13760,0.1022361431632837
AT1G13770,0.36448453539635284
AT1G13780,0.323430981552643
AT1G13790,0.3095723949719728
AT1G13800,0.4314036161959936
AT1G13805,0.1022361431632837
AT1G13810,0.3247652576748038
AT1G13820,0.4435095754034002
AT1G13825,0.1050207140613874
AT1G13830,0.6220344840694205
AT1G13860,0.4986954232532558
AT1G13870,0.28010021031648114
AT1G13880,0.4552634764037329
AT1G13890,0.1022361431632837
AT1G13900,0.5369275257716941
AT1G13910,0.4714708678030809
AT1G13920,0.2904161317104649
AT1G13930,1.3442742631934115
AT1G13940,0.3401777240382252
AT1G13950,0.4690857090707805
AT1G13960,0.3773155274725317
AT1G13970,0.7353430953091992
AT1G13980,0.47371987908023927
AT1G13990,0.30136763732946314
AT1G14000,0.6178646531048309
AT1G14010,0.47605122034102854
AT1G14020,0.3854888208273279
AT1G14030,0.3570531423393183
AT1G14040,0.46249774612091815
AT1G14048,0.1022361431632837
AT1G14060,0.7197721092823249
AT1G14071,0.1212153407307883
AT1G14080,0.7023187765084387
AT1G14100,0.2303659729529011
AT1G14110,0.20428399302725192
AT1G14120,0.7953519423790237
AT1G14130,0.47397023924225573
AT1G14140,0.38067281992780583
AT1G14150,0.2140428263419316
AT1G14160,1.1635953799303658
AT1G14170,0.7937314488078471
AT1G14180,0.3214767511526919
AT1G14185,0.3510810168876894
AT1G14190,0.3556709276750603
AT1G14200,0.5283892020282
AT1G14205,0.2889346818868175
AT1G14210,0.8492913059694496
AT1G14220,0.9973130842758807
AT1G14230,0.8260475344280516
AT1G14240,0.5489810244973883
AT1G14250,0.1022361431632837
AT1G14260,0.42393311179228044
AT1G14270,0.31337485742405
AT1G14280,0.4554861239152725
AT1G14290,0.8080218870482516
AT1G14300,0.5840626590072522
AT1G14310,0.3629909467914953
AT1G14315,0.1019935489625394
AT1G14320,0.8780148938207195
AT1G14330,0.42818873043717126
AT1G14340,0.5066361389393199
AT1G14345,0.4541302872545803
AT1G14350,0.40511398765724027
AT1G14360,0.44544300467436404
AT1G14370,0.39758586172526966
AT1G14380,0.5742189781231692
AT1G14390,0.4940534585663362
AT1G14400,0.6585168041450467
AT1G14410,0.6014305921230373
AT1G14420,0.1022361431632837
AT1G14430,0.2229073875749254
AT1G14440,0.2774619845532294
AT1G14450,0.6559262137363295
AT1G14453,0.2647694236189574
AT1G14455,0.3742652761596347
AT1G14460,0.29131071191298763
AT1G14470,0.2267668196224151
AT1G14480,0.3661223473758554
AT1G14490,0.33662800514750246
AT1G14500,0.3799589370442567
AT1G14510,0.4645556760878957
AT1G14518,0.1147211332901235
AT1G14520,0.3676615358386533
AT1G14530,0.3704145397609748
AT1G14540,0.35962232958119644
AT1G14550,0.1717449466426902
AT1G14560,0.4221989767811066
AT1G14570,0.6387302325847144
AT1G14580,0.44499380318732934
AT1G14590,0.38315692607550655
AT1G14600,0.3905196180313896
AT1G14610,0.6572279276323785
AT1G14620,0.7684784202863097
AT1G14630,1.0498629154828516
AT1G14640,0.3210937531358873
AT1G14642,0.1158334782161917
AT1G14650,0.6110756465478165
AT1G14660,0.37049830098589676
AT1G14670,0.6357585667271983
AT1G14680,0.3388639597217124
AT1G14685,0.6421051952680066
AT1G14686,0.22755231284571148
AT1G14687,0.2679234435959676
AT1G14688,0.1022361431632837
AT1G14690,0.4056017899539125
AT1G14700,0.4703442956397414
AT1G14710,0.44350637173361995
AT1G14720,0.8197113817073236
AT1G14730,1.1755614705036284
AT1G14740,0.4295797584439599
AT1G14750,0.3302963794802783
AT1G14755,0.1022361431632837
AT1G14760,0.2027355918286921
AT1G14770,0.3125867861584844
AT1G14780,0.30432010489920946
AT1G14790,0.4040643241873948
AT1G14800,0.1016524999438922
AT1G14810,0.5488335475337698
AT1G14820,0.5620909952989506
AT1G14830,0.4869432769391202
AT1G14840,0.2876759023070758
AT1G14850,0.5993401569451426
AT1G14860,0.6969038135123803
AT1G14870,0.8654695512003643
AT1G14880,0.1147908916330891
AT1G14890,0.6634594388390762
AT1G14900,0.6722838767109705
AT1G14910,0.33619425048848517
AT1G14920,0.3309127486426068
AT1G14930,0.8122976081154522
AT1G14940,0.3503409779276473
AT1G14950,1.9993527100813242
AT1G14960,0.8725451677345337
AT1G14970,0.3018396283561705
AT1G14980,0.6268302570205342
AT1G14990,0.6275976841806341
AT1G15000,0.25896969724125396
AT1G15002,0.5727118964892106
AT1G15010,0.3071233127885564
AT1G15015,0.1019935489625394
AT1G15020,0.3987444630289444
AT1G15030,0.44828843045239936
AT1G15040,1.5091406586665446
AT1G15050,0.3452171942567837
AT1G15060,0.2519917991607137
AT1G15080,0.36011649067574814
AT1G15085,1.118004153308104
AT1G15090,0.1254122349531379
AT1G15100,0.9340971224164158
AT1G15110,0.3001000859515628
AT1G15120,0.963126861317749
AT1G15125,0.294990824515934
AT1G15130,0.5849805374461704
AT1G15140,0.5143703495887803
AT1G15150,0.21522277240649962
AT1G15160,0.3496153440853297
AT1G15165,0.3607428755955922
AT1G15170,0.46223284554066935
AT1G15175,0.32166461509075417
AT1G15180,1.5729221493615553
AT1G15190,0.2450106326222405
AT1G15200,0.6242217058532776
AT1G15210,0.7321661596460285
AT1G15215,0.3223443694373954
AT1G15220,0.40601395317344385
AT1G15230,0.4582875034295181
AT1G15240,0.44062907092164316
AT1G15250,0.7353234188953932
AT1G15260,0.4886479474149973
AT1G15270,0.9544428237038525
AT1G15280,0.7232461320170971
AT1G15290,0.44685738022074367
AT1G15310,0.3012420862823444
AT1G15320,0.15496074241175428
AT1G15330,1.2735693483242194
AT1G15340,0.6660431426770899
AT1G15350,0.757357188685438
AT1G15360,0.1022361431632837
AT1G15370,0.6963001862499352
AT1G15380,1.1093445035069216
AT1G15385,0.32784957386356584
AT1G15390,0.517979689624684
AT1G15400,0.6055487840660445
AT1G15405,1.8828144865862428
AT1G15410,0.2984096386425268
AT1G15415,0.4326914760672362
AT1G15420,1.0057671806568025
AT1G15430,0.5528010189301529
AT1G15440,0.6129421419534701
AT1G15450,0.23403869935466598
AT1G15460,0.28354539390012046
AT1G15470,0.3803115547514385
AT1G15480,0.41164627794555186
AT1G15490,0.43850143443043454
AT1G15500,0.5826752370525705
AT1G15510,0.3119542231467557
AT1G15520,0.4636148561528145
AT1G15530,0.34357783526897634
AT1G15540,0.5996185789934289
AT1G15550,0.7546865367713061
AT1G15570,0.442143830161162
AT1G15580,0.28143364165753126
AT1G15590,0.1332348995517183
AT1G15600,0.16998157732414798
AT1G15610,0.2220989322865037
AT1G15620,0.2182253226698077
AT1G15625,1.4866871364086167
AT1G15630,1.0361385238882344
AT1G15640,0.8123004365179987
AT1G15650,0.11835818836169279
AT1G15660,0.31498258752579533
AT1G15670,0.6830642197878742
AT1G15680,0.1022361431632837
AT1G15690,0.5945056510829887
AT1G15700,0.6345873682218094
AT1G15710,0.42614731616810453
AT1G15720,0.3143517148393762
AT1G15730,0.30606670348214
AT1G15740,0.4626812815083541
AT1G15750,0.6715848049134611
AT1G15757,0.1022361431632837
AT1G15760,0.40460105397340085
AT1G15770,0.1094255690347805
AT1G15772,0.253866751390374
AT1G15780,0.5631303219359141
AT1G15790,0.873405674313922
AT1G15800,0.27182315510775634
AT1G15810,0.6000020855300545
AT1G15820,0.9677851802453274
AT1G15825,0.1293801776730498
AT1G15830,0.2266307816574646
AT1G15840,0.6013929595220531
AT1G15850,0.1022361431632837
AT1G15860,0.6830193312942727
AT1G15870,0.6855345481043291
AT1G15880,0.5106845865401176
AT1G15885,0.5275026901903245
AT1G15890,0.27261561951792124
AT1G15900,0.4991841241141486
AT1G15910,0.4716852452734112
AT1G15920,0.5291017518592819
AT1G15930,0.7240738168460221
AT1G15940,0.3621168483139879
AT1G15950,0.8382939502899331
AT1G15960,0.5076914624305043
AT1G15970,0.3793773011351633
AT1G15980,0.305121132235395
AT1G15990,0.1022361431632837
AT1G16000,0.643280226306582
AT1G16010,0.47566645265856267
AT1G16020,0.2739257093739257
AT1G16022,0.6537268210011035
AT1G16025,0.2336069021809682
AT1G16030,1.3028358378759413
AT1G16040,0.5611154873836007
AT1G16060,0.4190087345101049
AT1G16070,0.916099533929581
AT1G16080,0.44855396796913155
AT1G16090,0.2437921095636994
AT1G16110,0.2428844372166112
AT1G16120,0.1873459741602122
AT1G16130,0.2979203673052805
AT1G16150,0.3132557645849889
AT1G16160,0.2612001736632429
AT1G16170,0.7546891176268984
AT1G16180,0.9464559420106
AT1G16190,0.5353816386970927
AT1G16210,0.41303838533165727
AT1G16220,0.5825057699315974
AT1G16225,0.26361845559510166
AT1G16230,0.2511071706032842
AT1G16240,0.5151112337612167
AT1G16250,0.34625065533639504
AT1G16260,0.311944875909296
AT1G16270,0.46193500740382604
AT1G16280,0.43976084437777274
AT1G16290,0.13573351609009832
AT1G16300,0.4200501178755991
AT1G16310,0.6626286995012027
AT1G16320,0.45275418177783766
AT1G16330,0.39710855997182937
AT1G16340,0.6003632010000305
AT1G16350,0.5455747446898078
AT1G16360,0.42227208211840295
AT1G16370,0.6176398618966181
AT1G16380,0.1022361431632837
AT1G16390,0.7754640711203608
AT1G16400,1.0587214566734748
AT1G16410,0.3748334137909573
AT1G16420,0.3584534623709335
AT1G16430,0.47495375122212724
AT1G16440,0.3796327984651634
AT1G16445,0.2635958241285367
AT1G16450,0.1022361431632837
AT1G16460,0.6683722174230738
AT1G16470,0.7088258389709032
AT1G16480,0.2814120526049055
AT1G16489,0.4953961764074854
AT1G16490,0.2651140075257022
AT1G16500,0.4297692423276719
AT1G16510,0.7250661735613831
AT1G16515,0.593479905609919
AT1G16520,0.5910904438248917
AT1G16530,0.9904496926445233
AT1G16540,0.37443004236419
AT1G16560,0.800767374125831
AT1G16570,0.5930418897457095
AT1G16590,0.3119794906923674
AT1G16610,0.6160172634306016
AT1G16630,0.4169167107248357
AT1G16635,0.7644660465624777
AT1G16640,0.37560638213801467
AT1G16650,0.4715585987605828
AT1G16670,0.30829181257260685
AT1G16680,0.37522407726131884
AT1G16690,0.322040145481456
AT1G16700,0.7232450769017842
AT1G16705,0.351713377161516
AT1G16710,0.5187215170544212
AT1G16720,0.47105516417587007
AT1G16730,1.2445880198504133
AT1G16740,0.8196885936282814
AT1G16750,0.26715540211310107
AT1G16760,0.1175333471141134
AT1G16770,0.9424491746955015
AT1G16780,0.3953300194208973
AT1G16790,0.4403827696004474
AT1G16800,0.41932802132873415
AT1G16810,1.184946436512813
AT1G16820,0.4511640824634326
AT1G16825,0.19607904589390002
AT1G16830,0.39261200214233855
AT1G16840,0.3940128948459043
AT1G16850,0.6679197896427228
AT1G16860,0.6129900785068867
AT1G16870,0.5830868383011749
AT1G16880,0.7070684874858286
AT1G16890,0.5942744507977133
AT1G16900,0.5147150747099564
AT1G16905,0.3492363849531387
AT1G16910,0.1022361431632837
AT1G16916,0.7699047689079985
AT1G16920,0.6108457485417611
AT1G16930,0.6282138794909534
AT1G16940,0.1022361431632837
AT1G16945,0.1022361431632837
AT1G16950,0.1022361431632837
AT1G16960,0.2847917037398602
AT1G16970,0.47155139146194625
AT1G16980,0.1192344828211571
AT1G17000,0.1019935489625394
AT1G17010,1.0025369314460162
AT1G17020,0.6534186177105098
AT1G17030,0.2906274317907944
AT1G17040,0.24837589826896048
AT1G17050,0.4769780054561087
AT1G17060,0.39759583487937666
AT1G17065,0.1016524999438922
AT1G17070,0.40933482866186877
AT1G17080,0.8315519765634627
AT1G17090,0.7852317901245316
AT1G17100,0.5144987648259556
AT1G17110,0.5114887187872905
AT1G17120,0.591365891558358
AT1G17130,0.7247304457159475
AT1G17140,0.41768296356798756
AT1G17145,0.5094180618683655
AT1G17147,0.6680984451846539
AT1G17150,0.11653091247752428
AT1G17160,0.4029654695784526
AT1G17170,1.6162386814695167
AT1G17180,1.3250377437193444
AT1G17190,0.8126250572812739
AT1G17200,0.6679881706354537
AT1G17210,0.6306599892061874
AT1G17220,0.3691715710958216
AT1G17230,0.3846596421492606
AT1G17232,0.1951358555160501
AT1G17235,0.6125564400954725
AT1G17240,0.2660407228616507
AT1G17250,0.46881503778007005
AT1G17255,0.2878412683454123
AT1G17260,0.170478110324219
AT1G17270,0.44279019452622814
AT1G17280,0.7052032632320855
AT1G17285,1.0084090173174167
AT1G17290,0.6763248205781056
AT1G17300,0.7097709328860451
AT1G17310,0.11193537484200648
AT1G17330,0.4303976947439293
AT1G17340,0.3529967332610069
AT1G17345,0.3187368166317313
AT1G17350,0.5606160988980808
AT1G17360,0.6514042241490321
AT1G17370,0.5147994649924506
AT1G17380,0.7600866596386238
AT1G17400,0.45105368530117157
AT1G17410,0.4995823407562354
AT1G17420,0.1022361431632837
AT1G17430,0.3163052912085131
AT1G17440,0.3313712056088454
AT1G17450,0.39629108179948563
AT1G17455,0.9153244989969764
AT1G17460,0.3350190860144837
AT1G17470,0.6591278511386464
AT1G17480,0.4336263108310375
AT1G17490,0.7589842906843701
AT1G17500,0.5299387400075675
AT1G17510,0.535768074099104
AT1G17520,0.47479851614310636
AT1G17530,0.5119215098221174
AT1G17540,0.1219309848431174
AT1G17545,0.1022361431632837
AT1G17550,0.3865217819165082
AT1G17560,0.8732954603416219
AT1G17570,0.1022361431632837
AT1G17580,0.5531589712091078
AT1G17590,0.6104000316275447
AT1G17600,0.11777583605520368
AT1G17610,0.10075254141967468
AT1G17615,0.1022361431632837
AT1G17620,0.7409093465003398
AT1G17630,0.3858629960597601
AT1G17640,0.3360432167103112
AT1G17650,0.3135361161802974
AT1G17665,0.4787260603901404
AT1G17680,0.5080711296229595
AT1G17690,0.43101825950262296
AT1G17700,0.2049496325378161
AT1G17710,1.178053642219732
AT1G17720,0.5702593415903334
AT1G17730,0.4224942905420018
AT1G17744,0.2162765371917851
AT1G17745,0.8713744941985324
AT1G17750,0.3351052195189166
AT1G17760,0.38067125695702947
AT1G17770,0.1022361431632837
AT1G17780,0.4522575434538238
AT1G17790,0.3273558635319712
AT1G17800,0.1022361431632837
AT1G17810,2.598835905566024
AT1G17820,0.3599088712607097
AT1G17830,0.6389598855222101
AT1G17840,0.5943095474501996
AT1G17850,0.5564736534646328
AT1G17860,1.0152254383578174
AT1G17870,0.4308844978510315
AT1G17880,0.8491996398183455
AT1G17890,0.5937324701822071
AT1G17910,0.1022361431632837
AT1G17920,0.24106479386318622
AT1G17930,0.5055703064411841
AT1G17940,0.4378034029350323
AT1G17950,0.4820923160835452
AT1G17960,0.29919993954130164
AT1G17970,0.6213622241213718
AT1G17980,0.4527035943761145
AT1G17990,0.4138601060754885
AT1G18000,0.3063509558854452
AT1G18010,0.1019935489625394
AT1G18020,0.272230690932886
AT1G18030,0.2436713622194847
AT1G18040,0.42190735945198654
AT1G18050,0.1022361431632837
AT1G18060,0.5737887253456131
AT1G18070,0.6651954220025518
AT1G18075,0.5265036130386895
AT1G18080,0.6666992712081083
AT1G18090,0.45535385958035557
AT1G18100,0.883099030426103
AT1G18130,0.1016524999438922
AT1G18140,0.7241160716664488
AT1G18150,0.8285480982097798
AT1G18160,0.4113499314183526
AT1G18170,0.3792572503277354
AT1G18180,0.4343442857695323
AT1G18190,0.36441170217126356
AT1G18193,1.403208333146747
AT1G18197,0.2878672128581844
AT1G18200,0.3681923245342224
AT1G18210,0.4753480625169604
AT1G18220,0.1022361431632837
AT1G18250,1.0033996269792715
AT1G18260,0.44726808730785905
AT1G18265,0.3341210673822353
AT1G18270,0.5373640286023502
AT1G18280,0.2311493022238803
AT1G18290,0.40432330607763506
AT1G18300,0.2661248499375516
AT1G18310,0.1022361431632837
AT1G18320,0.3671503172968511
AT1G18330,0.6153889258392276
AT1G18335,0.3704591085703773
AT1G18340,0.6423956691602046
AT1G18350,0.1606100338882901
AT1G18360,0.31307427600916127
AT1G18370,0.4431949249260123
AT1G18382,0.2690075774722027
AT1G18390,0.4919767585964072
AT1G18400,0.3163263743828682
AT1G18410,0.2925710018745456
AT1G18415,0.35808001587265303
AT1G18420,0.4016923870137979
AT1G18440,0.33953611028933395
AT1G18450,0.4832993800212335
AT1G18460,0.47222402449390166
AT1G18470,0.5007957474327173
AT1G18480,0.4502649072895448
AT1G18485,0.2182025662135254
AT1G18486,0.1022361431632837
AT1G18490,0.25812160958021824
AT1G18500,0.4652527932577747
AT1G18510,0.1022361431632837
AT1G18520,0.1022361431632837
AT1G18530,0.1022361431632837
AT1G18540,0.9721211814470436
AT1G18550,0.37282076058718006
AT1G18560,0.510113209692265
AT1G18570,0.5218326798025819
AT1G18580,0.4707356830220176
AT1G18590,0.7986712153224832
AT1G18600,0.21326607523855945
AT1G18610,0.41321276939539386
AT1G18620,0.2427950823541479
AT1G18630,0.46809437667680887
AT1G18640,0.5735614677099241
AT1G18650,0.23323839318134926
AT1G18660,0.6109291229042382
AT1G18670,0.7969535984087548
AT1G18680,0.325494633848109
AT1G18690,0.3200387668910473
AT1G18700,0.504184388424414
AT1G18710,0.13621638426373878
AT1G18720,0.8336461905968917
AT1G18730,0.3539959570374638
AT1G18735,0.1019935489625394
AT1G18740,0.3536447931740778
AT1G18745,1.070576585001521
AT1G18750,0.3439910004778276
AT1G18760,0.1022361431632837
AT1G18770,0.1022361431632837
AT1G18773,0.2814245347049114
AT1G18780,0.1022361431632837
AT1G18790,0.1019935489625394
AT1G18800,1.0450952555719129
AT1G18810,0.1019935489625394
AT1G18820,0.1211692857253877
AT1G18830,0.22988053568452999
AT1G18835,0.2660963011597297
AT1G18840,0.7050465434272329
AT1G18850,0.6843194579481722
AT1G18860,0.4068561356364546
AT1G18870,0.9181987600505626
AT1G18871,0.1337539678403119
AT1G18879,0.1019935489625394
AT1G18880,0.904509026756228
AT1G18890,0.49439540416855027
AT1G18900,0.41475846675330114
AT1G18910,0.34951371982778934
AT1G18940,0.4501134219263118
AT1G18950,0.42904238781802795
AT1G18960,0.22985539916126
AT1G18970,0.9398281127862742
AT1G18975,0.1024698937690941
AT1G18980,0.8198642321332643
AT1G18990,0.1614986471220499
AT1G19000,0.7002304129211028
AT1G19010,0.3862852028651747
AT1G19020,0.5068579203072889
AT1G19025,0.2416359776377757
AT1G19040,0.1022361431632837
AT1G19050,0.9844434770771654
AT1G19060,0.1022361431632837
AT1G19070,0.198108941382089
AT1G19080,0.6214558302162468
AT1G19086,0.1022361431632837
AT1G19090,0.1022361431632837
AT1G19100,0.2667594261466142
AT1G19110,0.6481493492080709
AT1G19115,0.4776493272269504
AT1G19120,0.6846318948198746
AT1G19130,0.45668120335218254
AT1G19140,0.34276426354653355
AT1G19150,0.18659760728572178
AT1G19160,0.123512858760188
AT1G19170,0.48003705753590353
AT1G19180,1.0643145973881796
AT1G19190,0.3062366409548804
AT1G19200,0.2542857356926178
AT1G19210,0.1468804159546091
AT1G19220,0.3282994766576237
AT1G19230,0.3736932234456156
AT1G19240,0.4363327341561408
AT1G19250,0.36012805441805673
AT1G19260,0.1022361431632837
AT1G19270,0.33571927581292277
AT1G19290,0.3494937575621272
AT1G19300,0.511072744220021
AT1G19310,0.4110236699541657
AT1G19320,0.10134379978257319
AT1G19330,0.7117686204632667
AT1G19340,0.3600816354241742
AT1G19350,0.5508352332926776
AT1G19360,0.957448062949903
AT1G19370,0.3521560560281337
AT1G19371,0.1022361431632837
AT1G19373,0.3445786380821181
AT1G19376,0.3384374848636874
AT1G19380,0.6164441933570179
AT1G19390,0.1022361431632837
AT1G19394,0.2329592723486084
AT1G19396,0.6735413469611906
AT1G19397,0.4463132627046864
AT1G19400,0.42615577852072084
AT1G19410,0.1022361431632837
AT1G19430,0.3939624535299262
AT1G19440,0.6713033897740512
AT1G19450,0.7737757784641535
AT1G19460,0.1022361431632837
AT1G19464,0.1375251265219905
AT1G19470,0.1022361431632837
AT1G19480,0.3101801012416865
AT1G19485,0.3428889951085378
AT1G19490,0.4301150588618145
AT1G19500,0.2249510026972671
AT1G19510,0.1022361431632837
AT1G19520,0.592278397898713
AT1G19530,1.5455990276748406
AT1G19540,1.378270239292972
AT1G19550,1.5965257912116109
AT1G19565,0.32846364682790097
AT1G19570,1.5720738093738533
AT1G19580,0.5691519082633192
AT1G19600,0.7307433839756561
AT1G19610,0.8470416293723027
AT1G19620,0.1019935489625394
AT1G19630,0.23853583894767677
AT1G19640,0.12418228224752528
AT1G19650,0.32413263584051144
AT1G19660,0.4635831505985405
AT1G19670,0.1978846708668443
AT1G19680,0.5427945559277144
AT1G19690,0.5514172099753635
AT1G19700,0.7097710619049693
AT1G19710,0.824686040045022
AT1G19715,0.35016975392675964
AT1G19720,0.34342225915282054
AT1G19730,0.5059322267074948
AT1G19740,0.38375460387548216
AT1G19750,0.3042190126191424
AT1G19770,0.5106952065528143
AT1G19780,0.2138242005975198
AT1G19790,0.4812561361437667
AT1G19800,0.5314029861178661
AT1G19830,0.2931354252309681
AT1G19835,0.6951409191013136
AT1G19840,0.32973329522834216
AT1G19850,0.6002454494450239
AT1G19860,0.5553412260065239
AT1G19870,0.4630196913332003
AT1G19880,0.39778611160682525
AT1G19890,0.11210749435081159
AT1G19900,0.4935119951914331
AT1G19910,0.910380171019324
AT1G19920,0.8023317857876116
AT1G19930,0.1022361431632837
AT1G19940,0.362678319773702
AT1G19950,0.3012313510139593
AT1G19960,0.8010429979123586
AT1G19968,0.3654936332505855
AT1G19970,0.2513561756114769
AT1G19980,0.393884725053671
AT1G19990,0.781036361395515
AT1G20000,0.1019935489625394
AT1G20010,0.9029538815315237
AT1G20015,0.3340396328218521
AT1G20020,0.6406551132054317
AT1G20030,0.3697806954847995
AT1G20040,0.1022361431632837
AT1G20050,0.7075953562569945
AT1G20060,0.42990587167963773
AT1G20065,0.5837203625359684
AT1G20070,0.8566677813673865
AT1G20080,0.38370434580173773
AT1G20090,0.7190685253439255
AT1G20100,0.6701267493332432
AT1G20110,0.47171841729405406
AT1G20120,0.1022361431632837
AT1G20130,0.1863165521980246
AT1G20132,0.1022361431632837
AT1G20135,0.1022361431632837
AT1G20140,0.5574031477517939
AT1G20150,0.1022361431632837
AT1G20160,0.7645551993929618
AT1G20180,0.1955026154805125
AT1G20190,0.664498290970704
AT1G20200,0.5734681886574411
AT1G20210,0.11560850378790359
AT1G20220,0.6612394371539487
AT1G20225,0.9137330922205078
AT1G20230,0.30577824405978493
AT1G20240,0.1019935489625394
AT1G20260,1.0410811587211584
AT1G20270,0.2852220113546604
AT1G20280,0.1274017536399252
AT1G20290,0.13819161081299258
AT1G20300,0.4473276554851574
AT1G20310,0.1205490671327911
AT1G20320,0.1609266076937426
AT1G20330,0.3993026326903302
AT1G20340,0.7866323138480323
AT1G20350,0.1022361431632837
AT1G20360,0.1022361431632837
AT1G20370,0.507240771125797
AT1G20375,0.1022361431632837
AT1G20380,0.5051473358187524
AT1G20400,0.16093590898551519
AT1G20405,0.1022361431632837
AT1G20410,0.5534052971351313
AT1G20420,0.13654607596423352
AT1G20430,0.682707458787519
AT1G20440,0.9134347240724461
AT1G20450,1.277451872597139
AT1G20460,0.5975210117513401
AT1G20470,0.320681780175737
AT1G20480,0.3063726572877209
AT1G20490,0.5327206688988819
AT1G20500,0.1022361431632837
AT1G20510,0.505461625135385
AT1G20515,0.3473710003383675
AT1G20520,0.153568923565852
AT1G20530,0.2827169301418098
AT1G20540,0.5312640494430185
AT1G20550,0.3281029267770085
AT1G20560,0.47075591042312726
AT1G20570,0.2386154662959743
AT1G20575,0.5073513687067206
AT1G20580,0.5696877709135308
AT1G20590,0.1904297751295992
AT1G20600,0.1022361431632837
AT1G20610,0.6988716008107347
AT1G20620,1.174713201202206
AT1G20630,0.6994453818168355
AT1G20640,0.42484691468487834
AT1G20650,0.4113011900965352
AT1G20670,0.4677670860487546
AT1G20680,0.14232019937098261
AT1G20683,0.1022361431632837
AT1G20687,0.1022361431632837
AT1G20690,0.40056754923154964
AT1G20691,0.3527608222031794
AT1G20693,0.8116165848133101
AT1G20696,0.7565123246420677
AT1G20700,0.44402510138663304
AT1G20710,0.1022361431632837
AT1G20720,0.3451199298231885
AT1G20730,0.1022361431632837
AT1G20735,0.1022361431632837
AT1G20740,0.1022361431632837
AT1G20750,0.1022361431632837
AT1G20760,0.5313705097693093
AT1G20770,0.4971412999085951
AT1G20780,0.3974579073587665
AT1G20790,0.1016524999438922
AT1G20795,0.1019935489625394
AT1G20800,0.1022361431632837
AT1G20803,0.1022361431632837
AT1G20810,0.4118797843715419
AT1G20816,0.7127882762311982
AT1G20820,0.1342829978012286
AT1G20823,0.5329259453891027
AT1G20830,0.30285081781468254
AT1G20840,0.6849467180760358
AT1G20850,0.8210419756463866
AT1G20860,0.304753391175824
AT1G20870,0.21337721306891838
AT1G20875,0.1022361431632837
AT1G20880,0.4363956547028609
AT1G20890,0.5934695317095706
AT1G20900,0.5280542419669988
AT1G20910,0.3715376888001768
AT1G20920,0.5927442417606398
AT1G20923,0.1022361431632837
AT1G20925,0.1276060110710651
AT1G20930,0.4990120215484852
AT1G20940,0.1022361431632837
AT1G20950,0.545770530074337
AT1G20960,1.107410452428781
AT1G20970,0.7935619964459357
AT1G20980,0.3506165894460217
AT1G20990,0.3446978430424309
AT1G21000,0.6925075102397044
AT1G21010,0.9624293461234406
AT1G21050,0.6546090390895212
AT1G21060,0.39377046941690474
AT1G21065,0.8876608620722204
AT1G21070,0.5777263534221859
AT1G21080,0.5022225204606097
AT1G21090,0.7425351955729835
AT1G21100,0.6804202666787299
AT1G21110,1.166855804629631
AT1G21120,0.4922089017566157
AT1G21130,0.71246400360392
AT1G21140,0.8054369225741911
AT1G21150,0.4374391613415653
AT1G21160,0.5172418085685049
AT1G21170,0.3801687980138226
AT1G21190,0.5750602200441504
AT1G21200,0.32509164778069854
AT1G21202,0.1022361431632837
AT1G21210,0.4727338225532053
AT1G21230,0.18488945915104218
AT1G21240,0.1022361431632837
AT1G21245,0.1022361431632837
AT1G21250,0.1242982958295355
AT1G21270,0.28569796601092434
AT1G21280,0.3734523486828659
AT1G21310,0.5864406761221481
AT1G21313,1.299929940643226
AT1G21320,0.46149606381122676
AT1G21323,0.1022361431632837
AT1G21326,0.324283139987553
AT1G21340,0.41482991003248026
AT1G21350,0.30520923936811284
AT1G21360,0.3993974783736902
AT1G21370,0.35200625420427867
AT1G21380,0.7107996158075759
AT1G21390,0.30857964973254604
AT1G21395,0.1022361431632837
AT1G21400,0.7718383951779723
AT1G21410,0.6933944038199956
AT1G21420,0.1223691579271729
AT1G21430,0.1022361431632837
AT1G21440,1.176079517592776
AT1G21450,0.48816391955305033
AT1G21460,0.6532154323234936
AT1G21470,0.1022361431632837
AT1G21475,0.1022361431632837
AT1G21480,0.4796432807626171
AT1G21500,0.1847599734332189
AT1G21510,0.44613443899917415
AT1G21520,0.6637071177786634
AT1G21528,0.1090444967888446
AT1G21529,0.13277443782220238
AT1G21530,0.2604529880793418
AT1G21540,0.1575006984840305
AT1G21550,0.1742391699821544
AT1G21560,0.735120427015749
AT1G21580,0.6895218173662756
AT1G21590,0.33419762706016265
AT1G21600,0.5585366036276374
AT1G21610,0.32489926104006955
AT1G21620,0.1019935489625394
AT1G21630,0.9590402184950066
AT1G21640,0.5265326529489955
AT1G21650,0.3794831732418845
AT1G21651,0.3409649390471255
AT1G21660,0.6169989421459682
AT1G21670,0.46175313399028267
AT1G21680,0.9636682517463566
AT1G21690,0.5892700901312753
AT1G21695,0.21687715095579602
AT1G21700,0.29640980894662944
AT1G21710,0.38754123390858575
AT1G21720,0.4233470119734464
AT1G21722,0.1429054607232565
AT1G21730,0.43242419405804505
AT1G21738,0.1022361431632837
AT1G21740,0.5321155437431008
AT1G21750,1.0277240432853123
AT1G21760,0.5165603233182252
AT1G21770,0.7534659515238393
AT1G21780,0.8858054007686513
AT1G21790,0.45140735931154097
AT1G21810,0.4217949459242991
AT1G21830,0.5909471625356933
AT1G21835,0.1022361431632837
AT1G21840,0.41283112885948536
AT1G21850,0.11184985334262179
AT1G21860,0.1585638086688543
AT1G21864,0.11672214453697739
AT1G21866,0.1455427679000981
AT1G21870,0.1022361431632837
AT1G21880,0.6960189788734621
AT1G21890,0.1826552961277399
AT1G21900,0.6881812382763539
AT1G21910,0.445212285679959
AT1G21920,0.5878163738139653
AT1G21925,0.1022361431632837
AT1G21928,0.1022361431632837
AT1G21930,0.8974143573564168
AT1G21940,0.124077736076978
AT1G21950,0.1022361431632837
AT1G21960,0.1022361431632837
AT1G21970,0.1019935489625394
AT1G21980,0.43541985122692844
AT1G21990,0.257563884441556
AT1G22000,0.1468250185799623
AT1G22010,0.1022361431632837
AT1G22015,0.1022361431632837
AT1G22020,0.42273230491843794
AT1G22030,0.4674387911238784
AT1G22040,0.43658418418856965
AT1G22050,0.6595360555869683
AT1G22060,0.5416967136504593
AT1G22065,1.2880104866262245
AT1G22070,0.513063403405806
AT1G22080,0.1888492522172118
AT1G22090,0.1022361431632837
AT1G22100,0.1022361431632837
AT1G22110,0.2052653827395988
AT1G22120,0.1022361431632837
AT1G22130,0.1022361431632837
AT1G22140,0.6274534861586087
AT1G22150,0.9252666994199854
AT1G22160,0.44425835225414034
AT1G22170,0.5852704915521303
AT1G22180,0.8890945289662394
AT1G22190,0.6808751061953089
AT1G22200,0.6335341833077941
AT1G22210,0.1022361431632837
AT1G22220,0.46796859115534817
AT1G22230,0.5179780376407127
AT1G22240,0.1019935489625394
AT1G22250,0.2047817997044819
AT1G22260,0.3171917053056287
AT1G22270,0.6402542478997457
AT1G22275,0.2684593687472613
AT1G22280,0.45636327892098827
AT1G22290,0.3386782981294116
AT1G22300,0.8099094764109016
AT1G22310,0.35879613842279773
AT1G22330,0.458293374109906
AT1G22340,0.3022772167395036
AT1G22360,0.6572814225722627
AT1G22370,0.3628082279107256
AT1G22380,0.2994967179599331
AT1G22400,0.6185433178610982
AT1G22403,0.3097460254417882
AT1G22410,0.8222971147169935
AT1G22420,0.1022361431632837
AT1G22430,0.2856944460576558
AT1G22440,0.7336680804992475
AT1G22450,0.8161911934142176
AT1G22460,0.39954251342837466
AT1G22470,0.9072375173657435
AT1G22480,0.2293475456466187
AT1G22490,0.39819492174264715
AT1G22500,0.7323788575606305
AT1G22510,0.5434228943975258
AT1G22520,0.9880507916380179
AT1G22530,0.9121818154307919
AT1G22540,0.43924321914601266
AT1G22550,0.4199812934312991
AT1G22570,0.33489021614179765
AT1G22590,0.3256425912029291
AT1G22600,0.423202819682595
AT1G22610,0.727965872698843
AT1G22620,0.5632148016644055
AT1G22630,0.47901021787107534
AT1G22640,0.5220193462049327
AT1G22650,0.34380503130929063
AT1G22660,0.23550566395386233
AT1G22670,0.10482947511240749
AT1G22680,0.1515672043694305
AT1G22690,0.1301403776572087
AT1G22700,0.2825119077529258
AT1G22710,0.4032144427500184
AT1G22720,0.1022361431632837
AT1G22730,0.43370544027172386
AT1G22740,0.6975790258606048
AT1G22750,0.7294547719095019
AT1G22760,0.1343624448945319
AT1G22770,0.6281268438738477
AT1G22780,0.626380961317925
AT1G22790,0.3529640893706518
AT1G22800,0.1822280822311092
AT1G22810,0.1273895851552334
AT1G22830,0.467819730243982
AT1G22840,0.6982364476254972
AT1G22850,0.45529681531948407
AT1G22860,0.36385551795204973
AT1G22870,0.3948256914372594
AT1G22880,0.7028343934146585
AT1G22882,0.4140065922162077
AT1G22885,0.8986618269676994
AT1G22890,0.3340957826096078
AT1G22900,0.350523144094652
AT1G22910,0.6803996378376813
AT1G22920,0.4575058581228033
AT1G22930,0.42660845474779097
AT1G22940,0.24128433157800244
AT1G22950,0.41894185860131306
AT1G22960,0.30096264764537284
AT1G22970,0.7166083054494541
AT1G22980,0.6862314950237182
AT1G22985,0.255558742070087
AT1G22990,0.550547285074731
AT1G23000,0.6441588785822203
AT1G23010,0.4857261421847163
AT1G23020,0.7991774972618677
AT1G23030,0.8720096928623202
AT1G23037,0.1022361431632837
AT1G23040,0.8474344447304312
AT1G23050,0.349726701437976
AT1G23052,0.5389109663356991
AT1G23060,0.48723238375264455
AT1G23070,0.8826158843240747
AT1G23080,0.6790157743544807
AT1G23090,0.2975177424753381
AT1G23100,0.6201725931892752
AT1G23110,0.5029698695466618
AT1G23120,0.34960080929210646
AT1G23130,0.1320974828236834
AT1G23140,0.5449647873968415
AT1G23145,0.1022361431632837
AT1G23147,0.1022361431632837
AT1G23150,0.8136823969703324
AT1G23160,0.6361601710827279
AT1G23170,0.46437375049593654
AT1G23180,0.25592901879580576
AT1G23190,0.6720162080892151
AT1G23200,0.3314357393051883
AT1G23201,0.1604442766734737
AT1G23205,0.9321119711983922
AT1G23210,0.29807130927947756
AT1G23220,0.5852737966333436
AT1G23230,0.3917290191149507
AT1G23240,0.1022361431632837
AT1G23250,0.1022361431632837
AT1G23260,0.5371521645945063
AT1G23270,0.13415275001906968
AT1G23280,1.227889896915046
AT1G23290,0.8161389317584851
AT1G23300,0.5814855631806296
AT1G23310,1.054524198333279
AT1G23320,0.1022361431632837
AT1G23330,0.7328163013749271
AT1G23340,0.3731636377930646
AT1G23350,0.2418754879075251
AT1G23360,0.3454392521393018
AT1G23380,0.4616841691381623
AT1G23390,0.5102181261185901
AT1G23400,0.3653469863244062
AT1G23410,1.1419676226882467
AT1G23420,0.1268222073047581
AT1G23440,0.9655797333233984
AT1G23450,0.213257041252145
AT1G23460,0.27611087802308326
AT1G23465,0.2201125783795834
AT1G23480,0.36244501241468685
AT1G23490,0.7121080028023465
AT1G23500,0.1514100695464522
AT1G23510,0.15186404980955248
AT1G23520,0.1913342956848042
AT1G23530,0.6580030095347462
AT1G23540,0.40873031925940506
AT1G23550,0.35475743507040086
AT1G23560,0.38935197740650457
AT1G23570,0.2064860868670712
AT1G23580,0.1045689817666907
AT1G23590,0.1022361431632837
AT1G23600,0.1022361431632837
AT1G23610,0.1022361431632837
AT1G23640,0.1022361431632837
AT1G23645,0.1022361431632837
AT1G23650,0.10348508623703409
AT1G23660,0.1022361431632837
AT1G23670,0.1022361431632837
AT1G23680,0.1022361431632837
AT1G23690,0.1022361431632837
AT1G23700,0.1332943803242716
AT1G23710,0.4182051839974943
AT1G23720,1.1528910892783095
AT1G23730,0.6753330189538749
AT1G23740,0.4420400299927481
AT1G23750,0.7701307263965977
AT1G23760,0.7932708562450956
AT1G23770,0.1022361431632837
AT1G23780,0.39363158864899606
AT1G23790,0.4904241768347959
AT1G23800,1.1476740351824124
AT1G23810,0.1022361431632837
AT1G23820,0.5889595815992659
AT1G23830,0.7514236872646884
AT1G23840,0.2209602847267917
AT1G23850,0.7605464278322207
AT1G23860,0.8680758686682448
AT1G23870,0.642807530345006
AT1G23880,0.2878696519584819
AT1G23890,0.6043981083293947
AT1G23900,0.6836679984546981
AT1G23910,0.1016524999438922
AT1G23915,0.1022361431632837
AT1G23935,0.7642389527254971
AT1G23950,1.0702965431295126
AT1G23960,1.653413586964192
AT1G23965,0.2149019430679778
AT1G23970,0.36119519956724655
AT1G23980,0.42061244916460816
AT1G23985,0.13282159098156898
AT1G23995,0.18470408403765198
AT1G24000,0.1921701731210464
AT1G24010,0.3419258571497056
AT1G24020,0.601371339563192
AT1G24030,0.3905746857878927
AT1G24040,0.408260052763469
AT1G24050,0.5448031087142018
AT1G24060,0.1022361431632837
AT1G24062,0.1022361431632837
AT1G24068,0.5573839954409072
AT1G24070,0.212126875181074
AT1G24090,0.5311027575726461
AT1G24095,0.34622703672079735
AT1G24100,0.8451698354025984
AT1G24110,0.1022361431632837
AT1G24120,0.6585558758968575
AT1G24130,0.4495397238845231
AT1G24140,0.2904866699403942
AT1G24145,0.1022361431632837
AT1G24147,0.1233870562198014
AT1G24148,0.1163829157651201
AT1G24150,0.40825906906114756
AT1G24159,0.1193704765766126
AT1G24160,0.6273343215895031
AT1G24170,0.8272330988208321
AT1G24180,0.9022953791471306
AT1G24190,0.6689115073952403
AT1G24200,0.1022361431632837
AT1G24210,0.4032189364466942
AT1G24220,0.1022361431632837
AT1G24230,0.1022361431632837
AT1G24240,0.8738467672565295
AT1G24250,0.1022361431632837
AT1G24256,0.1022361431632837
AT1G24260,0.1255179268426129
AT1G24265,0.3451453318221298
AT1G24267,0.43137621393768877
AT1G24270,0.3539845240378262
AT1G24280,0.768283101812395
AT1G24290,0.48052739382097964
AT1G24300,0.426517814885483
AT1G24310,0.42114868097348557
AT1G24320,0.32520849418245457
AT1G24330,0.3828720245742253
AT1G24340,0.454399263771633
AT1G24350,0.8149127576267995
AT1G24360,0.8188605617811349
AT1G24380,0.1022361431632837
AT1G24388,0.1022361431632837
AT1G24390,0.1022361431632837
AT1G24400,0.1016524999438922
AT1G24405,0.35463360195442667
AT1G24420,0.7796322125596858
AT1G24430,0.7830496971057879
AT1G24440,0.4228798971140125
AT1G24450,0.598134172340621
AT1G24460,0.6998621816156612
AT1G24470,0.1322544064581668
AT1G24475,0.1022361431632837
AT1G24480,0.227551573021481
AT1G24485,0.2832563552197051
AT1G24490,0.3150963903438224
AT1G24510,0.5318569581540908
AT1G24520,0.1022361431632837
AT1G24530,0.8080616020759749
AT1G24540,0.1022361431632837
AT1G24545,0.1022361431632837
AT1G24560,0.5455961647115092
AT1G24570,0.1504945060662869
AT1G24575,0.808502727836117
AT1G24577,0.1254569929648025
AT1G24580,0.9515186760761297
AT1G24590,0.1750597007540357
AT1G24600,0.38211543632996353
AT1G24610,0.4095033156465744
AT1G24620,0.4427027377789472
AT1G24625,0.4579534388258907
AT1G24650,0.1022361431632837
AT1G24660,0.1022361431632837
AT1G24706,0.44933118666244054
AT1G24735,1.1781893654625657
AT1G24764,0.627571029647659
AT1G24793,0.903414708159874
AT1G24800,0.2716268127108246
AT1G24807,0.1022361431632837
AT1G24822,0.1022361431632837
AT1G24851,0.1022361431632837
AT1G24880,2.490168059697218
AT1G24881,2.140584077465068
AT1G24909,0.40264458771653333
AT1G24996,0.1193159406760015
AT1G25025,0.2190270651391337
AT1G25054,0.2487728708217746
AT1G25055,1.837550435300105
AT1G25083,0.1022361431632837
AT1G25097,0.1022361431632837
AT1G25098,3.2169398123854
AT1G25141,0.1229672239620104
AT1G25145,1.6016940861301812
AT1G25150,0.9613873525692471
AT1G25175,1.4750976255083972
AT1G25180,0.4637552793689391
AT1G25210,0.13532203579150848
AT1G25211,1.0592578613769505
AT1G25220,0.7615465978419791
AT1G25230,1.229008468293453
AT1G25240,0.3365849737222393
AT1G25250,0.311865784955907
AT1G25260,0.5256250035361574
AT1G25270,0.1022361431632837
AT1G25275,0.9766182392727472
AT1G25277,0.1645185630514308
AT1G25280,0.5323011829829343
AT1G25290,0.43205206293124243
AT1G25300,0.1022361431632837
AT1G25310,0.7562649485601085
AT1G25320,0.5276154912209441
AT1G25330,0.1001810529850545
AT1G25340,0.1022361431632837
AT1G25350,0.6196034433862516
AT1G25360,0.269122772834685
AT1G25370,0.23098932418884072
AT1G25375,0.4471766449186648
AT1G25380,0.454370850569625
AT1G25390,0.4370425079397581
AT1G25400,0.2582608797257835
AT1G25410,0.1022361431632837
AT1G25420,0.2531740838848796
AT1G25422,0.3393373305988586
AT1G25425,0.3036129034187604
AT1G25440,0.2922309741559412
AT1G25450,0.22360515398246
AT1G25460,0.4145003442718971
AT1G25470,0.4053295204619876
AT1G25480,0.4164626531385538
AT1G25490,0.5450157515983862
AT1G25500,0.44948685868844573
AT1G25510,0.32915933651704987
AT1G25520,0.5118454500836987
AT1G25530,0.8243143026564084
AT1G25540,0.32530235107719263
AT1G25550,0.5488433845397303
AT1G25560,0.7010715035096208
AT1G25570,0.47077469141094674
AT1G25580,0.41526408187120045
AT1G25682,0.4967881886436061
AT1G25988,0.12331049045908529
AT1G26090,0.29869520468791466
AT1G26100,0.7978526172041411
AT1G26110,0.6613325203512588
AT1G26120,0.35786688524605115
AT1G26130,0.3301660693578788
AT1G26140,0.1022361431632837
AT1G26150,0.5196601603454616
AT1G26160,0.434801218298752
AT1G26170,0.4178850992786165
AT1G26180,0.3454210093608843
AT1G26190,0.45727144501270545
AT1G26200,0.3765640411716701
AT1G26208,0.2845239112130162
AT1G26210,0.3689696198289675
AT1G26218,0.2828996997853923
AT1G26220,0.1261438681458545
AT1G26225,0.1022361431632837
AT1G26230,0.2660057053713609
AT1G26233,0.210191876167765
AT1G26235,0.127984452270123
AT1G26240,1.428613458854125
AT1G26250,1.6304690205674346
AT1G26255,1.6222669264990697
AT1G26260,0.40558620125070943
AT1G26270,0.5850341855190572
AT1G26290,0.15633077830632738
AT1G26300,0.8097714083276812
AT1G26310,0.1022361431632837
AT1G26320,0.1019935489625394
AT1G26330,0.4529520539794551
AT1G26340,0.4795834651451567
AT1G26350,0.1022361431632837
AT1G26355,0.1022361431632837
AT1G26360,0.3400542246866629
AT1G26370,0.425780056779062
AT1G26380,0.5666659292627219
AT1G26390,0.1323114464970969
AT1G26400,0.1022361431632837
AT1G26410,0.1435597844505904
AT1G26420,0.2359587809018136
AT1G26430,0.1070469850336282
AT1G26440,0.499299392984214
AT1G26450,0.6591251712769047
AT1G26460,0.5578989993299434
AT1G26470,0.9874843090058896
AT1G26480,0.17579330586399972
AT1G26500,0.2724149593688925
AT1G26510,0.1085535956179245
AT1G26515,0.1556752587274377
AT1G26520,0.6271842783226683
AT1G26530,1.2348907361594803
AT1G26540,0.33333685523598566
AT1G26550,0.7373328105045704
AT1G26558,0.25934133169628404
AT1G26560,0.376195560226124
AT1G26570,0.3092638733178811
AT1G26580,0.42951222851552495
AT1G26590,0.33959825753531303
AT1G26600,0.1022361431632837
AT1G26610,0.310245880281636
AT1G26620,0.3301998911527171
AT1G26630,0.6232537203205797
AT1G26640,0.5133293596394652
AT1G26650,0.5376415541394742
AT1G26660,0.6667732312623318
AT1G26665,0.8381564160172279
AT1G26670,0.7427033986094884
AT1G26680,0.7744031177965979
AT1G26690,0.6649555889251592
AT1G26700,0.3348486788230509
AT1G26710,0.1022361431632837
AT1G26720,0.327291576631084
AT1G26730,0.5252116443627968
AT1G26740,0.5503114942793481
AT1G26750,0.884466529107494
AT1G26760,0.46666601786340783
AT1G26761,0.19503406194397369
AT1G26762,0.8224894302309527
AT1G26770,0.6639587038855097
AT1G26773,0.1022361431632837
AT1G26780,0.10134379978257319
AT1G26790,0.23457906440914789
AT1G26795,0.1022361431632837
AT1G26796,0.1022361431632837
AT1G26797,0.1022361431632837
AT1G26798,0.1022361431632837
AT1G26799,0.1022361431632837
AT1G26800,0.42573509202159676
AT1G26810,0.49395213018406703
AT1G26815,0.1019935489625394
AT1G26820,0.690850588330342
AT1G26830,0.3802165232314729
AT1G26840,0.6366957538955953
AT1G26850,0.6808610484875806
AT1G26870,0.3058984594356938
AT1G26880,0.6588137669198963
AT1G26890,0.3328452444944575
AT1G26900,0.4527118859684963
AT1G26910,0.76512133892226
AT1G26920,0.7794760005102084
AT1G26921,0.1092595367167587
AT1G26930,0.7439763469006508
AT1G26940,0.46472318253467315
AT1G26945,0.6450939353845239
AT1G26960,0.7496800480848438
AT1G26970,0.43056422015048856
AT1G26973,0.1022361431632837
AT1G26975,0.1022361431632837
AT1G26976,0.1022361431632837
AT1G26985,0.1022361431632837
AT1G27000,0.8113414978563329
AT1G27008,0.1022361431632837
AT1G27020,0.6969724008841515
AT1G27030,1.1260285156159031
AT1G27040,0.1022361431632837
AT1G27045,0.1390697233161435
AT1G27050,0.4734299298538176
AT1G27060,0.32906056861699906
AT1G27070,0.3028629374095056
AT1G27080,0.1022361431632837
AT1G27090,0.399485744522319
AT1G27100,0.38335612494482396
AT1G27110,0.32629298004811713
AT1G27120,0.4018638615754564
AT1G27130,0.8953779303603724
AT1G27135,0.1022361431632837
AT1G27140,0.9270665605401669
AT1G27150,0.7787338407284311
AT1G27160,0.1022361431632837
AT1G27170,0.33048866294289625
AT1G27180,0.42678058498843563
AT1G27190,0.649776923467395
AT1G27200,0.38804263632262626
AT1G27210,0.6305089589769273
AT1G27220,0.1022361431632837
AT1G27240,0.1022361431632837
AT1G27250,0.1022361431632837
AT1G27260,0.1022361431632837
AT1G27270,0.1022361431632837
AT1G27280,0.1022361431632837
AT1G27290,0.6560739276104075
AT1G27300,0.507782534039251
AT1G27310,0.5396352742583881
AT1G27320,0.6944333806056338
AT1G27330,1.0136363283903789
AT1G27340,0.7301865698685026
AT1G27350,1.0182004488257683
AT1G27360,0.40160662537198577
AT1G27370,0.5816347087373566
AT1G27380,0.6553774528370868
AT1G27385,0.4420071178332968
AT1G27390,0.6187946571300431
AT1G27400,1.016380549046104
AT1G27410,0.3816702982531537
AT1G27420,0.4610765815680554
AT1G27430,0.3210701473935709
AT1G27435,0.5970673601843717
AT1G27440,0.4666032563002621
AT1G27450,0.6557148135948627
AT1G27460,0.5563273675495257
AT1G27461,1.9802941168510404
AT1G27470,0.589506074569687
AT1G27480,0.2885544616697888
AT1G27490,0.1022361431632837
AT1G27500,0.3439768186459379
AT1G27510,0.6562153367948906
AT1G27520,0.4587580153193285
AT1G27530,0.6520180097269406
AT1G27535,0.1022361431632837
AT1G27540,0.7035358121333357
AT1G27550,0.1022361431632837
AT1G27555,0.1022361431632837
AT1G27565,0.6959049632868962
AT1G27570,0.44183303048241607
AT1G27580,0.2515505342534138
AT1G27595,0.414493283445415
AT1G27600,0.39025501281800534
AT1G27610,0.3669749006756934
AT1G27620,0.3778619677370861
AT1G27630,0.3399828537904732
AT1G27640,0.2161420908846522
AT1G27650,0.681171789606424
AT1G27660,0.4059645824499821
AT1G27670,0.36586037387162684
AT1G27680,0.42622951683968674
AT1G27690,0.36710048926365946
AT1G27695,0.4482581865980372
AT1G27700,0.4372699260516691
AT1G27710,0.1022361431632837
AT1G27720,0.3088755921370175
AT1G27730,0.574084950312992
AT1G27740,0.545292260095751
AT1G27750,0.43042967900115403
AT1G27752,0.30663379490604525
AT1G27760,0.7244597234069264
AT1G27770,0.6041039604134715
AT1G27820,0.1139378409167847
AT1G27840,0.5351219981397073
AT1G27850,0.5388855975632811
AT1G27860,0.1216642167637306
AT1G27870,0.1022361431632837
AT1G27880,0.3813474837498506
AT1G27890,0.16598142288485718
AT1G27900,0.3875294639937487
AT1G27910,0.41903027015575417
AT1G27920,0.4923503050335375
AT1G27921,0.6627296989299024
AT1G27930,0.35395340906304784
AT1G27940,0.1019935489625394
AT1G27950,1.197168778096646
AT1G27960,0.4402713399862741
AT1G27970,0.5968247849783954
AT1G27980,0.3666152036170502
AT1G27990,1.8361401713987526
AT1G28000,0.1022361431632837
AT1G28005,0.1022361431632837
AT1G28010,0.4878247679992544
AT1G28020,0.1022361431632837
AT1G28030,0.1022361431632837
AT1G28040,0.1544101359582272
AT1G28050,0.30792693400783944
AT1G28060,0.5754000305799125
AT1G28070,0.49795321485985194
AT1G28080,0.2632131931867125
AT1G28090,0.41452235869065435
AT1G28100,0.6216049530974045
AT1G28110,0.8475871026397579
AT1G28120,0.5148308262173995
AT1G28130,0.5522616857924716
AT1G28135,0.3284061282153171
AT1G28140,0.31706433104659026
AT1G28150,0.4939300735407659
AT1G28160,0.1805806771214418
AT1G28170,0.4350050017215774
AT1G28180,0.1022361431632837
AT1G28190,0.6831656778788343
AT1G28200,0.34915669175536523
AT1G28210,0.4703776267919289
AT1G28220,0.1182916937736188
AT1G28230,0.237120313332003
AT1G28240,0.703094521731325
AT1G28250,0.6111018444701835
AT1G28260,0.30340309153271483
AT1G28265,0.1022361431632837
AT1G28270,0.2773364553060665
AT1G28280,0.3415385252494282
AT1G28290,0.9698815983190014
AT1G28300,0.1022361431632837
AT1G28305,0.1022361431632837
AT1G28306,0.1022361431632837
AT1G28310,0.500838118387841
AT1G28320,0.32157076969482823
AT1G28327,0.1022361431632837
AT1G28330,1.3668925477977447
AT1G28335,0.1022361431632837
AT1G28340,0.5696571687366432
AT1G28350,0.6587426473567382
AT1G28360,0.3577992697777931
AT1G28370,0.25318004103708003
AT1G28375,0.1019935489625394
AT1G28380,0.3623911933121588
AT1G28390,0.48508412682896057
AT1G28395,0.6624926342793913
AT1G28400,1.5836187919825488
AT1G28410,0.4484885589549089
AT1G28420,0.479141228014633
AT1G28430,0.17897979500756708
AT1G28440,0.6613141764629362
AT1G28450,0.1218566387922379
AT1G28460,0.1022361431632837
AT1G28470,0.3182647082696891
AT1G28480,0.3770413328617255
AT1G28490,0.6648758362989652
AT1G28500,0.1022361431632837
AT1G28510,0.9116567034414578
AT1G28520,0.35534247294194765
AT1G28530,0.37265608680455997
AT1G28540,0.5135718606539197
AT1G28550,0.1548710993150113
AT1G28560,0.43499195600677276
AT1G28570,0.5672132105370166
AT1G28580,1.0649538414567759
AT1G28590,0.2877029858504787
AT1G28600,0.33533325342071296
AT1G28610,0.45444660457848
AT1G28630,0.1019935489625394
AT1G28640,0.373462518007786
AT1G28650,0.28207167481952666
AT1G28660,0.5284146784766268
AT1G28670,0.7592539029352225
AT1G28680,0.6804607695833926
AT1G28685,0.1963459652099353
AT1G28690,0.2899223439408941
AT1G28695,0.1022361431632837
AT1G28700,0.1022361431632837
AT1G28710,0.2876175243060264
AT1G28715,0.33626423684241236
AT1G28720,0.12015428006597259
AT1G28730,0.1362327891751885
AT1G28740,0.2918422856179878
AT1G28760,0.5453408945796215
AT1G28765,0.32701093944887416
AT1G28815,0.7948379716336634
AT1G28820,0.1016524999438922
AT1G28870,0.1022361431632837
AT1G28960,0.45513329434559263
AT1G28990,0.1359444913045588
AT1G29000,0.5712964632170439
AT1G29005,0.1022361431632837
AT1G29010,0.1455805496723212
AT1G29020,0.6396473801087285
AT1G29025,1.222863637351138
AT1G29030,0.3366168475136402
AT1G29040,0.536140551613447
AT1G29041,0.16657730037804708
AT1G29050,0.7652736943516366
AT1G29060,0.5824354152121672
AT1G29070,0.5686221200966908
AT1G29071,0.4127729400452333
AT1G29080,0.1275424489590566
AT1G29090,1.3557329875868767
AT1G29100,0.1343428356235337
AT1G29110,0.1022361431632837
AT1G29120,0.514087148487114
AT1G29140,0.1022361431632837
AT1G29150,0.6944413034544663
AT1G29160,0.3962313666934706
AT1G29170,0.37251136813916974
AT1G29179,0.3214499017366026
AT1G29180,0.2879186313853886
AT1G29195,0.2126771001347893
AT1G29200,0.39611775170724167
AT1G29210,0.1022361431632837
AT1G29220,0.4352880103437207
AT1G29230,0.3680361412711728
AT1G29240,0.38944711938333854
AT1G29250,0.6870472516331945
AT1G29260,0.4227902143949671
AT1G29265,0.1022361431632837
AT1G29270,0.7902427388866005
AT1G29280,0.4856897514941074
AT1G29290,0.44591831541168503
AT1G29300,0.4425002129364698
AT1G29310,0.7459981296817522
AT1G29320,0.8770776782916242
AT1G29330,0.5505242692177352
AT1G29340,0.4069618505675372
AT1G29350,0.7581528305854814
AT1G29355,0.1281412132859291
AT1G29357,0.47021521527817123
AT1G29370,0.8438764536098659
AT1G29380,0.32838070002692676
AT1G29390,0.42893150947356484
AT1G29395,0.2553913087659011
AT1G29400,0.479269207781485
AT1G29410,0.7756288359187314
AT1G29418,1.0075522634797298
AT1G29420,0.2977567982082086
AT1G29430,0.3141937021282434
AT1G29435,0.1022361431632837
AT1G29440,0.1022361431632837
AT1G29450,0.1019935489625394
AT1G29460,0.1022361431632837
AT1G29465,0.4580641085583677
AT1G29470,0.7452143255599071
AT1G29480,0.1022361431632837
AT1G29490,0.1217914765203058
AT1G29500,0.2861144492020599
AT1G29510,0.3014991262167017
AT1G29520,0.810789082985794
AT1G29530,0.4794525487443071
AT1G29535,0.6477453313383496
AT1G29540,0.5208205645258941
AT1G29550,0.39719899535088643
AT1G29560,0.2706109419536918
AT1G29570,0.1022361431632837
AT1G29580,0.1022361431632837
AT1G29590,0.415063001905013
AT1G29600,0.1377860328516925
AT1G29620,0.1022361431632837
AT1G29630,0.3923824745064255
AT1G29640,0.8374521770934887
AT1G29660,0.5453488460838234
AT1G29670,0.619108584078932
AT1G29680,0.669209237054037
AT1G29690,0.31469375324366233
AT1G29700,0.5106649929950656
AT1G29710,0.35813839886482457
AT1G29720,0.1022361431632837
AT1G29730,0.3705890617445954
AT1G29740,0.35200773959690906
AT1G29750,0.3246953740205184
AT1G29760,0.35276532776199526
AT1G29770,0.2111516496918048
AT1G29775,0.10134379978257319
AT1G29780,0.1022361431632837
AT1G29785,0.5506728119724964
AT1G29790,0.4064639145998541
AT1G29800,0.44987739552719463
AT1G29810,0.5275875634103904
AT1G29820,0.5122791112196783
AT1G29830,0.2484812936582182
AT1G29840,0.5873627721446615
AT1G29850,0.7102784348654139
AT1G29860,0.4058126944928747
AT1G29870,0.1022361431632837
AT1G29880,0.6448264233720756
AT1G29890,0.452415344514449
AT1G29900,0.6016994125158746
AT1G29910,0.4423674924055064
AT1G29920,0.2808314268415685
AT1G29930,1.9254556005795003
AT1G29940,0.5377208110084695
AT1G29950,0.8731407652314308
AT1G29960,0.3381953778299231
AT1G29962,0.1022361431632837
AT1G29965,0.7974384526853684
AT1G29970,0.5721751680843432
AT1G29980,0.46783699406730284
AT1G29990,0.9840946389457632
AT1G30000,0.5128235704850197
AT1G30010,0.333503691917711
AT1G30020,0.1826566968750859
AT1G30040,0.5894236649315475
AT1G30050,0.32918651171927626
AT1G30060,0.1022361431632837
AT1G30070,0.9615453162201608
AT1G30080,0.5417045487685224
AT1G30090,0.26686342144146447
AT1G30100,0.1653436025401569
AT1G30110,0.8022998336482562
AT1G30120,0.6939383624957964
AT1G30130,0.8452865149317466
AT1G30135,0.224136532315787
AT1G30140,0.3874022464178332
AT1G30160,0.1677318322747268
AT1G30170,0.1022361431632837
AT1G30190,0.2844516633977331
AT1G30200,0.3735417056428202
AT1G30210,1.0283426227163424
AT1G30220,0.3961614197738715
AT1G30230,0.7529606966093976
AT1G30240,0.4469907933573189
AT1G30250,0.1142856575342647
AT1G30260,0.8080091776576072
AT1G30270,0.6144579757540337
AT1G30280,0.5539075854937702
AT1G30282,0.3053768350915582
AT1G30290,0.3179962542629394
AT1G30300,0.6156287004098661
AT1G30320,0.33788275210838675
AT1G30330,0.5284443198061362
AT1G30350,0.1022361431632837
AT1G30360,1.1476921052625002
AT1G30370,0.37152051363730243
AT1G30380,0.7611330883483856
AT1G30400,0.5938775798816925
AT1G30410,0.3466487044019495
AT1G30420,0.301605616815817
AT1G30440,0.507961322481754
AT1G30450,0.40445647667771634
AT1G30455,0.1337246708868125
AT1G30460,0.33111395799056603
AT1G30470,0.29110978381669594
AT1G30473,0.1403406201114919
AT1G30475,0.512105075184568
AT1G30480,0.2839438438427509
AT1G30490,0.546583878553448
AT1G30500,0.4105950909994777
AT1G30510,1.32111473527286
AT1G30515,1.0759314752805689
AT1G30520,0.3284691314300388
AT1G30530,0.8678752172559284
AT1G30540,0.4721613941963302
AT1G30545,0.5756015390869226
AT1G30550,0.8897836562879217
AT1G30560,0.1883873593710903
AT1G30570,0.3483142539617229
AT1G30580,0.7374348806707935
AT1G30590,0.9828636721067622
AT1G30600,0.39607798113284665
AT1G30610,0.2608739868411512
AT1G30620,0.2862712554206382
AT1G30630,1.0503652308944256
AT1G30640,0.397964422927086
AT1G30650,0.4995920075085346
AT1G30660,0.22998711553941759
AT1G30670,0.1022361431632837
AT1G30680,0.5022036842118844
AT1G30690,0.6455380064686662
AT1G30700,0.7763023571868517
AT1G30710,0.1019935489625394
AT1G30720,0.4218157189182909
AT1G30730,0.41221881763704293
AT1G30740,0.1022361431632837
AT1G30750,1.4148511550851048
AT1G30755,0.3176179255712036
AT1G30757,0.30669577130155545
AT1G30760,0.5721523563365768
AT1G30780,0.1121301315390657
AT1G30790,0.1022361431632837
AT1G30795,0.1022361431632837
AT1G30800,0.10075254141967468
AT1G30810,0.368534207495004
AT1G30814,0.1072622191866025
AT1G30820,0.5847588384441074
AT1G30825,0.4514652669267353
AT1G30840,1.4576350237865898
AT1G30845,0.46091712263649826
AT1G30850,0.24314143550065742
AT1G30860,0.4216838837517075
AT1G30870,0.8426682162280057
AT1G30880,0.7080130929604622
AT1G30890,0.6610804485242376
AT1G30900,0.5845689131261268
AT1G30910,0.44821291030668076
AT1G30920,0.223291975819824
AT1G30925,0.1022361431632837
AT1G30930,0.1354028262732443
AT1G30950,0.1022361431632837
AT1G30960,0.454945571928156
AT1G30970,0.5065815780170079
AT1G30972,0.1177857908783752
AT1G30974,0.1022361431632837
AT1G30990,1.1267108541761304
AT1G31000,0.1022361431632837
AT1G31010,0.42767790317510657
AT1G31020,0.4328822622886197
AT1G31040,0.2668077303007284
AT1G31050,0.6917727855387779
AT1G31070,0.923220017977253
AT1G31080,0.2202458606726448
AT1G31090,0.1022361431632837
AT1G31095,0.1153133460708788
AT1G31110,0.1183397134698861
AT1G31120,0.468624954037977
AT1G31130,0.39212884487076183
AT1G31140,0.1022361431632837
AT1G31150,0.5610622584055196
AT1G31160,0.5163005112584398
AT1G31163,0.6115133853266798
AT1G31170,1.1988399330291961
AT1G31173,0.3828140871994225
AT1G31175,0.3474273634532806
AT1G31180,0.7230154755115736
AT1G31190,0.43574890552466
AT1G31200,0.7237181434632945
AT1G31220,0.28114899314092356
AT1G31230,0.48065615541921713
AT1G31240,0.2904446477547977
AT1G31243,0.1321415384422568
AT1G31250,0.1022361431632837
AT1G31255,0.1022361431632837
AT1G31258,0.2841158872768716
AT1G31260,0.1022361431632837
AT1G31270,0.1022361431632837
AT1G31280,0.5044970303502949
AT1G31290,0.13735115884182092
AT1G31300,0.5320817983573067
AT1G31310,0.2090919043212672
AT1G31320,0.9155353531100467
AT1G31330,0.8788858289977605
AT1G31335,1.0024332132306748
AT1G31340,0.9801891515908951
AT1G31350,0.48459701438199754
AT1G31358,0.1022361431632837
AT1G31360,0.395882576574903
AT1G31370,0.1022361431632837
AT1G31380,0.1022361431632837
AT1G31390,0.1022361431632837
AT1G31400,0.13431249722377359
AT1G31410,0.2271129639222712
AT1G31420,0.6843101145794703
AT1G31430,0.2933253241718475
AT1G31440,0.6387897420248978
AT1G31450,0.1022361431632837
AT1G31460,0.45035529207796826
AT1G31470,0.4618102262856823
AT1G31480,0.4391753900837937
AT1G31485,0.15098899230491641
AT1G31490,0.307354028405905
AT1G31500,0.5958725881986483
AT1G31510,0.1022361431632837
AT1G31520,0.1022361431632837
AT1G31530,0.1022361431632837
AT1G31540,0.5305511924905837
AT1G31550,0.4608558786399905
AT1G31555,0.1022361431632837
AT1G31580,0.5424036251983805
AT1G31600,1.1283870257548636
AT1G31620,0.1022361431632837
AT1G31630,0.1022361431632837
AT1G31640,0.11658766999475931
AT1G31650,0.31510852680991325
AT1G31660,0.8880078457313251
AT1G31670,0.510394421284275
AT1G31690,0.1022361431632837
AT1G31710,0.6870458396077483
AT1G31720,0.31228918922663373
AT1G31730,0.6267165724340419
AT1G31740,0.1080655615518996
AT1G31750,0.3979319269618909
AT1G31760,0.5315508148057584
AT1G31770,0.9781556322276823
AT1G31772,0.3907390283039418
AT1G31780,0.5446265662047485
AT1G31790,0.2854141832701955
AT1G31800,0.5848959220386747
AT1G31810,0.2783198882608616
AT1G31812,0.9295560405754144
AT1G31814,0.3802530415677774
AT1G31817,0.7506284375627152
AT1G31820,0.2621738267753538
AT1G31830,0.6494884313307492
AT1G31835,0.4690857403247816
AT1G31840,0.2596763231087196
AT1G31850,0.5508952791777442
AT1G31860,0.6729489714291634
AT1G31870,0.3288017941568663
AT1G31880,0.38209649900070985
AT1G31885,1.3036726586453697
AT1G31910,0.7587741049054508
AT1G31920,0.1022361431632837
AT1G31930,0.5382909799878308
AT1G31935,0.6972058599420459
AT1G31940,0.575742053214495
AT1G31950,0.9989418168053408
AT1G31960,0.1022361431632837
AT1G31970,0.9329306216610969
AT1G31990,0.2742733160342016
AT1G32000,0.1019935489625394
AT1G32010,0.1022361431632837
AT1G32020,0.1022361431632837
AT1G32030,0.1022361431632837
AT1G32050,0.7720203446638285
AT1G32060,0.6128074714889398
AT1G32070,0.4278422929427542
AT1G32080,0.3727521871099859
AT1G32090,0.38908854156337347
AT1G32100,0.6922765529597742
AT1G32120,0.2029119846636892
AT1G32127,0.5252028924496355
AT1G32130,0.6645834045858681
AT1G32140,0.1022361431632837
AT1G32150,0.21420852644834182
AT1G32160,0.3282076747363939
AT1G32170,0.6617689367044364
AT1G32172,0.1605221285437786
AT1G32180,0.2115325786299611
AT1G32190,0.4509871615637926
AT1G32200,0.43805585284176884
AT1G32210,0.6704074020700608
AT1G32220,0.2774074570080007
AT1G32225,0.1022361431632837
AT1G32230,0.4541375488584276
AT1G32240,0.482898034608184
AT1G32250,0.1022361431632837
AT1G32260,0.5357045717080325
AT1G32270,0.3240910599655369
AT1G32280,0.1022361431632837
AT1G32300,0.1022361431632837
AT1G32310,0.4939377099878839
AT1G32320,0.1022361431632837
AT1G32330,0.292065906102947
AT1G32337,0.1022361431632837
AT1G32340,0.32213727327827435
AT1G32350,0.2621905477104221
AT1G32360,0.4028370387952682
AT1G32361,0.1022361431632837
AT1G32370,0.3701157798418475
AT1G32375,0.18205381356241299
AT1G32380,1.1339504941517675
AT1G32385,0.2455984967225273
AT1G32400,0.5752198105462054
AT1G32410,0.667028473646493
AT1G32415,0.310281145453398
AT1G32420,0.1022361431632837
AT1G32430,0.1022361431632837
AT1G32440,0.47781283080637327
AT1G32450,1.0902577272154512
AT1G32460,0.9309257061264034
AT1G32470,0.785824756250618
AT1G32480,0.1022361431632837
AT1G32490,0.4573900328102585
AT1G32500,0.3123931612053511
AT1G32510,0.2860804572179279
AT1G32520,0.2799455486679316
AT1G32530,0.3613752874540291
AT1G32540,0.4205265557162195
AT1G32550,0.33132397126635627
AT1G32560,1.9181909636627754
AT1G32570,0.11820929301105358
AT1G32575,0.1195463937290352
AT1G32580,0.9878001022374394
AT1G32582,0.10075254141967468
AT1G32583,0.3816464982046806
AT1G32585,0.1022361431632837
AT1G32600,0.1022361431632837
AT1G32610,0.39241197836874164
AT1G32630,0.8112549787023607
AT1G32640,0.7732052293377416
AT1G32650,0.1022361431632837
AT1G32660,0.1022361431632837
AT1G32690,0.5997198301588724
AT1G32700,1.5050200989045608
AT1G32710,0.5269126771496893
AT1G32713,0.6303644160793299
AT1G32720,0.1022361431632837
AT1G32730,0.33885413216386073
AT1G32740,0.4785381178025645
AT1G32750,0.6018249121093084
AT1G32760,0.332426684881376
AT1G32763,0.1022361431632837
AT1G32770,0.1085951291194817
AT1G32780,0.2029489331241276
AT1G32790,0.5594787108787334
AT1G32810,0.5739024350705677
AT1G32850,0.1320238085056078
AT1G32860,0.339843100211249
AT1G32870,0.3392542633354656
AT1G32880,0.11233179852194759
AT1G32900,0.2838879731018835
AT1G32910,0.1019935489625394
AT1G32920,0.814391748619494
AT1G32928,0.4460221800021463
AT1G32930,0.34709856931171945
AT1G32940,0.29594395093031856
AT1G32950,0.26834075942102253
AT1G32960,0.2597495218005881
AT1G32970,0.1961012637297754
AT1G32975,0.1022361431632837
AT1G32980,0.1022361431632837
AT1G32990,0.3236085081941421
AT1G32992,0.1022361431632837
AT1G33010,0.1022361431632837
AT1G33020,0.1022361431632837
AT1G33030,0.2549446495195779
AT1G33040,0.6124617472249945
AT1G33050,0.644410150209918
AT1G33055,1.7300631586765638
AT1G33060,0.3716543972595051
AT1G33070,0.1022361431632837
AT1G33080,0.5076965755142738
AT1G33090,0.3166836554047744
AT1G33100,0.2713588921223815
AT1G33102,0.2961100774703555
AT1G33110,0.4162755809407099
AT1G33120,0.71254629185476
AT1G33140,0.8059102536625096
AT1G33170,0.9139933622383403
AT1G33220,0.1022361431632837
AT1G33230,0.6067191304452102
AT1G33240,0.5396122653286024
AT1G33250,0.41674343905101274
AT1G33260,0.4269181802604824
AT1G33265,0.5119301854998441
AT1G33270,0.46754063381784267
AT1G33280,0.37668456570826514
AT1G33290,0.34573469737427986
AT1G33320,0.43844722778027523
AT1G33330,0.43030899789058563
AT1G33340,0.3287736893004051
AT1G33350,0.48429329507670144
AT1G33355,0.1022361431632837
AT1G33360,0.636652317735142
AT1G33370,0.1019935489625394
AT1G33390,0.4160250453751677
AT1G33400,0.2876806807453093
AT1G33410,0.3373583022454787
AT1G33415,0.37695960301523873
AT1G33420,0.4326172822435184
AT1G33430,0.1016524999438922
AT1G33440,0.5620640340074002
AT1G33470,1.0607154391627682
AT1G33475,0.3197096216703438
AT1G33480,0.36393376347345746
AT1G33490,0.49507190138246215
AT1G33500,0.3656967663713586
AT1G33520,0.41904821004377013
AT1G33530,0.1022361431632837
AT1G33540,0.5044131065328831
AT1G33560,0.44259403218818555
AT1G33590,0.6940300674438153
AT1G33600,0.30668176357340626
AT1G33607,0.1022361431632837
AT1G33610,0.3758826455528848
AT1G33612,0.42464193539058204
AT1G33615,0.33915754495292105
AT1G33640,0.10620916966549361
AT1G33670,0.6526771205706281
AT1G33680,0.7846139683066794
AT1G33700,0.5293785638133501
AT1G33710,0.1022361431632837
AT1G33720,0.787083039099524
AT1G33730,0.1022361431632837
AT1G33750,0.6934188828754762
AT1G33760,0.1022361431632837
AT1G33770,0.11644802125892549
AT1G33780,0.3961079904389325
AT1G33790,0.8093598010836063
AT1G33800,0.7372803639250882
AT1G33810,0.6235705380106809
AT1G33811,0.1022361431632837
AT1G33820,0.1022361431632837
AT1G33830,0.1022361431632837
AT1G33840,0.315601596326259
AT1G33850,0.1022361431632837
AT1G33860,0.2537688005539127
AT1G33870,0.1316887242186488
AT1G33880,0.1019935489625394
AT1G33890,0.2719469421750132
AT1G33900,0.1689894338111285
AT1G33910,0.2659996747542266
AT1G33920,0.1022361431632837
AT1G33930,0.1022361431632837
AT1G33940,0.1022361431632837
AT1G33945,0.1022361431632837
AT1G33950,0.1022361431632837
AT1G33960,0.27634426766281
AT1G33970,0.44523391453273276
AT1G33980,0.511330411015234
AT1G33990,0.5806901283677499
AT1G34000,0.6970737578827944
AT1G34010,0.5400479436980872
AT1G34015,0.1022361431632837
AT1G34020,0.6100448743469232
AT1G34030,0.7506426920094911
AT1G34040,0.8002619454039248
AT1G34042,0.1022361431632837
AT1G34046,0.1022361431632837
AT1G34047,1.9076829366128916
AT1G34049,0.1022361431632837
AT1G34050,0.3474572027470527
AT1G34060,0.2408339895691924
AT1G34065,0.35426143497657725
AT1G34070,0.1022361431632837
AT1G34095,0.1884548972799888
AT1G34110,0.6484198475464934
AT1G34120,0.2288391588606261
AT1G34130,0.48726347071352993
AT1G34140,0.1022361431632837
AT1G34150,0.42457412388070004
AT1G34160,0.3276056028958728
AT1G34170,0.1184885479613524
AT1G34180,0.6488841172876768
AT1G34190,0.48853711907149455
AT1G34200,0.345111924501018
AT1G34210,0.6240616283514804
AT1G34220,0.5323213362345626
AT1G34245,0.1022361431632837
AT1G34260,0.3922960404740922
AT1G34270,0.36456506157107377
AT1G34290,0.1022361431632837
AT1G34300,0.4792259426764576
AT1G34310,0.1022361431632837
AT1G34315,0.29519233300630954
AT1G34317,0.5092254488128937
AT1G34320,0.3615232005159775
AT1G34340,0.5687701367495489
AT1G34350,0.5323662069490158
AT1G34355,0.435605848959731
AT1G34360,0.40660776747337535
AT1G34370,0.4256292139205151
AT1G34380,0.27158011474746446
AT1G34390,0.1022361431632837
AT1G34392,0.1022361431632837
AT1G34400,0.1022361431632837
AT1G34403,0.1022361431632837
AT1G34410,0.1022361431632837
AT1G34418,0.5615816737388093
AT1G34420,0.28126136526837897
AT1G34430,0.7129712307109508
AT1G34440,0.4634611264229091
AT1G34460,0.37665993529397346
AT1G34470,0.5131109704403245
AT1G34480,0.3317168298803252
AT1G34490,0.1022361431632837
AT1G34500,0.1022361431632837
AT1G34510,0.5800793463704911
AT1G34520,0.46445166558827133
AT1G34540,0.448626578778656
AT1G34550,0.5790818226826406
AT1G34560,0.1016524999438922
AT1G34570,0.5747140479382368
AT1G34575,0.1022361431632837
AT1G34580,0.24714782357715048
AT1G34630,0.578926815203139
AT1G34640,0.7181212482728525
AT1G34650,0.1022361431632837
AT1G34670,0.9050808797653164
AT1G34750,0.47149542946194567
AT1G34760,0.4508236869880092
AT1G34770,0.48606029275094215
AT1G34780,0.23068122479482234
AT1G34790,0.1022361431632837
AT1G34792,0.1022361431632837
AT1G34795,0.1323613874769946
AT1G34800,0.1022361431632837
AT1G34807,0.1022361431632837
AT1G34810,0.1022361431632837
AT1G34812,0.1022361431632837
AT1G34825,0.1022361431632837
AT1G34830,0.1022361431632837
AT1G34840,0.1022361431632837
AT1G34844,0.5224239072909184
AT1G34855,0.1022361431632837
AT1G34860,0.1022361431632837
AT1G34910,0.1022361431632837
AT1G34930,0.1022361431632837
AT1G35030,0.1022361431632837
AT1G35035,0.1022361431632837
AT1G35040,0.1022361431632837
AT1G35140,0.5182538055565243
AT1G35150,0.1022361431632837
AT1G35160,0.7760738645559622
AT1G35170,0.2139205278881862
AT1G35180,0.2265099038425218
AT1G35181,0.1022361431632837
AT1G35183,0.1022361431632837
AT1G35190,0.5816997047618326
AT1G35210,0.5281168161858025
AT1G35215,0.1016524999438922
AT1G35220,0.3860509993953236
AT1G35230,0.33449116590410943
AT1G35240,0.2422966307876694
AT1G35242,0.1510995481890334
AT1G35250,1.1562935461590529
AT1G35255,0.4530000084741027
AT1G35260,1.1138526937668578
AT1G35290,0.4586947180369202
AT1G35310,0.5051493318029928
AT1G35320,0.9295931733233058
AT1G35330,0.4743085004202876
AT1G35340,0.504424092719562
AT1G35350,0.4036814281876953
AT1G35353,0.1022361431632837
AT1G35365,0.1022361431632837
AT1G35375,0.1022361431632837
AT1G35400,0.1022361431632837
AT1G35410,0.1022361431632837
AT1G35420,0.33444018184554103
AT1G35430,0.37518917469259555
AT1G35435,0.1022361431632837
AT1G35440,0.1022361431632837
AT1G35460,0.4191511839207134
AT1G35467,0.1022361431632837
AT1G35470,0.370518406340992
AT1G35490,0.1016524999438922
AT1G35500,0.1022361431632837
AT1G35501,0.1022361431632837
AT1G35510,0.3158667063722786
AT1G35515,0.6828743991322184
AT1G35516,1.283064447425502
AT1G35520,0.1022361431632837
AT1G35530,0.2626733853001605
AT1G35537,0.1022361431632837
AT1G35540,0.1022361431632837
AT1G35545,0.1095578827035264
AT1G35550,0.15764071166571259
AT1G35560,0.7273158234938438
AT1G35580,0.7130444732065997
AT1G35610,0.4922683711699066
AT1G35614,0.1022361431632837
AT1G35617,0.1584800542018865
AT1G35620,0.5160411203707955
AT1G35625,0.2255721713930351
AT1G35630,0.1022361431632837
AT1G35660,0.4280518198767837
AT1G35670,0.7778945303305037
AT1G35680,0.530845718149437
AT1G35710,0.4239647295091408
AT1G35720,1.0626320584575613
AT1G35730,0.1546692828515727
AT1G35750,0.1022361431632837
AT1G35780,0.6253399956790322
AT1G35820,0.1022361431632837
AT1G35830,0.36333824064427384
AT1G35850,0.1022361431632837
AT1G35860,0.1022361431632837
AT1G35880,0.1019935489625394
AT1G35890,0.1019935489625394
AT1G35895,0.1022361431632837
AT1G35910,0.410781952559783
AT1G36000,0.1022361431632837
AT1G36005,0.1022361431632837
AT1G36020,0.1022361431632837
AT1G36030,0.1022361431632837
AT1G36050,0.9147588632512049
AT1G36060,1.3286762364521332
AT1G36070,0.276252079356322
AT1G36078,0.1022361431632837
AT1G36085,0.1153225786579435
AT1G36095,0.1022361431632837
AT1G36100,0.1022361431632837
AT1G36150,0.1022361431632837
AT1G36160,0.5917979697803364
AT1G36180,0.4099112300799276
AT1G36230,0.1022361431632837
AT1G36240,0.10075254141967468
AT1G36272,0.1022361431632837
AT1G36280,0.3923673172862576
AT1G36310,0.6812586761027106
AT1G36320,0.3615834528109099
AT1G36325,0.1019935489625394
AT1G36340,0.14236339250144509
AT1G36350,0.1022361431632837
AT1G36370,0.5952727887710432
AT1G36380,0.5282674111205871
AT1G36390,0.4627875223402146
AT1G36510,0.1022361431632837
AT1G36580,0.2751526536316235
AT1G36622,0.3307002303818325
AT1G36623,0.1022361431632837
AT1G36627,0.1022361431632837
AT1G36640,0.5107736443988222
AT1G36675,0.1693700724859002
AT1G36730,0.6343354449276393
AT1G36745,0.1022361431632837
AT1G36756,0.1022361431632837
AT1G36920,0.1069396989151295
AT1G36922,0.1022361431632837
AT1G36925,0.1022361431632837
AT1G36940,0.32652976398310285
AT1G36942,0.1022361431632837
AT1G36950,0.1226664033014217
AT1G36960,0.1022361431632837
AT1G36970,0.1022361431632837
AT1G36980,0.6749242231148469
AT1G36990,0.4738660048106836
AT1G36992,0.1016524999438922
AT1G37000,0.1221899765168763
AT1G37010,0.1022361431632837
AT1G37020,0.2251198782384633
AT1G37113,0.1022361431632837
AT1G37130,0.8041868035517177
AT1G37140,0.1022361431632837
AT1G37150,0.45059412938942467
AT1G38065,0.4087098985285592
AT1G38131,0.6635195655247982
AT1G38790,0.1022361431632837
AT1G39060,0.1022361431632837
AT1G39070,0.1019935489625394
AT1G40083,0.1022361431632837
AT1G40086,0.1022361431632837
AT1G40087,0.1022361431632837
AT1G40090,0.1022361431632837
AT1G40104,0.1019935489625394
AT1G40129,0.1022361431632837
AT1G40390,0.1022361431632837
AT1G41820,0.1022361431632837
AT1G41830,0.6806266602031461
AT1G41880,0.7526473500336746
AT1G41920,0.1019935489625394
AT1G42080,0.1022361431632837
AT1G42120,0.1022361431632837
AT1G42190,0.1022361431632837
AT1G42430,0.35443613120399026
AT1G42440,0.58088844320105
AT1G42470,0.40613585533856805
AT1G42480,0.998180583481188
AT1G42525,0.1022361431632837
AT1G42540,0.4003783060009112
AT1G42550,0.47510276633991017
AT1G42560,0.1022361431632837
AT1G42615,0.1022361431632837
AT1G42680,0.1422285191962411
AT1G42700,0.1022361431632837
AT1G42710,0.1022361431632837
AT1G42960,0.6528998876466221
AT1G42970,0.8958708829869957
AT1G42980,0.1378754300791488
AT1G42990,0.5444289426302913
AT1G43000,0.2363539405500304
AT1G43005,0.1022361431632837
AT1G43010,0.3515074195024488
AT1G43020,0.5506158027582434
AT1G43040,0.343317329364763
AT1G43080,0.1022361431632837
AT1G43090,0.1022361431632837
AT1G43100,0.1022361431632837
AT1G43130,0.48531501867748683
AT1G43140,0.2608727779778683
AT1G43145,0.1022361431632837
AT1G43160,0.9045777473218234
AT1G43170,0.8067931164049651
AT1G43171,0.1022361431632837
AT1G43190,0.7070248785390052
AT1G43245,0.3034602530435327
AT1G43260,0.1016524999438922
AT1G43310,0.1022361431632837
AT1G43320,0.1022361431632837
AT1G43330,0.1022361431632837
AT1G43415,0.1022361431632837
AT1G43560,0.43897488325055534
AT1G43580,0.5762157240771317
AT1G43600,0.1022361431632837
AT1G43605,0.7678168717476936
AT1G43610,0.1022361431632837
AT1G43620,0.33410457267940863
AT1G43630,0.1022361431632837
AT1G43640,0.10874081307865609
AT1G43650,0.7885078693746557
AT1G43665,0.1022361431632837
AT1G43666,0.1022361431632837
AT1G43667,0.1022361431632837
AT1G43670,0.9979513708907124
AT1G43680,0.1022361431632837
AT1G43690,0.3789267293380929
AT1G43700,0.48064510165488283
AT1G43710,0.8285463452161679
AT1G43720,0.1022361431632837
AT1G43722,0.1022361431632837
AT1G43730,0.1022361431632837
AT1G43760,0.1022361431632837
AT1G43765,0.494545714730716
AT1G43770,0.2561453404721332
AT1G43780,0.1022361431632837
AT1G43790,1.1364842089046112
AT1G43800,1.762796091579028
AT1G43810,0.1019935489625394
AT1G43815,0.10134379978257319
AT1G43820,0.1062374597687442
AT1G43825,0.1022361431632837
AT1G43850,0.314292874214856
AT1G43860,0.5448403255804051
AT1G43890,0.5642471846943429
AT1G43900,0.4184002038665354
AT1G43910,0.5902156719578809
AT1G43950,0.1022361431632837
AT1G43970,0.1022361431632837
AT1G43980,0.2964150826181533
AT1G44000,0.5643839152029905
AT1G44010,0.631658588562125
AT1G44020,0.3284242864941468
AT1G44030,0.371902066133015
AT1G44050,0.601219017535582
AT1G44080,0.1022361431632837
AT1G44085,0.1022361431632837
AT1G44090,0.1213839512002126
AT1G44100,0.5942395232360285
AT1G44110,0.3901782799635778
AT1G44120,0.235164555119287
AT1G44125,0.27085564526972167
AT1G44130,0.14624878461779378
AT1G44160,0.4564336627142427
AT1G44170,0.9077819821757197
AT1G44180,0.43312488018469897
AT1G44191,0.1241705423150592
AT1G44224,0.1022361431632837
AT1G44318,0.3543990859087161
AT1G44350,0.2163373114126073
AT1G44414,0.2957108447606851
AT1G44446,0.4650615085073381
AT1G44478,0.1022361431632837
AT1G44542,0.1779946132810714
AT1G44575,0.7048649525869174
AT1G44608,0.5826718180678658
AT1G44740,0.5067321427826232
AT1G44750,0.4773400437899279
AT1G44760,0.715942499568662
AT1G44770,0.5219058745648599
AT1G44780,0.562759671464021
AT1G44790,0.5363284408535769
AT1G44800,1.3100719719046179
AT1G44810,0.9040767729936008
AT1G44820,0.5954574485601829
AT1G44830,0.33067576097418605
AT1G44835,0.5791901317751209
AT1G44890,0.26827386721187163
AT1G44895,0.1022361431632837
AT1G44900,0.5343569584141539
AT1G44910,0.4804421382153745
AT1G44920,0.3661076733211408
AT1G44940,0.1022361431632837
AT1G44941,0.1022361431632837
AT1G44960,0.4141489458185299
AT1G44970,0.6570279011457811
AT1G44980,0.1022361431632837
AT1G44990,0.1022361431632837
AT1G45000,0.9359846879021576
AT1G45010,0.2619976250660102
AT1G45015,1.413008720880533
AT1G45050,0.5147885282656761
AT1G45063,0.12197470164270989
AT1G45100,0.1022361431632837
AT1G45110,0.3748369850910947
AT1G45130,0.7823304588640969
AT1G45145,0.9846267591605011
AT1G45150,0.44793341526805686
AT1G45160,0.6940104713445188
AT1G45163,0.2686467624064913
AT1G45165,0.44313940599574675
AT1G45170,0.43070634380285766
AT1G45180,0.35628462957634355
AT1G45190,0.1022361431632837
AT1G45191,0.8799789770884833
AT1G45201,1.2900109565597813
AT1G45207,0.4485507648353387
AT1G45215,0.1022361431632837
AT1G45221,0.1022361431632837
AT1G45223,0.1022361431632837
AT1G45229,0.30048197037854796
AT1G45230,0.4077817584089514
AT1G45231,0.4553489106265372
AT1G45233,0.43381763488123554
AT1G45243,0.1022361431632837
AT1G45248,0.292537048875653
AT1G45249,0.5436797726310103
AT1G45332,0.39502142341746993
AT1G45403,0.1022361431632837
AT1G45474,0.504438977575229
AT1G45545,0.2421780743465476
AT1G45616,0.1920346631608303
AT1G45688,0.6770833912292668
AT1G45976,0.4316850426087575
AT1G46264,0.5920818088551163
AT1G46336,0.1022361431632837
AT1G46408,0.1022361431632837
AT1G46480,1.1311037201535712
AT1G46554,0.7588750134440752
AT1G46696,0.1022361431632837
AT1G46768,0.4398150459051242
AT1G46840,0.1022361431632837
AT1G46912,0.1022361431632837
AT1G46984,0.1022361431632837
AT1G47056,0.27585582881454596
AT1G47128,0.8611106449545218
AT1G47130,0.2599374676199735
AT1G47200,0.5005049629897576
AT1G47210,0.8387433807981911
AT1G47220,0.1022361431632837
AT1G47230,0.4267390894275845
AT1G47240,0.42762904997110096
AT1G47250,0.4913773661020191
AT1G47260,0.8842438359597202
AT1G47265,0.1813015275141731
AT1G47270,0.3286634257904048
AT1G47271,0.3475693582023515
AT1G47278,0.8928139172063017
AT1G47280,0.1223082601206329
AT1G47290,0.6590116116663295
AT1G47300,0.1022361431632837
AT1G47310,0.5698928609577627
AT1G47317,0.3072782234222512
AT1G47330,0.4150564790642753
AT1G47340,0.520082428030985
AT1G47350,0.1022361431632837
AT1G47370,0.1500096110180838
AT1G47380,0.46101865944131326
AT1G47389,0.1022361431632837
AT1G47390,0.1022361431632837
AT1G47395,0.8899226932274088
AT1G47400,1.1714658846467512
AT1G47410,0.7656256324137922
AT1G47420,0.7158245939029819
AT1G47450,0.1022361431632837
AT1G47470,0.1022361431632837
AT1G47480,0.4889798321592155
AT1G47485,0.1022361431632837
AT1G47490,0.7726680560922136
AT1G47495,0.1022361431632837
AT1G47497,0.12221567221082119
AT1G47500,0.7814587289557752
AT1G47510,0.4508290427107176
AT1G47530,0.5739633630949019
AT1G47540,0.1256728870799827
AT1G47550,0.5259948571474876
AT1G47560,0.2747896081698767
AT1G47570,1.5888334964580033
AT1G47578,0.3763562215510722
AT1G47580,0.3696896668057754
AT1G47600,0.4656445927063561
AT1G47603,0.3634473674052661
AT1G47610,0.28672118481836073
AT1G47620,0.3902345985714341
AT1G47640,0.5907208090409082
AT1G47655,0.2673717405332678
AT1G47657,0.1022361431632837
AT1G47660,0.1022361431632837
AT1G47670,0.8174411717702861
AT1G47680,0.1022361431632837
AT1G47690,0.1220349627026663
AT1G47695,0.1439591102581985
AT1G47700,0.12779873685599258
AT1G47710,0.510866377844715
AT1G47720,0.5517453394847055
AT1G47730,0.1022361431632837
AT1G47740,0.6173057291928183
AT1G47750,0.40324870810502855
AT1G47760,0.5500666998796586
AT1G47765,0.1022361431632837
AT1G47770,0.1019935489625394
AT1G47780,0.1022361431632837
AT1G47786,0.2182015142532529
AT1G47790,0.34641083086297053
AT1G47800,0.1022361431632837
AT1G47810,0.1022361431632837
AT1G47813,0.1022361431632837
AT1G47820,0.6486428044902997
AT1G47830,0.7206383606862721
AT1G47840,0.4252155133676059
AT1G47845,0.1019935489625394
AT1G47870,0.4579644135758021
AT1G47885,0.1022361431632837
AT1G47890,0.1483244032731684
AT1G47900,0.5990208078736581
AT1G47915,0.1216170946213189
AT1G47920,0.2461351085983381
AT1G47940,0.1022361431632837
AT1G47960,1.2031061961436016
AT1G47970,0.49518805942390287
AT1G47980,0.7414731342458784
AT1G47990,0.22726028525463632
AT1G48000,0.2966473954758158
AT1G48010,0.1022361431632837
AT1G48020,0.1077609618975061
AT1G48030,0.5276113072070556
AT1G48040,0.3082238175428713
AT1G48050,0.2708465789504205
AT1G48060,0.10134379978257319
AT1G48070,0.8892480175100986
AT1G48090,0.8244369253573308
AT1G48095,0.1022361431632837
AT1G48100,0.3469042513386597
AT1G48110,0.593047941497867
AT1G48120,0.3469603047733918
AT1G48130,2.506602832353484
AT1G48140,0.6345460773546479
AT1G48145,0.1022361431632837
AT1G48150,0.1022361431632837
AT1G48160,1.1136191779987545
AT1G48170,0.5363787922951291
AT1G48175,0.648668765270802
AT1G48180,0.3265609800719814
AT1G48190,0.1022361431632837
AT1G48195,0.1141688304783439
AT1G48200,0.5708776270643345
AT1G48210,0.5394002231425158
AT1G48220,0.1252783918182751
AT1G48230,0.6787213737889228
AT1G48240,0.6053345467489736
AT1G48260,0.38136025252024297
AT1G48267,0.47164741031698865
AT1G48270,0.2727496609229638
AT1G48280,0.4572898531820941
AT1G48285,0.1022361431632837
AT1G48300,0.6635163571095333
AT1G48310,0.308752361181271
AT1G48315,0.3762360102848621
AT1G48320,0.5446955519092325
AT1G48325,0.4046606159779726
AT1G48330,0.4818687006333318
AT1G48350,0.6229908242890159
AT1G48355,0.1087354361317326
AT1G48360,0.3127327028877686
AT1G48370,0.5094513414703032
AT1G48380,0.5421311341631281
AT1G48390,0.3184411635762127
AT1G48400,0.2316097820992178
AT1G48405,0.1461326082183117
AT1G48410,0.6841426234680021
AT1G48420,0.7856604102634264
AT1G48430,0.5849777811784731
AT1G48440,0.817620440415745
AT1G48450,0.4782793919822488
AT1G48460,0.43869229718456365
AT1G48470,0.6621387981713773
AT1G48480,0.4036448683929673
AT1G48490,0.4747612726956355
AT1G48500,0.5483577896169863
AT1G48510,0.7256469914985897
AT1G48520,0.3573440675053057
AT1G48530,0.1022361431632837
AT1G48540,0.406006027258976
AT1G48550,0.4781589647197025
AT1G48560,0.4405584324892086
AT1G48570,0.544391405893985
AT1G48580,0.2872681165110648
AT1G48590,0.14423441845141
AT1G48600,1.0489245116987003
AT1G48605,0.4629985882122347
AT1G48610,0.4339216478936062
AT1G48620,0.4275360091561553
AT1G48630,0.7234147798654984
AT1G48635,0.6613480193062169
AT1G48640,0.2760241203777018
AT1G48650,0.46879320717924133
AT1G48660,0.31237893664556027
AT1G48670,0.3498941853512002
AT1G48690,0.9626486480946134
AT1G48698,0.3457317577099392
AT1G48700,0.1741856929792414
AT1G48720,0.21491654921801379
AT1G48725,0.1022361431632837
AT1G48730,0.1022361431632837
AT1G48740,0.3109751683703914
AT1G48742,0.1022361431632837
AT1G48745,0.7867168908257816
AT1G48750,1.269016905480925
AT1G48760,0.9180841625190298
AT1G48770,0.3705698702301773
AT1G48780,0.3865374217368357
AT1G48790,0.6192639784235658
AT1G48800,0.8701250690498941
AT1G48820,0.337225165756056
AT1G48830,0.6170168491105574
AT1G48840,0.4113158963497301
AT1G48850,1.158420823181315
AT1G48860,0.4838711187657423
AT1G48870,0.3478063913401156
AT1G48880,0.23811776471365728
AT1G48900,0.495290631419509
AT1G48910,0.1022361431632837
AT1G48912,0.1022361431632837
AT1G48920,0.8653357688009282
AT1G48930,0.5543011221465844
AT1G48940,0.1022361431632837
AT1G48950,0.6294322605157947
AT1G48953,0.2472677988104227
AT1G48960,0.5091762572972695
AT1G48970,0.318155262299053
AT1G48980,0.1022361431632837
AT1G48990,1.0171864799957588
AT1G49000,0.2472485036665842
AT1G49005,0.3952081441150755
AT1G49010,0.2081477617560385
AT1G49015,0.1022361431632837
AT1G49030,0.49306274725261123
AT1G49032,1.149985458873337
AT1G49040,0.5532819140116996
AT1G49050,0.4132282827982226
AT1G49100,0.2426463125652553
AT1G49110,0.19474587701471102
AT1G49120,0.1022361431632837
AT1G49130,0.1276578823078447
AT1G49140,0.6075948656024188
AT1G49150,0.1022361431632837
AT1G49160,0.36931637499284786
AT1G49170,0.3997248826245024
AT1G49180,0.41853534953061666
AT1G49190,0.1022361431632837
AT1G49200,0.4371377417600175
AT1G49205,0.1527701853813706
AT1G49210,0.151299660503245
AT1G49220,0.193443017683967
AT1G49225,0.2937506826235987
AT1G49230,0.349531035350229
AT1G49240,0.9951127400228943
AT1G49245,0.5688151201520236
AT1G49250,0.1209725780600446
AT1G49260,0.1022361431632837
AT1G49270,0.1022361431632837
AT1G49280,0.16469404873527088
AT1G49290,0.1022361431632837
AT1G49300,0.8166283061449102
AT1G49310,1.215788831366993
AT1G49320,0.5922045118720449
AT1G49330,0.1016524999438922
AT1G49340,0.7241864146891792
AT1G49350,0.2713092042146601
AT1G49360,0.3702394215168306
AT1G49380,0.2921022381051454
AT1G49390,0.3386123167695534
AT1G49400,0.6474436931983025
AT1G49405,0.259195448401483
AT1G49410,0.6093448412741647
AT1G49420,0.1022361431632837
AT1G49430,0.6332637213509247
AT1G49435,0.1022361431632837
AT1G49450,0.4200038314724779
AT1G49460,0.1022361431632837
AT1G49470,1.0098319145326937
AT1G49475,0.4372013531736682
AT1G49480,0.5182494802067088
AT1G49490,0.2746806160235362
AT1G49500,0.9979590204097455
AT1G49510,0.5520423014315964
AT1G49520,0.2583837482654858
AT1G49530,0.18091172426029478
AT1G49540,0.4123853047317644
AT1G49560,0.5410110154288914
AT1G49570,0.7352750608890223
AT1G49580,0.5437458325899464
AT1G49590,0.44080187972951346
AT1G49600,0.6210685336356963
AT1G49610,0.1463921878826202
AT1G49620,0.3047875358580324
AT1G49630,0.6078775517766678
AT1G49640,0.1564528435763318
AT1G49650,0.2852767697456624
AT1G49660,0.7650369745962493
AT1G49670,0.6518803245084086
AT1G49680,0.1022361431632837
AT1G49690,0.1022361431632837
AT1G49700,0.4507695667140171
AT1G49710,0.35446233554095075
AT1G49715,0.1019935489625394
AT1G49720,0.4821429942076761
AT1G49730,0.3202585089684596
AT1G49740,0.6256453026942458
AT1G49750,0.4337674858057121
AT1G49760,0.6702210492104306
AT1G49770,0.1022361431632837
AT1G49780,0.2571684568053472
AT1G49790,0.1642870330783617
AT1G49800,0.1022361431632837
AT1G49810,0.1022361431632837
AT1G49820,0.841040331387781
AT1G49830,0.1019935489625394
AT1G49832,0.45059778856189214
AT1G49840,0.24256525380256683
AT1G49850,0.46020322963685745
AT1G49860,1.523717960720559
AT1G49870,0.6238126396755385
AT1G49880,0.3876987920720036
AT1G49890,0.41495629157677444
AT1G49900,0.1977052142649946
AT1G49910,0.49570246648654526
AT1G49920,0.2525259196068893
AT1G49930,0.1022361431632837
AT1G49938,0.1129691529380257
AT1G49940,0.1947795962428929
AT1G49950,0.6138493831587062
AT1G49952,0.13521840262125148
AT1G49960,0.9909924265334685
AT1G49970,0.6895019124561572
AT1G49975,0.3266326156984588
AT1G49980,0.5788783774148306
AT1G49990,0.2490703701513227
AT1G50000,0.23954996826348807
AT1G50010,0.6854986413119075
AT1G50020,0.8138790450383085
AT1G50030,0.4896674452404245
AT1G50040,0.22722316978134388
AT1G50050,0.1720416854005352
AT1G50055,0.6645754569948337
AT1G50060,1.2808406936282304
AT1G50070,0.1019935489625394
AT1G50080,0.1019935489625394
AT1G50090,0.201257186233849
AT1G50110,0.9016613675147358
AT1G50120,0.6187488216902028
AT1G50140,0.4608600809525101
AT1G50160,0.1022361431632837
AT1G50170,0.3290843022281926
AT1G50180,0.3457058693811802
AT1G50190,0.11212424624390739
AT1G50200,0.7278792006230487
AT1G50220,0.1022361431632837
AT1G50240,0.3889858607232879
AT1G50250,0.48322788186091775
AT1G50260,0.48522341081379755
AT1G50270,0.29585895546738894
AT1G50280,0.2117250544408934
AT1G50290,3.187481234667548
AT1G50300,0.2950151206119076
AT1G50310,0.2503440176138248
AT1G50320,0.5329121312580956
AT1G50325,0.1120514621462751
AT1G50340,0.1022361431632837
AT1G50350,0.1433992582783892
AT1G50360,0.3455122956203709
AT1G50370,0.592285227926747
AT1G50380,0.6058091828140996
AT1G50390,0.402003860854864
AT1G50400,0.2959704192849186
AT1G50410,0.5240671292006971
AT1G50420,0.4489527710245147
AT1G50430,0.7815056470055299
AT1G50440,0.44237612524684305
AT1G50450,0.3969057393607847
AT1G50460,0.2851837716937648
AT1G50470,0.1022361431632837
AT1G50480,0.5599965478923143
AT1G50490,0.6697928708658933
AT1G50500,0.4088230305586801
AT1G50510,0.5198027502745444
AT1G50520,0.8218613262874962
AT1G50530,0.1022361431632837
AT1G50560,0.741251162237607
AT1G50570,0.6636082697920929
AT1G50575,0.6079725163040323
AT1G50580,0.29832913465905486
AT1G50590,0.47078614831201193
AT1G50600,0.43752591738233704
AT1G50610,0.1019935489625394
AT1G50620,0.3755159747302508
AT1G50630,0.9155176637916647
AT1G50640,0.7318951627809405
AT1G50650,0.1022361431632837
AT1G50659,0.1188358190110792
AT1G50660,0.7053759409576601
AT1G50670,0.9578148487667446
AT1G50680,0.1022361431632837
AT1G50690,0.1022361431632837
AT1G50700,0.2362402134558753
AT1G50710,0.8007067329536838
AT1G50720,0.6175935727842965
AT1G50730,0.4140257433217648
AT1G50732,0.16400272835198537
AT1G50740,0.7628447764396262
AT1G50745,0.31728232052826344
AT1G50750,0.3045925278143246
AT1G50760,0.1022361431632837
AT1G50770,0.1022361431632837
AT1G50780,0.39209659600324975
AT1G50790,0.3121023399716545
AT1G50820,0.1022361431632837
AT1G50830,0.1019935489625394
AT1G50840,0.3173713491882456
AT1G50870,0.1022361431632837
AT1G50880,0.1022361431632837
AT1G50890,0.3334114441754118
AT1G50900,0.4198872122021954
AT1G50910,0.4233998017631746
AT1G50920,1.0029968935137488
AT1G50930,0.8787874979027859
AT1G50940,0.4081346414253958
AT1G50950,0.3537513572523677
AT1G50960,0.2297359965409374
AT1G50970,0.3446577333637869
AT1G50980,0.1022361431632837
AT1G50990,0.1022361431632837
AT1G51000,0.1831791562097822
AT1G51010,0.1661455472801198
AT1G51020,0.2458904347689807
AT1G51030,0.2507047270122021
AT1G51035,0.5287948728832614
AT1G51040,0.1022361431632837
AT1G51055,0.2049455123757111
AT1G51060,0.706821737163716
AT1G51070,1.0596730886047452
AT1G51080,0.321441486847923
AT1G51090,0.2189704615809798
AT1G51100,0.41724051617890356
AT1G51110,0.32736864548131506
AT1G51120,0.1022361431632837
AT1G51130,0.2171462742299905
AT1G51140,0.3892625974984935
AT1G51150,0.1022361431632837
AT1G51160,0.4055694258373974
AT1G51170,0.4156591424458943
AT1G51172,0.1022361431632837
AT1G51190,0.28658064213738477
AT1G51200,0.7145460419808733
AT1G51210,0.1022361431632837
AT1G51220,0.1513324468125295
AT1G51230,0.1022361431632837
AT1G51240,0.1022361431632837
AT1G51250,0.1022361431632837
AT1G51260,0.2923842972539432
AT1G51270,0.38812138908545357
AT1G51290,0.1022361431632837
AT1G51300,0.1022361431632837
AT1G51310,0.3486117797057383
AT1G51320,0.1022361431632837
AT1G51330,0.2519520596652592
AT1G51340,0.864887876358855
AT1G51350,0.4118418550398389
AT1G51355,0.5964896145470545
AT1G51360,0.3197593831237401
AT1G51370,0.2613986082460895
AT1G51380,0.460932316218093
AT1G51390,0.5306006165776183
AT1G51400,0.5085979697354057
AT1G51402,0.1191582076746418
AT1G51405,0.23374934613269982
AT1G51410,0.43973179933885287
AT1G51420,0.4560980188357219
AT1G51430,0.48540304099883896
AT1G51440,0.3767643145867834
AT1G51450,0.3146220536247034
AT1G51460,0.23193798491102502
AT1G51470,0.5946105105771415
AT1G51480,0.31356888399545957
AT1G51490,0.126108967234425
AT1G51500,0.4295264190760626
AT1G51510,0.5284782606253704
AT1G51520,0.3146331603544572
AT1G51530,0.1148914998141488
AT1G51538,0.1817318276759155
AT1G51540,0.5873335281268715
AT1G51550,0.3449822930093484
AT1G51560,0.5708913990951503
AT1G51570,0.573143062130536
AT1G51580,0.3444995397842302
AT1G51590,0.4965076424031746
AT1G51600,0.3416705353560281
AT1G51610,0.342103563824326
AT1G51620,0.4579965636773457
AT1G51630,0.9135788749896612
AT1G51640,0.4510769416754803
AT1G51645,0.4668528597444475
AT1G51650,0.7984773947713357
AT1G51660,0.2856658892804182
AT1G51670,0.4057591010407975
AT1G51680,0.9851549368216912
AT1G51690,0.6589932635299343
AT1G51700,0.2900721177222224
AT1G51710,0.6601768809137305
AT1G51720,0.3801871398132216
AT1G51730,0.5929269804357891
AT1G51740,0.5863041977004819
AT1G51745,0.26983360475506357
AT1G51760,0.5715410981221823
AT1G51770,0.3212161510068059
AT1G51780,0.1019935489625394
AT1G51790,0.4044346666584185
AT1G51800,0.38464128782833384
AT1G51805,0.1749122657667228
AT1G51810,0.1098756470376349
AT1G51820,0.24048210875768378
AT1G51823,0.1022361431632837
AT1G51830,0.7865567402912983
AT1G51840,0.7663236371681658
AT1G51850,0.8824029619118758
AT1G51860,0.6310203528773513
AT1G51870,0.3700376295741826
AT1G51880,0.4009167582790212
AT1G51890,0.3043842045867141
AT1G51900,0.1022361431632837
AT1G51910,0.1763573341898591
AT1G51913,0.2475740151473555
AT1G51915,0.1022361431632837
AT1G51920,0.3755926175041684
AT1G51930,0.1022361431632837
AT1G51940,0.2661510909528827
AT1G51950,0.6873314201626597
AT1G51960,0.10876241249606401
AT1G51965,0.4678986448184702
AT1G51970,0.1022361431632837
AT1G51980,1.004141877771898
AT1G51990,0.3257728622294201
AT1G52000,0.130480172611388
AT1G52030,0.1181713748291827
AT1G52040,0.1138054293406023
AT1G52050,1.382270354695616
AT1G52060,1.6497246642019534
AT1G52070,1.4701632219102854
AT1G52080,0.36553632307025086
AT1G52100,0.26844674734917773
AT1G52110,0.4179674540250214
AT1G52120,0.22428683630914908
AT1G52130,0.1859503798230686
AT1G52140,0.6277502094089562
AT1G52150,0.6571565513265052
AT1G52155,0.8440384292857213
AT1G52160,0.2634757482834469
AT1G52170,0.12626101595638
AT1G52180,0.1022361431632837
AT1G52185,0.1022361431632837
AT1G52190,0.39939268765958347
AT1G52191,0.1022361431632837
AT1G52200,1.0063897136762157
AT1G52220,0.4816716874863991
AT1G52230,0.9404354613774641
AT1G52240,0.22850727242567728
AT1G52245,0.6881819023149763
AT1G52260,0.6574300030641836
AT1G52270,0.3596280769467338
AT1G52280,0.8092838481142024
AT1G52290,0.37180719100549187
AT1G52300,0.7966584285980591
AT1G52310,0.5864646882774125
AT1G52315,0.285082050961117
AT1G52320,0.3803176441231212
AT1G52325,0.1019935489625394
AT1G52330,0.3201013431796017
AT1G52340,0.3810176567123871
AT1G52342,0.651724765869272
AT1G52343,0.38454234714348656
AT1G52347,1.0309256871230041
AT1G52360,0.6276362634318862
AT1G52370,0.6181840991607214
AT1G52380,1.0325101723658718
AT1G52390,0.1150990807500749
AT1G52400,0.3246142487575675
AT1G52410,0.674194809094496
AT1G52415,0.1747785345085953
AT1G52420,0.6060973102525564
AT1G52430,0.2389015844101303
AT1G52440,0.11398457401022359
AT1G52450,0.2678120970356866
AT1G52460,0.1016524999438922
AT1G52470,0.1022361431632837
AT1G52490,0.1022361431632837
AT1G52495,0.1022361431632837
AT1G52500,0.38509166977199794
AT1G52510,0.2971610668741086
AT1G52520,0.27401863677821026
AT1G52530,0.2468193060034344
AT1G52540,0.5576167031414673
AT1G52550,0.2701772731661572
AT1G52560,1.0773981578136231
AT1G52565,0.6768121602901684
AT1G52570,0.2643262248942589
AT1G52580,0.15272040679324128
AT1G52590,0.38288723712794565
AT1G52600,0.7864237030452792
AT1G52603,0.1022361431632837
AT1G52615,0.11426917948835469
AT1G52618,0.4908507112164563
AT1G52620,0.4733063512887387
AT1G52630,0.3523089900306286
AT1G52640,0.3336453701474208
AT1G52650,0.2927372520289162
AT1G52660,0.2825444225113824
AT1G52670,0.584543175208327
AT1G52680,0.1057436266838054
AT1G52690,1.7014402904214032
AT1G52695,0.3803116081573398
AT1G52700,0.5054413435590617
AT1G52710,0.6455181075411035
AT1G52720,0.656809189704227
AT1G52730,0.5125837285168701
AT1G52740,0.5865920687530961
AT1G52750,0.44694725397398877
AT1G52760,0.69707386495099
AT1G52770,0.1022361431632837
AT1G52780,0.5743690779914128
AT1G52790,0.7134112203801678
AT1G52800,0.8463710893545245
AT1G52810,0.1022361431632837
AT1G52820,2.0790057028684066
AT1G52825,0.7166176412981355
AT1G52827,0.47883034814348807
AT1G52830,0.2139926959670034
AT1G52855,0.2476932062151127
AT1G52857,0.2386611873673625
AT1G52860,0.118389397380278
AT1G52870,0.45033643770524917
AT1G52880,0.38104753830751337
AT1G52890,0.1857006791931467
AT1G52900,0.1019935489625394
AT1G52905,1.1619915766378397
AT1G52910,0.5902272392376555
AT1G52920,0.3175122161051685
AT1G52930,1.0948292545245473
AT1G52940,0.1022361431632837
AT1G52950,0.1264862659133124
AT1G52970,0.1022361431632837
AT1G52980,0.8095111972493005
AT1G52990,0.1358307790323487
AT1G53000,0.8743709397657554
AT1G53010,0.1022361431632837
AT1G53023,0.104695566997811
AT1G53025,0.356665123000103
AT1G53030,1.0543677874495128
AT1G53035,0.768936581818339
AT1G53040,0.5928964139200843
AT1G53050,0.5305210368583653
AT1G53060,0.442701684899033
AT1G53070,0.8468672903518685
AT1G53080,0.2131826509344885
AT1G53090,0.3687760445119171
AT1G53100,0.26512741460497813
AT1G53110,0.370093967142257
AT1G53120,0.6112152690221726
AT1G53130,0.7171853922252387
AT1G53140,0.351167778331392
AT1G53160,0.1548329950061043
AT1G53163,0.390124990378767
AT1G53165,0.29241426456512815
AT1G53170,0.3488813086746946
AT1G53180,0.6871679992846673
AT1G53190,0.41955916168726476
AT1G53200,0.5374254341716854
AT1G53210,1.0609140385642706
AT1G53230,0.4228506030345256
AT1G53233,0.2511628237308095
AT1G53240,0.8702968269485138
AT1G53250,0.3715419248884018
AT1G53260,0.1022361431632837
AT1G53265,0.1022361431632837
AT1G53270,0.30687457586413297
AT1G53280,0.4441661812437211
AT1G53282,0.1022361431632837
AT1G53285,0.1022361431632837
AT1G53290,0.4007843192247589
AT1G53300,0.4620653525562983
AT1G53310,0.7649523480131561
AT1G53320,1.0678248243532482
AT1G53325,0.1022361431632837
AT1G53330,0.3243423507882565
AT1G53340,0.31449048543311675
AT1G53345,0.45626433024806745
AT1G53350,0.31978640399974767
AT1G53360,0.1022361431632837
AT1G53366,0.1022361431632837
AT1G53370,0.4132829993764619
AT1G53380,0.6376096968301364
AT1G53390,0.4958847479434082
AT1G53400,0.6825483015224357
AT1G53410,0.20533496546800328
AT1G53420,0.16939024678600198
AT1G53430,0.2539781533074206
AT1G53440,0.5447788916254105
AT1G53450,0.7995396091762319
AT1G53460,0.5592059126859373
AT1G53470,0.5801654146262095
AT1G53480,1.3171265790739146
AT1G53490,0.5666850450209596
AT1G53500,0.7109223611072075
AT1G53510,0.516598905587312
AT1G53520,0.5661779668083072
AT1G53530,0.7457505204292103
AT1G53540,0.8441040189934444
AT1G53541,0.1685494829606191
AT1G53542,0.9593755751716226
AT1G53550,0.1022361431632837
AT1G53560,0.6128602431469592
AT1G53570,0.4406798915751692
AT1G53580,0.917938325958144
AT1G53590,0.4751208035847093
AT1G53600,0.37029272036150285
AT1G53610,0.23592559226049242
AT1G53620,0.11573745086115761
AT1G53625,0.3079231595314918
AT1G53633,0.6495334679185624
AT1G53635,0.5954273058768722
AT1G53640,0.4700345289986654
AT1G53645,0.604171390258617
AT1G53650,0.5038294548508826
AT1G53655,0.1022361431632837
AT1G53660,0.7422340465011019
AT1G53670,0.5301129762813915
AT1G53680,0.9385483557560518
AT1G53683,0.10867888827090878
AT1G53687,0.132587027765445
AT1G53690,0.1686521941411998
AT1G53700,0.2466583556463281
AT1G53705,0.1022361431632837
AT1G53708,0.4733395669618462
AT1G53710,0.5208703518051169
AT1G53720,0.4319930080000718
AT1G53730,0.5431205155046155
AT1G53750,0.9430861773228638
AT1G53760,0.7091180814049787
AT1G53770,0.3425940223411568
AT1G53780,0.5258921433707364
AT1G53790,0.31327398216220637
AT1G53800,0.43139360045021413
AT1G53801,0.1211217316567413
AT1G53815,0.1022361431632837
AT1G53820,0.1019935489625394
AT1G53830,0.5490489148577091
AT1G53840,0.6571927354896792
AT1G53850,0.5659875594536656
AT1G53860,0.4019889277104326
AT1G53870,0.1022361431632837
AT1G53875,0.1022361431632837
AT1G53880,0.6210130546683242
AT1G53885,1.217974771533254
AT1G53887,0.6944520273418184
AT1G53890,0.1022361431632837
AT1G53900,0.4616271064858566
AT1G53910,0.7724570766139576
AT1G53920,0.6669627661184786
AT1G53930,0.1614987899070165
AT1G53935,0.3810428416504591
AT1G53940,0.8428018321852021
AT1G53945,0.1019935489625394
AT1G53950,0.4599776726079193
AT1G53970,0.2009592207613454
AT1G53980,0.2242995321756037
AT1G53990,0.6183333496586084
AT1G54000,1.0505084150215027
AT1G54010,1.1611752603994399
AT1G54020,0.4567671706845405
AT1G54030,0.8568952436332498
AT1G54040,0.4077897193149614
AT1G54050,0.4854470108175821
AT1G54060,0.3166526565928781
AT1G54070,0.10265235678495549
AT1G54080,0.9243397243285318
AT1G54090,0.42072496842085827
AT1G54095,0.340722375806788
AT1G54100,0.6258454341811457
AT1G54110,0.557608053568727
AT1G54115,0.5181522451561421
AT1G54120,0.37672892906692906
AT1G54130,0.5580611315352778
AT1G54140,0.4770994386999608
AT1G54150,0.29672603681201826
AT1G54160,0.2767915986909133
AT1G54170,0.3651212052281124
AT1G54180,0.45638470984558593
AT1G54200,0.5908537791661979
AT1G54210,0.36665011651274876
AT1G54215,0.22755248800705952
AT1G54217,0.4300370890529125
AT1G54220,0.3510785476633356
AT1G54230,0.1019935489625394
AT1G54240,0.1022361431632837
AT1G54250,0.570072229732035
AT1G54260,0.8958545993887422
AT1G54270,0.5727674853252491
AT1G54280,0.2352181111033544
AT1G54290,0.5977550675335458
AT1G54300,0.1022361431632837
AT1G54310,0.37867045409290756
AT1G54320,0.7498962861617118
AT1G54330,0.27202988280051943
AT1G54340,0.6378269875463093
AT1G54350,0.5333028822632613
AT1G54355,0.2193795147891553
AT1G54360,0.6299656974319482
AT1G54370,0.34142669177664275
AT1G54380,0.4170957848349347
AT1G54385,0.5042634880316645
AT1G54390,0.38954678947395593
AT1G54400,0.3847730477924735
AT1G54410,1.4503108351886738
AT1G54420,0.35994078398226426
AT1G54440,0.30181049335982696
AT1G54445,0.1022361431632837
AT1G54450,0.3264005550675651
AT1G54460,0.976373253709801
AT1G54470,0.1183411163615252
AT1G54475,0.1019935489625394
AT1G54490,0.4884572904099225
AT1G54500,0.5755524816470454
AT1G54510,0.509944357574512
AT1G54520,0.23431105410900788
AT1G54530,0.5770204635603989
AT1G54540,0.9439607418364915
AT1G54550,0.1022361431632837
AT1G54560,0.2207477416012365
AT1G54570,0.7345470170347587
AT1G54575,0.6310961425313764
AT1G54580,0.7650607436145944
AT1G54590,0.1022361431632837
AT1G54610,0.49281425918852917
AT1G54620,0.1022361431632837
AT1G54630,0.6606296289524272
AT1G54640,0.1019935489625394
AT1G54650,0.41730484988164734
AT1G54680,0.3931993652957666
AT1G54690,0.8769447031928306
AT1G54700,0.1022361431632837
AT1G54710,0.5162601084567331
AT1G54720,0.1019935489625394
AT1G54730,0.3232607781993344
AT1G54740,0.7836728514193556
AT1G54760,0.1387588799160782
AT1G54770,0.9975704350765067
AT1G54773,0.2692586280484133
AT1G54775,0.1022361431632837
AT1G54780,0.4515033738969238
AT1G54790,0.36447630232729955
AT1G54820,0.23443100801998748
AT1G54830,0.3773213519294386
AT1G54840,0.207316012282652
AT1G54850,0.4739211797915923
AT1G54860,2.1011279170587205
AT1G54870,3.428396915156582
AT1G54890,0.9610433899119499
AT1G54920,0.3607930211742948
AT1G54930,0.2158938066821311
AT1G54940,0.312041061067586
AT1G54950,0.33534992245377493
AT1G54953,0.1022361431632837
AT1G54957,0.1022361431632837
AT1G54960,0.3477776331621454
AT1G54970,1.0629759396131009
AT1G54980,0.10134379978257319
AT1G54990,0.4166494745281648
AT1G55000,0.37830149298502636
AT1G55010,0.1313704993109437
AT1G55020,0.7726698230336553
AT1G55030,0.30001627690376903
AT1G55040,0.348922681350211
AT1G55050,0.2638596652007297
AT1G55060,0.19578221250380468
AT1G55070,0.1022361431632837
AT1G55080,0.6371547585045945
AT1G55090,0.48672045715133233
AT1G55110,0.3719102676055705
AT1G55120,0.391817168850974
AT1G55130,0.4090722814275273
AT1G55140,0.3921833883625157
AT1G55150,0.5604440738765455
AT1G55152,0.4607123462297207
AT1G55160,0.6241768311135796
AT1G55170,0.33178974022894203
AT1G55175,0.10690783500404831
AT1G55180,0.345228005839056
AT1G55190,0.9035898718947515
AT1G55200,0.3074917322597331
AT1G55205,0.8448539686954737
AT1G55207,0.37696099091659274
AT1G55210,0.970234580945649
AT1G55220,0.1022361431632837
AT1G55230,0.1843512714432985
AT1G55240,0.5134348248941462
AT1G55250,0.4683301659824981
AT1G55260,0.7110167342665668
AT1G55265,0.8335228064453609
AT1G55270,0.3510882702767968
AT1G55280,0.3699530888539858
AT1G55290,0.37796747431785077
AT1G55300,0.37981755455654287
AT1G55310,0.694924435087307
AT1G55320,0.9213976796329759
AT1G55325,0.5980498738961357
AT1G55330,1.1533722927385277
AT1G55335,1.4950601536051764
AT1G55340,0.9004781535991858
AT1G55350,0.5447654603191172
AT1G55360,0.8697723577191947
AT1G55365,0.3755625281193299
AT1G55370,0.1749106878607862
AT1G55380,0.36797290873796784
AT1G55390,0.34470662633803917
AT1G55420,0.3357975729992041
AT1G55430,0.4720285330872469
AT1G55440,0.3292100519280729
AT1G55450,0.463767169907383
AT1G55460,0.5226777303444287
AT1G55475,0.5432199739526806
AT1G55480,0.3857601340173229
AT1G55490,0.7441180676079924
AT1G55500,0.4167004414914555
AT1G55510,0.4472143934176833
AT1G55520,0.7395868346211469
AT1G55525,0.2519671308071742
AT1G55530,0.4254537743717566
AT1G55535,0.5413384867060119
AT1G55540,0.4802391442438968
AT1G55546,0.1022361431632837
AT1G55550,0.24581235753637798
AT1G55560,0.1022361431632837
AT1G55570,0.11794822108677959
AT1G55580,0.3923676315597566
AT1G55590,0.3197979268932434
AT1G55591,0.1274375777804424
AT1G55600,0.1230705702665391
AT1G55610,0.5093228233307174
AT1G55620,0.4107484433702909
AT1G55625,0.1109460863607155
AT1G55630,0.4833760697637823
AT1G55640,0.6332696833355798
AT1G55650,0.1022361431632837
AT1G55660,0.1022361431632837
AT1G55670,0.9729503503155128
AT1G55673,0.1432809723557987
AT1G55675,0.40726276568307845
AT1G55680,0.4241861512479268
AT1G55690,0.5665452686557522
AT1G55700,0.2751539983667702
AT1G55710,0.1022361431632837
AT1G55720,0.1723604709839445
AT1G55730,0.5681824549785223
AT1G55740,0.651523284663166
AT1G55750,0.24443457049234496
AT1G55755,0.1652997302519366
AT1G55760,0.5457195370391458
AT1G55770,0.1016524999438922
AT1G55775,0.2779318275007848
AT1G55790,0.11788802181182019
AT1G55800,0.1148974680124236
AT1G55803,0.1016524999438922
AT1G55805,0.6140847169696637
AT1G55810,0.379088859468382
AT1G55820,0.4239915696468189
AT1G55830,0.4089577456553067
AT1G55840,0.5894093191137786
AT1G55850,0.8261612758105412
AT1G55860,1.1711381776366507
AT1G55865,0.3351522619481268
AT1G55870,0.3905304869761822
AT1G55880,0.4077808668468791
AT1G55890,0.9132299155694317
AT1G55900,0.48132282841318985
AT1G55910,0.3750247590181089
AT1G55915,0.3454701463382863
AT1G55917,0.1022361431632837
AT1G55920,0.6020579731064181
AT1G55928,0.1022361431632837
AT1G55930,0.22340701197054968
AT1G55940,0.6925165304607483
AT1G55945,0.1188125590505959
AT1G55947,0.1022361431632837
AT1G55950,0.1022361431632837
AT1G55960,0.5407501465499114
AT1G55970,0.2652356498268408
AT1G55980,0.390696114220299
AT1G55990,1.0885506060563601
AT1G56000,0.4355749535683879
AT1G56010,0.4537555840792383
AT1G56020,0.5671125335385212
AT1G56030,0.1022361431632837
AT1G56040,0.1022361431632837
AT1G56045,0.8136439798287043
AT1G56050,0.39027251254633755
AT1G56060,0.3314042890051186
AT1G56070,0.7115475412194829
AT1G56080,0.4736772430175207
AT1G56085,0.1016524999438922
AT1G56090,0.31613978175108715
AT1G56100,0.1022361431632837
AT1G56105,0.1022361431632837
AT1G56110,1.1541941849475492
AT1G56120,0.3130012319980596
AT1G56130,0.3720850568557572
AT1G56140,0.44359762233553546
AT1G56145,0.36220667646069915
AT1G56150,0.1907409359028569
AT1G56160,0.1591392931343001
AT1G56165,0.2330519926868032
AT1G56170,0.5616534584474481
AT1G56180,0.6610298328765635
AT1G56190,0.5829055011439948
AT1G56200,0.6239264990120301
AT1G56210,0.4796932692006336
AT1G56220,0.6746057865150992
AT1G56225,0.1022361431632837
AT1G56230,0.33479649740630507
AT1G56233,0.12102925068894779
AT1G56240,0.1918637197767339
AT1G56242,0.11576449402257939
AT1G56250,0.16932012970739788
AT1G56260,0.5091719748073642
AT1G56270,0.1429910348596345
AT1G56280,0.821621436877543
AT1G56290,0.4703249176660808
AT1G56300,0.8599491208190222
AT1G56310,0.3693331960120385
AT1G56320,1.0881575105719161
AT1G56330,0.7615491023721592
AT1G56340,0.9485694441925672
AT1G56345,0.5202347504486704
AT1G56350,0.31483058022193955
AT1G56360,0.1022361431632837
AT1G56380,0.1022361431632837
AT1G56385,0.1022361431632837
AT1G56400,0.1022361431632837
AT1G56410,0.1182488927883852
AT1G56415,0.1019935489625394
AT1G56418,0.1022361431632837
AT1G56420,0.5666762104561055
AT1G56423,0.4137441162190285
AT1G56430,1.2205129546653128
AT1G56440,0.4352879301785668
AT1G56450,0.619555157763223
AT1G56460,0.5929923693127994
AT1G56500,0.27498117006520767
AT1G56510,0.12860632344547068
AT1G56520,0.1022361431632837
AT1G56530,0.1022361431632837
AT1G56540,0.2683786542862301
AT1G56550,0.7267866890847907
AT1G56553,0.1019935489625394
AT1G56555,0.2503038410502692
AT1G56560,0.45943032902074804
AT1G56570,0.2663614074898984
AT1G56580,0.9851565634785486
AT1G56590,0.5787767102473156
AT1G56600,1.1239307007087247
AT1G56610,0.40048958478797614
AT1G56612,0.4435682986831051
AT1G56620,0.1022361431632837
AT1G56630,0.4158557792005531
AT1G56650,0.1019935489625394
AT1G56660,0.8980103762175232
AT1G56670,0.40191632767355817
AT1G56680,1.0508857262146625
AT1G56690,0.2500329094876317
AT1G56700,0.8831592220375117
AT1G56710,0.28750362615692027
AT1G56720,0.5963831521339275
AT1G56730,0.1022361431632837
AT1G56740,0.11519206385279719
AT1G56750,0.1151865883893134
AT1G56850,0.1183611243611043
AT1G56940,0.1183640834842926
AT1G56990,0.1151947752579202
AT1G57150,0.1022361431632837
AT1G57160,0.1151974983957209
AT1G57170,0.1022361431632837
AT1G57190,0.1151893361032111
AT1G57270,0.11836705769659439
AT1G57290,0.1022361431632837
AT1G57310,0.1022361431632837
AT1G57410,0.11820805123188259
AT1G57420,0.1183522927443131
AT1G57450,0.1022361431632837
AT1G57460,0.1022361431632837
AT1G57540,0.5966283520884402
AT1G57550,0.1246134932248186
AT1G57560,0.31684108120626975
AT1G57565,0.1022361431632837
AT1G57570,0.3276873637687442
AT1G57580,0.1022361431632837
AT1G57590,0.5989962500277579
AT1G57600,0.4615532794871534
AT1G57610,0.5795633100737869
AT1G57613,0.1022361431632837
AT1G57620,0.7608865517548111
AT1G57630,0.3539735686562675
AT1G57650,0.1319227707343964
AT1G57660,0.817974088370879
AT1G57670,0.1633074749822479
AT1G57680,0.6727126636527188
AT1G57690,0.1022361431632837
AT1G57700,0.3950046412726871
AT1G57720,0.7169773785222993
AT1G57730,0.1022361431632837
AT1G57750,0.1022361431632837
AT1G57760,0.1022361431632837
AT1G57765,0.6048037628422198
AT1G57770,0.3240063470216208
AT1G57775,0.1022361431632837
AT1G57777,0.1022361431632837
AT1G57780,0.1022361431632837
AT1G57790,0.7365642404911745
AT1G57800,0.1016524999438922
AT1G57820,0.527528350787425
AT1G57830,0.18084941716684919
AT1G57835,0.1489271680136684
AT1G57850,0.1016524999438922
AT1G57860,1.6830056555959985
AT1G57870,0.39533968438570694
AT1G57906,0.1022361431632837
AT1G57943,0.212691986398052
AT1G57980,0.42580236410041583
AT1G57990,0.3823926706458248
AT1G58007,0.6592976902185502
AT1G58025,0.7024680907923649
AT1G58030,0.8854303964129969
AT1G58037,0.2962726827908309
AT1G58050,0.10134379978257319
AT1G58055,0.1019935489625394
AT1G58060,0.5031188230470554
AT1G58070,0.4785279308477437
AT1G58080,0.48859913538753585
AT1G58090,0.1022361431632837
AT1G58100,0.40477113705943246
AT1G58110,0.6252183252781576
AT1G58120,0.1161496413844788
AT1G58150,0.3741324556896328
AT1G58160,0.5758695701565008
AT1G58170,0.6871986368682307
AT1G58180,0.6715929901555504
AT1G58190,0.38124164212631473
AT1G58200,0.3556211155187625
AT1G58210,0.2886434226302269
AT1G58215,0.1401903056768693
AT1G58220,0.39298510408692944
AT1G58223,0.20209825767098571
AT1G58225,0.15827079654886259
AT1G58230,0.6385617577918674
AT1G58235,1.9969929261661186
AT1G58242,0.1022361431632837
AT1G58245,0.1022361431632837
AT1G58248,0.1022361431632837
AT1G58250,0.4521521044801369
AT1G58260,0.1022361431632837
AT1G58265,0.1022361431632837
AT1G58270,1.2217350400685127
AT1G58280,0.6782258916208546
AT1G58290,0.5144628460586663
AT1G58300,0.115964952607419
AT1G58310,0.1022361431632837
AT1G58320,0.435296530153698
AT1G58330,0.1690203303686471
AT1G58340,0.5151539444759171
AT1G58350,0.3968228086199654
AT1G58360,0.6131883905399271
AT1G58370,0.327144733061718
AT1G58380,0.7076891180004512
AT1G58390,0.2466234634084293
AT1G58400,0.7609567430407513
AT1G58410,0.3445986306817928
AT1G58420,0.294171565818379
AT1G58430,0.238938966599718
AT1G58440,0.6521499863097892
AT1G58450,0.1022361431632837
AT1G58460,0.1857439249321466
AT1G58470,0.7086208428124441
AT1G58520,0.3652325763038142
AT1G58590,1.2507259844282252
AT1G58602,0.32434177077510173
AT1G58643,0.7227138178143686
AT1G58684,0.1513229723736969
AT1G58725,0.1022361431632837
AT1G58766,0.1022361431632837
AT1G58807,0.6271244007542658
AT1G58808,0.28153684514007793
AT1G58848,0.5600350031822111
AT1G58936,0.3435448469124043
AT1G58983,1.9893664131101776
AT1G59030,0.1022361431632837
AT1G59077,0.1022361431632837
AT1G59171,0.4071665041901597
AT1G59218,0.2876820603274185
AT1G59453,0.1022361431632837
AT1G59460,0.1022361431632837
AT1G59470,0.1022361431632837
AT1G59500,0.11051568813501099
AT1G59510,0.3178508143681377
AT1G59520,0.47378929953902926
AT1G59530,0.21829273735050678
AT1G59540,0.5409695055257667
AT1G59550,0.1022361431632837
AT1G59560,0.3181232289211991
AT1G59580,0.7031320685179887
AT1G59590,0.4165721125251123
AT1G59600,0.6080488755965548
AT1G59610,0.6035278821246948
AT1G59620,0.2772341377860516
AT1G59630,0.1022361431632837
AT1G59640,0.3942394331670996
AT1G59650,0.47756133987207194
AT1G59660,0.3836225855424524
AT1G59670,0.3012140453874581
AT1G59675,0.1022361431632837
AT1G59680,0.1022361431632837
AT1G59690,0.1022361431632837
AT1G59700,0.4151979554338428
AT1G59710,0.3296319398842975
AT1G59720,0.19503623088484232
AT1G59722,0.1022361431632837
AT1G59723,0.1022361431632837
AT1G59724,0.1022361431632837
AT1G59725,0.35699515979464574
AT1G59730,1.233361167036953
AT1G59740,0.9079851637695302
AT1G59750,0.4044429125718322
AT1G59760,0.672107382383774
AT1G59780,0.4647123719313269
AT1G59790,0.1829397791899814
AT1G59800,0.1022361431632837
AT1G59810,0.1022361431632837
AT1G59820,0.43682009337681543
AT1G59830,0.44334821736101626
AT1G59833,0.1022361431632837
AT1G59835,0.1022361431632837
AT1G59840,0.3625582454304141
AT1G59850,0.3067422530498921
AT1G59860,0.4226578001553476
AT1G59865,0.1519016357087131
AT1G59870,0.8607473640723036
AT1G59885,0.1283710289816914
AT1G59890,0.4359173443135984
AT1G59900,0.7717559822023237
AT1G59910,0.37841954743513273
AT1G59920,0.1022361431632837
AT1G59930,0.1104182114178834
AT1G59940,0.6515247734287684
AT1G59950,0.1167140322581187
AT1G59960,0.7933547868095436
AT1G59970,0.6479491602834297
AT1G59980,0.8139569788149846
AT1G59990,0.33865343309308377
AT1G60000,0.41633389653452113
AT1G60010,1.5046456303895073
AT1G60025,0.1022361431632837
AT1G60030,0.3967937667685018
AT1G60040,0.1019935489625394
AT1G60050,0.4391834710425411
AT1G60060,0.2068394735161395
AT1G60070,0.5603843742804778
AT1G60072,0.1022361431632837
AT1G60073,0.1022361431632837
AT1G60080,0.34519316755936025
AT1G60090,0.2007058060060837
AT1G60095,0.7377207515698933
AT1G60110,0.2788852713726801
AT1G60130,0.43965169982584507
AT1G60140,0.6496391393932743
AT1G60160,0.3096265012786203
AT1G60170,0.44853643171055735
AT1G60190,0.2679742112201292
AT1G60200,0.4588055955992978
AT1G60220,0.46478623640761674
AT1G60230,0.3844621891054865
AT1G60240,0.1022361431632837
AT1G60250,0.1022361431632837
AT1G60260,0.3408629469211978
AT1G60270,1.454417053006055
AT1G60280,0.151235104729813
AT1G60300,0.1022361431632837
AT1G60320,0.1022361431632837
AT1G60340,0.1022361431632837
AT1G60350,0.1022361431632837
AT1G60360,0.3085236612459351
AT1G60370,0.1022361431632837
AT1G60380,0.1022361431632837
AT1G60390,0.5506517788735641
AT1G60400,0.1022361431632837
AT1G60410,0.1022361431632837
AT1G60420,0.5413832838387098
AT1G60430,0.3407271025327471
AT1G60440,0.46167480988980414
AT1G60450,0.2431921182896275
AT1G60460,0.2760782543786666
AT1G60470,1.005219037524445
AT1G60490,0.37696546892783456
AT1G60500,0.1019935489625394
AT1G60505,0.7296853171379264
AT1G60525,0.6488826436816191
AT1G60530,0.11161662823423879
AT1G60545,0.43069601671232144
AT1G60550,0.3522359977082068
AT1G60560,0.3276785440197737
AT1G60570,0.1022361431632837
AT1G60590,0.24611228774050398
AT1G60600,0.3771953491912078
AT1G60610,0.7470813958125373
AT1G60620,0.4622386617562804
AT1G60625,0.1022361431632837
AT1G60630,0.530147113391927
AT1G60640,0.9552583670247877
AT1G60650,0.3296417654192141
AT1G60660,0.7979956310473129
AT1G60670,0.2423500851510788
AT1G60680,0.8416732912742735
AT1G60690,0.3141559206970319
AT1G60700,0.46063655635728873
AT1G60710,1.5731803734018028
AT1G60720,0.1019935489625394
AT1G60730,0.9147498813852627
AT1G60740,0.4437590154608193
AT1G60750,1.1428473502159457
AT1G60760,0.1022361431632837
AT1G60770,0.7366260764903234
AT1G60780,0.6545773423442045
AT1G60783,0.2785010262429739
AT1G60787,0.4085555383481909
AT1G60790,0.5337285403492545
AT1G60800,0.6106390327888964
AT1G60810,1.0763907496118108
AT1G60815,0.1022361431632837
AT1G60830,0.10353610326915419
AT1G60840,0.1016524999438922
AT1G60850,0.6199256373931067
AT1G60860,0.5413615956344449
AT1G60870,0.6357442697207878
AT1G60880,0.1022361431632837
AT1G60890,0.33020001372425556
AT1G60900,0.6378465552558559
AT1G60910,0.5373167554866415
AT1G60913,0.1022361431632837
AT1G60920,0.1022361431632837
AT1G60930,0.3846172508645853
AT1G60940,0.7353839451071611
AT1G60950,0.7825021852984395
AT1G60960,0.788950623008861
AT1G60970,0.5747409975532818
AT1G60980,0.1448885631652331
AT1G60983,0.1022361431632837
AT1G60985,0.1022361431632837
AT1G60986,0.1179509664754262
AT1G60987,0.1022361431632837
AT1G60989,1.0569092497024932
AT1G60990,0.366617264033681
AT1G60995,0.42473151735133663
AT1G61000,0.3145291839092741
AT1G61010,0.3803468775116059
AT1G61030,0.332951521112616
AT1G61040,0.4775431289396154
AT1G61050,0.5956642092459316
AT1G61060,0.1022361431632837
AT1G61065,0.4153916816922121
AT1G61070,0.1022361431632837
AT1G61080,0.42624936978380656
AT1G61090,0.1022361431632837
AT1G61093,0.1016524999438922
AT1G61095,0.1022361431632837
AT1G61097,0.1022361431632837
AT1G61100,0.580994097198543
AT1G61105,0.1022361431632837
AT1G61110,0.1022361431632837
AT1G61120,0.1022361431632837
AT1G61130,0.5483887604058868
AT1G61140,0.4965128447643721
AT1G61150,0.5710645730664586
AT1G61160,0.1022361431632837
AT1G61165,0.1022361431632837
AT1G61170,0.570049188933408
AT1G61180,0.612498665104219
AT1G61190,0.3930531351444405
AT1G61200,0.1019935489625394
AT1G61210,0.33190941113631006
AT1G61215,0.24507147191578188
AT1G61224,0.12447865950767589
AT1G61226,0.10134379978257319
AT1G61230,0.4418676547499135
AT1G61240,0.43965339063093545
AT1G61250,0.7623024015280186
AT1G61255,0.3191597189058154
AT1G61260,0.48185112472763647
AT1G61270,0.2214206332977395
AT1G61275,0.2815590412367616
AT1G61280,0.5810652387356862
AT1G61290,0.1843849217485273
AT1G61300,0.28852687334817906
AT1G61310,0.450113026899026
AT1G61320,0.1039581867373187
AT1G61330,0.1022361431632837
AT1G61340,0.430630605546097
AT1G61350,0.4373601987699844
AT1G61360,0.3671751110121941
AT1G61370,0.6942426535666918
AT1G61380,0.4115926060622171
AT1G61390,0.36298436196603245
AT1G61400,0.4571729329045259
AT1G61410,0.31777432637599456
AT1G61415,0.2752507810517504
AT1G61420,0.5195424676106942
AT1G61430,0.6394907766186494
AT1G61440,0.49295080937037417
AT1G61450,0.6614755266996809
AT1G61460,0.3343970321114012
AT1G61470,0.3140109421687799
AT1G61475,0.1022361431632837
AT1G61480,0.332455523857005
AT1G61490,0.3161481566659256
AT1G61500,0.2851164385298157
AT1G61520,1.082278525159703
AT1G61540,0.1022361431632837
AT1G61550,0.34674254241703406
AT1G61560,0.5789453372890353
AT1G61562,0.2217110707723203
AT1G61563,0.1030932517500682
AT1G61565,0.1022361431632837
AT1G61566,0.1016524999438922
AT1G61570,0.7763599137809272
AT1G61575,0.1022361431632837
AT1G61580,1.455511312507233
AT1G61590,0.8193659940791975
AT1G61600,0.273576308357567
AT1G61610,0.1016524999438922
AT1G61620,0.4372802546005048
AT1G61630,0.1016524999438922
AT1G61640,0.31175442612614646
AT1G61660,0.4349494608305153
AT1G61667,1.1332789113476527
AT1G61670,0.6599737909033608
AT1G61680,0.2606933758739203
AT1G61688,0.1022361431632837
AT1G61690,0.6339477018667434
AT1G61700,0.14792455364895618
AT1G61710,0.11495611996915191
AT1G61720,0.26782471230702376
AT1G61730,0.6112764813194052
AT1G61732,0.1022361431632837
AT1G61740,0.8400367374471943
AT1G61750,0.1989006258924487
AT1G61760,0.3150023948076054
AT1G61770,0.8966486637325013
AT1G61780,0.6745117055703891
AT1G61790,0.636744423870395
AT1G61795,0.9013405584556039
AT1G61800,0.1938526997189244
AT1G61810,0.3808554078714418
AT1G61820,0.57846439567581
AT1G61840,0.8128882095166468
AT1G61850,0.4297562269915064
AT1G61860,0.2774979292151387
AT1G61870,0.6250144729081311
AT1G61890,0.743567564828907
AT1G61900,0.44060421710763914
AT1G61910,0.1019935489625394
AT1G61920,0.1750003264323114
AT1G61930,0.3495366208034785
AT1G61940,0.1152725361228109
AT1G61950,0.3661583618072277
AT1G61960,0.32489771601895745
AT1G61970,0.3635009130080325
AT1G61980,0.5080797200394994
AT1G61990,0.8993186304078038
AT1G62000,0.12731602903262
AT1G62010,0.3706625377507012
AT1G62020,0.6170056118944773
AT1G62030,0.1913067062096432
AT1G62035,0.2272350324436431
AT1G62040,0.9283379335586681
AT1G62045,0.5191062576502938
AT1G62050,0.3585929612034091
AT1G62060,0.1022361431632837
AT1G62070,0.1022361431632837
AT1G62080,0.1019935489625394
AT1G62085,0.501605696782233
AT1G62110,0.3947426347299842
AT1G62120,0.33603814526228193
AT1G62130,0.38650245459978577
AT1G62150,0.6583813205695677
AT1G62160,0.1022361431632837
AT1G62170,0.1479815907544859
AT1G62180,0.6458317343126265
AT1G62190,0.1462632075598572
AT1G62200,0.7255032834524067
AT1G62210,0.1022361431632837
AT1G62220,0.1022361431632837
AT1G62225,0.1445918854389204
AT1G62240,0.1022361431632837
AT1G62250,0.6443633850825448
AT1G62260,0.3030851846001301
AT1G62262,0.2499012261013266
AT1G62270,0.1022361431632837
AT1G62280,0.7600268426378387
AT1G62290,1.4593873675923297
AT1G62300,0.5882000305079323
AT1G62305,0.4693311823062385
AT1G62310,0.27698682819466547
AT1G62320,0.3112039794333433
AT1G62330,0.25138704430332537
AT1G62333,0.2024243356437089
AT1G62340,0.1022361431632837
AT1G62350,0.5202229477354141
AT1G62355,0.1892453291505454
AT1G62360,0.1535043966455546
AT1G62370,0.5613380498137134
AT1G62380,1.1445419489595254
AT1G62390,0.40858248073753334
AT1G62400,0.1819125792113318
AT1G62410,0.1022361431632837
AT1G62420,0.7275989939222799
AT1G62421,0.1612841280602359
AT1G62422,0.38313361602785573
AT1G62430,0.4452303483655292
AT1G62440,0.6095626473112127
AT1G62450,0.2662506864274788
AT1G62480,1.0662427635531473
AT1G62490,0.1917767622268257
AT1G62500,1.225594524206503
AT1G62510,0.9504885673987052
AT1G62515,0.1464966005883972
AT1G62520,0.2933801051848973
AT1G62530,0.18850043093330682
AT1G62540,0.5118218174240015
AT1G62560,0.5682413710508155
AT1G62570,0.977827449404159
AT1G62580,0.32901148341074
AT1G62590,0.5978412445069682
AT1G62600,0.6150973561030121
AT1G62610,0.5815828247455791
AT1G62620,0.21654081251073398
AT1G62630,0.1022361431632837
AT1G62640,0.8265712935275459
AT1G62660,0.9708749562526222
AT1G62670,0.2630918811682748
AT1G62680,0.3552997910812487
AT1G62690,0.288907934811817
AT1G62700,0.4233106395982983
AT1G62710,1.235405598765913
AT1G62720,0.29767538351369677
AT1G62730,0.4172074737394186
AT1G62740,0.604212844375076
AT1G62750,0.57823546860881
AT1G62760,0.1679573575129195
AT1G62770,0.6237466966123064
AT1G62780,0.3368679324185427
AT1G62790,0.7734431079317152
AT1G62800,0.8539821489041822
AT1G62810,0.6806469892428986
AT1G62820,0.5121498342361195
AT1G62830,0.292407494154141
AT1G62840,0.2905140649975478
AT1G62850,0.6036153556392695
AT1G62870,0.5432868482010841
AT1G62880,0.423271244796556
AT1G62886,0.1136910842457208
AT1G62895,0.1022361431632837
AT1G62900,0.1444445345759813
AT1G62910,0.3853551639220469
AT1G62914,0.3594853008991003
AT1G62915,0.15460281934988798
AT1G62920,0.1949581278777149
AT1G62930,0.3191543670754315
AT1G62935,0.3408792931215444
AT1G62940,0.1022361431632837
AT1G62950,0.3876327718644452
AT1G62960,0.30183117034378815
AT1G62970,0.32200354652311725
AT1G62975,1.5053298836464093
AT1G62978,0.1022361431632837
AT1G62980,1.1981917781346858
AT1G62981,0.268969790821992
AT1G62990,0.47355966429006113
AT1G63000,0.5792897556733334
AT1G63005,0.10649236762563309
AT1G63010,0.39542064910332897
AT1G63020,0.5142680277063628
AT1G63030,0.10932115863905818
AT1G63050,0.5984417656395291
AT1G63055,0.3121605317664226
AT1G63057,0.13899512033364841
AT1G63060,0.1022361431632837
AT1G63070,0.1628260143295583
AT1G63080,0.4100033890174185
AT1G63090,0.5113061258027678
AT1G63100,0.5431992264407731
AT1G63105,0.1019935489625394
AT1G63110,0.61993351149365
AT1G63120,0.6395166760750786
AT1G63130,0.37256248617041404
AT1G63140,0.21577262868805108
AT1G63150,0.40128392207598307
AT1G63160,0.41219614331953003
AT1G63170,0.4915651297688336
AT1G63180,1.0672499423635022
AT1G63190,0.2432542049571915
AT1G63200,0.1022361431632837
AT1G63205,0.1022361431632837
AT1G63206,0.1022361431632837
AT1G63210,0.1022361431632837
AT1G63220,0.7945456162438607
AT1G63230,0.484152854770909
AT1G63240,0.3827572055911214
AT1G63245,0.7809381885491689
AT1G63250,0.41489113697492064
AT1G63260,0.3879998686869524
AT1G63270,0.3195771441714148
AT1G63280,0.1191690095950004
AT1G63290,0.41852171731404186
AT1G63295,1.0143162260672314
AT1G63300,0.6978847341147413
AT1G63310,0.9872108809647714
AT1G63320,0.1802601347933075
AT1G63330,0.3347232041034321
AT1G63340,0.1865225128856727
AT1G63350,0.1827359600609769
AT1G63360,0.1491133700254724
AT1G63370,0.1728104929654882
AT1G63380,0.2699153669112213
AT1G63390,0.2381304251668136
AT1G63400,0.3018965242994647
AT1G63410,0.5859739927068484
AT1G63420,0.6068420237439154
AT1G63430,0.4624692727349578
AT1G63440,0.3811955537547481
AT1G63450,0.46681231261902306
AT1G63460,1.0562922874018075
AT1G63470,0.5200964877669967
AT1G63480,0.255122572019859
AT1G63490,0.3769927926456633
AT1G63500,0.5936103340881431
AT1G63510,0.1022361431632837
AT1G63520,0.3731769641524154
AT1G63522,0.1016524999438922
AT1G63530,0.4121037152651561
AT1G63535,0.1022361431632837
AT1G63540,0.40244664503332206
AT1G63550,0.2003865361680593
AT1G63570,0.1633256888862808
AT1G63580,0.41507179215950485
AT1G63590,0.1450740877195631
AT1G63600,0.5306936114978404
AT1G63610,0.24825247529762878
AT1G63615,0.160856312456591
AT1G63630,0.220177158548694
AT1G63640,0.5318455336581304
AT1G63650,0.4315687477136453
AT1G63660,0.4740236895755734
AT1G63670,0.46241983528937813
AT1G63680,0.2353990683797652
AT1G63690,0.541743988099006
AT1G63700,0.5458582438049506
AT1G63710,0.1022361431632837
AT1G63720,0.6679877607671577
AT1G63730,0.2674377981999564
AT1G63740,0.379447403396043
AT1G63750,0.279769699623882
AT1G63770,0.4821282797706423
AT1G63780,0.7763004781966547
AT1G63790,0.1019935489625394
AT1G63800,0.622075067833649
AT1G63810,0.5009463536033232
AT1G63820,0.3347024752099137
AT1G63830,0.4846709517091943
AT1G63840,0.648437627038319
AT1G63850,0.41139904084473444
AT1G63855,0.23711309694504007
AT1G63860,0.48072817032472814
AT1G63870,0.1458184053770324
AT1G63880,0.2289713196307624
AT1G63900,0.4672788583799391
AT1G63910,0.2900759259522041
AT1G63930,0.2726777774914412
AT1G63940,0.791296474633419
AT1G63950,0.1019935489625394
AT1G63960,0.2330188812914749
AT1G63970,0.42065820886250715
AT1G63980,1.322173683405412
AT1G63990,0.2877374301750244
AT1G64000,0.546514894055167
AT1G64010,0.2353035944999373
AT1G64020,0.17517422710752228
AT1G64030,0.1022361431632837
AT1G64040,0.5672045652219251
AT1G64050,0.3760453645607391
AT1G64060,0.4421575335055232
AT1G64065,0.24975807224493518
AT1G64070,0.1022361431632837
AT1G64080,0.39296228359555274
AT1G64090,0.7640546154276473
AT1G64100,0.34277970740038044
AT1G64105,0.9726064398078577
AT1G64107,0.1016524999438922
AT1G64110,0.7989013434313788
AT1G64120,0.1022361431632837
AT1G64130,0.1022361431632837
AT1G64140,0.7262134614824458
AT1G64150,0.3207851289680287
AT1G64160,0.5709499308226964
AT1G64170,0.35133753711572885
AT1G64180,0.2707479791234463
AT1G64185,0.39245922763428276
AT1G64190,0.6767890555131948
AT1G64195,0.19371028978229748
AT1G64200,0.8436372855487428
AT1G64210,0.385047967283891
AT1G64220,0.6118034258116505
AT1G64230,0.8370519234648834
AT1G64235,0.171138907889788
AT1G64253,0.1936996767746714
AT1G64255,0.3752124094339871
AT1G64260,0.32752571348367066
AT1G64280,0.3526774940756996
AT1G64290,0.2283556015957308
AT1G64295,0.1022361431632837
AT1G64300,0.26447303590099713
AT1G64310,0.2029769032770745
AT1G64320,0.2141853649098694
AT1G64330,0.5617823657790144
AT1G64340,0.24728835090413498
AT1G64350,0.4589368216302063
AT1G64355,0.2661797273795724
AT1G64360,0.1482224063303619
AT1G64370,1.920512343451255
AT1G64380,0.4712732840642455
AT1G64385,0.8877467331028015
AT1G64390,0.9544088478945798
AT1G64400,0.39497142756152614
AT1G64405,0.8289151421974633
AT1G64420,0.1019935489625394
AT1G64430,0.3467282691430566
AT1G64440,0.49653384499619513
AT1G64450,0.38876443055478394
AT1G64455,0.1195575295811345
AT1G64460,0.4721612431453762
AT1G64480,0.7861654704485088
AT1G64490,1.073157971419535
AT1G64500,0.39833981057200385
AT1G64510,0.3818391191143235
AT1G64520,0.656929165160963
AT1G64530,0.42771038667665584
AT1G64540,0.2716830432820901
AT1G64550,0.5997736508260587
AT1G64561,0.12021527691387389
AT1G64563,0.3831544909601911
AT1G64570,0.3518864483425811
AT1G64572,0.2206157194091153
AT1G64580,0.30991888143780516
AT1G64583,0.3100461899501431
AT1G64584,0.18659867667640367
AT1G64585,0.1022361431632837
AT1G64590,0.7053463567659554
AT1G64600,0.35362885662813826
AT1G64610,0.5413844333020202
AT1G64618,0.1818768319193823
AT1G64620,0.5380208067532924
AT1G64625,0.41464091450300444
AT1G64630,0.5286378625641055
AT1G64633,0.1022361431632837
AT1G64640,0.7910587766549819
AT1G64650,0.5950817017931591
AT1G64660,1.5837629199989247
AT1G64670,0.42642523989366293
AT1G64680,0.3787937049735971
AT1G64690,0.6853470796938093
AT1G64700,0.44677680230572303
AT1G64710,0.465208047908605
AT1G64720,0.807138639371834
AT1G64740,0.4338992692276522
AT1G64750,0.6572736230046843
AT1G64760,0.46814147348853025
AT1G64770,0.3453219471090181
AT1G64780,1.3900739721486268
AT1G64790,0.8704447959324684
AT1G64795,0.162106738959495
AT1G64800,0.1022361431632837
AT1G64810,0.3659685578763175
AT1G64820,0.2530769301633887
AT1G64830,0.1022361431632837
AT1G64840,0.4988377646086523
AT1G64850,0.7578210143489668
AT1G64860,0.3804779392476557
AT1G64870,0.1022361431632837
AT1G64880,0.817682411718607
AT1G64890,0.31034427751055055
AT1G64900,0.4600741173177696
AT1G64910,0.5518649787208784
AT1G64920,0.33089336351582266
AT1G64930,0.3986717189857734
AT1G64940,0.2372809759862295
AT1G64950,0.6125298363666226
AT1G64960,0.3432157300452316
AT1G64970,0.39226213971941687
AT1G64980,0.3188322280948872
AT1G64990,0.38947321397731705
AT1G65000,0.45670038303205523
AT1G65010,1.0546091849593235
AT1G65020,0.5991319075545787
AT1G65030,0.8422381031436799
AT1G65032,0.8116508931605411
AT1G65040,0.9916588979027428
AT1G65050,0.1022361431632837
AT1G65060,0.5398788038856664
AT1G65070,0.1699208820286752
AT1G65080,0.43551737865819473
AT1G65090,1.6813521436172933
AT1G65110,0.33210044660152216
AT1G65113,0.1022361431632837
AT1G65120,0.34194341404268597
AT1G65130,0.2570870508431571
AT1G65140,0.3177997575451474
AT1G65150,0.5301533176164013
AT1G65160,0.1022361431632837
AT1G65165,0.1022361431632837
AT1G65170,0.1019935489625394
AT1G65180,0.5651953594063973
AT1G65190,0.515421890189509
AT1G65200,0.4803805741771171
AT1G65210,0.1022361431632837
AT1G65220,0.9471129754421268
AT1G65230,0.3316435754178573
AT1G65240,0.1250138177524292
AT1G65250,0.415350297414461
AT1G65260,0.5948214982525997
AT1G65270,0.40114984840432877
AT1G65280,0.47775013758066565
AT1G65290,0.8457513322662438
AT1G65295,0.8250054107841112
AT1G65300,0.1022361431632837
AT1G65310,1.4590138696998858
AT1G65320,0.48009288939171874
AT1G65330,0.1372146296654493
AT1G65340,0.1022361431632837
AT1G65342,0.1022361431632837
AT1G65346,0.286058962565178
AT1G65349,0.1019935489625394
AT1G65350,0.19168051931130098
AT1G65352,0.1022361431632837
AT1G65360,0.1022361431632837
AT1G65370,2.1152109442956233
AT1G65380,0.4236244674307109
AT1G65390,0.19251640227188369
AT1G65410,0.34753120593277387
AT1G65420,0.6198934533258889
AT1G65425,0.1022361431632837
AT1G65430,0.4514127585985467
AT1G65440,0.6364244122812763
AT1G65450,0.11506038897784121
AT1G65470,0.5039338033047887
AT1G65480,0.1022361431632837
AT1G65481,0.28154745581461027
AT1G65483,0.1016524999438922
AT1G65484,0.4769175350401291
AT1G65486,0.5052946697248777
AT1G65490,0.7874288702472252
AT1G65500,2.1875625477416643
AT1G65510,0.5154800722943225
AT1G65520,0.6460512725514143
AT1G65540,0.44636319456402784
AT1G65541,0.108677467383635
AT1G65550,0.1471522155974131
AT1G65560,0.4653597397730893
AT1G65570,0.46562176340548267
AT1G65580,0.5321873564106676
AT1G65590,0.40116518171887466
AT1G65610,0.5458849045339709
AT1G65620,0.2627930646988128
AT1G65630,0.1022361431632837
AT1G65640,0.1022361431632837
AT1G65650,0.5143842466632697
AT1G65660,0.3656152139957721
AT1G65670,0.1714538910097898
AT1G65680,0.1612194304414481
AT1G65681,0.1022361431632837
AT1G65690,0.471229947578592
AT1G65700,0.6566418432856926
AT1G65710,0.3671407076869351
AT1G65720,0.8626706783163827
AT1G65730,0.5356936484956101
AT1G65735,0.1022361431632837
AT1G65740,0.1022361431632837
AT1G65760,0.1022361431632837
AT1G65770,0.1022361431632837
AT1G65780,0.1022361431632837
AT1G65790,0.1631381876756773
AT1G65800,0.1177080255404992
AT1G65810,0.1927615243266256
AT1G65820,0.9387074432603
AT1G65840,1.1855230025495511
AT1G65845,1.3400695284710882
AT1G65850,0.285300764562997
AT1G65860,0.4297544175480449
AT1G65870,0.18350892758815082
AT1G65880,0.1019935489625394
AT1G65890,0.1141045168975269
AT1G65900,0.8559521538289974
AT1G65910,0.2135494000601618
AT1G65920,0.3433806819245931
AT1G65930,0.7855864054342989
AT1G65950,0.557468432308267
AT1G65960,1.034805825997161
AT1G65970,1.5446115444806219
AT1G65980,0.36357271618620457
AT1G65985,0.72465905371203
AT1G65990,0.1019935489625394
AT1G66000,0.1019935489625394
AT1G66020,0.6396555907567071
AT1G66030,0.1158156599969519
AT1G66040,0.2307683413790314
AT1G66045,0.1022361431632837
AT1G66050,0.380708594727735
AT1G66060,0.3678039822349314
AT1G66070,0.672615068425857
AT1G66080,0.4557333192193358
AT1G66090,0.1337663433594709
AT1G66100,0.1022361431632837
AT1G66110,0.1022361431632837
AT1G66120,0.1022361431632837
AT1G66130,0.2358755337692209
AT1G66140,0.5066420519060131
AT1G66145,0.1022361431632837
AT1G66150,0.3545904090474701
AT1G66160,0.3646857223358537
AT1G66170,0.1498778759200629
AT1G66173,0.8619260027739819
AT1G66180,0.7166148970702748
AT1G66190,0.39285645637724925
AT1G66200,1.0179183087705925
AT1G66210,0.1022361431632837
AT1G66220,0.1022361431632837
AT1G66230,0.5539234973331805
AT1G66235,0.1005546875699398
AT1G66240,0.8577684711796172
AT1G66245,0.1022361431632837
AT1G66250,0.4743417098047682
AT1G66260,0.3675974322646238
AT1G66270,1.2448711244111759
AT1G66280,0.844010472534455
AT1G66290,0.1019935489625394
AT1G66300,0.1347689508367185
AT1G66310,0.1022361431632837
AT1G66320,0.1636924529473887
AT1G66330,0.44839558521505124
AT1G66340,0.5471036670938525
AT1G66345,0.3747073893903492
AT1G66350,0.4192957255919515
AT1G66360,0.2241849674848569
AT1G66370,0.1022361431632837
AT1G66380,0.1022361431632837
AT1G66390,0.1022361431632837
AT1G66400,0.38724326629430517
AT1G66410,0.8498058834866211
AT1G66420,0.25245648398767007
AT1G66430,0.6290309008018392
AT1G66440,0.3990606007298711
AT1G66450,0.4374332074349577
AT1G66460,0.2445616725583677
AT1G66465,0.2922091924642992
AT1G66470,0.533704711804213
AT1G66480,0.41608489493780365
AT1G66490,0.1022361431632837
AT1G66500,0.5470113826573438
AT1G66510,0.4007831533997027
AT1G66520,0.4025985523100549
AT1G66530,0.45974898424660793
AT1G66540,0.382256103064755
AT1G66550,0.1019935489625394
AT1G66560,0.1022361431632837
AT1G66570,0.3896617476022023
AT1G66580,0.8630602367661417
AT1G66590,1.5360455857533113
AT1G66600,0.2863860199408972
AT1G66610,0.1022361431632837
AT1G66620,0.777650962707667
AT1G66630,0.1558018920617147
AT1G66640,0.1200414435836337
AT1G66650,0.2642090787907818
AT1G66660,0.24065659613328266
AT1G66670,0.5954068588570124
AT1G66680,0.5052833573312461
AT1G66690,0.2286147743692906
AT1G66700,0.9726726394390645
AT1G66720,0.1236524245713545
AT1G66725,2.069745582026241
AT1G66730,0.41675604770836505
AT1G66740,0.2961450415609983
AT1G66750,0.4937307302253218
AT1G66760,0.38360797356642506
AT1G66770,0.1374168258303683
AT1G66780,0.1717611758671272
AT1G66783,0.1022361431632837
AT1G66795,0.1019935489625394
AT1G66800,1.5449297751335425
AT1G66810,0.3658971249313114
AT1G66820,0.2805711096164971
AT1G66830,0.1456159326768725
AT1G66840,0.1943075660014906
AT1G66850,0.1022361431632837
AT1G66852,0.1022361431632837
AT1G66855,0.1022361431632837
AT1G66860,0.2049347681610031
AT1G66870,0.1187840689845669
AT1G66880,0.610876194719394
AT1G66890,0.36158180459495803
AT1G66900,0.5052667968261209
AT1G66910,0.484568203960834
AT1G66920,0.12278275826557489
AT1G66930,0.1629506875798668
AT1G66940,0.2891733937148977
AT1G66950,0.3192967433336382
AT1G66960,0.3843792178909866
AT1G66970,0.2517414526555249
AT1G66980,0.15950714866918708
AT1G67000,0.2212757627839555
AT1G67020,0.1864273517371194
AT1G67025,0.14860929803451842
AT1G67030,0.8260487401262867
AT1G67035,0.4110896873029836
AT1G67040,0.3339658142807284
AT1G67050,0.33438656628974783
AT1G67060,0.36933052519196263
AT1G67070,0.343430397775838
AT1G67080,0.8557083617186139
AT1G67090,1.7315124897217127
AT1G67100,1.5874530825248967
AT1G67105,1.3005217670185292
AT1G67110,0.644684762566563
AT1G67120,0.8900190989340011
AT1G67130,0.1022361431632837
AT1G67140,0.5661313094574452
AT1G67148,1.7482242651371769
AT1G67150,1.003888344689612
AT1G67160,0.1019935489625394
AT1G67170,0.5467302452591021
AT1G67180,0.3545301735439834
AT1G67190,0.2723634675762468
AT1G67195,1.2492851142966734
AT1G67210,0.29693674374421475
AT1G67220,0.1022361431632837
AT1G67230,0.7977867330932271
AT1G67235,0.1022361431632837
AT1G67238,0.1022361431632837
AT1G67250,0.5683814836762646
AT1G67260,0.1022361431632837
AT1G67265,0.1019935489625394
AT1G67270,0.1595627120534523
AT1G67280,0.6044045383728573
AT1G67290,0.1403785351196319
AT1G67300,0.5446290512192851
AT1G67310,0.33368790275632054
AT1G67320,0.5655396540788942
AT1G67325,0.3858904814885291
AT1G67328,1.3411839136634083
AT1G67330,1.822185057655173
AT1G67340,0.7270623050490344
AT1G67350,0.7428820607692441
AT1G67360,0.7482914621736818
AT1G67365,1.0434515735758803
AT1G67370,0.39300905238070705
AT1G67390,0.1022361431632837
AT1G67400,0.3265047723871102
AT1G67410,0.38290249686566213
AT1G67420,0.4728986521831591
AT1G67430,0.6082765662357081
AT1G67440,0.2881537354155602
AT1G67450,0.1022361431632837
AT1G67455,0.1392761529000145
AT1G67460,0.23707069791304508
AT1G67470,0.3621147219721044
AT1G67480,0.5775050531984329
AT1G67481,0.6179392304609412
AT1G67490,0.3286239647052908
AT1G67500,0.5519441465961938
AT1G67510,0.5330601145224465
AT1G67520,0.2036539480992317
AT1G67530,0.3972008383424883
AT1G67540,0.1022361431632837
AT1G67550,0.38691843219017097
AT1G67560,0.302844260572271
AT1G67570,0.47271475660420365
AT1G67580,0.45149378179579774
AT1G67590,0.5058861719487256
AT1G67600,0.6975682126480646
AT1G67620,0.81698268732779
AT1G67623,0.19202693557509348
AT1G67630,0.38932095243894516
AT1G67635,0.1261047222944956
AT1G67640,0.1022361431632837
AT1G67650,0.2240817440902662
AT1G67660,0.3407230646800133
AT1G67670,0.1101390564883733
AT1G67680,0.6992927152981113
AT1G67690,0.3792416864791129
AT1G67700,0.5160549549669071
AT1G67710,0.5739091246477771
AT1G67720,0.3514801793750938
AT1G67730,0.7524687555131602
AT1G67740,0.40558950477589967
AT1G67750,0.9820689036609423
AT1G67760,0.5334148629980762
AT1G67770,0.117030517145972
AT1G67775,0.1022361431632837
AT1G67780,0.3953113129312502
AT1G67785,0.7081984040512426
AT1G67790,0.3588025966557584
AT1G67792,0.3415211914830879
AT1G67800,0.6742798042351019
AT1G67810,0.8531420844598694
AT1G67820,0.44941155415549083
AT1G67830,0.615149580899735
AT1G67840,0.5177696543277677
AT1G67850,0.3093162253189884
AT1G67855,0.1731977960932645
AT1G67856,0.5810621991946749
AT1G67860,0.1022361431632837
AT1G67865,0.1016524999438922
AT1G67870,1.6761579771914301
AT1G67880,0.6574517542658171
AT1G67890,0.3356376784031893
AT1G67900,0.6668798546227585
AT1G67910,0.9108441564512375
AT1G67920,0.5517601787018005
AT1G67930,0.6389977134903793
AT1G67940,0.6677450250627768
AT1G67950,0.5001275815659915
AT1G67960,0.30568117505219755
AT1G67970,0.4073997167708715
AT1G67980,0.860913017535652
AT1G67990,0.38237025093424437
AT1G68000,0.8819904102453275
AT1G68010,0.6897292271491724
AT1G68020,0.4195505836633512
AT1G68030,0.4475308776507239
AT1G68040,0.6896448070895028
AT1G68050,0.46347633753679995
AT1G68060,0.46216261969477723
AT1G68070,0.46545406383570875
AT1G68080,0.4895782672901952
AT1G68090,0.1381880189739354
AT1G68100,0.37306334840889244
AT1G68110,0.1706956674577201
AT1G68120,0.34382752855568577
AT1G68130,0.539839557108576
AT1G68140,0.5843305925939783
AT1G68150,0.43996315875675096
AT1G68160,0.7291392245449747
AT1G68170,0.1019935489625394
AT1G68180,0.3690401663383116
AT1G68185,0.31010600385651454
AT1G68190,0.4482040610059716
AT1G68200,0.5124704088237225
AT1G68210,0.1022361431632837
AT1G68220,0.7608439600875869
AT1G68230,0.42734193014027116
AT1G68238,1.145854967385513
AT1G68240,1.0624116226780338
AT1G68250,4.577637406604435
AT1G68260,0.547011222568013
AT1G68270,0.1022361431632837
AT1G68280,0.1022361431632837
AT1G68290,0.8269238924216816
AT1G68300,0.8271335956933727
AT1G68310,0.5791215524505693
AT1G68320,0.10134379978257319
AT1G68325,0.14728146604398168
AT1G68330,0.41091696307784575
AT1G68340,0.2995800865345174
AT1G68350,0.5339577907309644
AT1G68360,0.6456595596957043
AT1G68370,0.4204493018764427
AT1G68380,0.1022361431632837
AT1G68390,0.336741543004836
AT1G68400,0.3259453549197729
AT1G68410,0.3276832890989604
AT1G68420,0.1022361431632837
AT1G68430,0.4548404125659311
AT1G68440,0.7470210485834077
AT1G68450,0.4229004846285393
AT1G68460,0.2735374293955753
AT1G68470,0.394461429718362
AT1G68480,0.1019935489625394
AT1G68490,0.4184290864258442
AT1G68500,0.37828799009749997
AT1G68510,0.1022361431632837
AT1G68520,0.2908052652998196
AT1G68526,0.1022361431632837
AT1G68530,0.7529265784367665
AT1G68540,0.5938091486478453
AT1G68550,0.31765046624059456
AT1G68560,0.7312778272364175
AT1G68568,0.147784077912338
AT1G68570,0.48397759781164496
AT1G68580,0.40187249626440547
AT1G68585,0.7031371834572232
AT1G68590,0.6434192382527621
AT1G68600,0.1202265747193619
AT1G68610,0.1022361431632837
AT1G68620,0.5270213628722284
AT1G68630,0.14478136962727228
AT1G68640,0.39043239506261956
AT1G68650,0.380240717915429
AT1G68660,0.4240873993620411
AT1G68670,0.4812395486986041
AT1G68680,0.6413219248543345
AT1G68690,0.3191597826196023
AT1G68700,0.1884247711475672
AT1G68710,0.46455213050156846
AT1G68720,0.5487271332677855
AT1G68723,0.2181806129235876
AT1G68725,0.4041661830258016
AT1G68730,0.42231970901281657
AT1G68740,1.029903001247298
AT1G68750,0.1022361431632837
AT1G68760,0.5738077309349772
AT1G68765,0.3132358594054635
AT1G68780,0.1184410909068661
AT1G68790,1.128580486606985
AT1G68795,0.6170254001995534
AT1G68800,0.1698809316946067
AT1G68810,1.0084743502737952
AT1G68820,0.5869101932595974
AT1G68825,1.0327313357746342
AT1G68830,0.4736953756149922
AT1G68840,0.5486002630025842
AT1G68845,0.2326971726923405
AT1G68850,0.8096244122460343
AT1G68862,0.3830547187317298
AT1G68870,0.23092210283115788
AT1G68872,0.4550815245650576
AT1G68875,0.1022361431632837
AT1G68877,0.1022361431632837
AT1G68880,1.054268156999649
AT1G68890,0.3648439849797901
AT1G68905,0.1022361431632837
AT1G68907,0.1022361431632837
AT1G68910,0.38531294016007034
AT1G68920,0.4646705319319665
AT1G68930,0.39626344693479043
AT1G68935,0.1483875327447226
AT1G68937,0.1184817247737744
AT1G68940,0.284935702614991
AT1G68945,1.4145666486434068
AT1G68950,0.1019935489625394
AT1G68960,0.1022361431632837
AT1G68980,0.3613956817604329
AT1G68990,0.6644239726182839
AT1G69000,0.1022361431632837
AT1G69010,0.5207741728480201
AT1G69020,0.36659581634695
AT1G69030,0.9293936054889793
AT1G69040,0.9873703958059714
AT1G69050,0.31694009308143456
AT1G69060,0.41958191812369505
AT1G69070,0.7230404698245066
AT1G69080,0.4014043142310191
AT1G69085,0.2849574164203078
AT1G69090,0.1019935489625394
AT1G69100,0.1022361431632837
AT1G69120,0.1244448072456458
AT1G69150,0.3435399358834027
AT1G69160,0.7528473804218779
AT1G69170,0.4568320880535265
AT1G69180,0.1022361431632837
AT1G69190,0.1022361431632837
AT1G69200,0.5082695050324093
AT1G69210,0.4527043460120904
AT1G69220,0.43197898952365466
AT1G69230,2.097749218272727
AT1G69240,0.39917047697582164
AT1G69250,0.4798143149463213
AT1G69252,1.1938961577617637
AT1G69260,0.4541766268785492
AT1G69270,0.4629188158113533
AT1G69280,0.3494723535429833
AT1G69290,0.30591470785509456
AT1G69295,0.5997079570550126
AT1G69300,0.107071059523087
AT1G69310,0.9101025508136856
AT1G69320,0.1022361431632837
AT1G69325,0.45454612919815374
AT1G69330,0.700028110525077
AT1G69340,0.5163718934505516
AT1G69350,0.3349180748258121
AT1G69360,0.7807473401987175
AT1G69370,0.519179725921108
AT1G69380,0.5669425804904398
AT1G69390,0.5560751389041227
AT1G69400,0.37858847897317405
AT1G69410,0.8123149213332455
AT1G69420,0.540269743621113
AT1G69430,0.3233226897255243
AT1G69440,0.3431990250045022
AT1G69450,0.6220869873055486
AT1G69460,0.6542893646236727
AT1G69470,0.2620671411398361
AT1G69480,0.37735121494255885
AT1G69485,0.18917673107305158
AT1G69490,0.4461907679273809
AT1G69500,0.1185316509985577
AT1G69510,1.2710106077965684
AT1G69520,0.3368986349883166
AT1G69523,0.2191144488971633
AT1G69526,0.9710174811731432
AT1G69530,0.6088163298115705
AT1G69540,0.2809468673538807
AT1G69550,0.5475526676702729
AT1G69560,0.2366724877372664
AT1G69570,0.3142880109820746
AT1G69572,0.2736940228781015
AT1G69580,0.8113438770167457
AT1G69587,0.710489280412888
AT1G69588,0.4730661907369516
AT1G69600,0.8705868931570067
AT1G69610,0.2575238168418527
AT1G69620,0.7256905396320259
AT1G69630,0.12417003076584669
AT1G69640,0.7082916064510232
AT1G69650,0.1022361431632837
AT1G69660,0.1022361431632837
AT1G69670,0.3733099373297424
AT1G69680,0.4908226629113308
AT1G69690,0.5618639720698211
AT1G69700,0.866895842351519
AT1G69710,0.2272225618074689
AT1G69720,0.1022361431632837
AT1G69730,0.1022361431632837
AT1G69740,0.47408983783138325
AT1G69750,1.125811882805295
AT1G69760,1.3896350900517613
AT1G69770,0.5724083561381742
AT1G69780,1.1535738637640736
AT1G69790,0.3422977823688536
AT1G69792,0.1022361431632837
AT1G69795,0.1022361431632837
AT1G69797,0.1022361431632837
AT1G69800,0.7009952739515298
AT1G69810,0.701803532313579
AT1G69818,0.1226142477931296
AT1G69820,0.1022361431632837
AT1G69825,0.1022361431632837
AT1G69828,0.1022361431632837
AT1G69830,0.3696833607810186
AT1G69840,0.9757783856648183
AT1G69850,0.8168216943749986
AT1G69860,0.1022361431632837
AT1G69870,0.563106193396519
AT1G69880,1.9755525244728207
AT1G69890,0.31691642578425705
AT1G69900,0.46449900900436913
AT1G69910,0.4278631595430866
AT1G69920,0.7147296908059401
AT1G69930,0.5606054973984003
AT1G69935,0.27879689652230966
AT1G69940,0.3587457549560201
AT1G69960,0.597555938116296
AT1G69970,0.4836293288357637
AT1G69980,0.8020136228398128
AT1G69990,0.2768732355427158
AT1G70000,0.33681094481214
AT1G70020,0.187703544210818
AT1G70030,0.1022361431632837
AT1G70040,0.1022361431632837
AT1G70050,0.1022361431632837
AT1G70060,0.45910076010632234
AT1G70070,0.3314026950247904
AT1G70080,0.9044775979401488
AT1G70090,0.46382509872671146
AT1G70100,0.3221415435623981
AT1G70110,0.1175639997462149
AT1G70120,0.1022361431632837
AT1G70130,0.1022361431632837
AT1G70140,0.2909964684614198
AT1G70150,0.4133526824233659
AT1G70160,0.4588798633680595
AT1G70170,0.38968417668552957
AT1G70175,0.1193290917277917
AT1G70180,0.6182011566565283
AT1G70185,0.5215033558731039
AT1G70190,0.7717645809904581
AT1G70200,0.528480816244352
AT1G70209,0.1019935489625394
AT1G70210,0.5288029749626333
AT1G70220,0.14847698461503428
AT1G70230,0.7282929199935877
AT1G70250,0.2999189537873801
AT1G70260,1.090993320621861
AT1G70270,0.1672723502645202
AT1G70280,0.5183808666998684
AT1G70290,0.7803240171565773
AT1G70300,0.5952890671559281
AT1G70310,1.0381040524232963
AT1G70320,0.9409638723170858
AT1G70330,0.6153051838361541
AT1G70335,0.1312317956709067
AT1G70340,0.5644500533386687
AT1G70350,0.742142387888699
AT1G70360,0.29076423191973844
AT1G70370,0.9497473821471936
AT1G70380,0.1022361431632837
AT1G70390,0.1718797238480566
AT1G70400,0.1022361431632837
AT1G70410,1.2570918515406038
AT1G70420,0.40123586784437826
AT1G70430,0.29503683922292767
AT1G70440,0.27738958400364
AT1G70450,0.2920940325051887
AT1G70460,0.4681936484349568
AT1G70470,0.7663047142084599
AT1G70475,0.12093128167835761
AT1G70480,0.6210251490766978
AT1G70490,0.6380518205619441
AT1G70500,0.360101198229127
AT1G70505,0.4745165370312786
AT1G70510,0.3018304623593317
AT1G70518,0.4424810529312963
AT1G70520,0.35283795084032094
AT1G70530,0.3927255732859838
AT1G70540,0.1276362172827654
AT1G70550,0.4190176620629346
AT1G70560,0.40866015459334615
AT1G70570,0.49906994059145243
AT1G70580,0.5125131650737299
AT1G70581,0.3482842523658626
AT1G70590,0.32496347827715083
AT1G70600,1.0262095208859323
AT1G70610,0.3585540108853291
AT1G70620,0.5302085814342
AT1G70630,0.2475828542311618
AT1G70640,0.3995153384702133
AT1G70645,0.1022361431632837
AT1G70650,0.4469888182588835
AT1G70660,0.9452347525410418
AT1G70670,0.8814287875463155
AT1G70680,0.21500128967735938
AT1G70690,0.5803222123919671
AT1G70700,1.0365548521345247
AT1G70710,1.233326128616232
AT1G70720,0.5977546591439487
AT1G70730,0.327674560686807
AT1G70740,0.27436306656520537
AT1G70750,0.3532529309988641
AT1G70760,0.4247349399073101
AT1G70770,0.885137473041995
AT1G70780,0.6895137692484037
AT1G70790,0.4639972003321203
AT1G70800,0.5153168701882314
AT1G70810,0.4578119472414791
AT1G70820,0.2440946728537921
AT1G70830,1.8281029788665004
AT1G70840,1.4694722880388542
AT1G70850,0.9799567554646078
AT1G70860,0.44080988257696707
AT1G70870,0.1022361431632837
AT1G70880,0.673484050243741
AT1G70890,1.0563416685000437
AT1G70895,0.3201764473658156
AT1G70900,0.5064872107305077
AT1G70910,0.12684500277430122
AT1G70920,0.4576260623273567
AT1G70940,0.6154493859969705
AT1G70944,0.1022361431632837
AT1G70949,0.1022361431632837
AT1G70950,0.41778740328751324
AT1G70960,0.1022361431632837
AT1G70970,0.1022361431632837
AT1G70980,0.4348046669185087
AT1G70985,0.4428417430959085
AT1G70990,0.6089499462127902
AT1G71000,0.1943618211044236
AT1G71002,0.1405202869150198
AT1G71010,0.7095519072565946
AT1G71015,0.544223808667241
AT1G71020,0.5824620265215761
AT1G71030,0.2806792945984516
AT1G71040,0.4203645103663036
AT1G71050,0.32238420746076846
AT1G71060,0.3607503807996586
AT1G71070,0.8885301357507894
AT1G71080,0.730628293450527
AT1G71090,0.5498246262943474
AT1G71100,0.3399817745316823
AT1G71110,0.6899792082660448
AT1G71120,0.1019935489625394
AT1G71130,0.668912091636995
AT1G71140,0.3882461498835027
AT1G71150,0.1022361431632837
AT1G71160,0.1022361431632837
AT1G71170,0.4306472741580837
AT1G71180,0.33614323487323067
AT1G71190,0.7229465557074259
AT1G71200,0.7324881467268081
AT1G71210,0.4901523726328486
AT1G71220,0.6748512312144784
AT1G71230,0.3342795928227459
AT1G71235,0.1022361431632837
AT1G71240,0.3684255023326449
AT1G71250,0.6035366933912447
AT1G71260,0.49713893425114253
AT1G71270,0.5096716912914884
AT1G71280,0.2679997294723569
AT1G71290,0.1022361431632837
AT1G71300,0.1241282221298157
AT1G71310,0.30449265510731394
AT1G71320,0.1022361431632837
AT1G71330,0.3089280847700452
AT1G71340,0.9519657118649083
AT1G71350,0.4852967236943302
AT1G71360,0.36604173972313414
AT1G71370,0.1016524999438922
AT1G71380,0.4629323222119309
AT1G71390,0.1022361431632837
AT1G71400,0.6413943703513771
AT1G71410,0.3512631701476687
AT1G71420,0.2307886721052916
AT1G71430,0.5510702238562692
AT1G71440,0.3887179165455032
AT1G71450,0.117517155853894
AT1G71460,0.5540793307817703
AT1G71470,0.1022361431632837
AT1G71480,0.40156087253046635
AT1G71490,0.2592151381138835
AT1G71500,0.4418259729814466
AT1G71520,0.3132842255176692
AT1G71528,0.4919258959995513
AT1G71530,0.5181072521122916
AT1G71680,0.1022361431632837
AT1G71690,0.4896082645569307
AT1G71691,0.174727502205254
AT1G71692,0.9383616779638138
AT1G71695,0.4043284443273724
AT1G71696,0.7339495785072383
AT1G71697,0.553510988097221
AT1G71700,0.1022361431632837
AT1G71710,0.5739874469008119
AT1G71720,0.32714204772245425
AT1G71730,0.414106455210171
AT1G71740,1.2550170688058557
AT1G71750,0.28179380315611546
AT1G71760,0.2904771129985948
AT1G71770,0.2217951764552725
AT1G71780,0.5244872051152525
AT1G71790,0.6510368600385277
AT1G71800,0.4874551731019775
AT1G71810,0.3058634586512594
AT1G71820,0.3521044678782306
AT1G71828,0.1138011164108724
AT1G71830,0.5309110791024447
AT1G71840,0.4444949915949232
AT1G71850,0.5188898385638231
AT1G71860,0.6062710532918142
AT1G71865,0.3766261608022252
AT1G71866,0.1022361431632837
AT1G71870,1.1842085387543715
AT1G71880,1.435619878894978
AT1G71890,0.1682106412922632
AT1G71900,0.5730234260711448
AT1G71910,0.2265632344915786
AT1G71920,0.8003419334886046
AT1G71930,0.26889938953431847
AT1G71940,0.6648123352048595
AT1G71950,0.6771924986954219
AT1G71960,0.39961790615918635
AT1G71970,0.4606724174951379
AT1G71980,0.6358734924597003
AT1G71990,0.7748436441586909
AT1G72000,0.10075254141967468
AT1G72010,0.5583930472155336
AT1G72020,0.8559758547400773
AT1G72030,0.3439114500328662
AT1G72040,0.7824634323165517
AT1G72050,0.8913840479841321
AT1G72060,0.8907634442267379
AT1G72070,0.4013022841582598
AT1G72080,0.1022361431632837
AT1G72090,0.4716060119876597
AT1G72100,1.8881467248709567
AT1G72110,0.1022361431632837
AT1G72120,0.44516580401156153
AT1G72125,0.3315195613714698
AT1G72130,0.4829731490187774
AT1G72140,0.5253923719001401
AT1G72141,0.1022361431632837
AT1G72150,0.9599484527723567
AT1G72160,0.8957209747671817
AT1G72170,0.5145431014001081
AT1G72175,0.4325763426376793
AT1G72180,0.40327913754674694
AT1G72190,0.2727440927193062
AT1G72200,0.7519338220200129
AT1G72210,0.3417375632542444
AT1G72220,0.372526056894531
AT1G72230,0.8450574092042329
AT1G72240,0.5483843878684728
AT1G72250,0.3696439540994919
AT1G72260,0.13205340465455018
AT1G72270,0.2043098295836979
AT1G72275,0.2482803579076227
AT1G72280,0.5891775425049087
AT1G72290,0.1022361431632837
AT1G72300,0.630304273267212
AT1G72310,0.9719927915854608
AT1G72320,0.48430508101695946
AT1G72330,0.32535906282808225
AT1G72340,0.32257182443876375
AT1G72350,0.1022361431632837
AT1G72360,0.49793389548145167
AT1G72370,0.810356827401427
AT1G72390,0.5336991706033754
AT1G72410,0.5494995544450181
AT1G72416,0.6956014079958028
AT1G72420,0.8133329427973841
AT1G72430,1.0687009688627918
AT1G72440,0.5678811939904966
AT1G72450,0.9878352327479858
AT1G72460,0.1001810529850545
AT1G72470,0.48768743552763794
AT1G72480,0.4954481068052031
AT1G72490,1.0035810411182278
AT1G72500,0.5362570289047481
AT1G72510,1.0699019484365104
AT1G72520,0.3840049062858065
AT1G72530,0.44155809330122475
AT1G72540,0.24425448246157488
AT1G72545,0.10134379978257319
AT1G72550,0.615431134575444
AT1G72560,0.38767855226455233
AT1G72570,0.1022361431632837
AT1G72580,0.5463776927790972
AT1G72590,0.1705382012542173
AT1G72600,0.3813244744091262
AT1G72610,0.8188836420694575
AT1G72620,0.158126985199563
AT1G72630,0.5274095619653004
AT1G72640,0.33243675243436244
AT1G72645,0.8117384097862876
AT1G72650,0.47811731188688283
AT1G72660,0.2652812451726685
AT1G72670,0.2909351775281935
AT1G72680,0.5701466081953913
AT1G72690,0.9392248078999317
AT1G72700,0.4325964304869002
AT1G72710,0.6852067469434769
AT1G72720,0.4744408309532472
AT1G72730,0.6166575552115239
AT1G72740,0.5411322884442
AT1G72750,0.5756905143118749
AT1G72755,0.1022361431632837
AT1G72760,0.1849894322426181
AT1G72770,0.32646447160993536
AT1G72790,0.40991921020669986
AT1G72800,0.5192618269377957
AT1G72810,0.7014408638836408
AT1G72820,0.5257077835001278
AT1G72830,0.435353766558411
AT1G72840,0.4544922992926353
AT1G72850,0.43559843232298434
AT1G72852,0.2797557764415226
AT1G72855,0.3911029751973937
AT1G72860,0.2728983550562566
AT1G72870,0.37490520762085655
AT1G72880,0.4275449278825236
AT1G72890,0.3508291375603776
AT1G72900,0.3974426858994461
AT1G72910,0.1022361431632837
AT1G72920,0.3542248085797773
AT1G72930,0.4771196398000905
AT1G72940,0.3346668470205677
AT1G72950,0.2421652450378811
AT1G72960,0.2712972678281263
AT1G72970,0.4752594268754809
AT1G72980,0.1022361431632837
AT1G72990,0.3625063971694123
AT1G73000,0.2595134282513416
AT1G73010,1.616744597651393
AT1G73020,0.22950221379531419
AT1G73030,0.5773040222756536
AT1G73040,0.38141926495914413
AT1G73050,0.1022361431632837
AT1G73060,0.48976461711638575
AT1G73065,0.1022361431632837
AT1G73066,0.16451045949405138
AT1G73080,0.37084916255698125
AT1G73090,0.25501556643435386
AT1G73100,0.39067447684261225
AT1G73110,0.3146587318396339
AT1G73120,1.2268119128763417
AT1G73130,0.38028499209254096
AT1G73140,0.2444354673407834
AT1G73150,0.3311492933354967
AT1G73160,0.5125599974615027
AT1G73165,0.9550920408206285
AT1G73170,0.5479092939126777
AT1G73177,0.6642669420510263
AT1G73180,0.6361780249258091
AT1G73190,2.8519430041962677
AT1G73200,0.34898478377931313
AT1G73210,0.33554459433910266
AT1G73220,0.988995228137105
AT1G73230,0.6075647984827603
AT1G73240,0.5626071526578262
AT1G73250,0.5134480251171463
AT1G73260,1.3549926423962497
AT1G73270,0.29512202081097016
AT1G73280,0.40604864275810115
AT1G73290,0.5039525588536441
AT1G73300,0.3880491790784727
AT1G73310,0.47685674927738764
AT1G73320,0.2663922748603856
AT1G73325,0.1114483135793533
AT1G73330,2.2390108692423834
AT1G73340,0.35396936224284503
AT1G73350,0.52404900884503
AT1G73360,0.39000472274556197
AT1G73370,0.40940475844189933
AT1G73380,0.6177048044718019
AT1G73390,0.5367214347305951
AT1G73400,0.29828553107942896
AT1G73410,0.5982578597123378
AT1G73430,0.45116928286717706
AT1G73440,0.3770289889195332
AT1G73450,0.295907722230022
AT1G73460,0.41357029666791406
AT1G73470,0.4696248052949385
AT1G73480,0.3196833899441522
AT1G73490,2.0575653464744996
AT1G73500,0.6171223672197201
AT1G73510,0.12178359711450179
AT1G73530,0.382888578449631
AT1G73540,0.7231270000660538
AT1G73550,0.27460194669765803
AT1G73560,0.1665079811809386
AT1G73570,0.32873477005180207
AT1G73580,0.8071984880421033
AT1G73590,0.4237072650068139
AT1G73600,1.3885798994957246
AT1G73603,0.1022361431632837
AT1G73607,0.1022361431632837
AT1G73610,0.1773901158016934
AT1G73620,0.7561398208248413
AT1G73630,0.5782194243991817
AT1G73640,0.9599317589510901
AT1G73650,0.8056115037122575
AT1G73655,0.36442062106013895
AT1G73660,0.6454724310353175
AT1G73670,0.3421330993670116
AT1G73680,0.33672152520594556
AT1G73687,0.2966304912991793
AT1G73690,0.5936265786979154
AT1G73700,0.2655788968935064
AT1G73710,0.3883610546666725
AT1G73720,0.45781876382927
AT1G73730,0.3516621193228672
AT1G73740,0.27111297136387746
AT1G73750,0.3504131455372341
AT1G73760,0.3862508744153311
AT1G73770,0.5128292216467231
AT1G73780,0.4745948019878708
AT1G73790,0.5556281848631491
AT1G73805,0.3692176115759473
AT1G73810,0.4426383179504965
AT1G73820,0.562003794456625
AT1G73830,0.24133194711067668
AT1G73840,0.46300471751180194
AT1G73850,0.41006100404897894
AT1G73860,0.2906979994018303
AT1G73870,0.1022361431632837
AT1G73875,0.34677663807570835
AT1G73880,0.27050670541196353
AT1G73885,0.5359150445943459
AT1G73890,0.1381704610540367
AT1G73910,0.2978785512866176
AT1G73920,0.8107871947816615
AT1G73930,0.3792301525353373
AT1G73940,0.9946231763270861
AT1G73950,0.38200215865672393
AT1G73960,0.38052926012199806
AT1G73965,0.347135543716083
AT1G73970,0.3199735337340851
AT1G73980,0.34019186120825506
AT1G73990,0.3437752744994953
AT1G74000,0.4499778070095922
AT1G74010,0.3053708668276565
AT1G74020,0.9488219605646135
AT1G74030,0.8008051041049395
AT1G74035,0.1022361431632837
AT1G74040,0.36068602836157837
AT1G74045,0.1022361431632837
AT1G74050,0.7889390551142745
AT1G74055,0.1022361431632837
AT1G74060,0.6737017220562986
AT1G74070,0.39195443677293873
AT1G74080,0.2608606938303132
AT1G74088,0.543553097210213
AT1G74090,1.4386219772694586
AT1G74100,0.755014267124652
AT1G74110,0.1022361431632837
AT1G74120,0.3211053546897839
AT1G74130,0.27781278653942143
AT1G74140,0.1022361431632837
AT1G74150,0.34034769790957575
AT1G74160,0.6566759197592169
AT1G74170,0.40452544821467146
AT1G74180,0.24816824808709198
AT1G74190,0.1451897228359951
AT1G74200,0.3261646335303675
AT1G74205,0.1427022631696267
AT1G74210,1.233334271240736
AT1G74220,0.1022361431632837
AT1G74230,0.3532525045463313
AT1G74240,0.3386524764157292
AT1G74250,0.8986206671365504
AT1G74260,0.7934458165197361
AT1G74270,0.6546169492781613
AT1G74280,0.3526432068519646
AT1G74290,0.1718682069935688
AT1G74300,0.4403168953247808
AT1G74310,0.858476948906759
AT1G74320,0.5303215804995364
AT1G74330,0.2924587382457539
AT1G74340,0.6643120684590922
AT1G74350,0.3295968462494608
AT1G74360,0.4237343077362375
AT1G74370,0.40733247337040485
AT1G74380,0.5527735729108032
AT1G74385,0.1120655929185947
AT1G74390,0.3065007005078586
AT1G74400,0.39508431780064046
AT1G74410,0.321689825721961
AT1G74420,0.2273894954753146
AT1G74430,0.3327279556478269
AT1G74440,0.6039498809406812
AT1G74450,0.2817769263128861
AT1G74453,0.6052807780705814
AT1G74456,0.39759295895333924
AT1G74458,1.0484531180278132
AT1G74460,1.6013297317481379
AT1G74470,0.8984474167584451
AT1G74480,0.1022361431632837
AT1G74490,0.5666616507911815
AT1G74500,0.5238649485587841
AT1G74510,0.43130728131295293
AT1G74520,1.0060394051489838
AT1G74530,0.5450771009311154
AT1G74540,0.1022361431632837
AT1G74545,0.32912910553488983
AT1G74550,0.2757012121295175
AT1G74560,1.2989516325347261
AT1G74570,0.11741488723911679
AT1G74580,0.2686719024502261
AT1G74590,0.491441001110988
AT1G74600,0.47504120329187305
AT1G74620,0.1022361431632837
AT1G74630,0.2760032966482796
AT1G74640,0.291169319766361
AT1G74650,0.338457158842973
AT1G74660,0.6509550704090608
AT1G74670,1.2528732720232323
AT1G74675,0.1022361431632837
AT1G74680,0.44426751434587003
AT1G74690,0.6964103986884098
AT1G74700,0.4739444083096726
AT1G74710,0.28758348243439136
AT1G74720,0.46377732810189376
AT1G74730,0.4922348054495648
AT1G74740,0.3611378845183668
AT1G74750,0.3354731311027908
AT1G74770,0.5058589109676505
AT1G74780,0.542943621567009
AT1G74790,0.4982784806513967
AT1G74800,0.5191233342293717
AT1G74810,0.23350568074009198
AT1G74820,0.1022361431632837
AT1G74830,0.40228762121686
AT1G74840,0.9739200536005279
AT1G74850,0.3174269928545173
AT1G74860,0.2620371483718465
AT1G74870,0.3052043843411544
AT1G74875,0.1032896431358042
AT1G74880,0.48032796896783947
AT1G74890,0.7662582151184263
AT1G74900,0.34462093485304024
AT1G74910,0.769870012449985
AT1G74920,0.5731138400341214
AT1G74929,0.1022361431632837
AT1G74930,0.37315031155713785
AT1G74940,0.6266317447246369
AT1G74950,1.0583655034939468
AT1G74960,0.5599424280968486
AT1G74970,0.44555459676599907
AT1G74990,0.2687007937509728
AT1G75000,0.363735108082522
AT1G75010,0.3603647096342718
AT1G75020,0.4193154639157844
AT1G75030,0.4339951357581129
AT1G75040,0.1022361431632837
AT1G75050,0.1022361431632837
AT1G75060,0.4096642398513938
AT1G75080,0.3648638566111595
AT1G75090,0.27913293260492944
AT1G75100,0.31643189967825514
AT1G75110,0.29489591660055176
AT1G75120,0.2866261345297308
AT1G75125,0.3221183188482153
AT1G75130,0.5268625793109034
AT1G75140,0.5677750356583453
AT1G75150,0.35169461863761997
AT1G75160,0.2298975632421989
AT1G75163,0.1956058875528221
AT1G75166,0.2763717097404798
AT1G75170,0.4860123367944015
AT1G75180,0.3491912610698702
AT1G75190,0.2834073672105769
AT1G75200,0.5206439373920189
AT1G75210,0.5131688816376192
AT1G75220,0.6075696002061173
AT1G75230,0.46676625018862355
AT1G75240,0.7183529078394345
AT1G75250,0.5044744515436725
AT1G75260,0.2566386029950785
AT1G75270,0.6501214552737271
AT1G75280,0.6486628050777687
AT1G75290,0.3395765797114973
AT1G75295,0.34128480383169063
AT1G75300,0.367914550583204
AT1G75310,0.5310069758047189
AT1G75330,0.6073949024101419
AT1G75335,0.68701294878336
AT1G75340,0.4547718647973302
AT1G75350,0.5820176786182244
AT1G75360,0.2165867284892496
AT1G75370,0.356116211390973
AT1G75380,0.5628159117593212
AT1G75390,0.6952115553600969
AT1G75400,0.474238956219467
AT1G75410,0.36122723741490376
AT1G75420,0.43034268960550315
AT1G75430,0.22755731822262498
AT1G75440,0.6917165003597494
AT1G75450,0.5485140423902188
AT1G75460,0.2490577329522205
AT1G75470,0.1022361431632837
AT1G75490,1.3015074017550785
AT1G75500,1.013126777432337
AT1G75510,0.7400904489513489
AT1G75520,0.49111047971174326
AT1G75530,0.1212734192594197
AT1G75540,0.9192144319743909
AT1G75550,0.3073330013695312
AT1G75560,0.39745250117058895
AT1G75580,0.46724092564237385
AT1G75590,0.2442664884807329
AT1G75600,0.3674962551915693
AT1G75620,0.34342567303954796
AT1G75630,0.6369613604783169
AT1G75640,0.5614701355945586
AT1G75660,0.5688633867855986
AT1G75670,0.6499207309780966
AT1G75680,0.8104945702342135
AT1G75690,0.40532851331513997
AT1G75700,0.332558647148196
AT1G75710,0.5054915580219425
AT1G75717,0.3603994639019811
AT1G75720,0.4645860816715446
AT1G75730,0.4240881382235066
AT1G75750,1.3034127268797442
AT1G75760,0.5306560724437255
AT1G75770,0.1789058406693982
AT1G75780,0.8468176056625671
AT1G75785,0.8373491130270215
AT1G75790,0.1022361431632837
AT1G75800,0.7058446941185992
AT1G75810,0.414327274578822
AT1G75820,0.6762879584898116
AT1G75830,3.56709912934132
AT1G75840,0.6582443383626588
AT1G75850,0.5262323673245012
AT1G75860,0.6640322253029051
AT1G75870,0.1022361431632837
AT1G75880,0.4279654448023938
AT1G75890,0.3023010788450894
AT1G75891,0.260614287811421
AT1G75900,0.49890139661069266
AT1G75910,0.1022361431632837
AT1G75920,0.2103803859240114
AT1G75930,0.17546903662044308
AT1G75940,0.14405599936650781
AT1G75945,1.4595088091675468
AT1G75950,0.5810326308587426
AT1G75960,0.210601910881554
AT1G75970,0.1022361431632837
AT1G75980,0.9450074604272674
AT1G75990,0.542281423381833
AT1G76010,0.6034682966000517
AT1G76020,0.5882424258082597
AT1G76030,0.7043361678732485
AT1G76040,0.6447415232764473
AT1G76050,0.3132457529566446
AT1G76060,0.28649073834759986
AT1G76062,0.137480187709624
AT1G76065,0.475411469018435
AT1G76070,0.3917734017939376
AT1G76080,0.5014434934160316
AT1G76090,0.6588753235166598
AT1G76100,0.2829700169812698
AT1G76110,0.4080188177969984
AT1G76120,0.7242216867675498
AT1G76130,0.4620434450222976
AT1G76135,0.10134379978257319
AT1G76140,0.4585441903496692
AT1G76150,0.4928826765047306
AT1G76160,0.8155167447324401
AT1G76170,0.5123240752089692
AT1G76180,1.001127060885127
AT1G76185,0.5438661588751003
AT1G76190,0.21328808967781201
AT1G76200,0.6950744647861771
AT1G76210,0.2494750394706258
AT1G76220,0.4597607200561445
AT1G76230,0.2878730090118754
AT1G76240,0.4617703621884012
AT1G76250,0.3492579999144516
AT1G76260,0.4508070900060279
AT1G76270,0.355864353580961
AT1G76280,0.41420155952941046
AT1G76290,0.1019935489625394
AT1G76300,0.4804179213446762
AT1G76310,0.5274164036141584
AT1G76320,0.40280967645349497
AT1G76330,0.1022361431632837
AT1G76340,0.44753982833315764
AT1G76350,0.3451820741092772
AT1G76360,0.26435862564227847
AT1G76370,0.1022361431632837
AT1G76380,0.3579681975472202
AT1G76390,0.30991918670107216
AT1G76400,0.8543145656562279
AT1G76405,0.5698660582641107
AT1G76410,0.6224930059633978
AT1G76420,0.4150298424991491
AT1G76430,0.2621919939035648
AT1G76440,0.7170368901786065
AT1G76450,0.44111805355669687
AT1G76460,0.5842799913259031
AT1G76465,0.1141056734743095
AT1G76470,0.4747886744838315
AT1G76480,0.34764455058208166
AT1G76490,0.6292257337440068
AT1G76500,0.5358712728282509
AT1G76510,0.44784434677747303
AT1G76520,0.5690453348690817
AT1G76530,0.12908137686511578
AT1G76540,0.543266585209896
AT1G76550,0.45023331437131
AT1G76560,0.4489940139859398
AT1G76570,0.44316855477901695
AT1G76580,0.3842479285496974
AT1G76590,0.7625508358427735
AT1G76600,0.48258413041878323
AT1G76610,0.1923064322379225
AT1G76620,0.3506589602867834
AT1G76630,0.4596981926790803
AT1G76640,0.3288320756243334
AT1G76650,0.4850655548423559
AT1G76660,0.6421103867289184
AT1G76670,0.8172193911713361
AT1G76680,0.8108758346640064
AT1G76690,0.7775371279774592
AT1G76700,0.34055022258795076
AT1G76705,0.2619916269606156
AT1G76710,0.4837864251318892
AT1G76720,0.3582730479622603
AT1G76728,0.11567378740274109
AT1G76730,0.36077609498224966
AT1G76740,0.4184340062614349
AT1G76750,0.11805042172946159
AT1G76760,0.5056206926005415
AT1G76770,0.2241123113157659
AT1G76780,0.6533201091804286
AT1G76790,0.8811862721299606
AT1G76800,0.9009801076800499
AT1G76810,0.8782560902823484
AT1G76820,0.33591424766174627
AT1G76830,0.1022361431632837
AT1G76840,0.1022361431632837
AT1G76850,0.3517297302205749
AT1G76860,0.5955992677072379
AT1G76870,0.2990935944733431
AT1G76878,0.39271930958570933
AT1G76880,0.8138669585238685
AT1G76890,0.5042887813713479
AT1G76892,0.1022361431632837
AT1G76900,0.7898358591956917
AT1G76910,0.1022361431632837
AT1G76920,0.6259770190441217
AT1G76930,1.696577488501818
AT1G76940,0.5049769515986521
AT1G76950,0.48055847623696485
AT1G76952,0.7670792198353515
AT1G76954,0.1146052352614781
AT1G76955,0.1808536197867083
AT1G76960,0.1022361431632837
AT1G76965,0.1183016496046285
AT1G76970,0.34579398864016975
AT1G76980,0.591532522457568
AT1G76990,1.0712645164974466
AT1G76994,0.16955542778124502
AT1G77000,0.5423048895034095
AT1G77010,0.2790276490193498
AT1G77020,0.7883334870574011
AT1G77030,0.48867695025842456
AT1G77060,0.41584550623698735
AT1G77080,0.8135356536683084
AT1G77090,0.38015844571626334
AT1G77093,0.1346726789823098
AT1G77100,0.1831602510573934
AT1G77110,0.3096218255529521
AT1G77120,2.067457538384827
AT1G77122,0.32278348294866854
AT1G77130,1.1573339148540502
AT1G77138,0.2982283639924213
AT1G77140,0.4441299803990028
AT1G77145,0.41510590006087145
AT1G77150,0.1019935489625394
AT1G77160,0.10464964316728011
AT1G77170,0.3402827449358769
AT1G77180,0.4307535227113113
AT1G77190,0.1022361431632837
AT1G77200,0.31312484800549056
AT1G77210,0.168907252815777
AT1G77220,0.42744281591352884
AT1G77230,0.36284284832243435
AT1G77235,0.3865599487019098
AT1G77240,0.158794115803411
AT1G77250,0.4742133712165262
AT1G77260,0.32676096940902566
AT1G77270,0.36123562805877907
AT1G77280,0.35950571768381034
AT1G77290,0.3551308552433685
AT1G77300,0.5239561444410579
AT1G77310,0.3039682965152762
AT1G77320,0.36819024834666897
AT1G77330,0.62420005473378
AT1G77340,0.1249201485632255
AT1G77350,0.5327486291041577
AT1G77360,0.2915969792028704
AT1G77370,0.5678574172861885
AT1G77380,0.45828851522021435
AT1G77390,0.23789189274154882
AT1G77400,0.48693145576915264
AT1G77405,0.3487236875359345
AT1G77410,0.394496728179762
AT1G77420,0.45904464233127884
AT1G77440,0.519625178883369
AT1G77450,0.7340332912565816
AT1G77460,0.4743846139773197
AT1G77470,0.5330958288583029
AT1G77480,1.1816462489397257
AT1G77490,0.3989840322909149
AT1G77500,0.46759157792888656
AT1G77510,0.561020863966246
AT1G77520,1.5485446162999679
AT1G77525,0.5405346083454335
AT1G77530,1.2091578496949817
AT1G77540,0.6971124448762098
AT1G77550,0.7580040518276503
AT1G77570,0.378800567052017
AT1G77580,0.7211286576642031
AT1G77590,0.5794358208277852
AT1G77600,0.3770915968891676
AT1G77610,0.5110501098396012
AT1G77620,0.3500233487628896
AT1G77630,0.35644929798046676
AT1G77640,0.4568065190100438
AT1G77650,0.1022361431632837
AT1G77655,0.14456999596868159
AT1G77660,0.4031833549981956
AT1G77670,0.859794404608123
AT1G77680,0.39106629824646616
AT1G77682,0.1022361431632837
AT1G77690,1.0562723430615535
AT1G77700,0.36209316949805403
AT1G77710,0.6698541149417596
AT1G77720,0.36730044673832724
AT1G77730,0.34175049802323276
AT1G77740,0.3534232247846986
AT1G77750,0.6529224940696206
AT1G77760,0.9033999026642187
AT1G77765,0.3031586135060153
AT1G77770,0.5772913115265466
AT1G77780,0.1022361431632837
AT1G77790,0.2057063117143818
AT1G77800,0.32968018410428956
AT1G77810,0.5203432357312591
AT1G77815,0.1022361431632837
AT1G77830,0.1022361431632837
AT1G77840,0.7038696755505833
AT1G77850,0.3739106173164441
AT1G77855,0.32773378641863277
AT1G77860,0.2268310237409617
AT1G77870,0.3811001733629761
AT1G77880,0.4601178171388798
AT1G77885,1.101619464606228
AT1G77890,0.33815170547998963
AT1G77910,0.1022361431632837
AT1G77920,0.8253103700526938
AT1G77930,0.6840365931270359
AT1G77932,0.1019935489625394
AT1G77940,0.6612122002895884
AT1G77950,2.249081520450396
AT1G77960,0.6595514653614887
AT1G77980,0.13620422416817018
AT1G77990,0.4236663579164079
AT1G77992,0.2922217651444612
AT1G78000,0.8840251923608948
AT1G78010,0.38462179098591065
AT1G78020,0.8474446020087034
AT1G78030,0.2301434606204335
AT1G78040,0.9247987259049437
AT1G78050,0.7543769599145808
AT1G78060,0.845863465071756
AT1G78070,0.83615449503616
AT1G78080,0.7790345938908672
AT1G78090,0.8393440966566134
AT1G78100,0.6332688946147371
AT1G78110,0.7941782986185935
AT1G78120,0.6714114790426399
AT1G78130,0.3642612686840158
AT1G78140,0.27592245891030054
AT1G78150,0.7520956853454799
AT1G78160,0.13638652617637598
AT1G78170,0.4226179931035549
AT1G78172,0.2701273400969657
AT1G78180,0.3377213307584147
AT1G78190,0.6049312054296545
AT1G78200,0.5996332938402018
AT1G78206,0.5285188580204276
AT1G78210,0.42853113955326694
AT1G78220,0.2117007244483868
AT1G78230,0.3347932450719357
AT1G78240,0.46175151256657887
AT1G78260,0.552880679643601
AT1G78265,0.4579155701355745
AT1G78270,0.5083792001049388
AT1G78280,0.31963166309983804
AT1G78290,0.37975100513360827
AT1G78300,0.6981858853131837
AT1G78310,0.53226181218802
AT1G78320,0.5058463813909246
AT1G78340,1.0536720040167609
AT1G78360,0.3393792215526801
AT1G78370,1.041418314069363
AT1G78380,0.9075639631316204
AT1G78390,0.8553493421727179
AT1G78400,0.1019935489625394
AT1G78410,0.28854486086624587
AT1G78420,0.48587361538901885
AT1G78430,0.31970237922179634
AT1G78440,0.5161167993070882
AT1G78450,0.7310177814504175
AT1G78460,0.9330191343323763
AT1G78470,0.12872393249373287
AT1G78476,0.2504034814439404
AT1G78478,0.2596342089546965
AT1G78480,0.6170220719829865
AT1G78490,0.5061906870822486
AT1G78500,0.2615592986831595
AT1G78510,0.4767241145192147
AT1G78520,0.8183006753723039
AT1G78530,0.5506551788782044
AT1G78540,0.3364288062601426
AT1G78550,0.3487249015650138
AT1G78560,0.6347789706042744
AT1G78570,0.7914046591855406
AT1G78580,0.7576315598350329
AT1G78590,0.3731980111214446
AT1G78600,0.5283634790695786
AT1G78610,0.41522166886692624
AT1G78620,0.306589845738928
AT1G78630,0.5732450456072418
AT1G78635,0.2185998809275663
AT1G78640,0.1022361431632837
AT1G78650,0.40958681041365474
AT1G78660,0.8089329690413996
AT1G78670,0.7860570899256141
AT1G78680,0.7443067320744877
AT1G78690,0.3666342856168373
AT1G78700,0.338216318900748
AT1G78710,0.1834304500093932
AT1G78720,0.1349082390315114
AT1G78730,0.4142232674244424
AT1G78740,0.1022361431632837
AT1G78750,0.4711317931709852
AT1G78760,0.1022361431632837
AT1G78770,0.5467550703382662
AT1G78780,0.5898205632573884
AT1G78790,0.3907459088471118
AT1G78800,0.5481360934448174
AT1G78810,0.32336690925931344
AT1G78815,0.9775136870342708
AT1G78820,0.5923072027385538
AT1G78830,0.6907582252653406
AT1G78840,0.3375943487473113
AT1G78850,1.1749552026024406
AT1G78860,1.2712894581474012
AT1G78865,0.7744011760013639
AT1G78870,0.5483191538711916
AT1G78880,0.5557717954122638
AT1G78890,0.4810401779967781
AT1G78895,0.49796488646762604
AT1G78900,0.8240863234237943
AT1G78910,0.3768018018423295
AT1G78915,0.2551590826453715
AT1G78920,0.4920801253239002
AT1G78922,0.5262123266141502
AT1G78930,0.37532320061947505
AT1G78940,0.3545848398018534
AT1G78950,0.5917107423018753
AT1G78955,0.3209070614338247
AT1G78960,0.45021194067207176
AT1G78970,0.5091909296523527
AT1G78980,0.1022361431632837
AT1G78990,0.7890462692661532
AT1G78995,0.1596165161881768
AT1G79000,0.8601479866433204
AT1G79010,0.668538908075647
AT1G79020,0.4451055684031232
AT1G79030,0.4125739944434414
AT1G79040,1.2652314418074122
AT1G79050,0.4078497466553673
AT1G79060,0.49136157236245837
AT1G79070,0.4207622696453974
AT1G79075,1.0715913326415443
AT1G79080,0.30071593695875776
AT1G79090,0.4060073664929934
AT1G79100,0.1723610603482521
AT1G79103,0.2481032989550134
AT1G79110,0.3366504469215251
AT1G79120,0.3588707665339127
AT1G79130,0.1679689080322196
AT1G79150,0.9512891114272329
AT1G79160,0.46635793280531845
AT1G79170,0.13691305507284
AT1G79180,0.5677484445357048
AT1G79190,0.4254369499674928
AT1G79200,0.893960193675524
AT1G79210,0.6477731660694916
AT1G79220,0.34040287365923494
AT1G79230,0.6326306068990533
AT1G79250,0.3275654209561025
AT1G79260,0.7338830437675308
AT1G79270,0.8071647105502684
AT1G79280,0.8374169636448205
AT1G79290,0.116491439206809
AT1G79310,0.5785988119748942
AT1G79320,0.3622025297715757
AT1G79330,0.2840437247288175
AT1G79340,0.7349815269474407
AT1G79350,0.4563043765575524
AT1G79360,0.5360381159283816
AT1G79370,0.1060299583819537
AT1G79380,0.4736093459121123
AT1G79390,0.7146545494117456
AT1G79400,0.1022361431632837
AT1G79410,0.687877940027669
AT1G79420,0.3291734460186912
AT1G79430,0.585371128106779
AT1G79440,0.37433378534486894
AT1G79450,0.6022965854061617
AT1G79460,0.48270002602526557
AT1G79470,0.5260332382098788
AT1G79480,0.2664136093599789
AT1G79485,0.1145552537734468
AT1G79490,0.4152622277061106
AT1G79500,0.3899516533997902
AT1G79510,0.37399040413931334
AT1G79520,0.3641292061419059
AT1G79529,0.1401491675439785
AT1G79530,0.8542542148631722
AT1G79540,0.33425683830060515
AT1G79550,0.7395423516535504
AT1G79560,0.39976636719061787
AT1G79570,0.5344855816669103
AT1G79580,0.3322282082852377
AT1G79590,0.6651718518994967
AT1G79600,0.5539071815128868
AT1G79610,0.6417557146966778
AT1G79620,0.4841897781357045
AT1G79630,0.27352180582205365
AT1G79640,0.4521772071035171
AT1G79650,0.6079721970488061
AT1G79660,0.7497201982146777
AT1G79670,0.3374046775377795
AT1G79680,0.2031103903601874
AT1G79690,0.8509622421423175
AT1G79700,0.3780983148321147
AT1G79710,0.4343385119245103
AT1G79720,0.3501906417520063
AT1G79730,0.6029322910291317
AT1G79740,0.23994778451402782
AT1G79750,0.582898731328851
AT1G79760,0.4604780529630137
AT1G79770,0.1022361431632837
AT1G79780,0.315808367952207
AT1G79790,0.4516736381807014
AT1G79800,0.13111997130679048
AT1G79810,0.45718139921975676
AT1G79820,0.5768166375643656
AT1G79830,0.5643325670642922
AT1G79840,0.2686431027014572
AT1G79850,0.479179983629288
AT1G79860,0.2597996141161631
AT1G79870,0.4775549291405967
AT1G79880,0.45134660879250743
AT1G79890,0.2996299265689505
AT1G79900,0.2372931338668575
AT1G79910,0.5936097558694136
AT1G79915,0.2528053646795162
AT1G79920,0.609607363200745
AT1G79930,0.6495380692711015
AT1G79940,0.5394874424377825
AT1G79950,0.32295840205747905
AT1G79960,0.1401567687962115
AT1G79970,0.5330111619108413
AT1G79980,0.1022361431632837
AT1G79985,0.720802404028897
AT1G79990,0.4490350290627384
AT1G80000,0.4499491331963694
AT1G80010,0.5345065160612859
AT1G80030,0.3125699151291246
AT1G80040,0.4190066059623605
AT1G80050,1.0634232988309362
AT1G80060,0.4383475132909237
AT1G80070,1.1186921362020834
AT1G80080,0.247681664565955
AT1G80090,0.6776659469615737
AT1G80100,0.4060643203630839
AT1G80110,0.5248562557300762
AT1G80120,0.4395573930811996
AT1G80130,0.1022361431632837
AT1G80133,0.1022361431632837
AT1G80140,0.1022361431632837
AT1G80150,0.35440611318435
AT1G80160,1.015117195252863
AT1G80165,0.1201477497346303
AT1G80170,0.36300106138640215
AT1G80180,0.6576520393856942
AT1G80190,0.6687580600041583
AT1G80200,0.3898074333563918
AT1G80210,0.2876955151933883
AT1G80220,0.1022361431632837
AT1G80230,0.5452286657058798
AT1G80240,0.9791376000001415
AT1G80245,0.41419761912275466
AT1G80260,0.4016089106617728
AT1G80270,0.7780940469607082
AT1G80280,0.6836098568683451
AT1G80290,0.4906109773983295
AT1G80300,0.6831850785740081
AT1G80310,0.9432908542083699
AT1G80315,0.1022361431632837
AT1G80320,0.654217359182826
AT1G80325,0.7323828207804635
AT1G80330,0.1022361431632837
AT1G80340,0.814872146953561
AT1G80350,0.36264135961014166
AT1G80360,0.50986255812251
AT1G80370,0.42703681304991964
AT1G80380,1.0559298614080967
AT1G80390,0.1022361431632837
AT1G80400,0.49370661985311926
AT1G80410,0.8205867683638703
AT1G80420,0.34713706910499287
AT1G80440,0.9416099663186444
AT1G80450,0.5277674501607963
AT1G80460,0.6675059195166708
AT1G80470,0.1438226050566229
AT1G80480,0.504780656026433
AT1G80490,0.5724717796339153
AT1G80500,0.518729029372206
AT1G80510,0.44011221825425284
AT1G80520,0.3429932179683575
AT1G80525,0.10134379978257319
AT1G80530,0.5914597147030796
AT1G80540,0.15024603835915468
AT1G80550,0.3943033623897395
AT1G80555,0.6216538018603786
AT1G80560,0.39354375269253494
AT1G80570,0.5277312540930985
AT1G80580,0.1022361431632837
AT1G80590,0.2790786818434377
AT1G80600,0.4375492249106451
AT1G80610,0.3704686711775588
AT1G80620,0.7627794452771127
AT1G80625,0.1201689329193575
AT1G80630,0.3519804803272724
AT1G80640,0.46881701318135993
AT1G80650,0.2932996356622601
AT1G80660,0.1123922783649373
AT1G80670,0.4251180808539208
AT1G80680,0.4982846155854658
AT1G80690,0.5683825341398914
AT1G80700,0.5448439985062338
AT1G80710,0.3600442757190378
AT1G80720,0.6432702177164866
AT1G80730,0.38707368074240767
AT1G80740,0.1488400935360314
AT1G80745,0.4690731792415213
AT1G80750,1.256626533601639
AT1G80760,0.41650924740195233
AT1G80770,0.4167716524634044
AT1G80780,0.5288460951136569
AT1G80790,0.5572964988623552
AT1G80810,0.39998858387178193
AT1G80820,0.5303703623587299
AT1G80830,1.0339064638043571
AT1G80840,0.6280348776980448
AT1G80850,0.21672873434004078
AT1G80860,0.5301003100877928
AT1G80865,0.41039308956265413
AT1G80870,0.3390823676848315
AT1G80880,0.2924960114077747
AT1G80890,0.5533706519040185
AT1G80900,0.4705284945944806
AT1G80910,0.5455611952953429
AT1G80920,1.2296517735896755
AT1G80930,0.7368656003034568
AT1G80940,0.5695105150771413
AT1G80950,0.6098187295919971
AT1G80960,0.5423265542150832
AT1G80970,0.3987746494600179
AT1G80980,0.6859858682756144
AT1G80990,0.1022361431632837
AT2G01008,1.5983585949867587
AT2G01010,2.8409723927712234
AT2G01020,3.4116751017899833
AT2G01021,1.6442717497275892
AT2G01023,0.4241558860546591
AT2G01035,0.1022361431632837
AT2G01050,0.1022361431632837
AT2G01060,0.4680333527578575
AT2G01070,0.46230803702332346
AT2G01080,0.5116453396062857
AT2G01090,0.6360060143165758
AT2G01100,0.9601595775602059
AT2G01110,0.46374192839348394
AT2G01120,0.4404584400558207
AT2G01130,0.4066818309457606
AT2G01140,0.7578951311634023
AT2G01150,0.4702740837047157
AT2G01170,0.498915121758182
AT2G01175,0.2889188551179503
AT2G01180,0.36567327831914986
AT2G01190,0.5266269023145852
AT2G01200,0.2642309555648874
AT2G01210,0.6279638367823175
AT2G01220,0.6796364581718538
AT2G01240,0.3519470667452619
AT2G01250,0.8433196608036821
AT2G01260,0.4065825360798825
AT2G01270,0.6220220500284854
AT2G01275,0.3656388598702198
AT2G01280,0.1019935489625394
AT2G01290,0.4641124285245457
AT2G01300,0.4146121588040654
AT2G01310,0.3318900014602676
AT2G01320,0.3715318993290095
AT2G01330,0.2953320560469121
AT2G01340,0.453532392611208
AT2G01350,0.6507925405418729
AT2G01360,0.1185900975910023
AT2G01370,0.1022361431632837
AT2G01379,0.1164114316752618
AT2G01390,0.35220780570708166
AT2G01400,0.7363333733643147
AT2G01410,0.6374749572211194
AT2G01420,0.5710528462419205
AT2G01422,0.7744592745443719
AT2G01430,0.322110378609755
AT2G01440,0.5107855185619186
AT2G01450,0.6677462326091663
AT2G01460,0.2755268376600289
AT2G01470,0.7178358421862576
AT2G01480,0.30235406060886755
AT2G01490,0.5319286936070688
AT2G01500,0.1022361431632837
AT2G01505,0.43002439219272365
AT2G01510,0.3488706111815097
AT2G01520,2.395967573260368
AT2G01530,1.820484150787347
AT2G01540,0.650802863687233
AT2G01554,0.1022361431632837
AT2G01560,0.1022361431632837
AT2G01570,0.5178159756444292
AT2G01580,0.499803746319589
AT2G01590,0.2718651613780673
AT2G01600,0.5041535819568379
AT2G01610,1.4802731028559304
AT2G01620,0.39198302076755825
AT2G01630,0.44909288143359816
AT2G01640,0.7247921623086919
AT2G01650,0.3666419434246381
AT2G01660,0.6798818377355585
AT2G01667,0.1022361431632837
AT2G01670,1.0569014347349452
AT2G01680,0.5386665231282424
AT2G01690,0.6042941057150545
AT2G01710,0.774943863192615
AT2G01720,0.7487589792202238
AT2G01730,0.36450067141549225
AT2G01735,0.44494560801484956
AT2G01740,0.2391126892319642
AT2G01750,0.34912825899102434
AT2G01755,0.120244965708592
AT2G01760,0.45283393619214685
AT2G01770,0.25184421539825297
AT2G01780,0.1022361431632837
AT2G01790,0.1022361431632837
AT2G01800,0.1022361431632837
AT2G01810,0.2087462628643074
AT2G01818,0.9777665187255931
AT2G01820,0.6473298484738351
AT2G01830,0.4832251676703456
AT2G01850,0.5252575841823235
AT2G01860,0.4124308022689963
AT2G01870,0.1811313226405785
AT2G01880,0.8725559346180669
AT2G01890,0.7238590198530206
AT2G01900,0.5366667075433248
AT2G01905,0.3523762567100154
AT2G01910,0.6883867692961487
AT2G01913,0.3830058945757119
AT2G01918,0.1019935489625394
AT2G01920,0.10459455431111249
AT2G01930,0.345454570070304
AT2G01940,0.4697667670621236
AT2G01950,0.5597096442560968
AT2G01960,0.1022361431632837
AT2G01970,0.5392771827985237
AT2G01980,0.4009690904424581
AT2G01990,0.5242918862303224
AT2G02000,0.22958550649215098
AT2G02010,0.3983570658675071
AT2G02020,0.8396404101546727
AT2G02023,0.1016524999438922
AT2G02026,0.1022361431632837
AT2G02030,0.1022361431632837
AT2G02040,0.5666226358286355
AT2G02050,0.8280235407553458
AT2G02060,0.40089599166159007
AT2G02061,0.1296089652192407
AT2G02070,0.4553703248328661
AT2G02080,0.2795439615932347
AT2G02090,0.4258472576886348
AT2G02100,0.817494580905338
AT2G02103,0.1022361431632837
AT2G02120,1.352014228937575
AT2G02130,0.8267123865712733
AT2G02140,0.1022361431632837
AT2G02147,0.1554442279734083
AT2G02148,0.3538615425043271
AT2G02150,0.25419246270599094
AT2G02160,0.7928995242509533
AT2G02170,0.42756983110765906
AT2G02180,0.5662675310863392
AT2G02220,0.4075961855927322
AT2G02230,0.2757634884561083
AT2G02240,0.175497623680056
AT2G02250,0.8041120473327903
AT2G02280,0.129653229351188
AT2G02290,0.1022361431632837
AT2G02300,0.3126866608001627
AT2G02310,0.1913566677138054
AT2G02320,0.1022361431632837
AT2G02340,0.11959346230287281
AT2G02350,0.3335415930412492
AT2G02360,0.35782220495335126
AT2G02370,0.5183864701121459
AT2G02380,0.4386122244088918
AT2G02390,1.0690751762063195
AT2G02400,0.4738666474043489
AT2G02410,0.35108302001557545
AT2G02440,0.1022361431632837
AT2G02450,0.5236270484581779
AT2G02455,0.1466012321016732
AT2G02470,0.479787683329865
AT2G02480,0.46642628914787315
AT2G02490,0.1022361431632837
AT2G02493,0.1022361431632837
AT2G02497,0.1019935489625394
AT2G02498,0.1233202622197232
AT2G02500,0.6454482452332649
AT2G02510,0.7350119646330606
AT2G02515,0.1022361431632837
AT2G02520,0.1022361431632837
AT2G02525,0.1022361431632837
AT2G02540,0.2150754582073832
AT2G02550,0.1022361431632837
AT2G02560,0.4354709395204721
AT2G02570,0.5609001405309072
AT2G02580,0.5624772301567491
AT2G02590,0.33170012333572396
AT2G02610,0.44601512651135716
AT2G02620,0.4652555458778266
AT2G02630,0.4649623933992827
AT2G02635,0.3471268466096604
AT2G02640,0.2715775322950965
AT2G02650,0.1022361431632837
AT2G02660,0.147371490734824
AT2G02680,0.5552019470228022
AT2G02690,0.32291382594299955
AT2G02695,0.1022361431632837
AT2G02700,0.4929901742997764
AT2G02710,0.7725095563056057
AT2G02720,0.12247267114599089
AT2G02730,0.3470312765768476
AT2G02740,0.7622894755671501
AT2G02741,0.1431374434174305
AT2G02750,0.465640909801793
AT2G02760,0.7897571603515385
AT2G02765,0.42950917292816204
AT2G02770,0.1022361431632837
AT2G02780,0.5278296361113439
AT2G02790,0.7194269220531707
AT2G02795,0.1019935489625394
AT2G02800,0.39227165275517173
AT2G02810,0.7949996052763395
AT2G02820,0.9291037631104776
AT2G02835,0.1022361431632837
AT2G02840,0.1022361431632837
AT2G02850,0.5779957238718318
AT2G02860,0.43749206108433386
AT2G02870,0.6668696796735916
AT2G02880,0.33659447008309445
AT2G02890,0.1022361431632837
AT2G02910,0.39347483868947275
AT2G02930,1.6616879270728913
AT2G02950,0.7794362570818636
AT2G02955,0.3027944096874304
AT2G02960,1.0839705719535897
AT2G02970,0.3618464565999783
AT2G02980,0.3086358026235493
AT2G02990,0.6779358922580079
AT2G03000,0.1022361431632837
AT2G03010,0.1774461966799169
AT2G03020,0.1660031036139526
AT2G03030,0.1022361431632837
AT2G03040,0.1022361431632837
AT2G03050,0.3714298970921308
AT2G03060,0.5470252036202832
AT2G03070,0.7262223868407756
AT2G03090,1.280258273870699
AT2G03110,0.2494725051281462
AT2G03120,0.7510649911365532
AT2G03130,0.1016524999438922
AT2G03140,0.479003448646341
AT2G03150,0.6414907758393074
AT2G03160,0.1022361431632837
AT2G03170,0.1022361431632837
AT2G03180,0.1022361431632837
AT2G03190,0.1022361431632837
AT2G03200,0.6542211995770376
AT2G03210,0.24747608888761768
AT2G03220,0.5399402729881001
AT2G03230,0.1022361431632837
AT2G03240,0.6028474242736391
AT2G03250,0.10949581360626949
AT2G03260,0.27032964057580783
AT2G03270,0.3932262008621468
AT2G03280,0.3442577800158691
AT2G03290,0.1022361431632837
AT2G03300,0.1022361431632837
AT2G03310,0.1331384594893003
AT2G03320,0.1022361431632837
AT2G03330,0.24890316268507398
AT2G03340,0.48339373956362774
AT2G03350,0.8836985120108487
AT2G03360,0.30323963630647377
AT2G03370,0.4763830465765951
AT2G03380,0.3307949632766243
AT2G03390,0.6603502984347158
AT2G03410,0.1843466445845794
AT2G03420,0.3237132883076854
AT2G03430,0.5405855666218485
AT2G03440,0.7188332357204091
AT2G03445,0.4237063923431549
AT2G03450,0.27156440574088636
AT2G03460,0.1363354563199507
AT2G03470,0.800500264794997
AT2G03480,0.3264400784503766
AT2G03500,0.5499597041340103
AT2G03505,0.4892484066938191
AT2G03510,0.8342671944363119
AT2G03520,0.6774922881072989
AT2G03530,0.36206054012827715
AT2G03550,0.1078239987276686
AT2G03560,0.1022361431632837
AT2G03565,0.1022361431632837
AT2G03567,0.1022361431632837
AT2G03570,0.1022361431632837
AT2G03580,0.1412849697426129
AT2G03590,0.3423764561402143
AT2G03600,0.35348909354043234
AT2G03610,0.1022361431632837
AT2G03620,0.31493327652315556
AT2G03630,0.11725923566800249
AT2G03640,0.6747362918263545
AT2G03660,0.1022361431632837
AT2G03667,0.5596757083013262
AT2G03670,0.45873877294103615
AT2G03680,0.9106509279515103
AT2G03690,0.3166944393673158
AT2G03700,0.1022361431632837
AT2G03710,0.2636045229594349
AT2G03720,0.921406133949226
AT2G03730,0.5940595066469683
AT2G03740,0.1022361431632837
AT2G03750,0.2126786805620647
AT2G03760,0.6130726392877603
AT2G03770,0.2795663466055703
AT2G03780,0.41920171120290184
AT2G03800,0.45933684857196994
AT2G03810,0.3524758620986549
AT2G03820,0.6817388119168926
AT2G03821,0.2814939133592055
AT2G03822,0.1019935489625394
AT2G03823,0.1022361431632837
AT2G03830,0.9848454312707559
AT2G03840,0.11957977235908089
AT2G03850,0.2200830244985112
AT2G03855,0.1019935489625394
AT2G03870,0.581497250445405
AT2G03880,0.2986426257207972
AT2G03885,0.1022361431632837
AT2G03890,0.5146788283863482
AT2G03895,0.1022361431632837
AT2G03905,0.1022361431632837
AT2G03913,0.1022361431632837
AT2G03925,0.4864455421069429
AT2G03930,0.1022361431632837
AT2G03931,0.1022361431632837
AT2G03932,0.1022361431632837
AT2G03933,0.1022361431632837
AT2G03936,0.1022361431632837
AT2G03937,0.1272680931036539
AT2G03945,0.1022361431632837
AT2G03955,0.1022361431632837
AT2G03965,0.2356619711650476
AT2G03975,0.39224782696593086
AT2G03980,0.265129517245019
AT2G03985,0.1022361431632837
AT2G03995,0.2128535962695708
AT2G04005,0.236998663587067
AT2G04015,0.1022361431632837
AT2G04020,0.1944053572887955
AT2G04025,1.1900203206089717
AT2G04030,0.7754112037951884
AT2G04031,0.1022361431632837
AT2G04032,0.1022361431632837
AT2G04034,0.1022361431632837
AT2G04037,0.1022361431632837
AT2G04038,0.18434621168525558
AT2G04039,0.3156431871550215
AT2G04040,0.5003860601433865
AT2G04041,0.1022361431632837
AT2G04045,0.1022361431632837
AT2G04046,0.1022361431632837
AT2G04050,0.2664204653762538
AT2G04060,0.11191061968570219
AT2G04062,0.1022361431632837
AT2G04063,0.1022361431632837
AT2G04065,0.1998449506308764
AT2G04066,0.1411548674028231
AT2G04070,0.2167596927584597
AT2G04075,0.1022361431632837
AT2G04080,0.2525924515176855
AT2G04085,0.1022361431632837
AT2G04090,0.3787334250074113
AT2G04095,0.1259337256191997
AT2G04100,0.3737403055129454
AT2G04115,0.1022361431632837
AT2G04125,0.1005546875699398
AT2G04137,0.10134379978257319
AT2G04145,0.110088455674573
AT2G04155,0.1022361431632837
AT2G04160,0.5819774026815083
AT2G04170,0.826228708958894
AT2G04175,0.1022361431632837
AT2G04185,0.1022361431632837
AT2G04190,0.2225241254467952
AT2G04195,0.1022361431632837
AT2G04205,0.5423360862618616
AT2G04215,0.2454876835200961
AT2G04220,0.1103706918406122
AT2G04225,0.1022361431632837
AT2G04230,0.6704491406882799
AT2G04235,0.4039665694556932
AT2G04240,0.5060139592862066
AT2G04255,0.1022361431632837
AT2G04265,0.1125651628629503
AT2G04270,0.412910007397679
AT2G04280,0.37772241974286525
AT2G04285,0.12233696917778619
AT2G04295,0.116545592569446
AT2G04300,0.1022361431632837
AT2G04305,0.33024336976266244
AT2G04315,0.1022361431632837
AT2G04325,0.1022361431632837
AT2G04335,0.1016524999438922
AT2G04340,0.6628198342479916
AT2G04345,0.1022361431632837
AT2G04350,0.32055974153472966
AT2G04355,0.1022361431632837
AT2G04360,0.446120236460396
AT2G04365,0.1022361431632837
AT2G04375,0.540137475387428
AT2G04378,1.6348085318586378
AT2G04380,0.1022361431632837
AT2G04390,0.7683495094505868
AT2G04395,0.10433330277047839
AT2G04400,0.41872869459345274
AT2G04405,0.10075254141967468
AT2G04410,0.6702937542904497
AT2G04420,0.1022361431632837
AT2G04425,0.1022361431632837
AT2G04430,0.242863654326549
AT2G04435,0.2283063531154446
AT2G04440,0.10502991260167399
AT2G04450,0.4108126242759526
AT2G04455,0.3691357938396683
AT2G04465,0.1022361431632837
AT2G04480,0.6512418979273494
AT2G04485,0.113552988396059
AT2G04495,0.1051641403408617
AT2G04500,0.41672453091815065
AT2G04505,0.1019935489625394
AT2G04515,0.2948433275721265
AT2G04520,0.7957370450265584
AT2G04525,0.1022361431632837
AT2G04530,0.49273492668549823
AT2G04535,0.1019935489625394
AT2G04540,0.4026652042413754
AT2G04545,0.1019935489625394
AT2G04550,0.3696942523161344
AT2G04555,0.2066623453464484
AT2G04560,0.27318196644715964
AT2G04565,0.1022361431632837
AT2G04570,0.1183051070923967
AT2G04575,0.1022361431632837
AT2G04595,0.1022361431632837
AT2G04605,0.1022361431632837
AT2G04615,0.1022361431632837
AT2G04620,0.3749145571417002
AT2G04621,0.1019935489625394
AT2G04622,0.1360692636060148
AT2G04630,0.5651672981116511
AT2G04635,0.1022361431632837
AT2G04645,0.1022361431632837
AT2G04650,0.503315812526614
AT2G04655,0.1022361431632837
AT2G04660,0.44768174248052994
AT2G04665,0.1022361431632837
AT2G04675,0.1022361431632837
AT2G04680,0.5311037511946853
AT2G04685,0.1022361431632837
AT2G04690,0.8377444722502256
AT2G04695,0.1022361431632837
AT2G04700,0.8754388796063928
AT2G04705,0.1022361431632837
AT2G04715,0.11650579628486239
AT2G04725,0.1110046785050426
AT2G04735,0.1022361431632837
AT2G04740,0.30029158418088747
AT2G04745,0.1456083535885972
AT2G04750,0.1019935489625394
AT2G04755,0.4642618762427563
AT2G04765,0.1022361431632837
AT2G04775,0.1341291458196172
AT2G04780,0.5666864969067413
AT2G04785,0.1019935489625394
AT2G04790,0.40989058298810166
AT2G04795,0.5708427158744193
AT2G04800,2.447822059348408
AT2G04805,0.6973486699976605
AT2G04810,0.1022361431632837
AT2G04815,0.140768134211585
AT2G04825,0.1022361431632837
AT2G04830,0.1022361431632837
AT2G04835,0.1022361431632837
AT2G04840,0.1022361431632837
AT2G04842,0.19972812448101057
AT2G04845,0.3505690597158557
AT2G04850,0.6078063344422435
AT2G04852,0.27884970750947646
AT2G04855,0.1417085205944115
AT2G04860,0.3146271037565564
AT2G04865,0.29016829104247094
AT2G04870,0.1022361431632837
AT2G04875,0.1397089151463318
AT2G04880,0.5439557753477906
AT2G04885,0.1022361431632837
AT2G04890,0.454961141267877
AT2G04895,0.1022361431632837
AT2G04900,0.7527727083495637
AT2G04905,0.1022361431632837
AT2G04910,0.1022361431632837
AT2G04915,0.1019935489625394
AT2G04920,0.1022361431632837
AT2G04925,0.1022361431632837
AT2G04930,0.1022361431632837
AT2G04935,0.1216132218931114
AT2G04940,0.4883763805009421
AT2G04945,0.1022361431632837
AT2G04955,0.22647747456963452
AT2G04965,0.36233035150919063
AT2G04975,0.1022361431632837
AT2G04985,0.1022361431632837
AT2G04995,0.1022361431632837
AT2G05005,0.1022361431632837
AT2G05015,0.1022361431632837
AT2G05035,0.146885126020908
AT2G05045,0.2194404531488322
AT2G05050,0.1022361431632837
AT2G05060,0.1022361431632837
AT2G05065,0.1022361431632837
AT2G05070,0.42355206746897456
AT2G05075,0.5785731208987234
AT2G05085,0.1022361431632837
AT2G05095,0.1373667123316482
AT2G05100,0.6416807962608733
AT2G05105,0.1022361431632837
AT2G05117,0.3244825101351831
AT2G05120,0.387315872186412
AT2G05125,0.1286125270273039
AT2G05140,0.1022361431632837
AT2G05145,0.1331900851832645
AT2G05155,0.2676134653159565
AT2G05160,0.4356796478313656
AT2G05170,0.43586100179822246
AT2G05180,0.3871574302807735
AT2G05185,0.42284990533034816
AT2G05205,0.33786183434234107
AT2G05210,0.34877227885265527
AT2G05215,0.6313860540554895
AT2G05220,0.6810887071619942
AT2G05230,0.7396383537828486
AT2G05245,0.1284801220954562
AT2G05250,0.6429466516842095
AT2G05255,0.1702438679020045
AT2G05260,0.4829016286105776
AT2G05270,0.1445854199877112
AT2G05294,0.1022361431632837
AT2G05310,0.6335994305892397
AT2G05315,0.4028914518458758
AT2G05320,0.39311652333883823
AT2G05330,0.354482666897845
AT2G05335,0.1022361431632837
AT2G05350,0.168976220831878
AT2G05355,0.1022361431632837
AT2G05360,0.1019935489625394
AT2G05365,0.2627226005079016
AT2G05370,0.1022361431632837
AT2G05380,1.5133177523624832
AT2G05395,0.1512209295989631
AT2G05400,0.2019516150068578
AT2G05405,0.1187575717993354
AT2G05410,0.1022361431632837
AT2G05415,0.1022361431632837
AT2G05420,0.2794403777603562
AT2G05425,0.1022361431632837
AT2G05430,0.24747786567689928
AT2G05440,1.8737980718291025
AT2G05445,0.1022361431632837
AT2G05455,0.1019935489625394
AT2G05465,0.1022361431632837
AT2G05485,0.1022361431632837
AT2G05495,0.1022361431632837
AT2G05505,0.1018055860165383
AT2G05510,2.178145088148612
AT2G05515,0.1019935489625394
AT2G05518,0.3556826128292762
AT2G05520,1.8496745993820412
AT2G05525,0.1022361431632837
AT2G05530,0.2615947118718078
AT2G05535,0.1154180826775349
AT2G05540,0.559897186590966
AT2G05545,0.1019935489625394
AT2G05555,0.17474183877145338
AT2G05565,0.1258346772688631
AT2G05575,0.1022361431632837
AT2G05580,1.9951053077232808
AT2G05585,0.23621727133488
AT2G05590,0.38882607681343395
AT2G05600,0.1022361431632837
AT2G05605,0.1022361431632837
AT2G05615,0.1022361431632837
AT2G05620,0.6930139203709428
AT2G05625,0.1022361431632837
AT2G05630,0.6776508896643381
AT2G05632,0.7352209746764171
AT2G05635,0.2262101735680509
AT2G05642,0.2322980195623237
AT2G05645,0.1022361431632837
AT2G05655,0.1016524999438922
AT2G05665,0.294824556864125
AT2G05675,0.19864113129959948
AT2G05685,0.1022361431632837
AT2G05695,0.1541852574741845
AT2G05705,0.1861276562014039
AT2G05710,0.910172053044801
AT2G05720,0.1022361431632837
AT2G05725,0.1022361431632837
AT2G05752,0.1022361431632837
AT2G05753,0.11907206923530769
AT2G05755,0.3295917869334902
AT2G05760,0.39049655430505287
AT2G05765,0.4288865017283368
AT2G05785,0.1022361431632837
AT2G05786,0.1022361431632837
AT2G05790,0.4922560252573147
AT2G05810,0.6245863116059537
AT2G05812,0.25513043547978037
AT2G05815,0.1157325572184889
AT2G05825,0.1019935489625394
AT2G05830,0.61746951102733
AT2G05835,0.1022361431632837
AT2G05840,0.5672729061353059
AT2G05850,0.1161290877146834
AT2G05855,0.33226312618717824
AT2G05865,0.1022361431632837
AT2G05875,0.1016524999438922
AT2G05885,0.1022361431632837
AT2G05895,0.2134738987782491
AT2G05900,0.12740812348299518
AT2G05905,0.1022361431632837
AT2G05910,0.7014131152565308
AT2G05914,3.1340070701072653
AT2G05915,0.122615817856515
AT2G05920,0.8741846831382112
AT2G05925,0.1022361431632837
AT2G05940,0.3619573836796878
AT2G05945,0.1500977752825573
AT2G05965,0.1311755788860395
AT2G05970,0.1022361431632837
AT2G05975,0.1303705273372922
AT2G05990,0.6741969303111002
AT2G05995,1.3147210157953235
AT2G06000,0.4819436165858886
AT2G06002,0.3178337356919851
AT2G06005,0.370147362364996
AT2G06010,0.8328898451257695
AT2G06020,0.1022361431632837
AT2G06025,0.9251291443774647
AT2G06035,0.1022361431632837
AT2G06040,0.4264012232590192
AT2G06050,0.5114309803469469
AT2G06065,0.1022361431632837
AT2G06075,0.134541900804764
AT2G06085,0.1022361431632837
AT2G06090,0.1022361431632837
AT2G06095,0.1176470611927369
AT2G06105,0.1022361431632837
AT2G06115,0.1022361431632837
AT2G06135,0.1022361431632837
AT2G06145,0.1022361431632837
AT2G06166,0.1022361431632837
AT2G06175,0.1022361431632837
AT2G06185,0.1022361431632837
AT2G06200,0.5228401430436393
AT2G06210,0.4320365011603254
AT2G06215,0.1019935489625394
AT2G06225,0.0996571795756161
AT2G06255,0.5719695416223828
AT2G06265,0.1022361431632837
AT2G06275,0.1022361431632837
AT2G06305,0.8007475019209673
AT2G06315,0.1148669269438567
AT2G06345,0.11410221418959798
AT2G06355,0.1022361431632837
AT2G06365,0.1918643993204128
AT2G06375,0.1022361431632837
AT2G06385,0.1022361431632837
AT2G06395,0.1019935489625394
AT2G06405,0.11634854176196839
AT2G06415,0.1022361431632837
AT2G06420,0.1022361431632837
AT2G06425,0.1022361431632837
AT2G06435,0.1022361431632837
AT2G06445,0.1668432539172841
AT2G06455,0.1022361431632837
AT2G06465,0.1022361431632837
AT2G06475,0.1022361431632837
AT2G06485,0.1806229599017089
AT2G06495,0.1019935489625394
AT2G06500,0.1022361431632837
AT2G06505,0.1022361431632837
AT2G06510,0.37849086980384544
AT2G06515,0.1022361431632837
AT2G06520,0.5811941644379328
AT2G06525,0.1019935489625394
AT2G06530,0.40189393801018314
AT2G06535,0.1022361431632837
AT2G06541,0.1022361431632837
AT2G06555,0.1022361431632837
AT2G06562,0.1022361431632837
AT2G06565,0.1022361431632837
AT2G06570,0.1022361431632837
AT2G06575,0.1022361431632837
AT2G06585,0.1022361431632837
AT2G06595,0.1022361431632837
AT2G06605,0.1022361431632837
AT2G06615,0.1022361431632837
AT2G06625,0.1022361431632837
AT2G06635,0.1022361431632837
AT2G06645,0.1022361431632837
AT2G06655,0.1022361431632837
AT2G06665,0.1022361431632837
AT2G06667,0.1022361431632837
AT2G06675,0.1022361431632837
AT2G06685,0.1022361431632837
AT2G06695,0.1022361431632837
AT2G06705,0.1022361431632837
AT2G06725,0.1022361431632837
AT2G06745,0.1022361431632837
AT2G06755,0.1022361431632837
AT2G06765,0.1141464415306739
AT2G06785,0.1022361431632837
AT2G06795,0.1016524999438922
AT2G06805,0.1022361431632837
AT2G06815,0.1022361431632837
AT2G06835,0.2244855951839532
AT2G06845,0.2567637233203542
AT2G06850,0.8021570677665391
AT2G06855,0.1019935489625394
AT2G06865,0.1495619050126416
AT2G06904,0.1022361431632837
AT2G06905,0.10673422903513059
AT2G06906,0.1022361431632837
AT2G06908,0.1022361431632837
AT2G06925,1.0658480915739104
AT2G06935,0.119295678370776
AT2G06945,0.1022361431632837
AT2G06955,0.1022361431632837
AT2G06960,0.1022361431632837
AT2G06975,0.1022361431632837
AT2G06983,0.1022361431632837
AT2G06990,0.579536563911001
AT2G06995,0.1005546875699398
AT2G07000,0.3177096752791483
AT2G07005,0.1022361431632837
AT2G07015,0.1576190764882422
AT2G07020,0.1022361431632837
AT2G07025,0.1022361431632837
AT2G07035,0.1019935489625394
AT2G07040,0.11621353734011419
AT2G07042,0.1662663514387578
AT2G07045,0.1022361431632837
AT2G07050,0.5759177398141277
AT2G07055,0.1022361431632837
AT2G07085,0.1022361431632837
AT2G07095,0.1022361431632837
AT2G07110,0.1249180323682696
AT2G07115,0.1022361431632837
AT2G07120,0.1022361431632837
AT2G07135,0.1016524999438922
AT2G07140,0.1005546875699398
AT2G07165,0.1022361431632837
AT2G07170,0.42330505540838526
AT2G07175,0.6141163919902748
AT2G07180,0.4107018336662457
AT2G07190,0.1022361431632837
AT2G07195,0.1430114283212956
AT2G07200,0.1022361431632837
AT2G07205,0.1019935489625394
AT2G07213,0.1022361431632837
AT2G07215,0.1022361431632837
AT2G07225,0.1022361431632837
AT2G07235,0.1022361431632837
AT2G07240,0.1022361431632837
AT2G07245,0.12613133243931468
AT2G07255,0.1022361431632837
AT2G07265,0.1022361431632837
AT2G07275,0.10134379978257319
AT2G07280,0.1022361431632837
AT2G07285,0.1022361431632837
AT2G07290,0.1022361431632837
AT2G07295,0.1022361431632837
AT2G07305,0.1921340716203416
AT2G07310,0.1022361431632837
AT2G07315,0.1022361431632837
AT2G07325,0.16429953039260592
AT2G07335,0.5055604764299197
AT2G07340,0.8165188825047593
AT2G07345,0.1022361431632837
AT2G07355,0.1022361431632837
AT2G07360,0.6115169818269829
AT2G07375,0.1022361431632837
AT2G07385,0.1022361431632837
AT2G07405,0.1022361431632837
AT2G07415,0.1022361431632837
AT2G07425,0.1040040501746209
AT2G07435,0.2320859325119411
AT2G07440,0.1016524999438922
AT2G07445,0.1022361431632837
AT2G07475,0.3672121457342577
AT2G07485,0.10280453719450598
AT2G07495,0.1531149446465599
AT2G07505,0.1022361431632837
AT2G07515,0.2839375744067932
AT2G07525,0.1590177532310944
AT2G07535,0.1022361431632837
AT2G07545,0.11783322387764669
AT2G07555,0.1077595888217676
AT2G07560,0.1022361431632837
AT2G07565,0.1204481343968981
AT2G07575,0.2095985181567044
AT2G07585,0.3218897265463047
AT2G07595,0.126193871357704
AT2G07599,0.6706354997830407
AT2G07605,0.346735948538693
AT2G07613,0.23877514975289071
AT2G07615,0.3009335688907344
AT2G07617,0.1994138316238889
AT2G07621,0.3032604278798041
AT2G07623,0.1867842146240315
AT2G07625,0.2949680199675488
AT2G07626,0.1635391250113994
AT2G07627,0.2318696672295846
AT2G07628,0.1767994060416173
AT2G07629,0.3400915176202308
AT2G07631,0.2501560647675572
AT2G07632,0.1814954259174407
AT2G07633,0.3416668400011125
AT2G07634,0.2473420249580608
AT2G07636,0.10075254141967468
AT2G07637,0.3386676582276817
AT2G07638,0.8151297111512747
AT2G07640,0.1022361431632837
AT2G07641,0.7616770468528791
AT2G07642,0.115008947698438
AT2G07643,0.2389341301431888
AT2G07644,0.308340461705284
AT2G07645,0.11147946784558889
AT2G07646,0.2955286331608698
AT2G07648,0.21634332419401409
AT2G07652,0.1878373969859198
AT2G07654,0.1110681516327197
AT2G07655,0.7805641936627346
AT2G07656,0.3661561493809719
AT2G07658,0.3347000371158866
AT2G07659,0.5388170137454568
AT2G07661,0.1293871022090894
AT2G07662,0.6220651163013533
AT2G07665,0.81355990489687
AT2G07667,0.3772994769981426
AT2G07669,0.2772351702895802
AT2G07671,1.041203484243429
AT2G07672,0.49121743161501297
AT2G07673,0.2272454406805819
AT2G07674,0.7548023975067051
AT2G07675,0.9623997325726753
AT2G07676,0.11655351421650229
AT2G07678,0.7433918321430123
AT2G07680,0.39802697483952887
AT2G07681,0.45438257231463797
AT2G07684,0.1685761573271233
AT2G07687,0.9908829659840096
AT2G07689,0.3060585217349887
AT2G07690,0.4863051122318176
AT2G07691,0.1229349741894632
AT2G07692,0.296543803313707
AT2G07695,1.4915376768286754
AT2G07696,1.4307091020438174
AT2G07698,1.173592309591482
AT2G07701,0.3526244289999172
AT2G07702,0.11747427301061639
AT2G07705,0.1967935854952661
AT2G07706,0.5481443844911661
AT2G07707,1.0632095412455846
AT2G07708,1.7569392107217856
AT2G07713,0.1499437937405119
AT2G07714,0.10134379978257319
AT2G07715,1.2024875000331594
AT2G07718,1.3595438074832773
AT2G07719,1.4804633003988779
AT2G07721,0.3228223886573031
AT2G07722,0.1019935489625394
AT2G07724,0.34733996673167067
AT2G07725,1.4605582663839103
AT2G07727,1.7462875576644281
AT2G07728,0.492891509888408
AT2G07732,0.1741070301943563
AT2G07734,0.9921766489556225
AT2G07738,0.1097079833864206
AT2G07739,0.6722284787933634
AT2G07741,0.1022361431632837
AT2G07743,0.1403031729730409
AT2G07745,0.1225926543127225
AT2G07746,0.1019935489625394
AT2G07748,0.23778845541478677
AT2G07749,0.4499588030761315
AT2G07750,0.1022361431632837
AT2G07751,1.1640525123636813
AT2G07752,0.1163315350865713
AT2G07753,0.445452252966006
AT2G07754,0.5255346736874962
AT2G07755,0.1994934305387015
AT2G07756,0.1759743088753469
AT2G07757,0.1564855268659437
AT2G07758,0.40680225620358096
AT2G07760,0.1022361431632837
AT2G07762,0.3535291790103722
AT2G07763,0.20593889634013351
AT2G07764,0.1911286256571132
AT2G07765,0.2365328418846634
AT2G07766,0.1615862420884455
AT2G07768,0.2056596890668151
AT2G07771,0.5390718580982699
AT2G07772,0.2341908037175858
AT2G07773,0.6439975523442508
AT2G07774,0.5535959961925704
AT2G07775,0.30704634785277307
AT2G07776,0.4619108157011585
AT2G07777,0.437195702556879
AT2G07779,0.5100835450847405
AT2G07785,0.3851271146780162
AT2G07787,0.42301897071804606
AT2G07792,0.3521644410085661
AT2G07794,0.2426777037961792
AT2G07795,0.20349044495906912
AT2G07798,0.42466154223115127
AT2G07800,0.11663197865340161
AT2G07805,0.13741341963012738
AT2G07806,0.44989589299383015
AT2G07810,0.1019935489625394
AT2G07815,0.6055301686470728
AT2G07820,0.126941489190362
AT2G07825,0.4014351410014702
AT2G07827,0.3809726309414647
AT2G07830,0.1704769873838443
AT2G07835,0.485147060717244
AT2G07840,0.1022361431632837
AT2G07845,0.2089382807267316
AT2G07850,0.5070364963869332
AT2G07855,0.1022361431632837
AT2G07860,0.1022361431632837
AT2G07865,0.1022361431632837
AT2G07870,0.1022361431632837
AT2G07875,0.18438694702108688
AT2G07885,0.1022361431632837
AT2G07890,0.1022361431632837
AT2G07895,0.1022361431632837
AT2G07900,0.1022361431632837
AT2G07905,0.1022361431632837
AT2G07910,0.1022361431632837
AT2G07915,0.1022361431632837
AT2G07925,0.1022361431632837
AT2G07935,0.10631184807845359
AT2G07940,0.1022361431632837
AT2G07945,0.1184500057092546
AT2G07950,0.11365792189194798
AT2G07960,0.1022361431632837
AT2G07965,0.10134379978257319
AT2G07970,0.1022361431632837
AT2G07975,0.1022361431632838
AT2G07981,0.1240441950267724
AT2G07985,0.1022361431632837
AT2G07990,0.1019935489625394
AT2G07995,0.1022361431632837
AT2G08000,0.6868373846262048
AT2G08005,0.1022361431632837
AT2G08010,0.1022361431632837
AT2G08015,0.1022361431632837
AT2G08020,0.1445155148177314
AT2G08025,0.1022361431632837
AT2G08030,0.1022361431632837
AT2G08035,0.18821866936255618
AT2G08040,0.1022361431632837
AT2G08045,0.1615007231366977
AT2G08050,0.1022361431632837
AT2G08055,0.42088964089575653
AT2G08060,0.1661474178205955
AT2G08070,0.1022361431632837
AT2G08075,0.1022361431632837
AT2G08085,0.1022361431632837
AT2G08090,0.1022361431632837
AT2G08095,0.1022361431632837
AT2G08100,0.8369944827744688
AT2G08105,0.1288974755406211
AT2G08110,0.1196715198725318
AT2G08115,0.1022361431632837
AT2G08120,0.1019935489625394
AT2G08125,0.1022361431632837
AT2G08130,0.1016524999438922
AT2G08135,0.1022361431632837
AT2G08150,0.1019935489625394
AT2G08155,0.1019935489625394
AT2G08160,0.1022361431632837
AT2G08165,0.1022361431632837
AT2G08175,0.1393295771596416
AT2G08180,0.1022361431632837
AT2G08190,0.1022361431632837
AT2G08195,0.1022361431632837
AT2G08200,0.1022361431632837
AT2G08205,0.1016524999438922
AT2G08210,0.1022361431632837
AT2G08215,0.1022361431632837
AT2G08220,0.1022361431632837
AT2G08230,0.1022361431632837
AT2G08235,0.1100648788974755
AT2G08240,0.1022361431632837
AT2G08245,0.1022361431632837
AT2G08250,0.1022361431632837
AT2G08255,0.1016524999438922
AT2G08260,0.1022361431632837
AT2G08265,0.1022361431632837
AT2G08270,0.1022361431632837
AT2G08275,0.1510073784397029
AT2G08280,0.1022361431632837
AT2G08285,0.1022361431632837
AT2G08290,0.1398702605048337
AT2G08295,0.1869986589555494
AT2G08300,0.1022361431632837
AT2G08305,0.1022361431632837
AT2G08310,0.1275488882009768
AT2G08315,0.1625508276742501
AT2G08320,0.1000032082766549
AT2G08330,0.1022361431632837
AT2G08335,0.1022361431632837
AT2G08340,0.3433687160992171
AT2G08345,0.4312437436238723
AT2G08350,0.184634559168746
AT2G08355,0.1019935489625394
AT2G08360,0.1022361431632837
AT2G08365,0.1022361431632837
AT2G08370,0.1022361431632837
AT2G08375,0.546752896088949
AT2G08380,0.1019935489625394
AT2G08385,0.0985155031087589
AT2G08390,0.21036110763227978
AT2G08395,0.1022361431632837
AT2G08400,0.1022361431632837
AT2G08405,0.1022361431632837
AT2G08410,0.1022361431632837
AT2G08415,0.1022361431632837
AT2G08420,0.1022361431632837
AT2G08425,0.3823548594353392
AT2G08430,0.1022361431632837
AT2G08435,0.29500491924700856
AT2G08440,0.1265811912620134
AT2G08445,0.1022361431632837
AT2G08450,0.13363035385711258
AT2G08455,0.1016524999438922
AT2G08460,0.1016524999438922
AT2G08465,0.1005546875699398
AT2G08470,0.1485754492684891
AT2G08475,0.1022361431632837
AT2G08480,0.1022361431632837
AT2G08485,0.247570699109054
AT2G08490,0.1022361431632837
AT2G08495,0.1022361431632837
AT2G08500,0.1317691885923773
AT2G08505,0.1738560862338484
AT2G08510,0.1022361431632837
AT2G08515,0.1022361431632837
AT2G08520,0.1022361431632837
AT2G08525,0.13705881148942928
AT2G08530,0.1016524999438922
AT2G08535,0.1453486155499287
AT2G08540,0.1028524268079708
AT2G08545,0.1016524999438922
AT2G08550,0.1022361431632837
AT2G08555,0.1526552950795898
AT2G08560,0.1019935489625394
AT2G08565,0.1022361431632837
AT2G08570,0.2050797783883943
AT2G08575,0.10525382938370718
AT2G08580,0.1016524999438922
AT2G08585,0.12826014014375808
AT2G08590,0.1073625760069432
AT2G08595,0.1081030451179659
AT2G08610,0.6729474702313282
AT2G08620,0.1022361431632837
AT2G08625,0.1022361431632837
AT2G08630,0.1022361431632837
AT2G08635,0.3193637890130054
AT2G08640,0.1022361431632837
AT2G08645,0.1022361431632837
AT2G08650,0.7404277093339311
AT2G08655,0.1275618623349483
AT2G08660,0.1005546875699398
AT2G08665,1.4968979381589733
AT2G08670,0.1022361431632837
AT2G08675,0.12390901474042548
AT2G08680,0.0996571795756161
AT2G08685,0.10578945217957948
AT2G08690,0.1148684660676898
AT2G08695,0.161868437592469
AT2G08700,0.214722189183326
AT2G08705,0.1022361431632837
AT2G08710,0.11966472236731379
AT2G08715,0.1022361431632837
AT2G08720,0.1022361431632837
AT2G08725,0.2590055455992377
AT2G08730,0.11745540426465
AT2G08735,0.7245040562461275
AT2G08740,0.1361234610482402
AT2G08745,0.1019935489625394
AT2G08750,0.1022361431632837
AT2G08755,0.209450102475135
AT2G08760,0.27542560561065
AT2G08765,0.5269418630784581
AT2G08770,0.1280079386581789
AT2G08775,0.12723904425403978
AT2G08780,0.207945613979988
AT2G08790,0.1022361431632837
AT2G08795,0.1022361431632837
AT2G08800,0.1022361431632837
AT2G08805,0.11737843606459579
AT2G08815,0.1693159074131936
AT2G08820,1.8249304193870042
AT2G08825,1.0786225690331155
AT2G08830,0.1022361431632837
AT2G08835,0.1022361431632837
AT2G08845,0.1022361431632837
AT2G08850,0.1019935489625394
AT2G08855,0.1022361431632837
AT2G08860,0.1022361431632837
AT2G08865,0.2040764677863924
AT2G08870,0.1729850788000857
AT2G08875,0.11944843160991099
AT2G08880,0.1016524999438922
AT2G08885,0.1022361431632837
AT2G08890,0.1022361431632837
AT2G08895,0.1022361431632837
AT2G08900,0.3721341352754258
AT2G08905,0.44878899893794766
AT2G08910,0.3286837316560699
AT2G08915,0.1432488203016698
AT2G08920,0.1022361431632837
AT2G08925,0.1022361431632837
AT2G08930,0.1022361431632837
AT2G08935,0.1019935489625394
AT2G08940,0.1022361431632837
AT2G08945,0.1022361431632837
AT2G08950,0.14416155795466049
AT2G08955,0.1619600408522896
AT2G08960,0.1019935489625394
AT2G08965,0.1117615950769937
AT2G08970,0.1022361431632837
AT2G08975,0.10075254141967468
AT2G08980,0.1022361431632837
AT2G08985,0.1798706974080132
AT2G08986,0.1022361431632837
AT2G08990,0.1022361431632837
AT2G08995,0.1022361431632837
AT2G09000,0.12001289831336699
AT2G09005,0.1567842267563147
AT2G09010,0.23820895356210628
AT2G09015,0.10791844537220159
AT2G09020,0.1019935489625394
AT2G09025,0.12354380386238799
AT2G09035,0.1022361431632837
AT2G09040,0.1022361431632837
AT2G09045,0.1022361431632837
AT2G09050,0.1022361431632837
AT2G09055,0.1022361431632837
AT2G09060,0.1022361431632837
AT2G09065,0.1215552364963282
AT2G09070,0.2068429407421007
AT2G09075,0.1314245176594629
AT2G09080,0.1016524999438922
AT2G09085,0.1022361431632837
AT2G09090,0.1677655337376543
AT2G09095,0.1022361431632837
AT2G09100,0.1022361431632837
AT2G09105,0.1022361431632837
AT2G09110,0.1022361431632837
AT2G09115,0.1022361431632837
AT2G09120,0.11313280800288181
AT2G09125,0.1016524999438922
AT2G09130,0.1019935489625394
AT2G09135,0.1022361431632837
AT2G09140,0.10740425582642969
AT2G09150,0.1022361431632837
AT2G09155,0.1022361431632837
AT2G09160,0.11510980059310931
AT2G09165,0.1147580182516432
AT2G09170,0.1459395835758952
AT2G09175,0.1016524999438922
AT2G09180,0.130705286150552
AT2G09185,0.1019935489625394
AT2G09190,0.3137051551310148
AT2G09195,0.10075254141967468
AT2G09200,0.1022361431632837
AT2G09205,0.1696490842448343
AT2G09210,0.1022361431632837
AT2G09215,0.1022361431632837
AT2G09220,0.1022361431632837
AT2G09225,0.2671517594473406
AT2G09230,0.1202283194744564
AT2G09235,0.1022361431632837
AT2G09240,0.1143424930259039
AT2G09245,0.1022361431632837
AT2G09250,2.0161827466054514
AT2G09255,0.2016727951301186
AT2G09260,0.1022361431632837
AT2G09265,0.1019935489625394
AT2G09270,0.1022361431632837
AT2G09280,0.1022361431632837
AT2G09285,0.1022361431632837
AT2G09290,0.1022361431632837
AT2G09295,0.149682166972989
AT2G09300,0.1101047718312919
AT2G09305,0.1144700333614476
AT2G09310,0.13094211611051848
AT2G09315,0.1022361431632837
AT2G09320,0.1022361431632837
AT2G09325,0.13116529603394012
AT2G09330,0.1022361431632837
AT2G09335,0.1639298269107286
AT2G09340,0.1022361431632837
AT2G09345,0.11647131448918989
AT2G09350,0.1022361431632837
AT2G09355,0.12922543467132858
AT2G09360,0.11347020528846401
AT2G09365,0.2029624900858591
AT2G09370,0.1324682245816211
AT2G09375,0.1022361431632837
AT2G09380,0.1022361431632837
AT2G09385,0.1022361431632837
AT2G09388,0.1022361431632837
AT2G09390,0.1022361431632837
AT2G09395,0.1022361431632837
AT2G09400,0.1153309030169646
AT2G09405,0.1022361431632837
AT2G09410,0.1019935489625394
AT2G09415,0.1782930300472283
AT2G09420,0.2307173449216025
AT2G09425,0.18856272985768588
AT2G09430,0.10382511221071859
AT2G09435,0.1188949046207035
AT2G09440,0.12070869207378879
AT2G09445,0.1096252449590777
AT2G09450,0.13777432312512428
AT2G09455,0.1298244355841008
AT2G09460,0.1684250535771208
AT2G09465,1.4723292782821715
AT2G09470,0.2534815746681467
AT2G09475,0.1016524999438922
AT2G09480,0.1022361431632837
AT2G09490,0.1598344153772577
AT2G09495,0.1415169558224955
AT2G09500,0.1159017875936651
AT2G09505,0.1380638391530391
AT2G09510,0.1435264120670385
AT2G09515,0.1208024149146979
AT2G09525,0.5040844534790758
AT2G09530,0.1022361431632837
AT2G09535,0.1022361431632837
AT2G09540,0.2221997893639714
AT2G09545,0.1197618002606677
AT2G09550,0.1022361431632837
AT2G09555,0.1022361431632837
AT2G09560,0.1022361431632837
AT2G09565,0.119575891356922
AT2G09570,0.1022361431632837
AT2G09575,0.1022361431632837
AT2G09585,0.1022361431632837
AT2G09590,0.1022361431632837
AT2G09605,0.11553174491169921
AT2G09610,0.1022361431632837
AT2G09615,0.1022361431632837
AT2G09620,0.1218341806186458
AT2G09625,0.1022361431632837
AT2G09630,0.1089876204634193
AT2G09635,0.1022361431632837
AT2G09640,0.3247328340897663
AT2G09645,0.1184254713233001
AT2G09650,0.1287341354262641
AT2G09655,0.1022361431632837
AT2G09660,0.1149972318187857
AT2G09665,0.1016524999438922
AT2G09670,0.1147124177465716
AT2G09675,0.1022361431632837
AT2G09680,0.1022361431632837
AT2G09685,0.1019935489625394
AT2G09690,0.1022361431632837
AT2G09695,0.1016524999438922
AT2G09700,0.20458168289299788
AT2G09705,0.16126512111719218
AT2G09710,0.17861681782470828
AT2G09715,0.1022361431632837
AT2G09720,0.1022361431632837
AT2G09725,0.1022361431632837
AT2G09730,0.1022361431632837
AT2G09735,0.1022361431632837
AT2G09740,0.1430555274916888
AT2G09745,0.29335727567828507
AT2G09750,0.10075254141967468
AT2G09755,0.1260201202009234
AT2G09760,0.1022361431632837
AT2G09765,0.1022361431632837
AT2G09770,0.1022361431632837
AT2G09775,0.1019935489625394
AT2G09780,0.1022361431632837
AT2G09785,0.2098617204546864
AT2G09795,1.4022021863555454
AT2G09805,0.1022361431632837
AT2G09815,0.1005546875699398
AT2G09825,0.1022361431632837
AT2G09835,0.1022361431632837
AT2G09838,0.1022361431632837
AT2G09840,0.1022361431632837
AT2G09845,0.12453976092124688
AT2G09875,0.2323757095523616
AT2G09885,0.10075254141967468
AT2G09895,0.1022361431632837
AT2G09905,0.1264147278159741
AT2G09915,0.1022361431632837
AT2G09925,0.1022361431632837
AT2G09935,0.1022361431632837
AT2G09945,0.1022361431632837
AT2G09955,0.1022361431632837
AT2G09965,0.1025678386208219
AT2G09970,0.3271964416114756
AT2G09975,0.1222229394809956
AT2G09990,0.8014430033848536
AT2G09995,0.1298861249412801
AT2G10020,0.1022361431632837
AT2G10025,0.1022361431632837
AT2G10260,0.2117681193451107
AT2G10440,0.2086310028901272
AT2G10450,0.1022361431632837
AT2G10455,0.1228781281077431
AT2G10535,0.1022361431632837
AT2G10537,0.1108699677236244
AT2G10545,0.1022361431632837
AT2G10550,0.1317598257153824
AT2G10553,0.1471373389043976
AT2G10556,0.1022361431632837
AT2G10557,0.1022361431632837
AT2G10560,0.1121031794279911
AT2G10602,0.1022361431632837
AT2G10606,0.2478696541559943
AT2G10608,0.1251248181683258
AT2G10615,0.2617463248609996
AT2G10625,0.1022361431632837
AT2G10920,0.1022361431632837
AT2G10921,0.1022361431632837
AT2G10930,0.25244971378061887
AT2G10931,0.8046448504457663
AT2G10940,0.28023709648516637
AT2G10950,0.4812022397774478
AT2G10955,0.1022361431632837
AT2G10965,0.1022361431632837
AT2G10970,0.1022361431632837
AT2G10975,0.13446666817048342
AT2G11000,0.4627150945959274
AT2G11005,0.1022361431632837
AT2G11010,0.1022361431632837
AT2G11015,0.1022361431632837
AT2G11025,0.1022361431632837
AT2G11035,0.6491717701766953
AT2G11045,0.1022361431632837
AT2G11200,0.1022361431632837
AT2G11205,0.1016524999438922
AT2G11215,0.5763326107858937
AT2G11225,0.7545477494358604
AT2G11270,0.4484458998410969
AT2G11271,0.11844587841748569
AT2G11405,0.1022361431632837
AT2G11462,0.1022361431632837
AT2G11520,0.6243925838859401
AT2G11522,0.1022361431632837
AT2G11570,0.1022361431632837
AT2G11620,0.1022361431632837
AT2G11623,0.1022361431632837
AT2G11626,0.1022361431632837
AT2G11773,0.1022361431632837
AT2G11778,0.1022361431632837
AT2G11810,0.5040164664970928
AT2G11815,0.2132719562479841
AT2G11851,0.1022361431632837
AT2G11852,0.1022361431632837
AT2G11890,0.4847410861202255
AT2G11891,0.2611023924269009
AT2G11910,0.5983749406332342
AT2G12170,0.1829031119016956
AT2G12190,0.1927865312865406
AT2G12200,0.1022361431632837
AT2G12205,0.1022361431632837
AT2G12280,0.1022361431632837
AT2G12290,0.1022361431632837
AT2G12400,0.6771756997302033
AT2G12405,0.1022361431632837
AT2G12461,0.4355405686693355
AT2G12462,1.2606358080586364
AT2G12465,0.1022361431632837
AT2G12475,0.1022361431632837
AT2G12480,0.1571038264532977
AT2G12550,0.43871446526178715
AT2G12646,0.707711710505074
AT2G12875,0.1558399299443308
AT2G12880,0.1022361431632837
AT2G12900,0.1022361431632837
AT2G12905,0.35133874066620746
AT2G12935,0.1585548181869912
AT2G12940,0.1022361431632837
AT2G12945,0.1022361431632837
AT2G13100,0.3749605591905585
AT2G13105,0.1022361431632837
AT2G13125,0.1461126056971514
AT2G13126,0.1022361431632837
AT2G13150,0.1022361431632837
AT2G13275,0.1005546875699398
AT2G13290,0.40156795876972057
AT2G13295,0.1022361431632837
AT2G13350,0.1022361431632837
AT2G13360,1.1334282234485145
AT2G13370,0.6283457203315379
AT2G13422,0.1022361431632837
AT2G13430,0.1022361431632837
AT2G13440,0.2938577543211231
AT2G13450,0.1022361431632837
AT2G13463,0.1022361431632837
AT2G13500,0.1022361431632837
AT2G13510,0.1022361431632837
AT2G13540,0.6062290447109371
AT2G13542,0.1022361431632837
AT2G13547,0.2904579945340912
AT2G13550,0.6455851288063259
AT2G13555,0.1022361431632837
AT2G13560,0.6666833373632306
AT2G13570,0.1318392598761172
AT2G13600,0.3499261234228016
AT2G13610,0.2683755635058329
AT2G13620,0.1022361431632837
AT2G13630,0.1022361431632837
AT2G13640,0.1022361431632837
AT2G13650,0.5761115408898775
AT2G13660,0.3222887742879765
AT2G13665,2.6260078355314187
AT2G13680,0.2533927816744605
AT2G13690,0.5064697782676497
AT2G13720,0.1022361431632837
AT2G13760,0.1022361431632837
AT2G13770,0.1022361431632837
AT2G13790,0.3454936967962992
AT2G13800,0.6303337837981297
AT2G13810,0.5357303630676985
AT2G13820,0.7531683822984663
AT2G13840,0.32355470047489987
AT2G13845,0.1022361431632837
AT2G13895,0.206026941305602
AT2G13900,0.3404756836757934
AT2G13905,0.1150560540203084
AT2G13950,0.1561827186442332
AT2G13960,0.3959496308826282
AT2G13965,0.2235941266981739
AT2G13980,0.1022361431632837
AT2G13985,0.1022361431632837
AT2G14000,0.1022361431632837
AT2G14045,0.9562876544638427
AT2G14050,0.2993069848404974
AT2G14060,0.14244967722705779
AT2G14070,0.1897136176691188
AT2G14080,0.2159389907396449
AT2G14095,0.40687185161882816
AT2G14100,0.48796725388973816
AT2G14110,0.7115531194814841
AT2G14115,0.7393631541085034
AT2G14120,0.48665544870018923
AT2G14160,0.1038600330969984
AT2G14170,0.6258835698242926
AT2G14210,0.37487320474570696
AT2G14247,1.763928306033923
AT2G14255,0.7590482058104189
AT2G14260,0.5611880292614099
AT2G14265,0.1019935489625394
AT2G14270,0.1022361431632837
AT2G14282,0.1022361431632837
AT2G14285,0.6375643184134375
AT2G14288,0.1022361431632837
AT2G14289,0.1022361431632837
AT2G14290,0.13277058216170473
AT2G14365,0.1022361431632837
AT2G14378,0.1022361431632837
AT2G14390,0.1022361431632837
AT2G14395,0.1022361431632837
AT2G14440,0.1186723583023056
AT2G14460,0.5058804368050707
AT2G14500,0.1022361431632837
AT2G14510,0.2848846922450007
AT2G14520,0.4378743654471724
AT2G14530,0.43094052460527366
AT2G14540,0.1019935489625394
AT2G14560,0.1536336389085296
AT2G14580,0.1022361431632837
AT2G14610,0.1022361431632837
AT2G14620,0.3961548124973147
AT2G14635,0.146579394172622
AT2G14660,0.40744395618157286
AT2G14670,0.11689195803651499
AT2G14680,0.3251062928463738
AT2G14690,0.1342397125302182
AT2G14692,0.1019935489625394
AT2G14695,0.1022361431632837
AT2G14700,0.1022361431632837
AT2G14710,0.1022361431632837
AT2G14720,0.48051111240879696
AT2G14740,0.44257306736879337
AT2G14750,0.820121549610082
AT2G14755,0.1022361431632837
AT2G14760,0.3088063369089049
AT2G14765,0.1283460063032978
AT2G14775,0.21599677818749657
AT2G14800,0.1837026340650112
AT2G14810,0.1212162747622445
AT2G14820,0.9680866635049064
AT2G14825,0.6730882872815616
AT2G14830,0.1408682135041533
AT2G14835,0.5147305462007765
AT2G14846,0.1184443111229883
AT2G14850,0.2945563868510933
AT2G14860,0.4080514831812651
AT2G14870,0.1022361431632837
AT2G14878,1.4595420182993541
AT2G14880,0.3603885022875284
AT2G14890,0.8120813828663267
AT2G14900,1.2142659097763757
AT2G14910,1.0147836024627694
AT2G14920,0.5865320798935187
AT2G14935,0.1022361431632837
AT2G14945,0.1022361431632837
AT2G14960,0.5013762103063291
AT2G15000,0.7875986414992933
AT2G15010,1.1215804527284228
AT2G15020,0.2053549919039848
AT2G15025,0.13102963945338458
AT2G15029,0.1022361431632837
AT2G15042,0.1257209904480473
AT2G15050,0.4255761499777055
AT2G15080,0.1022361431632837
AT2G15090,0.6208249764360604
AT2G15110,0.1022361431632837
AT2G15128,0.5858951702122457
AT2G15130,0.29554805053272787
AT2G15170,0.1022361431632837
AT2G15180,0.1022361431632837
AT2G15185,0.1022361431632837
AT2G15220,0.55222843524576
AT2G15230,0.42007285935725847
AT2G15240,0.6735770590150894
AT2G15260,0.1022361431632837
AT2G15270,0.8317325082748463
AT2G15280,0.8095479503134425
AT2G15290,0.5788294584638627
AT2G15292,1.2425725544802826
AT2G15300,0.5645383485332535
AT2G15310,0.49217356200310464
AT2G15318,0.1999147818304582
AT2G15320,0.40949189468410446
AT2G15325,0.1022361431632837
AT2G15327,0.1022361431632837
AT2G15340,0.13966548136522788
AT2G15345,0.1022361431632837
AT2G15350,0.2933002083400609
AT2G15360,0.1022361431632837
AT2G15370,0.6590460968770953
AT2G15390,0.4389826039050393
AT2G15400,0.4984962095530638
AT2G15420,0.11849737499230979
AT2G15430,0.42694424738515013
AT2G15440,0.40209913758156135
AT2G15450,0.1022361431632837
AT2G15460,0.1022361431632837
AT2G15470,0.1019935489625394
AT2G15480,0.5557634894891823
AT2G15490,0.928042536221506
AT2G15500,0.1022361431632837
AT2G15530,0.27515245848112024
AT2G15535,0.1022361431632837
AT2G15555,3.070577332266857
AT2G15560,0.3611269463966919
AT2G15570,0.5117922944538615
AT2G15580,0.4478559355241317
AT2G15590,0.404650588791111
AT2G15610,0.1022361431632837
AT2G15620,0.8769044472319121
AT2G15630,0.3835101217481917
AT2G15640,0.1022361431632837
AT2G15660,0.1019935489625394
AT2G15670,0.1022361431632837
AT2G15680,0.1022361431632837
AT2G15690,0.4083167512224132
AT2G15695,0.43078554826277626
AT2G15710,0.1022361431632837
AT2G15730,0.35897407897667644
AT2G15740,0.1022361431632837
AT2G15760,0.32198662181223126
AT2G15770,0.13034275849323051
AT2G15780,0.3534325911445016
AT2G15790,0.7284281691674077
AT2G15820,0.3720191951960648
AT2G15830,1.0169831360886392
AT2G15860,0.5731034691399647
AT2G15880,0.5829377256231579
AT2G15890,1.4908036584492113
AT2G15900,0.5707320466085105
AT2G15910,0.667306185024507
AT2G15960,0.7808254777575236
AT2G15970,1.1284980708589272
AT2G15980,0.3731406731526018
AT2G16005,2.5995757689398964
AT2G16015,0.1022361431632837
AT2G16016,0.1022361431632837
AT2G16018,1.380172124988333
AT2G16019,0.1022361431632837
AT2G16020,0.1022361431632837
AT2G16030,0.1022361431632837
AT2G16040,0.1022361431632837
AT2G16050,0.40010320171232194
AT2G16060,1.5586699314176184
AT2G16070,0.3840257647638665
AT2G16090,0.30970731700184373
AT2G16120,0.1022361431632837
AT2G16130,0.1022361431632837
AT2G16145,0.1022361431632837
AT2G16190,0.1514008604436194
AT2G16200,0.1022361431632837
AT2G16210,0.1022361431632837
AT2G16220,0.1022361431632837
AT2G16225,0.1022361431632837
AT2G16230,0.9123525102900938
AT2G16240,0.1022361431632837
AT2G16245,0.1717864899696132
AT2G16250,0.3830517867588624
AT2G16270,0.3769984372002606
AT2G16280,0.5336004341435777
AT2G16290,0.1022361431632837
AT2G16300,0.1022361431632837
AT2G16340,0.1022361431632837
AT2G16360,0.665382424515173
AT2G16365,0.5876272638656534
AT2G16370,0.5399798110390811
AT2G16380,0.3533324422864804
AT2G16385,0.6015160131652754
AT2G16390,0.32599543595388236
AT2G16400,0.7510915440134155
AT2G16405,0.28126391941776074
AT2G16430,0.5294041100406516
AT2G16440,0.46496884121946747
AT2G16450,0.10798640155519539
AT2G16460,0.5455144516436942
AT2G16485,0.6104735160458047
AT2G16490,0.232053055017719
AT2G16500,0.6917234834624246
AT2G16505,0.1870601588021452
AT2G16510,0.6530280412072083
AT2G16520,0.1022361431632837
AT2G16530,0.5980665646065615
AT2G16535,0.1022361431632837
AT2G16570,0.5602700164604875
AT2G16575,0.2917509722883302
AT2G16580,0.5951776863876745
AT2G16586,1.754346972907412
AT2G16592,0.1022361431632837
AT2G16594,0.1022361431632837
AT2G16595,0.3686645344605013
AT2G16600,1.039386904842818
AT2G16620,0.1022361431632837
AT2G16630,0.8798441925864146
AT2G16640,0.7106680258749593
AT2G16650,0.4207216981914752
AT2G16660,0.8517957226865296
AT2G16676,0.1423469181203691
AT2G16700,0.5192886638358545
AT2G16710,0.3885818387661548
AT2G16720,0.9099536557581515
AT2G16730,0.1022361431632837
AT2G16740,1.0212892120188095
AT2G16750,0.7634470908330347
AT2G16760,0.4723913457214795
AT2G16770,0.38332739641531444
AT2G16780,0.5180531890186537
AT2G16790,0.6985762885123019
AT2G16800,0.41943846144641994
AT2G16810,0.1022361431632837
AT2G16835,0.1022361431632837
AT2G16850,0.5428408249565148
AT2G16860,1.0436506896300193
AT2G16870,0.4040013401953662
AT2G16880,0.5453162852953684
AT2G16890,0.9355633711019564
AT2G16900,0.6468424269470332
AT2G16910,0.25179318098120507
AT2G16920,0.4901979020712527
AT2G16930,0.5499685882347651
AT2G16940,0.5195224678169459
AT2G16950,0.5815099483882237
AT2G16953,0.1022361431632837
AT2G16960,0.1175058721728663
AT2G16970,0.5052530059587204
AT2G16980,0.7834190228496236
AT2G16990,0.4948792736714543
AT2G17000,0.1022361431632837
AT2G17010,0.17389626324650198
AT2G17020,0.42388596907386017
AT2G17030,0.2817253667381609
AT2G17033,0.4405050110881449
AT2G17036,0.3030100901698253
AT2G17040,0.2184973283404174
AT2G17043,0.1022361431632837
AT2G17050,0.2761468304544803
AT2G17055,0.1888192849253617
AT2G17060,0.2909157562129295
AT2G17070,0.7898052706374636
AT2G17080,0.8299028313903097
AT2G17090,0.1022361431632837
AT2G17110,0.3980531535742935
AT2G17120,0.4462013858407008
AT2G17130,0.8380718554055274
AT2G17140,0.39996788133247846
AT2G17150,0.33999393860928634
AT2G17160,0.1022361431632837
AT2G17170,0.1022361431632837
AT2G17180,0.1022361431632837
AT2G17190,0.47636492235824157
AT2G17200,0.48299928905342393
AT2G17210,0.1568575490618473
AT2G17220,0.3263596373833975
AT2G17230,0.5558509023636764
AT2G17240,0.6068799285319192
AT2G17250,0.9828004774889073
AT2G17260,0.41914120520371356
AT2G17265,0.5607444310600822
AT2G17270,0.37140130995383536
AT2G17280,0.599483080466639
AT2G17290,0.7893567080120633
AT2G17295,0.5429860235874797
AT2G17300,0.7403971183831513
AT2G17305,0.1022361431632837
AT2G17310,0.1022361431632837
AT2G17320,0.46277681105595614
AT2G17340,0.6805273659192215
AT2G17350,0.31557818164095736
AT2G17360,0.7710919364519779
AT2G17370,0.4038923002129079
AT2G17380,0.7591617404448499
AT2G17390,0.6492774054515553
AT2G17410,0.519671967349131
AT2G17420,0.5764155756939031
AT2G17430,0.41427139619035935
AT2G17440,0.9418158183837385
AT2G17442,0.600072062977501
AT2G17450,0.5441282092743294
AT2G17470,0.1022361431632837
AT2G17480,0.46593100893772166
AT2G17500,0.9164111797190402
AT2G17510,0.418844217624039
AT2G17520,0.27940873286984513
AT2G17525,0.3630996104628507
AT2G17530,0.5011304154983783
AT2G17540,0.4031594926814447
AT2G17550,0.4105174313422066
AT2G17560,0.7487955521640928
AT2G17570,0.6142341509821544
AT2G17580,0.39924328459125424
AT2G17590,0.5286342410741803
AT2G17600,0.3685706697673665
AT2G17620,0.3667266128086784
AT2G17630,0.36028462604906664
AT2G17640,0.48743466770757354
AT2G17650,0.3328366542682038
AT2G17660,0.2913409022717417
AT2G17670,0.36810497320369795
AT2G17680,0.1016524999438922
AT2G17690,0.1022361431632837
AT2G17695,0.6906204929844089
AT2G17700,0.547928325228145
AT2G17705,0.4466477072719453
AT2G17710,1.4437242072348195
AT2G17720,0.7479572495333284
AT2G17723,0.1022361431632837
AT2G17730,0.435502608044654
AT2G17740,0.1022361431632837
AT2G17750,0.1022361431632837
AT2G17760,0.43406015490027844
AT2G17770,0.37460981997768983
AT2G17780,0.2821458746966704
AT2G17785,0.1022361431632837
AT2G17787,0.397258776605317
AT2G17790,0.5239985077377715
AT2G17800,0.813557951849804
AT2G17820,0.7574552084007752
AT2G17830,0.37351900546915695
AT2G17840,0.7196963214723878
AT2G17845,0.1022361431632837
AT2G17850,0.6137382672016738
AT2G17860,0.1016524999438922
AT2G17870,0.5161703318135414
AT2G17880,0.4384033550532027
AT2G17890,0.31632346661055866
AT2G17900,0.5655141190106107
AT2G17905,0.1022361431632837
AT2G17920,0.1087385012529459
AT2G17930,0.5421162653329052
AT2G17940,0.6432291920970556
AT2G17950,0.1022361431632837
AT2G17960,0.1022361431632837
AT2G17970,0.35905691039886195
AT2G17972,0.26208116449330293
AT2G17975,0.3953314083509808
AT2G17980,0.42832000667560965
AT2G17990,0.5060803323232763
AT2G18000,0.3945955177980591
AT2G18010,0.2296185289235214
AT2G18020,0.821537353235688
AT2G18025,0.15899300647034942
AT2G18030,0.7997430112284221
AT2G18040,1.416977755708116
AT2G18050,0.79910716505021
AT2G18060,0.4116784464004273
AT2G18070,0.1022361431632837
AT2G18080,0.1022361431632837
AT2G18090,0.410145076293551
AT2G18100,0.21659362143505229
AT2G18110,0.48227893211063333
AT2G18120,0.3248780219400624
AT2G18130,0.1022361431632837
AT2G18140,0.1987730727633795
AT2G18150,2.0789102377591875
AT2G18160,0.7343273815182698
AT2G18170,0.6550433078392764
AT2G18180,0.1019935489625394
AT2G18190,0.1022361431632837
AT2G18193,0.3720767265498475
AT2G18196,0.7376916342419805
AT2G18200,0.1234014116575
AT2G18210,0.769070795979262
AT2G18220,0.5179945621801757
AT2G18230,0.4773759484390103
AT2G18240,0.6750689892658941
AT2G18245,0.3067112656671752
AT2G18250,0.49342395509400805
AT2G18260,0.1771381596050282
AT2G18270,0.1022361431632837
AT2G18280,0.8678937215575738
AT2G18290,0.7487882024734803
AT2G18300,0.3769404864137603
AT2G18320,0.1022361431632837
AT2G18328,0.3728336678387174
AT2G18330,0.6592645643641972
AT2G18340,0.3088716000611581
AT2G18350,0.5077743928379659
AT2G18360,0.7935864799911416
AT2G18370,1.387356352993517
AT2G18380,0.3579738009491563
AT2G18390,0.7476154527486072
AT2G18400,0.6848322356933096
AT2G18410,0.4365418791202713
AT2G18420,0.1022361431632837
AT2G18440,0.9306454766460561
AT2G18450,0.3689002408225824
AT2G18460,0.406122963553346
AT2G18465,0.2347230290234676
AT2G18470,0.5610167778797961
AT2G18480,0.3407580000615727
AT2G18490,0.4680207727381698
AT2G18500,0.4448867043910542
AT2G18510,0.38480794603896296
AT2G18520,0.4657453659807876
AT2G18530,0.1022361431632837
AT2G18540,0.499502891258481
AT2G18550,0.3698938793614182
AT2G18560,0.4155682067265982
AT2G18570,0.46566006879602295
AT2G18590,0.1019935489625394
AT2G18600,0.6424241460669496
AT2G18620,0.23126322607526928
AT2G18630,0.4232097899481677
AT2G18640,0.2863458093450242
AT2G18650,0.39152988541876627
AT2G18660,0.2307155740808828
AT2G18670,0.6903305045415242
AT2G18680,0.4757996034866257
AT2G18685,0.1022361431632837
AT2G18690,0.654934428993022
AT2G18700,0.6199930267055838
AT2G18710,0.6817486640982133
AT2G18720,0.1214414759291901
AT2G18721,0.1022361431632837
AT2G18730,0.40777182815889146
AT2G18735,0.47465156255541974
AT2G18740,0.814896992290411
AT2G18750,0.4469939676863701
AT2G18760,0.39123457937554607
AT2G18770,0.38458900801084783
AT2G18780,0.3630134140195634
AT2G18790,0.46829404006888675
AT2G18800,1.2289000602362254
AT2G18810,0.1022361431632837
AT2G18830,0.1022361431632837
AT2G18840,0.6737607748164695
AT2G18850,0.39372135776313694
AT2G18860,0.7505374103992566
AT2G18870,0.1151452591358101
AT2G18876,0.3625980629155521
AT2G18880,0.1022361431632837
AT2G18890,0.396527856687741
AT2G18900,0.7153464645340724
AT2G18910,0.4126594392275216
AT2G18915,0.38657254233972216
AT2G18917,0.2137390643429413
AT2G18920,0.1022361431632837
AT2G18938,0.2789898525945565
AT2G18940,0.3653035044856231
AT2G18950,0.3431781582066752
AT2G18960,0.631294267592694
AT2G18969,0.3719938440880127
AT2G18970,0.1977634243660091
AT2G18980,0.6057953652482584
AT2G18990,0.7970370808699901
AT2G19000,0.1211114058560033
AT2G19010,0.1022361431632837
AT2G19020,0.1022361431632837
AT2G19030,0.1022361431632837
AT2G19040,0.1022361431632837
AT2G19045,0.1022361431632837
AT2G19050,0.3538660397075267
AT2G19060,1.0563990945669286
AT2G19070,0.1022361431632837
AT2G19080,0.7274992532584665
AT2G19090,0.5104675013209604
AT2G19110,0.6240293693423901
AT2G19120,0.3095176415652233
AT2G19130,0.3501616367416426
AT2G19146,0.3544392687895735
AT2G19150,0.38277315631928177
AT2G19160,0.4896284798577668
AT2G19170,0.5599001611830609
AT2G19180,0.45536761163545714
AT2G19190,0.1803358158337511
AT2G19210,0.1019935489625394
AT2G19220,0.1022361431632837
AT2G19230,0.1022361431632837
AT2G19240,0.33297670085433584
AT2G19260,0.4433024911059985
AT2G19270,0.395713414374919
AT2G19280,0.3525367578150415
AT2G19290,0.1022361431632837
AT2G19300,0.1022361431632837
AT2G19310,1.153525020596121
AT2G19320,0.7709391946773134
AT2G19330,0.1942059946556757
AT2G19340,0.2895336789383201
AT2G19350,0.45629515954612443
AT2G19360,0.1022361431632837
AT2G19365,0.18202498657111268
AT2G19380,0.3173900284269254
AT2G19385,0.7463893677664044
AT2G19390,0.3513702614944808
AT2G19400,0.2879625223757746
AT2G19410,0.4653873023738378
AT2G19420,0.1022361431632837
AT2G19425,0.1022361431632837
AT2G19430,0.5262903350953406
AT2G19440,0.3669684136666681
AT2G19450,0.5496809921288999
AT2G19460,0.5511518109730084
AT2G19470,0.47646830867652257
AT2G19480,0.9761271888753529
AT2G19490,0.6510909783782955
AT2G19500,0.22105212375661448
AT2G19510,0.1022361431632837
AT2G19520,0.5601673774636857
AT2G19530,0.5298268292123619
AT2G19540,0.5044536336746659
AT2G19550,0.3106512040589412
AT2G19560,0.608459050079702
AT2G19570,0.6109893272218818
AT2G19572,0.5266466574339141
AT2G19580,0.5940985307520681
AT2G19582,0.2247232565225201
AT2G19590,1.7288790409690913
AT2G19600,0.4690489709318363
AT2G19610,0.23450049448757398
AT2G19620,0.5811026941237951
AT2G19630,0.1022361431632837
AT2G19640,0.7924053061547983
AT2G19650,0.2964480878247447
AT2G19660,0.3248728889205304
AT2G19670,0.4972101486153393
AT2G19680,0.457535824289359
AT2G19690,0.3970578564413682
AT2G19700,0.1225467622396474
AT2G19710,0.4427964536023371
AT2G19720,0.7405293924158869
AT2G19730,0.893132355039501
AT2G19740,0.7280008692667832
AT2G19750,0.6962908394997425
AT2G19760,0.9177235980134224
AT2G19770,0.20420685907274622
AT2G19780,0.5118836812791171
AT2G19790,0.618927344271536
AT2G19796,0.1022361431632837
AT2G19800,0.9708758152565686
AT2G19802,0.1022361431632837
AT2G19810,0.4280314110231923
AT2G19820,0.1022361431632837
AT2G19830,0.8117051414399712
AT2G19850,0.1294851382257258
AT2G19860,0.4165075873482009
AT2G19870,0.29905185780649174
AT2G19880,0.5487541401961807
AT2G19890,0.1513396414087138
AT2G19893,0.1022361431632837
AT2G19900,1.748267313808662
AT2G19910,0.4692147053494721
AT2G19920,0.151279614123304
AT2G19930,0.24366414995897467
AT2G19940,0.4188994140422665
AT2G19950,0.4726883366033491
AT2G19960,0.1494549362836669
AT2G19970,1.3887425874973014
AT2G19980,0.1112122126871055
AT2G19990,0.5570377160888123
AT2G20000,0.46596524968698966
AT2G20010,0.4719162150334754
AT2G20020,0.4056687531773018
AT2G20030,0.3459201960843496
AT2G20050,0.2798078241867897
AT2G20060,0.9777111715969267
AT2G20070,0.1022361431632837
AT2G20080,0.43132832956091244
AT2G20100,0.5448847591552448
AT2G20110,0.3106734035328111
AT2G20120,0.5245227355900506
AT2G20130,0.49092725673369975
AT2G20140,0.7205965367469824
AT2G20142,0.2940891588324742
AT2G20150,0.1019935489625394
AT2G20160,0.1022361431632837
AT2G20170,0.1321731191971539
AT2G20180,0.5361482463060641
AT2G20190,0.3597709561205933
AT2G20208,0.1022361431632837
AT2G20210,0.402227019629449
AT2G20230,0.8348036697299956
AT2G20240,0.4457314134810672
AT2G20250,0.2385986486530021
AT2G20260,0.44875455629598515
AT2G20270,0.47552812203390693
AT2G20280,0.8884471173637458
AT2G20290,0.23079537233340522
AT2G20300,0.4087513008780083
AT2G20310,0.31472678222924183
AT2G20320,0.27074559314808666
AT2G20330,0.3762343632847852
AT2G20340,0.7945075014303671
AT2G20350,0.1022361431632837
AT2G20360,0.6332192831135106
AT2G20362,0.3543572396679637
AT2G20370,0.5820485848526887
AT2G20380,0.1019935489625394
AT2G20390,0.4928802213553237
AT2G20400,0.37690462026514515
AT2G20410,0.5099451399159048
AT2G20420,0.5999692305781079
AT2G20430,0.1181000526002723
AT2G20440,0.4113281225339046
AT2G20450,0.6557511403979506
AT2G20463,0.1022361431632837
AT2G20465,0.1022361431632837
AT2G20470,0.1533512168628266
AT2G20480,0.6987967487027293
AT2G20490,0.7439358288075844
AT2G20495,0.3514250950652693
AT2G20500,0.370152954322299
AT2G20510,0.1455037320917671
AT2G20515,0.6781569664753804
AT2G20520,0.8749234298878052
AT2G20530,0.6125681942096302
AT2G20540,0.43181489912829785
AT2G20550,0.4890695455161394
AT2G20560,0.5328959643100444
AT2G20562,0.7880663600434492
AT2G20570,0.26136311480373786
AT2G20580,0.5712694900938065
AT2G20585,0.6576053492937686
AT2G20590,0.25982224744101523
AT2G20595,0.1022361431632837
AT2G20597,0.1022361431632837
AT2G20605,0.1022361431632837
AT2G20610,0.9193670421698252
AT2G20613,0.1022361431632837
AT2G20616,0.1022361431632837
AT2G20618,0.1022361431632837
AT2G20619,0.1022361431632837
AT2G20620,0.2127085200012013
AT2G20625,0.1022361431632837
AT2G20630,0.9732236591292633
AT2G20635,0.40442576620150167
AT2G20650,0.34022149125965173
AT2G20660,0.1022361431632837
AT2G20670,1.0827767004498383
AT2G20680,0.3968481005061788
AT2G20690,0.4599530408844048
AT2G20700,0.2271136171895398
AT2G20710,0.3407544756025996
AT2G20720,0.2596520913039146
AT2G20721,0.2290086472024622
AT2G20722,0.2329349684279466
AT2G20723,0.18195622946424178
AT2G20725,0.5577502176028992
AT2G20740,0.40103965542202713
AT2G20750,0.6286411365984158
AT2G20760,0.761182322349055
AT2G20770,0.8530649468679111
AT2G20780,0.375050367792637
AT2G20784,0.1022361431632837
AT2G20790,0.6593497943124309
AT2G20800,0.2367447513630931
AT2G20805,0.1022361431632837
AT2G20810,0.688438908017123
AT2G20815,0.3715665125632799
AT2G20820,0.6013497919518929
AT2G20825,0.2714075192690077
AT2G20830,0.588270656227608
AT2G20835,0.2863086006387811
AT2G20840,0.4244844242475322
AT2G20850,0.4955785144941748
AT2G20860,0.4260789755547363
AT2G20870,0.1022361431632837
AT2G20873,0.1022361431632837
AT2G20875,0.1022361431632837
AT2G20880,0.23044564473764959
AT2G20890,0.7016537596604133
AT2G20900,0.5931023379053606
AT2G20920,0.5411058354971179
AT2G20921,0.1022960765023921
AT2G20930,0.4527750958337473
AT2G20940,0.6698561641813722
AT2G20950,0.31180465773056076
AT2G20960,0.3385488262571822
AT2G20970,0.1022361431632837
AT2G20980,0.5377665241252245
AT2G20990,0.9407089946088443
AT2G21010,0.1022361431632837
AT2G21030,0.3280976692415041
AT2G21040,0.1066767453453088
AT2G21045,1.9893068543479386
AT2G21050,0.6808612763505805
AT2G21060,0.8299880233251156
AT2G21070,0.2987517371863375
AT2G21080,0.2803135637934292
AT2G21090,0.6076665038190883
AT2G21100,0.65012850907711
AT2G21105,0.1022361431632837
AT2G21110,0.10731842643275559
AT2G21120,0.726905517141458
AT2G21130,0.4491897387234135
AT2G21140,0.1291988102899509
AT2G21150,0.3494009877938601
AT2G21160,0.7909604930491754
AT2G21170,0.5870463579586882
AT2G21180,0.9091108135386082
AT2G21185,0.6603452117294437
AT2G21187,0.47004697043237953
AT2G21188,0.24250639841539082
AT2G21190,0.4781773224131345
AT2G21195,0.7711190915238104
AT2G21200,0.1399696284649635
AT2G21210,0.5644583459163068
AT2G21220,0.1022361431632837
AT2G21230,0.433265214907506
AT2G21235,0.1022361431632837
AT2G21237,0.1019935489625394
AT2G21240,0.3464204165461148
AT2G21250,1.0457782699474543
AT2G21260,0.6678187352701155
AT2G21270,0.5505266718340884
AT2G21280,0.3880165644339949
AT2G21290,0.6955462086483779
AT2G21300,0.38046491425568824
AT2G21320,0.39422502176099916
AT2G21330,1.3062382624816007
AT2G21340,0.5367413057242086
AT2G21350,0.2988604800550404
AT2G21360,0.13654006346591768
AT2G21370,0.5126630594192998
AT2G21380,0.4995272036254027
AT2G21385,0.44294434598489263
AT2G21390,0.5750509175597238
AT2G21400,0.4402439226495741
AT2G21410,0.5222584750111379
AT2G21420,0.1022361431632837
AT2G21430,0.3840933500890043
AT2G21440,0.6198938862632366
AT2G21450,0.1698555922001534
AT2G21455,0.1022361431632837
AT2G21465,0.1022361431632837
AT2G21470,0.5344632192841119
AT2G21480,0.24200368217494223
AT2G21490,1.7238606975851956
AT2G21500,0.4612018733209835
AT2G21510,0.2227305408626629
AT2G21520,0.7716992830500385
AT2G21530,0.2508115730218877
AT2G21540,0.40317189311889445
AT2G21550,0.3420342268401251
AT2G21560,1.0552667274136138
AT2G21570,0.1022361431632837
AT2G21580,0.5959322056417728
AT2G21590,0.3851685512837085
AT2G21595,0.1820860960398322
AT2G21600,0.4643949676275907
AT2G21610,0.2527520216036916
AT2G21620,0.8227180525778399
AT2G21630,0.3987998397025033
AT2G21640,0.38114099212480634
AT2G21650,0.4440066789097205
AT2G21655,0.1022361431632837
AT2G21660,0.5431720959954114
AT2G21680,0.1022361431632837
AT2G21690,0.1022361431632837
AT2G21710,0.3612833367702748
AT2G21720,1.0391253270879122
AT2G21725,0.1022361431632837
AT2G21727,0.1022361431632837
AT2G21730,0.1022361431632837
AT2G21740,0.11576922559653749
AT2G21750,0.1022361431632837
AT2G21770,0.2141947574954253
AT2G21780,0.2470630452070426
AT2G21790,0.4527302323696307
AT2G21800,0.3922230141174025
AT2G21810,0.1022361431632837
AT2G21820,2.8243988209441326
AT2G21830,0.5027228366610954
AT2G21840,0.645904686334907
AT2G21850,0.32456027119914455
AT2G21860,0.33996987978229976
AT2G21870,0.8413873870147865
AT2G21880,0.6280591917961327
AT2G21890,0.1019935489625394
AT2G21900,0.4340658357762993
AT2G21910,0.1022361431632837
AT2G21920,0.1022361431632837
AT2G21930,0.2213457951723481
AT2G21940,0.43016809916045445
AT2G21950,0.434435754279739
AT2G21960,0.43483480381189665
AT2G21970,1.034816000887247
AT2G21980,0.1022361431632837
AT2G21990,0.1019935489625394
AT2G22000,1.0527596499565586
AT2G22010,0.507558959825753
AT2G22030,0.1022361431632837
AT2G22040,0.1022361431632837
AT2G22050,0.1022361431632837
AT2G22055,0.1022361431632837
AT2G22060,0.18938549632487578
AT2G22070,0.3057451971852852
AT2G22080,0.6103944793549094
AT2G22088,0.10075254141967468
AT2G22090,0.3154010172259785
AT2G22100,0.36466562141363873
AT2G22110,0.1134057626021557
AT2G22120,0.4070613350123675
AT2G22121,0.1022361431632837
AT2G22122,1.49067334799064
AT2G22125,0.8602166283796957
AT2G22140,0.4239321985946245
AT2G22145,0.1120348332078225
AT2G22155,0.1022361431632837
AT2G22160,0.1022361431632837
AT2G22170,0.8507782099973857
AT2G22180,0.1307119702500154
AT2G22190,0.9097565243331694
AT2G22200,0.36318703985480116
AT2G22230,0.48983106863514836
AT2G22240,0.7910294598241643
AT2G22241,0.1022361431632837
AT2G22250,0.47978582635204314
AT2G22260,0.24353472923721578
AT2G22270,0.43127179402805427
AT2G22280,0.1022361431632837
AT2G22290,0.40582740901800296
AT2G22300,0.3133496343401039
AT2G22310,0.3491692084976049
AT2G22320,0.1022361431632837
AT2G22330,1.2312489106881332
AT2G22340,0.1022361431632837
AT2G22345,0.1022361431632837
AT2G22360,0.24816001807241828
AT2G22370,0.3609473225067681
AT2G22400,0.6735919366051489
AT2G22410,0.4734482466705774
AT2G22420,0.43067908561986723
AT2G22425,0.7101261018845011
AT2G22426,0.135199607020061
AT2G22430,0.8881310402567129
AT2G22440,0.1022361431632837
AT2G22450,0.49759707742110204
AT2G22460,0.4151700030079375
AT2G22465,0.1394599239546909
AT2G22470,1.0572887061979057
AT2G22475,0.4111549328601444
AT2G22480,0.5597115515107318
AT2G22482,0.2424025064949767
AT2G22490,1.0258606253163922
AT2G22496,0.3123543124009438
AT2G22500,0.5784277658699446
AT2G22510,1.6709170123504515
AT2G22520,0.1022361431632837
AT2G22530,0.38322754230695366
AT2G22540,1.0215540487624715
AT2G22560,0.3906685752930009
AT2G22570,0.5166137397097035
AT2G22580,0.1022361431632837
AT2G22590,1.1406521297742105
AT2G22600,0.4472415884675266
AT2G22610,0.6167072271752806
AT2G22620,0.36676900425101405
AT2G22630,0.5590421263249835
AT2G22640,0.5830678477973997
AT2G22650,0.37192648083235
AT2G22660,0.514538752032742
AT2G22668,0.1016524999438922
AT2G22670,0.8153805370404623
AT2G22680,0.4211560916245898
AT2G22690,0.3527695519043695
AT2G22720,0.268398622328879
AT2G22730,0.3693222157691234
AT2G22740,0.3548203465263149
AT2G22750,0.1291210965860368
AT2G22760,0.1980536221399675
AT2G22770,0.8077760924183494
AT2G22780,0.6482690345397271
AT2G22790,0.3026269653007741
AT2G22795,1.032614715056609
AT2G22800,0.28097640504049104
AT2G22805,0.1022361431632837
AT2G22807,0.1022361431632837
AT2G22810,0.11607377094764108
AT2G22820,0.1022361431632837
AT2G22821,0.22886741032221938
AT2G22830,0.4282172800559579
AT2G22840,0.666356417971238
AT2G22850,0.4746312061930264
AT2G22860,0.8899912444361189
AT2G22870,0.595058810281315
AT2G22880,0.4111940435742224
AT2G22890,0.3214252441338673
AT2G22900,0.5725001754643222
AT2G22905,0.2148618296770905
AT2G22910,0.35229007359943776
AT2G22920,0.667639152609091
AT2G22930,0.649129798264377
AT2G22940,0.1022361431632837
AT2G22941,0.1022361431632837
AT2G22942,0.20571134689093348
AT2G22950,0.2637637154807056
AT2G22955,0.1022361431632837
AT2G22960,0.1022361431632837
AT2G22970,0.6597007977697086
AT2G22980,0.43206856640646385
AT2G22990,0.46585228471060197
AT2G23000,0.5837526266826223
AT2G23010,0.4085147921187978
AT2G23030,0.7097163283555946
AT2G23040,1.2222960301852586
AT2G23050,0.7771401772775566
AT2G23060,0.24421097292127752
AT2G23067,0.1022361431632837
AT2G23070,0.4315937539440664
AT2G23080,0.5774307678985517
AT2G23090,0.6677594625979228
AT2G23093,0.41727709087072484
AT2G23096,0.1186103243792091
AT2G23100,0.4043737319891005
AT2G23110,1.4093367844664098
AT2G23118,0.1022361431632837
AT2G23120,1.4213429220780027
AT2G23130,0.30394031744487243
AT2G23140,0.3313722420523383
AT2G23142,0.1022361431632837
AT2G23148,0.1022361431632837
AT2G23150,0.35330927444774124
AT2G23160,0.1022361431632837
AT2G23170,0.8289235436579457
AT2G23180,0.3815815181484329
AT2G23190,0.1150609746590497
AT2G23200,0.32577394828745343
AT2G23210,0.5195849565893604
AT2G23220,0.1022361431632837
AT2G23230,0.14317827425467228
AT2G23240,1.9288401044638457
AT2G23250,0.1022361431632837
AT2G23260,0.1201493350304689
AT2G23270,0.19701759759165668
AT2G23290,0.20325535335061337
AT2G23300,0.5300528676293982
AT2G23310,0.44298420122153526
AT2G23320,0.8906576977231382
AT2G23321,0.1152258014724729
AT2G23340,0.5678029989521277
AT2G23347,0.1930621608223156
AT2G23348,0.280354303324692
AT2G23350,0.6873027891023438
AT2G23360,0.3492139206731662
AT2G23370,0.3883214068075884
AT2G23380,0.3697962846271007
AT2G23390,0.4355979022204984
AT2G23400,0.1330223429497319
AT2G23410,0.3395147092119569
AT2G23420,0.4397017142848652
AT2G23430,0.21427465603097928
AT2G23440,0.2212514222449398
AT2G23445,0.1442584527018199
AT2G23450,0.31858290390672644
AT2G23460,0.41058176975451544
AT2G23470,0.44715210981101144
AT2G23510,0.1022361431632837
AT2G23520,0.4231145168066117
AT2G23530,0.5215758245211093
AT2G23540,1.4023783761570772
AT2G23550,0.2117335634983017
AT2G23560,0.686372003350286
AT2G23570,0.1188931439262619
AT2G23580,0.1320796087923704
AT2G23590,0.3325042419565246
AT2G23600,1.0068106156674959
AT2G23610,1.1335530925131887
AT2G23620,0.5509618723545757
AT2G23630,0.770199514608763
AT2G23640,0.9207018697303764
AT2G23660,0.1022361431632837
AT2G23670,0.409935589217324
AT2G23672,0.315301157947139
AT2G23680,0.4224031767812665
AT2G23690,0.4306402817922866
AT2G23700,0.5976674150484754
AT2G23740,0.43613632088594717
AT2G23755,0.35418755875556673
AT2G23760,0.2790916906000289
AT2G23770,0.3397187829184329
AT2G23780,0.5620226975219433
AT2G23790,0.676731176038823
AT2G23800,0.1022361431632837
AT2G23810,0.6749020609306589
AT2G23820,0.6043806057132686
AT2G23830,0.1350079826801933
AT2G23834,0.1022361431632837
AT2G23840,0.3005873292643716
AT2G23890,0.5816615050851679
AT2G23900,0.1022361431632837
AT2G23910,1.4429237778744055
AT2G23930,0.6658485491617436
AT2G23940,0.700388162878292
AT2G23945,0.232467671669234
AT2G23950,0.42723854595490807
AT2G23960,0.4249208218282491
AT2G23970,0.1917153701616904
AT2G23980,0.2696174818667303
AT2G23985,0.5200290872864801
AT2G23987,0.1534309079894397
AT2G23990,0.1889193027472732
AT2G24000,0.21175207212438868
AT2G24010,0.2425242109835808
AT2G24020,0.5002721160324619
AT2G24030,0.3797368274788574
AT2G24040,0.7133941131839983
AT2G24050,0.5765530656038663
AT2G24060,0.6949603464502156
AT2G24070,0.5875762771233769
AT2G24080,0.1022361431632837
AT2G24090,0.3697209389293633
AT2G24100,0.38641770433868516
AT2G24103,0.1022361431632837
AT2G24120,0.4363207825854292
AT2G24130,0.10075254141967468
AT2G24140,0.3607882251026186
AT2G24150,0.7121410291950603
AT2G24170,0.4801944919310094
AT2G24180,0.6598031305776574
AT2G24190,0.645556356219004
AT2G24195,0.3321544892281112
AT2G24200,0.6370069350708207
AT2G24205,0.1022361431632837
AT2G24210,0.1022361431632837
AT2G24220,0.3849807468462995
AT2G24230,0.4647279881854476
AT2G24240,0.40722116090459465
AT2G24250,0.3358511183034763
AT2G24255,0.1257163461787241
AT2G24260,0.7999138646741762
AT2G24270,0.47114979912678034
AT2G24280,0.3827728372252477
AT2G24285,0.1127672465641371
AT2G24290,0.46789799233242224
AT2G24300,0.6022129473536273
AT2G24310,0.5080595578669208
AT2G24320,0.24894006791460052
AT2G24330,0.3059747707339409
AT2G24340,0.30060392294217186
AT2G24350,0.2534408618138026
AT2G24360,0.6401413343123518
AT2G24370,0.16098110695323709
AT2G24380,0.1022361431632837
AT2G24390,0.30410331515318517
AT2G24395,0.30848579615445604
AT2G24400,0.3950320268056547
AT2G24410,0.1022361431632837
AT2G24420,0.43393968062239374
AT2G24430,0.473927577689743
AT2G24440,0.3624684716171591
AT2G24450,0.1022361431632837
AT2G24460,0.1022361431632837
AT2G24470,0.1022361431632837
AT2G24480,0.1022361431632837
AT2G24490,0.4413543849728946
AT2G24500,0.41746684986092597
AT2G24510,0.1022361431632837
AT2G24520,0.3415228356216602
AT2G24530,0.235889884499434
AT2G24535,0.14809290006835452
AT2G24540,0.5477166901236005
AT2G24545,0.6637027706506133
AT2G24550,0.9574291671000574
AT2G24560,0.1461458676834062
AT2G24570,0.42262424949197963
AT2G24580,0.5250752870601376
AT2G24590,0.3421913113062116
AT2G24592,0.3821912391414088
AT2G24600,0.4937419178247069
AT2G24610,0.41095513815438744
AT2G24615,0.1022361431632837
AT2G24617,0.1022361431632837
AT2G24620,0.1022361431632837
AT2G24625,0.10134379978257319
AT2G24630,0.2899739060501583
AT2G24640,0.4991711955253837
AT2G24645,0.1016524999438922
AT2G24650,0.4032439003084003
AT2G24670,0.1022361431632837
AT2G24680,0.2961266481185747
AT2G24681,0.1231601980539115
AT2G24683,0.1016524999438922
AT2G24690,0.3134967505477311
AT2G24692,0.2333917264097774
AT2G24693,0.1022361431632837
AT2G24696,0.1022361431632837
AT2G24700,0.42123870643530326
AT2G24710,0.2809047990715614
AT2G24720,0.27062018632177043
AT2G24735,0.1022361431632837
AT2G24740,0.1022361431632837
AT2G24755,1.0843236345539125
AT2G24762,0.6269170910836046
AT2G24765,0.7536364549650125
AT2G24780,0.1022361431632837
AT2G24790,0.8265829851699479
AT2G24800,0.2581768411209177
AT2G24810,0.1022361431632837
AT2G24820,0.425409444241284
AT2G24830,0.6550190929670129
AT2G24840,0.1022361431632837
AT2G24850,0.46046283695769347
AT2G24860,0.3664572470995291
AT2G24870,0.1022361431632837
AT2G24880,0.1022361431632837
AT2G24940,0.9937110611231339
AT2G24945,0.35277778069209065
AT2G24950,0.1022361431632837
AT2G24960,0.3559001262032067
AT2G24970,0.7483776353174791
AT2G24980,1.2497427857316858
AT2G24990,0.5941671932609018
AT2G25000,0.5108582295744388
AT2G25010,0.286944935110027
AT2G25011,0.1022361431632837
AT2G25050,0.4957814568760266
AT2G25055,0.3108624119641882
AT2G25060,0.6374689644268308
AT2G25070,0.6649391806052738
AT2G25080,0.5295031626763562
AT2G25090,0.4512728627455317
AT2G25095,0.7508776686908908
AT2G25100,0.36045231246116444
AT2G25110,0.6379699571505766
AT2G25120,0.1022361431632837
AT2G25125,0.11280743220018048
AT2G25130,0.4136255406986846
AT2G25140,0.40006564279267454
AT2G25150,0.6255361916771444
AT2G25160,0.7301551508967581
AT2G25169,0.11335671395214389
AT2G25170,0.6366200489922073
AT2G25171,0.1019935489625394
AT2G25180,0.5056911715392711
AT2G25185,0.113853060343361
AT2G25190,0.6176406097662557
AT2G25200,0.22446553223926288
AT2G25210,0.8149486252110729
AT2G25215,0.3067503301634677
AT2G25220,0.43844914836094256
AT2G25230,0.1022361431632837
AT2G25240,1.283287855047411
AT2G25250,0.8541391908054978
AT2G25260,0.5352654311493309
AT2G25270,0.3317392714782405
AT2G25280,0.7296322177041399
AT2G25290,0.29125526116962663
AT2G25295,0.1022361431632837
AT2G25297,0.2094794835239244
AT2G25300,0.3886177400801426
AT2G25305,0.1022361431632837
AT2G25310,0.7938282349057051
AT2G25312,0.1022361431632837
AT2G25320,0.34907868942663234
AT2G25330,0.1022361431632837
AT2G25340,0.6566667605183487
AT2G25344,0.1022361431632837
AT2G25350,0.5233637052715909
AT2G25355,0.5016058340058624
AT2G25360,0.1022361431632837
AT2G25370,0.12988769887716428
AT2G25400,0.1019935489625394
AT2G25409,0.1491139118853872
AT2G25410,0.2373004060624087
AT2G25420,0.4745135713918973
AT2G25430,0.7253483048930496
AT2G25440,0.1022361431632837
AT2G25450,1.124034680780081
AT2G25460,0.1760737938743166
AT2G25470,0.1022361431632837
AT2G25480,0.8406838430274934
AT2G25482,0.1022361431632837
AT2G25490,0.8548534802029908
AT2G25500,0.1022361431632837
AT2G25510,0.7016703871646797
AT2G25520,0.7968734571502536
AT2G25530,0.48599582971179706
AT2G25540,0.1632368198172568
AT2G25560,0.3366840156435371
AT2G25565,0.1022361431632837
AT2G25570,0.47649035222613945
AT2G25580,0.5215908822247034
AT2G25590,0.49307745828072697
AT2G25600,0.1019935489625394
AT2G25605,0.32673207655027015
AT2G25610,0.7331264731847218
AT2G25620,0.531973571131834
AT2G25625,0.2884582201972975
AT2G25630,0.1022361431632837
AT2G25640,0.4771848753714903
AT2G25650,0.3732941683636086
AT2G25660,0.6407589679783771
AT2G25670,0.9094937357841293
AT2G25680,0.38119856085563547
AT2G25685,0.1022361431632837
AT2G25690,0.5029821567331768
AT2G25700,0.1205693272716753
AT2G25710,0.5374576165995248
AT2G25720,0.49336612631199017
AT2G25730,0.6019633370118683
AT2G25735,0.325279745280701
AT2G25737,0.243702991159229
AT2G25740,0.39115042473118783
AT2G25760,0.37127944352495995
AT2G25770,0.21623735088639162
AT2G25780,0.1022361431632837
AT2G25790,0.8082593797331469
AT2G25800,0.6206344310475156
AT2G25810,1.0086636050223725
AT2G25820,0.214285969159624
AT2G25830,0.2893269816794567
AT2G25840,0.4900597794628272
AT2G25850,0.3454786043320112
AT2G25870,0.7876754527297626
AT2G25880,0.5279470186120562
AT2G25890,1.1559045420449463
AT2G25900,1.2085099883456443
AT2G25905,0.1022361431632837
AT2G25910,0.41421955145662026
AT2G25920,0.34915866948251484
AT2G25930,0.4716223598761817
AT2G25940,0.40542219170192567
AT2G25950,0.7202950897210034
AT2G25964,1.3412241137899699
AT2G25970,0.632767195189291
AT2G25980,1.5660166484271238
AT2G25990,0.1173426131236332
AT2G26000,0.2111771071443142
AT2G26010,0.1016524999438922
AT2G26020,0.1340675511957612
AT2G26030,0.4156672923247322
AT2G26040,0.5843928503802487
AT2G26050,0.1022361431632837
AT2G26060,0.4654488933875416
AT2G26070,0.5755197034768171
AT2G26080,0.8547313808383448
AT2G26100,0.5276662879896954
AT2G26110,0.7995096418226062
AT2G26120,0.1019935489625394
AT2G26130,0.1016524999438922
AT2G26135,0.1022361431632837
AT2G26140,0.5315967732776468
AT2G26150,0.2047271234623056
AT2G26160,0.2181179140549124
AT2G26170,0.8968724526995306
AT2G26180,0.4519073354699712
AT2G26190,0.5045465066728281
AT2G26200,0.3879408661272139
AT2G26210,0.3715368525510352
AT2G26211,0.12091879529312699
AT2G26230,0.8901626635000432
AT2G26240,0.4332127771507339
AT2G26250,0.6655412226071816
AT2G26260,0.6154836876659819
AT2G26270,0.49940678598516913
AT2G26280,0.5776014284896218
AT2G26290,0.41347718425899416
AT2G26300,1.0397096749670829
AT2G26310,0.302271226936197
AT2G26320,0.1019935489625394
AT2G26330,0.3956501687245989
AT2G26340,0.3803821185126345
AT2G26350,0.3784580720152746
AT2G26355,0.9791108510399873
AT2G26360,0.4113320404112522
AT2G26370,0.7163806778396848
AT2G26380,0.29430662435006627
AT2G26390,0.3616048094619995
AT2G26400,0.5635831440571336
AT2G26410,0.2603844851515049
AT2G26420,0.228059446461802
AT2G26430,0.39843025171910545
AT2G26440,0.33807244144193327
AT2G26450,0.1022361431632837
AT2G26460,0.4556089651317875
AT2G26470,0.4695170009087476
AT2G26480,0.3368328503111277
AT2G26490,0.1173612837234887
AT2G26500,0.7375730573194729
AT2G26510,0.3074112254882462
AT2G26515,0.2109445999286988
AT2G26520,0.4220089228901022
AT2G26530,0.7620624938353079
AT2G26540,0.31454520451814805
AT2G26550,0.5720303241678242
AT2G26560,0.2700025091486944
AT2G26570,0.6587812735194759
AT2G26580,0.1561232375206356
AT2G26590,0.49630011430033405
AT2G26600,0.47940551745508797
AT2G26610,0.1022361431632837
AT2G26620,0.1022361431632837
AT2G26640,0.6089755840857687
AT2G26650,0.6674339236508252
AT2G26660,0.5209152050644557
AT2G26670,0.5844149038006301
AT2G26680,0.734680940091287
AT2G26690,0.4452190824759411
AT2G26692,0.1001810529850545
AT2G26695,0.45713184516002453
AT2G26700,0.3126003658686915
AT2G26710,0.3304993827689483
AT2G26720,0.1019935489625394
AT2G26730,0.6414216053934461
AT2G26740,0.4345532855666875
AT2G26750,0.4229048216503929
AT2G26760,0.7314394047959651
AT2G26770,0.3753611724957112
AT2G26780,0.3977537693217188
AT2G26790,0.2898720721195748
AT2G26800,0.5191269775063467
AT2G26810,0.4242707993106964
AT2G26820,0.6226523606474923
AT2G26830,0.6953722823257443
AT2G26840,0.3355465425586648
AT2G26850,0.1019935489625394
AT2G26860,0.5693896965603641
AT2G26865,0.1022361431632837
AT2G26870,0.3039230613345535
AT2G26880,0.1022361431632837
AT2G26882,0.1022361431632837
AT2G26890,0.5055449124477676
AT2G26900,0.6550739642761738
AT2G26910,0.3724491151351723
AT2G26920,0.3591177903074903
AT2G26930,0.45727357891389975
AT2G26940,0.1919675773328266
AT2G26950,0.1022361431632837
AT2G26960,0.1022361431632837
AT2G26970,0.6731047166195325
AT2G26975,0.39528304169669043
AT2G26980,0.5416617018037444
AT2G26990,0.6711025296061806
AT2G27000,0.6361628365140517
AT2G27010,0.4095595643739979
AT2G27020,0.6821276948548614
AT2G27030,0.9309162455339886
AT2G27035,0.5482725058732321
AT2G27040,0.40723125411730055
AT2G27050,0.5559934765982041
AT2G27060,0.4925690036976739
AT2G27070,0.1022361431632837
AT2G27080,0.5870979521283483
AT2G27090,0.3276770956896069
AT2G27100,0.4997629855932475
AT2G27110,0.289821142310089
AT2G27120,0.13751219939255221
AT2G27130,0.5918328086957593
AT2G27140,0.42656216426774
AT2G27145,0.1022361431632837
AT2G27150,0.2823156490250983
AT2G27160,0.1022361431632837
AT2G27170,0.47387300956542167
AT2G27180,0.22460207701994
AT2G27190,0.46549368090964316
AT2G27200,0.39006357650161444
AT2G27210,0.3981766196842493
AT2G27220,0.11711132703619849
AT2G27229,0.1573785759477621
AT2G27230,0.5453281846769857
AT2G27240,0.1214463754273456
AT2G27250,0.1022361431632837
AT2G27260,0.44495497558040475
AT2G27270,0.1022361431632837
AT2G27280,0.1022361431632837
AT2G27285,0.47649345017726724
AT2G27290,0.33524133635567405
AT2G27300,0.418878605553348
AT2G27310,0.4127929285775875
AT2G27313,0.2516909407768283
AT2G27315,0.1019935489625394
AT2G27320,0.1019935489625394
AT2G27330,0.6254457922386867
AT2G27340,0.47016656919694544
AT2G27350,0.4501406854703479
AT2G27360,0.5928109456466286
AT2G27370,1.0701752741175972
AT2G27380,1.6694779961315802
AT2G27385,0.2277513836946835
AT2G27389,0.3515146466578324
AT2G27390,0.1710005945820039
AT2G27400,0.9888101193592396
AT2G27402,1.5529663182528783
AT2G27410,0.1022361431632837
AT2G27420,0.1195896294444355
AT2G27430,0.49731427578472803
AT2G27450,0.6290573619098627
AT2G27460,0.28951254810201543
AT2G27470,0.5418187974748848
AT2G27480,0.3036754462373696
AT2G27490,0.2754818248564483
AT2G27500,0.5314095547766672
AT2G27505,0.1183736272961545
AT2G27507,0.1022361431632837
AT2G27510,0.8188753238697606
AT2G27520,0.1016524999438922
AT2G27530,0.7033882331749344
AT2G27535,0.5680712595146422
AT2G27540,0.1022361431632837
AT2G27550,1.1605006572244307
AT2G27570,0.14173246143970208
AT2G27580,0.44684703968766315
AT2G27590,0.36957659277937344
AT2G27600,0.46681094864958483
AT2G27610,0.3116159325204805
AT2G27630,0.2161411107112852
AT2G27650,0.1064754331645265
AT2G27660,0.4719057463115804
AT2G27670,0.1988686885108038
AT2G27680,0.38231836303279976
AT2G27690,0.24797391169146119
AT2G27700,0.1184929767791155
AT2G27710,0.7790584184027378
AT2G27720,0.6338472237766624
AT2G27730,0.7143247303604197
AT2G27740,0.7334938038054193
AT2G27750,0.1019935489625394
AT2G27760,0.4037398854435861
AT2G27770,0.6493901598631933
AT2G27775,0.6904984732480106
AT2G27780,0.1022361431632837
AT2G27790,0.3466973923246842
AT2G27800,0.4100252327558585
AT2G27810,0.3313816263400197
AT2G27820,0.442787929922523
AT2G27830,0.5335718117959944
AT2G27840,1.1629843849551371
AT2G27860,0.5579760490758765
AT2G27880,0.1022361431632837
AT2G27900,0.45176947559912106
AT2G27920,0.5143666166709886
AT2G27930,0.41999646997802287
AT2G27940,0.8236398833277914
AT2G27950,0.30263257585086456
AT2G27960,0.7074206317229725
AT2G27970,0.6639803265426167
AT2G27980,0.5052597257818996
AT2G27990,0.1341003420227942
AT2G28000,0.6405993582232206
AT2G28010,0.1022361431632837
AT2G28020,0.1022361431632837
AT2G28030,0.1022361431632837
AT2G28040,0.1474097354455543
AT2G28050,0.32085441837103623
AT2G28056,0.1019935489625394
AT2G28060,0.4143855877943732
AT2G28070,0.46189307433608634
AT2G28080,0.37217661521665163
AT2G28085,0.1022361431632837
AT2G28090,0.1022361431632837
AT2G28100,0.4083851498054441
AT2G28105,0.39650953441965936
AT2G28110,0.8667369647703841
AT2G28120,0.3906138600563264
AT2G28130,0.65456109353153
AT2G28140,0.8620345746117113
AT2G28150,0.438376832747836
AT2G28160,0.9239880664117842
AT2G28170,0.1019935489625394
AT2G28180,0.1022361431632837
AT2G28190,0.59235098889399
AT2G28200,0.44046006602404747
AT2G28210,0.3384883549867692
AT2G28220,0.1022361431632837
AT2G28225,0.1391792511049691
AT2G28230,0.7717324547865911
AT2G28240,0.37406073711697313
AT2G28250,1.1417106158675379
AT2G28260,0.414057077093124
AT2G28270,0.36742649685071527
AT2G28290,1.0285619705185034
AT2G28305,0.488318252570607
AT2G28310,0.6912551134954908
AT2G28315,0.6509222739329841
AT2G28320,0.2804674935491463
AT2G28330,0.48813536100023214
AT2G28340,0.1022361431632837
AT2G28350,0.3534315600064283
AT2G28355,0.11736010079407609
AT2G28360,0.36556891181612516
AT2G28370,0.45570221374176345
AT2G28380,0.47887515990958884
AT2G28390,0.4532262946991804
AT2G28400,0.5544753822818147
AT2G28405,0.1022361431632837
AT2G28410,0.6826425274872872
AT2G28420,1.9654890020607971
AT2G28426,0.2053414917803547
AT2G28430,0.6187336117608455
AT2G28440,0.397274810387381
AT2G28450,0.5135991201092115
AT2G28460,0.408214642836773
AT2G28470,0.9366802333177535
AT2G28480,0.6278131586164436
AT2G28490,1.5213560123404422
AT2G28500,0.3459895132629791
AT2G28510,1.3735692119126097
AT2G28520,0.5999139895095568
AT2G28540,0.29720407829089807
AT2G28550,0.6933736934649897
AT2G28560,0.3557505524469585
AT2G28570,0.6898311555553245
AT2G28580,0.1022361431632837
AT2G28590,0.47776841526614927
AT2G28600,0.8546801501912381
AT2G28605,0.3993752968775287
AT2G28610,0.1022361431632837
AT2G28620,0.6225224741166324
AT2G28625,0.1139083964191106
AT2G28630,0.3504751759741679
AT2G28640,0.1208243393536727
AT2G28650,0.3776352144076979
AT2G28660,0.5065898825289274
AT2G28670,0.6581710344890559
AT2G28671,1.0039704591687195
AT2G28680,0.259502947251515
AT2G28690,0.5882047809405684
AT2G28700,0.3146026835003702
AT2G28710,0.3095374018488919
AT2G28720,0.676501961908434
AT2G28725,0.1022361431632837
AT2G28740,0.66262972706488
AT2G28755,0.1978924515909242
AT2G28760,0.5384367873311608
AT2G28770,0.1022361431632837
AT2G28780,0.9791280380006372
AT2G28790,0.7811189922130064
AT2G28800,0.5373147849615025
AT2G28810,0.4736364736738732
AT2G28815,0.3638965634950029
AT2G28830,0.312080253249583
AT2G28840,0.9916082062770413
AT2G28850,0.2137528689864465
AT2G28860,0.8654893241566042
AT2G28870,0.4227218528542953
AT2G28880,0.3331233541983395
AT2G28890,0.6415755715626918
AT2G28900,0.5629652768608324
AT2G28910,0.5565032402401426
AT2G28920,0.18037420212287297
AT2G28930,0.4947880604171822
AT2G28940,0.3492074729635416
AT2G28950,1.2145521992845563
AT2G28960,0.3796230920352517
AT2G28970,0.42374908170154374
AT2G28990,0.38380712690193086
AT2G29000,0.29094820506724517
AT2G29020,0.6434380470175034
AT2G29040,0.1178633310083719
AT2G29045,0.1022361431632837
AT2G29050,0.4414735211661469
AT2G29060,0.3559197400908319
AT2G29065,0.2924879645977827
AT2G29070,0.4122814498525175
AT2G29080,0.3061402851742333
AT2G29090,0.9421284827357438
AT2G29100,0.12276583886812109
AT2G29110,0.1022361431632837
AT2G29120,0.2227170305952403
AT2G29125,0.47921110411209755
AT2G29130,0.40939978249377285
AT2G29140,0.47634923983712985
AT2G29150,0.1022361431632837
AT2G29170,0.2732600477008288
AT2G29180,0.39724474189622305
AT2G29190,0.35965432754681737
AT2G29200,0.46503153331420544
AT2G29210,0.4720770818461927
AT2G29220,0.1022361431632837
AT2G29250,0.1022361431632837
AT2G29260,0.3986985730829984
AT2G29263,0.1022361431632837
AT2G29290,0.1743763731259966
AT2G29300,1.5822699821054964
AT2G29310,0.5009193051342824
AT2G29320,0.345547618952895
AT2G29330,0.8479361737600726
AT2G29340,0.5931651626928984
AT2G29350,0.42040792268437077
AT2G29360,0.32609396365528054
AT2G29370,0.14652817131094248
AT2G29380,0.803522575971304
AT2G29390,0.5382422425921038
AT2G29400,0.7088253034430325
AT2G29410,0.2715218851217087
AT2G29420,0.48273322599178936
AT2G29430,0.130682201808847
AT2G29440,1.0085263067366326
AT2G29450,0.6643444127340963
AT2G29452,0.1022361431632837
AT2G29460,1.2218963248182293
AT2G29470,0.2550747742457169
AT2G29480,0.4147173334966952
AT2G29485,0.1947371646792326
AT2G29490,0.9754393906070855
AT2G29500,0.7075332069983896
AT2G29510,0.44537530917379764
AT2G29525,0.4020732893125651
AT2G29530,0.833609084132219
AT2G29540,0.7543616229740993
AT2G29550,0.8611389978747137
AT2G29560,0.6172409634610841
AT2G29570,0.41851493384128324
AT2G29580,0.4014747827157006
AT2G29590,0.4229983104548885
AT2G29600,0.1044671334585937
AT2G29605,0.1022361431632837
AT2G29620,0.3167271182642471
AT2G29628,0.1022361431632837
AT2G29630,0.3628147867687867
AT2G29640,0.40022868888268476
AT2G29650,0.2380354967916396
AT2G29654,0.1022361431632837
AT2G29660,0.5830714353429189
AT2G29670,0.3457592755315428
AT2G29679,0.1022361431632837
AT2G29680,0.4737623511988929
AT2G29690,0.41274206246583034
AT2G29700,0.4580390374190182
AT2G29710,0.4709392649148247
AT2G29720,0.3465969160477367
AT2G29730,0.8606095953682908
AT2G29735,0.10134379978257319
AT2G29740,0.47475919025645463
AT2G29750,0.8177850572927635
AT2G29760,0.2946250023246519
AT2G29770,0.1022361431632837
AT2G29780,0.1022361431632837
AT2G29790,0.11766624984584338
AT2G29800,0.1022361431632837
AT2G29810,0.1022361431632837
AT2G29820,0.1022361431632837
AT2G29830,0.1022361431632837
AT2G29840,0.1016524999438922
AT2G29850,0.1016524999438922
AT2G29860,0.1022361431632837
AT2G29870,0.1022361431632837
AT2G29880,0.1809906348222045
AT2G29890,0.6567567343199092
AT2G29900,0.5107369158046957
AT2G29910,0.5921545992346956
AT2G29920,0.1022361431632837
AT2G29925,0.1022361431632837
AT2G29930,0.1016524999438922
AT2G29940,0.1185671546837879
AT2G29950,0.4459531981645578
AT2G29960,0.6533699256957493
AT2G29970,0.5881262445457431
AT2G29980,0.8263967774502454
AT2G29990,0.3602298616264737
AT2G29995,0.9799918939159453
AT2G30000,0.5715192837725398
AT2G30010,0.45545543481217426
AT2G30020,0.33565450255940177
AT2G30040,0.48249713096085056
AT2G30050,0.5060470127815908
AT2G30060,0.6258769305975285
AT2G30070,0.2923858056387762
AT2G30080,0.4831324786218056
AT2G30090,0.1022361431632837
AT2G30100,0.5165530070819002
AT2G30105,0.4652019864734994
AT2G30110,0.8703940989270744
AT2G30115,0.1205453353380503
AT2G30120,0.2371245636511295
AT2G30130,0.3327298107906763
AT2G30140,0.7130362436009683
AT2G30150,0.38256391672843987
AT2G30160,0.42386475639240445
AT2G30170,0.4264945239227238
AT2G30200,0.9192564495310609
AT2G30210,1.3235281140124107
AT2G30220,0.32745273948049447
AT2G30230,0.4728615218265403
AT2G30240,0.1022361431632837
AT2G30250,0.4982533665425363
AT2G30260,0.6961591114817749
AT2G30270,0.7181885089561817
AT2G30280,0.6035884868147305
AT2G30290,0.1022361431632837
AT2G30300,0.10948180418017708
AT2G30310,0.1019935489625394
AT2G30320,0.33737114562077014
AT2G30330,0.41961623935624004
AT2G30340,0.4725060114673992
AT2G30350,0.5891266560911187
AT2G30360,0.4020509938989386
AT2G30362,0.30575813922866146
AT2G30370,0.3455961334905643
AT2G30380,0.2889594768509842
AT2G30385,0.1022361431632837
AT2G30390,0.2887180665002889
AT2G30395,0.6511756957678414
AT2G30400,0.3702582054798702
AT2G30410,0.6849195803116048
AT2G30420,0.1022361431632837
AT2G30424,0.1022361431632837
AT2G30430,0.1022361431632837
AT2G30432,0.1022361431632837
AT2G30440,0.6826266956483222
AT2G30460,0.6908948946372355
AT2G30470,0.4023841565329515
AT2G30480,0.3761625249961575
AT2G30490,0.9954875349963728
AT2G30500,0.7927114638415933
AT2G30505,0.2640235297156822
AT2G30520,0.9198023636937953
AT2G30530,0.3738508596967094
AT2G30540,0.7595540097495233
AT2G30550,0.4872516682753296
AT2G30560,0.1022361431632837
AT2G30570,0.688811263950654
AT2G30575,0.37430403765459386
AT2G30580,0.41397529915704756
AT2G30590,0.6393457361266064
AT2G30600,0.469349818784083
AT2G30615,0.2792897063297236
AT2G30620,0.4679128093907794
AT2G30630,0.1391689140070836
AT2G30650,0.1022361431632837
AT2G30660,0.2773382518206433
AT2G30670,0.5139675717961518
AT2G30680,0.1367791782013029
AT2G30690,0.12651473552610798
AT2G30695,0.39873598636961477
AT2G30700,0.6891932076020602
AT2G30710,0.3663075912986392
AT2G30720,0.551680229891881
AT2G30730,0.1495477506698642
AT2G30740,0.7876378042396301
AT2G30750,0.6125062987416355
AT2G30760,0.1375549826333903
AT2G30766,0.7344315524236553
AT2G30770,0.4931608485996149
AT2G30780,0.468535356944249
AT2G30790,0.1537981907390623
AT2G30800,0.40576860385380964
AT2G30810,0.1022361431632837
AT2G30820,0.7012297495813808
AT2G30830,0.17759394344042462
AT2G30840,0.609528684716004
AT2G30850,0.1022361431632837
AT2G30860,1.0010130630269853
AT2G30870,1.1837539919298385
AT2G30880,0.3413578963927132
AT2G30890,0.6649118191734431
AT2G30900,0.1022361431632837
AT2G30910,1.1885491760822915
AT2G30920,0.40263280572276916
AT2G30925,0.1022361431632837
AT2G30930,1.0328222065612964
AT2G30933,0.4155641890920006
AT2G30940,0.1022361431632837
AT2G30942,0.6483736855991676
AT2G30945,0.5811026610039275
AT2G30950,0.5881918586192109
AT2G30960,0.4054815749908503
AT2G30970,0.7078209607953798
AT2G30980,0.5854992742806246
AT2G30984,0.10432343875497489
AT2G30985,0.1082104493367478
AT2G30990,0.4630652517925155
AT2G31005,0.1022361431632837
AT2G31010,0.355893546560326
AT2G31018,0.1022361431632837
AT2G31020,0.43531116135144227
AT2G31030,0.1022361431632837
AT2G31035,0.1022361431632837
AT2G31040,0.3019805854092701
AT2G31050,0.1019935489625394
AT2G31060,0.7447282612918037
AT2G31070,0.3933096515173885
AT2G31081,0.7140467521384856
AT2G31082,0.566743870083559
AT2G31083,1.8155944878068704
AT2G31085,0.7148190190131719
AT2G31090,0.7805514812076044
AT2G31100,0.13955204296195112
AT2G31110,0.613003166023264
AT2G31130,0.39135936679722777
AT2G31140,0.7554617853554166
AT2G31141,1.3020426927884285
AT2G31150,0.4653745806965221
AT2G31160,0.5518542536143358
AT2G31170,0.43700070232155835
AT2G31180,0.5118237196977242
AT2G31190,0.4018617112436498
AT2G31200,0.7459020498930049
AT2G31210,0.1662543399290083
AT2G31215,0.1022361431632837
AT2G31220,0.25952049570809266
AT2G31230,0.6055430556135313
AT2G31240,0.3161745929307616
AT2G31250,0.286175486654818
AT2G31260,0.2941069041024446
AT2G31265,0.1022361431632837
AT2G31270,0.6653144739953337
AT2G31280,0.5936869456921656
AT2G31290,0.29830337485147485
AT2G31300,0.299290305533709
AT2G31305,0.549372479165976
AT2G31310,0.45183012315692284
AT2G31320,0.39116466943736594
AT2G31335,0.2350640629375046
AT2G31340,0.4276315563809431
AT2G31345,0.1022361431632837
AT2G31350,0.654682649913382
AT2G31360,0.6499049596195396
AT2G31370,0.7860694136130436
AT2G31380,0.5422445241800049
AT2G31390,1.214271743101789
AT2G31400,0.3896620040257982
AT2G31410,0.9061419882533917
AT2G31420,0.1636016397050482
AT2G31425,0.1022361431632837
AT2G31430,0.1022361431632837
AT2G31432,0.1022361431632837
AT2G31440,0.5966103995308686
AT2G31450,0.27863310627853444
AT2G31460,0.1022361431632837
AT2G31470,0.2814755679395019
AT2G31480,0.2274040087865729
AT2G31490,0.8790118117248364
AT2G31500,0.1463150749392449
AT2G31510,0.3919542980243558
AT2G31530,0.5746894672598591
AT2G31540,0.3565620278585161
AT2G31550,0.4195773225756152
AT2G31560,0.3983410935593835
AT2G31570,1.0294898522270368
AT2G31580,0.3847889385771034
AT2G31585,1.3480990830981827
AT2G31590,0.1105617585632705
AT2G31600,0.3081761956112251
AT2G31610,0.8427296418998038
AT2G31620,0.1022361431632837
AT2G31650,0.3143363815200644
AT2G31660,0.5928493959834902
AT2G31670,0.6901562606194256
AT2G31680,0.47745896484839845
AT2G31690,0.1022361431632837
AT2G31700,0.1019935489625394
AT2G31710,0.6070858946616817
AT2G31720,0.144992001790166
AT2G31725,0.6109502905214845
AT2G31730,0.6914118175810706
AT2G31740,0.3631279513580148
AT2G31750,0.756107596430978
AT2G31751,0.3297307849019347
AT2G31760,0.1022361431632837
AT2G31770,0.1022361431632837
AT2G31780,0.1022361431632837
AT2G31790,1.076531636690179
AT2G31800,0.47497329868420446
AT2G31810,1.0235240634477858
AT2G31820,0.2748815621105368
AT2G31830,0.2783828780461117
AT2G31840,0.3228561522166657
AT2G31850,0.1022361431632837
AT2G31862,0.1022361431632837
AT2G31865,0.30410305438286833
AT2G31870,0.4124021392158595
AT2G31880,0.512764592157496
AT2G31890,0.3125775885317364
AT2G31900,0.43417277041274394
AT2G31902,0.6798924878780255
AT2G31910,0.2198102636485775
AT2G31920,0.2776055529324897
AT2G31930,0.34338678295267877
AT2G31940,0.6438712038430066
AT2G31945,0.5851051600241117
AT2G31953,0.1019935489625394
AT2G31955,0.4173284655986694
AT2G31957,0.1154015251091011
AT2G31960,0.6392868790232598
AT2G31970,0.6185891151596855
AT2G31980,1.0666748012244496
AT2G31981,0.1022361431632837
AT2G31985,0.38047780622370375
AT2G31990,0.3090763691433438
AT2G32000,0.3830498692956469
AT2G32010,0.32239969122393686
AT2G32020,0.49403075146668435
AT2G32030,0.32379131597073374
AT2G32040,0.31868957296860784
AT2G32050,0.1019935489625394
AT2G32060,0.6537731090437764
AT2G32070,0.718054442658107
AT2G32080,0.6320543897440971
AT2G32090,0.36163612198873485
AT2G32100,0.4155675324006776
AT2G32110,0.1022361431632837
AT2G32120,1.2855189053207012
AT2G32130,0.1210417551765985
AT2G32140,0.2732412962573851
AT2G32150,0.8212487275856939
AT2G32160,0.1044146695404075
AT2G32170,0.938555840063927
AT2G32179,0.3158598455117076
AT2G32180,1.0100788952934003
AT2G32190,0.7532881729585399
AT2G32200,0.10858412940443289
AT2G32210,0.7617392805214311
AT2G32220,0.6815549025024321
AT2G32230,0.42499681925676636
AT2G32235,0.3195051333361571
AT2G32240,0.9311991943459161
AT2G32250,0.23392756218126592
AT2G32260,0.6488612903854474
AT2G32270,0.8510686496619431
AT2G32273,0.1022361431632837
AT2G32275,0.2078052530971772
AT2G32280,0.5003778754551945
AT2G32290,0.1022361431632837
AT2G32295,0.42166983327579377
AT2G32300,1.1741070697250238
AT2G32310,0.18797885178889168
AT2G32315,0.1022361431632837
AT2G32320,0.5722266369432678
AT2G32340,0.3133251912522395
AT2G32350,0.1022361431632837
AT2G32360,0.1022361431632837
AT2G32370,0.1019935489625394
AT2G32380,0.5599577802845386
AT2G32390,0.30205949962099965
AT2G32400,0.34541446455948954
AT2G32410,0.3543759160216187
AT2G32415,0.3204968613937196
AT2G32430,0.7134054692477083
AT2G32440,0.6917501172673001
AT2G32450,0.22880833649231389
AT2G32460,0.2198232685641549
AT2G32470,0.28406732986022687
AT2G32480,0.3309628620129485
AT2G32487,1.07158449582828
AT2G32500,0.4144095664043873
AT2G32510,0.4929985537418263
AT2G32520,0.4377718435792084
AT2G32530,0.2586024863348964
AT2G32540,0.24345307264743798
AT2G32550,0.5185470833714255
AT2G32560,0.5883832969180331
AT2G32580,0.7016845609010173
AT2G32590,0.3247568707314904
AT2G32600,0.4563562229184073
AT2G32610,0.2537533338004366
AT2G32620,0.2335873350906758
AT2G32630,0.28496816515684187
AT2G32640,0.3731647604628664
AT2G32645,0.1400617555991702
AT2G32650,0.48444536220346807
AT2G32660,0.28553491893326577
AT2G32670,0.2351740397539442
AT2G32680,0.3159603311793987
AT2G32690,0.2134984784380335
AT2G32698,0.1022361431632837
AT2G32700,0.4385547725959058
AT2G32710,0.45123984089435193
AT2G32720,0.8356500562614935
AT2G32730,0.5760967357956135
AT2G32740,0.20258786664552889
AT2G32750,0.2056425835351473
AT2G32760,0.5779380847140352
AT2G32765,0.37269736386908453
AT2G32770,0.1798592094568351
AT2G32780,0.1022361431632837
AT2G32785,0.1022361431632837
AT2G32788,0.12125953014904059
AT2G32790,0.11506736551423269
AT2G32795,0.3356006379553119
AT2G32800,0.3500333275780388
AT2G32810,0.5807975784296318
AT2G32820,0.1022361431632837
AT2G32830,0.4716327162679082
AT2G32835,0.1022361431632837
AT2G32840,0.3264347056550686
AT2G32850,0.4098743682101126
AT2G32860,0.2111602033365258
AT2G32870,0.5668177701517698
AT2G32880,0.1022361431632837
AT2G32885,0.1016524999438922
AT2G32890,0.1196007260044287
AT2G32900,0.5805201137896976
AT2G32905,0.1022361431632837
AT2G32910,0.5649697305573158
AT2G32920,0.7959228336488451
AT2G32930,0.4295713474011619
AT2G32940,0.3835135371389294
AT2G32950,0.3964817643181121
AT2G32960,0.6072250918667015
AT2G32970,0.3685625691798613
AT2G32980,0.6783928613812267
AT2G32990,1.2326876086658471
AT2G33000,0.3050651858236767
AT2G33010,0.2272429758493793
AT2G33020,0.10075254141967468
AT2G33030,0.1022361431632837
AT2G33040,0.9160229210501543
AT2G33050,0.30450468608425996
AT2G33051,0.41574516128130823
AT2G33060,0.46296227631088427
AT2G33070,1.5209053901681935
AT2G33080,0.1022361431632837
AT2G33090,0.1022361431632837
AT2G33100,0.1777130402234776
AT2G33110,0.2429648619739219
AT2G33120,0.7924793291591881
AT2G33130,0.2336431277688359
AT2G33150,0.8058350735164104
AT2G33160,0.13613762208544528
AT2G33170,0.3318488304946644
AT2G33175,0.1022361431632837
AT2G33180,0.20858000525158954
AT2G33190,0.1366561961989081
AT2G33200,0.1235398495723859
AT2G33205,0.803075826283532
AT2G33210,0.9011236236158152
AT2G33220,0.3930551985771198
AT2G33230,0.16445316283288192
AT2G33233,0.1022361431632837
AT2G33240,0.32880921991550416
AT2G33250,0.5993238749502159
AT2G33255,0.4318605031515713
AT2G33260,0.3449484500583718
AT2G33270,0.1022361431632837
AT2G33280,0.1734496885565182
AT2G33290,0.2538941140443658
AT2G33300,0.1022361431632837
AT2G33310,0.6959122491175498
AT2G33320,0.5575089963655958
AT2G33330,0.7026897457686404
AT2G33340,0.46591534119962486
AT2G33350,0.1022361431632837
AT2G33360,0.3809381830924336
AT2G33370,0.6951045153646351
AT2G33380,0.1016524999438922
AT2G33385,0.4894350380690722
AT2G33390,0.7402954386521329
AT2G33400,0.8135855396101439
AT2G33410,0.697324639925964
AT2G33420,0.1022361431632837
AT2G33435,0.6216478608320917
AT2G33450,0.5378562387418521
AT2G33460,0.31801710204085704
AT2G33470,0.8161572593072755
AT2G33480,0.4422505503868346
AT2G33490,0.41871853973418466
AT2G33500,0.3390068683707035
AT2G33510,0.7941706283890774
AT2G33520,0.8842412868455298
AT2G33530,0.625962299008318
AT2G33540,0.3304726098117568
AT2G33550,0.6568981563825511
AT2G33560,0.5107200586654845
AT2G33570,0.6497841107420594
AT2G33580,0.2895658798263753
AT2G33585,0.5149754790699789
AT2G33590,0.5249966857833397
AT2G33600,0.5053475405333872
AT2G33610,0.34451828876140117
AT2G33620,0.9207887909499823
AT2G33630,0.7922136844289249
AT2G33640,0.3543513191296631
AT2G33650,0.1460251615920711
AT2G33655,0.1022361431632837
AT2G33670,0.1022361431632837
AT2G33680,0.3312969661192309
AT2G33685,0.1022361431632837
AT2G33690,0.1044070544449536
AT2G33700,0.39006661859095565
AT2G33705,0.1016524999438922
AT2G33710,0.3692043947390121
AT2G33720,0.1700618505315175
AT2G33730,0.4769543581293162
AT2G33735,0.3836068223224848
AT2G33740,0.5987570477471538
AT2G33750,0.2759910559117471
AT2G33760,0.3249512780578388
AT2G33770,1.0965973139760405
AT2G33775,0.21397218345968952
AT2G33780,0.1022361431632837
AT2G33790,1.4682403131860675
AT2G33793,0.3860443940850573
AT2G33796,0.131875615730211
AT2G33800,0.4067863336307993
AT2G33810,0.2659397937901957
AT2G33815,0.21202895353260529
AT2G33820,0.2991053684226821
AT2G33830,2.0306025956763807
AT2G33835,0.3583535207727294
AT2G33840,0.8142005155339503
AT2G33845,0.3028755813264563
AT2G33847,0.6007929931708034
AT2G33850,2.3434374012523547
AT2G33855,0.2814143030536121
AT2G33860,0.4580707772407435
AT2G33870,0.1022361431632837
AT2G33880,0.3065474413688432
AT2G33950,0.1201512526691374
AT2G33980,0.2795912691164696
AT2G33990,0.5692075395358157
AT2G34000,0.3260811937257891
AT2G34010,0.3622774649486403
AT2G34020,0.7080016115351051
AT2G34030,0.104256133163751
AT2G34040,0.7130817430824349
AT2G34050,0.5803130991404941
AT2G34060,0.35314650849369955
AT2G34070,0.7137899033525981
AT2G34080,0.41197109065086823
AT2G34090,0.29119218473519026
AT2G34100,0.2720242818351968
AT2G34110,0.1022361431632837
AT2G34120,0.1022361431632837
AT2G34123,0.1016524999438922
AT2G34140,0.4474338391096619
AT2G34150,0.40816098499981723
AT2G34160,0.963105022944466
AT2G34170,0.3957361175485865
AT2G34180,0.5759267443957942
AT2G34185,0.3716254082563313
AT2G34186,0.1022361431632837
AT2G34190,0.49254023789568946
AT2G34200,0.4448933879243754
AT2G34202,0.1022361431632837
AT2G34204,0.1022361431632837
AT2G34208,0.1022361431632837
AT2G34210,0.1623567456711023
AT2G34220,0.3299728962127984
AT2G34224,0.2576642997700614
AT2G34230,0.2121895070474302
AT2G34238,0.1338773503069542
AT2G34240,0.2113121932220961
AT2G34250,0.826637745078552
AT2G34260,0.5622507050200285
AT2G34270,0.1022361431632837
AT2G34280,0.1022361431632837
AT2G34290,0.1022361431632837
AT2G34300,0.821313373642548
AT2G34310,0.707167158315511
AT2G34315,0.4800556812007633
AT2G34317,0.1022361431632837
AT2G34320,0.136712748794255
AT2G34325,0.5294968553957142
AT2G34330,0.1586781852554087
AT2G34340,0.32965563382939833
AT2G34350,0.4487115740669136
AT2G34355,0.3623739473641344
AT2G34357,0.62643623815907
AT2G34360,0.3057696136292902
AT2G34370,0.19269837026066888
AT2G34380,0.3087252788514714
AT2G34390,0.2845063953627597
AT2G34400,0.3209896075529856
AT2G34410,0.6277956702492191
AT2G34420,0.1746113531108937
AT2G34430,0.12931084984975638
AT2G34440,0.1022361431632837
AT2G34450,0.3426398289135074
AT2G34460,0.4263439394376438
AT2G34470,0.6212885730652888
AT2G34480,0.6959391008064051
AT2G34490,0.6851912757549978
AT2G34500,0.5109346123643012
AT2G34510,0.28092595601972753
AT2G34520,0.5359913516012127
AT2G34530,0.3853853183986903
AT2G34540,0.3696382499352313
AT2G34555,0.10075254141967468
AT2G34560,0.7235925631803424
AT2G34570,0.6624569535349455
AT2G34580,0.2370166064394948
AT2G34585,0.7312434088907092
AT2G34590,0.5908597139134895
AT2G34600,0.6356923225412221
AT2G34610,0.5964578984634263
AT2G34620,0.2981467503450132
AT2G34630,0.6903824578087772
AT2G34640,0.3795303597186328
AT2G34650,0.4360977255520027
AT2G34655,0.4219989897648646
AT2G34660,0.6834466451276194
AT2G34670,0.37883126825707336
AT2G34680,0.6964603497502216
AT2G34690,0.8004197948050138
AT2G34700,0.1514630363408215
AT2G34710,0.5264131813842844
AT2G34720,0.3065874700139164
AT2G34730,0.6879443548837977
AT2G34740,0.5019057546586497
AT2G34750,0.4535945265532517
AT2G34770,0.5619530181681247
AT2G34780,0.4018931931332014
AT2G34790,0.4025051664860987
AT2G34810,0.4949931615784982
AT2G34820,0.1022361431632837
AT2G34825,0.1022361431632837
AT2G34830,0.40853904855819234
AT2G34840,0.6345599844706798
AT2G34850,0.3599082872448208
AT2G34860,0.3009240531105919
AT2G34870,0.1022361431632837
AT2G34880,0.1019935489625394
AT2G34890,0.1022361431632837
AT2G34900,0.6840948566308954
AT2G34910,0.3729122746081235
AT2G34920,0.4746853515176712
AT2G34925,0.3651648780641739
AT2G34930,0.47524551990762565
AT2G34940,0.422735934230848
AT2G34950,0.1956686439688903
AT2G34960,0.1689170037602611
AT2G34970,0.4400212352167089
AT2G34980,0.2591998131343844
AT2G34985,0.1022361431632837
AT2G34990,0.1495244890594886
AT2G35000,0.46944147500352557
AT2G35010,0.48675790759468196
AT2G35020,0.45111909186685384
AT2G35030,0.3266516331491084
AT2G35035,0.4016564476488804
AT2G35040,0.639657339558378
AT2G35050,1.0020203651731956
AT2G35060,0.556004424869113
AT2G35070,0.1022361431632837
AT2G35075,0.132404088321498
AT2G35080,0.1022361431632837
AT2G35090,0.1022361431632837
AT2G35100,0.3580507562253233
AT2G35110,0.3741659198159346
AT2G35120,0.6333322617148043
AT2G35130,0.2158929109404362
AT2G35140,0.324220461885789
AT2G35150,0.7684411712842921
AT2G35155,0.5742097375749926
AT2G35160,0.2951070160452303
AT2G35170,0.2679212845449686
AT2G35190,0.5840097174504264
AT2G35200,0.2670734782352837
AT2G35210,0.3888344828006217
AT2G35215,0.1022361431632837
AT2G35230,0.3955951267193972
AT2G35240,0.5917232276425646
AT2G35250,0.1022361431632837
AT2G35260,0.3313356666041008
AT2G35270,0.3924959304972108
AT2G35280,0.1022361431632837
AT2G35290,0.2968538367805027
AT2G35300,1.9616176293004242
AT2G35310,0.2593654293791907
AT2G35320,0.3854936908751413
AT2G35330,0.5246476848730803
AT2G35340,0.3350467765042647
AT2G35343,0.2832909778561993
AT2G35345,0.22947973577556058
AT2G35350,0.4269869098100628
AT2G35360,0.34869011642806713
AT2G35370,0.6137833110716879
AT2G35380,1.2961366873875038
AT2G35382,1.6308303936048918
AT2G35384,0.5266078309193363
AT2G35387,0.276365177623239
AT2G35390,0.26130607306760817
AT2G35410,0.3771702844313371
AT2G35420,0.15370292718167358
AT2G35430,0.39191012516296564
AT2G35450,0.8348054909853179
AT2G35460,0.1265395023565882
AT2G35470,0.7169219061459764
AT2G35480,0.3348654229988114
AT2G35490,0.44810210952194895
AT2G35500,0.30419021784866207
AT2G35510,0.42015135604798015
AT2G35520,0.5466336222340296
AT2G35530,0.5101246838431636
AT2G35540,0.22895877582249483
AT2G35550,0.6174450073169528
AT2G35555,0.1022361431632837
AT2G35580,0.1019935489625394
AT2G35585,0.7910638934884469
AT2G35600,0.31210859195453
AT2G35605,0.8106723280270529
AT2G35610,0.5611019681860299
AT2G35612,0.676376995306926
AT2G35615,0.1022361431632837
AT2G35620,0.45786850513925814
AT2G35630,0.7463871957433401
AT2G35635,0.8591143232783007
AT2G35637,0.2961649080643532
AT2G35640,0.16400073661958908
AT2G35650,0.39530389962088686
AT2G35658,0.3605524638670883
AT2G35660,0.3404850271373665
AT2G35670,0.1022361431632837
AT2G35680,0.4928196666702348
AT2G35690,0.45393933638980216
AT2G35700,0.28569836860026543
AT2G35710,0.3306118992211104
AT2G35720,0.33090440211583344
AT2G35730,0.44035804008371926
AT2G35733,0.38887631971548065
AT2G35736,0.7057532017291335
AT2G35738,0.5896926172777912
AT2G35740,0.1487028632534339
AT2G35742,0.3271557134350088
AT2G35744,0.2509231079752174
AT2G35747,0.1022361431632837
AT2G35750,0.32478560141489227
AT2G35760,0.34216117263183954
AT2G35765,0.18487764923338698
AT2G35770,0.6255427321111877
AT2G35780,0.5185713973609666
AT2G35790,0.5886790935305313
AT2G35795,0.6237453073089869
AT2G35800,0.36253791284548714
AT2G35810,0.9867592887114898
AT2G35820,1.2127865040016206
AT2G35830,0.3523467402404721
AT2G35840,0.5124040797891078
AT2G35850,0.2852249679929106
AT2G35859,0.3198548966853701
AT2G35860,0.8931980437190268
AT2G35880,0.5945806692819927
AT2G35890,0.34191265009554217
AT2G35900,0.6857310505323825
AT2G35910,0.3553944975081579
AT2G35920,0.3890165390318234
AT2G35930,0.47064698471696303
AT2G35935,0.1019935489625394
AT2G35940,0.5621355928214815
AT2G35945,0.32271032924448007
AT2G35950,0.2847282674059768
AT2G35960,0.4469390582520029
AT2G35965,0.1491875995775844
AT2G35970,0.1016524999438922
AT2G35980,0.5461853274911559
AT2G35990,0.476006129713144
AT2G36000,0.3521759733960014
AT2G36010,0.31209308458954144
AT2G36020,0.1144779064207925
AT2G36026,0.31809171074865394
AT2G36030,0.1223926827931118
AT2G36050,0.381899550986115
AT2G36060,0.5720381872440683
AT2G36070,0.8247834427060786
AT2G36080,0.6546326535943059
AT2G36090,0.6006329519499796
AT2G36100,1.508226963117565
AT2G36110,0.3164626413042936
AT2G36120,0.9064894113430508
AT2G36130,0.6103659447569778
AT2G36145,0.4040583052650493
AT2G36160,0.7302268424269283
AT2G36170,0.7460848008089256
AT2G36180,0.12610845442166557
AT2G36190,0.1022361431632837
AT2G36200,0.7106616620303795
AT2G36210,0.1646748285145082
AT2G36220,0.8191173337329763
AT2G36230,0.4818609910476932
AT2G36240,0.690184379826106
AT2G36250,0.4452389464444375
AT2G36255,0.6824097550192797
AT2G36260,0.1022361431632837
AT2G36270,0.7067412205573113
AT2G36290,1.0783526854702028
AT2G36295,0.5231046571078348
AT2G36300,0.4294875929970774
AT2G36305,0.4866187337686627
AT2G36307,0.8289478783082492
AT2G36310,0.7466742499498948
AT2G36320,1.1181965544034234
AT2G36325,0.1022361431632837
AT2G36330,0.4587181840391231
AT2G36340,0.5262039338049254
AT2G36350,0.5964215722934447
AT2G36355,0.5117662168577903
AT2G36360,0.42328306140229843
AT2G36370,0.4964103085482703
AT2G36380,0.685371101748144
AT2G36390,0.4059743705368149
AT2G36400,0.632202948557999
AT2G36410,0.6707459928668171
AT2G36420,0.5771091101413479
AT2G36430,0.49198148931814406
AT2G36440,0.1543641018160766
AT2G36450,0.1022361431632837
AT2G36460,1.21729255315315
AT2G36470,0.3260077607970964
AT2G36480,0.41500858193881107
AT2G36490,0.7254677757324957
AT2G36500,0.2517144357750856
AT2G36510,0.1022361431632837
AT2G36530,1.1266319726827274
AT2G36540,0.8378719544303519
AT2G36550,0.3323274038844974
AT2G36560,0.1022361431632837
AT2G36570,1.014020170915701
AT2G36580,0.9667085192117733
AT2G36590,0.2435264031526169
AT2G36610,0.1022361431632837
AT2G36620,0.8050829777123178
AT2G36630,0.3527314579966691
AT2G36640,1.4752429450713256
AT2G36650,0.7486462395929209
AT2G36660,0.3498657613896047
AT2G36670,0.5361792241407525
AT2G36680,0.5867212365576862
AT2G36690,0.46812325927505205
AT2G36695,0.1106818737632842
AT2G36700,0.1022361431632837
AT2G36710,0.15668796073885088
AT2G36720,0.3720086279903117
AT2G36724,0.1019935489625394
AT2G36730,0.37051412426563957
AT2G36740,0.5111621387316163
AT2G36750,0.10239483676098099
AT2G36760,0.1196356592895785
AT2G36770,0.1827097204046886
AT2G36780,0.1224349847561662
AT2G36790,0.1022361431632837
AT2G36792,0.1022361431632837
AT2G36800,0.22197836595571419
AT2G36810,0.44041225732565414
AT2G36815,0.1022361431632837
AT2G36830,1.0141237590201637
AT2G36835,0.302084801724849
AT2G36840,0.3151923860694249
AT2G36850,0.6094121637776944
AT2G36854,0.1022361431632837
AT2G36870,1.1963110194460214
AT2G36880,1.1744316674037765
AT2G36885,0.47889898478579035
AT2G36890,0.9012370520456221
AT2G36895,0.41300792726958346
AT2G36900,0.774518357664373
AT2G36910,0.7352888246483891
AT2G36920,0.1022361431632837
AT2G36930,0.680212586237787
AT2G36950,0.5932086273558663
AT2G36960,0.4439875498708516
AT2G36970,0.5621366226858033
AT2G36980,0.38988834172053
AT2G36985,0.17286758071188119
AT2G36990,0.44146125656077817
AT2G37000,0.18058146716497459
AT2G37010,0.1019935489625394
AT2G37020,0.5938507682258501
AT2G37025,0.1276957675649909
AT2G37030,0.1022361431632837
AT2G37035,0.43346654864746065
AT2G37040,1.5309234001189624
AT2G37050,0.37246594257981447
AT2G37060,0.5580034396436567
AT2G37070,0.3561432081724504
AT2G37080,0.7866933343167626
AT2G37090,0.5700264009275442
AT2G37100,0.39677083167907595
AT2G37110,0.7373183783095596
AT2G37120,0.46774608873824075
AT2G37125,0.1022361431632837
AT2G37130,1.4108065079153889
AT2G37140,0.1019935489625394
AT2G37150,0.34149812887793285
AT2G37160,0.3051556641138796
AT2G37170,1.277417532379666
AT2G37180,1.5473936113344036
AT2G37190,0.7952484025847215
AT2G37195,0.45281023982550755
AT2G37200,0.44545933297883655
AT2G37210,0.25189450048006373
AT2G37220,0.6495572920106099
AT2G37230,0.6370033077657755
AT2G37240,0.31565056142457737
AT2G37250,0.7566798844331184
AT2G37260,0.3159304178361436
AT2G37270,0.6565958350007435
AT2G37280,0.35687425404564965
AT2G37290,0.3430877789857599
AT2G37300,0.4310127524081262
AT2G37310,0.3350079479210094
AT2G37320,0.2948168983144024
AT2G37330,0.3893240424069658
AT2G37340,0.7467308750503778
AT2G37360,0.6232888462420823
AT2G37362,0.3464510358261186
AT2G37370,0.3158971664949003
AT2G37380,0.31829229355438615
AT2G37390,0.5160386768896681
AT2G37400,0.4530377073520755
AT2G37410,0.6707122833966295
AT2G37420,0.6426493068687087
AT2G37430,0.46639996868260203
AT2G37435,0.1022361431632837
AT2G37440,0.28733257453020217
AT2G37450,0.5115448244788214
AT2G37460,1.0088176293012692
AT2G37470,0.7179193551804144
AT2G37480,0.6036433429047972
AT2G37500,0.4503740940555736
AT2G37510,0.42183607808634777
AT2G37520,0.26127226220482275
AT2G37530,0.47536221663492284
AT2G37540,0.4476474040782997
AT2G37550,0.6737589798068125
AT2G37555,0.2327763524317657
AT2G37560,0.2715120059130358
AT2G37570,0.5308399646786428
AT2G37580,0.2612479614495884
AT2G37585,0.45109762697150096
AT2G37590,0.5173591996051863
AT2G37600,0.6566743319981079
AT2G37610,0.2431317713613003
AT2G37620,0.5458165860217409
AT2G37630,0.41190501067274443
AT2G37640,0.4281834681085299
AT2G37650,0.4102502853860872
AT2G37660,0.5738609981092523
AT2G37670,0.470894770987366
AT2G37678,1.149029150342494
AT2G37680,0.5297434215858521
AT2G37690,0.543968093362507
AT2G37700,0.4102941059112515
AT2G37710,0.3980717148937002
AT2G37720,0.1604977733568612
AT2G37730,0.1022361431632837
AT2G37740,0.4022598584856476
AT2G37750,1.047282774125108
AT2G37760,0.546983407077183
AT2G37770,0.2862916942892333
AT2G37780,0.26210078052563457
AT2G37790,0.5427668540451178
AT2G37800,0.1022361431632837
AT2G37805,0.2593170042384568
AT2G37810,0.17228414459185448
AT2G37820,0.3816852275966114
AT2G37840,0.2858393815758715
AT2G37860,0.804517043796041
AT2G37870,1.5419095653432957
AT2G37880,0.151622228020091
AT2G37890,0.32017126031667165
AT2G37900,0.248046158854142
AT2G37910,0.1186558448295996
AT2G37920,0.32563548617246585
AT2G37925,0.42155907393439684
AT2G37930,0.2831751403269941
AT2G37940,0.3401931449315776
AT2G37950,0.33915885887804037
AT2G37960,0.3052038342490592
AT2G37970,0.6568102660272873
AT2G37975,0.6779170534600225
AT2G37980,0.41007264221144996
AT2G37990,1.5083022203708982
AT2G38000,0.5677866813262206
AT2G38010,0.35602328421047963
AT2G38020,0.5698616362852638
AT2G38025,0.2936273577161222
AT2G38030,0.1022361431632837
AT2G38040,0.5569396428585978
AT2G38050,0.5518759969530618
AT2G38060,0.32015018374788096
AT2G38070,0.365094242768012
AT2G38080,0.8748337034403811
AT2G38090,0.7398171536777052
AT2G38100,0.3465973850346479
AT2G38110,0.6793396562855709
AT2G38120,0.8418745446440203
AT2G38130,0.5568327746497144
AT2G38140,0.49700751799147036
AT2G38150,0.1239022926582116
AT2G38152,0.6365124764984516
AT2G38160,0.3799997787043347
AT2G38170,0.4950934857370686
AT2G38180,0.4410887549615189
AT2G38185,0.2773674964519202
AT2G38195,0.1974873438942461
AT2G38210,0.4095971070550361
AT2G38220,0.19630664932938968
AT2G38230,0.8094973575072797
AT2G38240,0.2908996107991292
AT2G38250,0.2834079585511148
AT2G38255,0.10075254141967468
AT2G38270,0.3493986143088932
AT2G38280,0.7412484508649134
AT2G38290,0.5146510379401286
AT2G38300,0.5253612221109069
AT2G38310,0.9326228036326525
AT2G38320,0.48782519132963664
AT2G38325,0.1527399683365272
AT2G38330,0.3632943973766439
AT2G38340,0.32790334107087027
AT2G38350,0.1181499591734066
AT2G38360,0.538348214324146
AT2G38365,0.1022361431632837
AT2G38370,0.46452640399253897
AT2G38380,1.9201673468865854
AT2G38390,1.4788893395420681
AT2G38400,0.5512539345110141
AT2G38410,0.4024318514721305
AT2G38420,0.34863899883474037
AT2G38430,0.4073080119113271
AT2G38440,0.3375923109569739
AT2G38450,0.47279245175465023
AT2G38460,0.5163807645947117
AT2G38465,0.6295971142884662
AT2G38470,0.5621832949484453
AT2G38480,0.4004558049586723
AT2G38490,0.2965998256411518
AT2G38500,0.4114278768526165
AT2G38510,0.27071755576995726
AT2G38530,1.769720875037252
AT2G38540,0.8678990973312213
AT2G38550,0.6341783366836421
AT2G38560,0.38578744825487976
AT2G38570,0.3581426268274872
AT2G38580,0.6644250149420236
AT2G38590,0.1162992907071367
AT2G38600,0.6267281572974496
AT2G38610,0.41281405909042757
AT2G38620,0.6327036369489485
AT2G38630,0.5436079938740457
AT2G38640,0.4901817665987173
AT2G38646,0.10075254141967468
AT2G38650,0.6409915869844062
AT2G38660,0.3511076552266808
AT2G38670,0.7315258395283102
AT2G38680,0.48965199622106176
AT2G38690,0.1022361431632837
AT2G38695,0.2676923557434846
AT2G38700,0.6415050854418438
AT2G38710,0.537309123374293
AT2G38720,0.33502946282083423
AT2G38730,0.48608047166470747
AT2G38740,0.5528556485581917
AT2G38750,1.0789127596483432
AT2G38760,0.8355295126722274
AT2G38770,0.49456512084008963
AT2G38780,0.4885837515798624
AT2G38790,0.1022361431632837
AT2G38800,1.0451500905768834
AT2G38810,0.7190592804639158
AT2G38820,0.508131006559242
AT2G38823,0.32887778652803923
AT2G38830,0.2570499702483982
AT2G38840,0.3708111143239323
AT2G38860,0.7775310753904032
AT2G38870,1.3939170797620404
AT2G38880,0.4496151831751948
AT2G38890,0.2255573966831167
AT2G38900,0.1022361431632837
AT2G38905,1.452658834246278
AT2G38910,0.1022361431632837
AT2G38920,0.2993880271927324
AT2G38940,1.408997572989665
AT2G38950,0.5434882857732013
AT2G38960,0.42472991175052854
AT2G38970,0.5093055004593848
AT2G38995,0.1019935489625394
AT2G39000,0.4933066490948488
AT2G39010,0.5531191811290586
AT2G39020,0.5895861797558548
AT2G39030,0.273563576687641
AT2G39040,0.4909157547172404
AT2G39050,0.6150934364311405
AT2G39060,0.1022361431632837
AT2G39080,0.5188284438632315
AT2G39090,0.3503058481200343
AT2G39100,0.3200616840621836
AT2G39110,0.7208907401516524
AT2G39120,0.4097226286301025
AT2G39130,0.5601414096749502
AT2G39140,0.2145961370579773
AT2G39160,0.1022361431632837
AT2G39170,0.36258063669398
AT2G39175,0.3208987564324882
AT2G39180,0.3930688033670131
AT2G39190,0.320050311290261
AT2G39200,0.6271547991907691
AT2G39210,0.5259910360734834
AT2G39220,1.0869424138625698
AT2G39230,0.3452674706028728
AT2G39240,0.2112326814777619
AT2G39250,0.2180437814839549
AT2G39260,0.42742478621171076
AT2G39270,0.3867047149861177
AT2G39280,0.5733466296993768
AT2G39290,0.373597679666919
AT2G39300,0.5629760441672231
AT2G39310,1.5668740629364173
AT2G39320,0.38336234826218707
AT2G39330,0.1786805640700461
AT2G39340,0.45976538763747576
AT2G39350,0.8244708123869976
AT2G39355,0.1022361431632837
AT2G39360,0.3821874736384173
AT2G39370,0.44265870575091637
AT2G39375,0.2758926797829885
AT2G39380,0.7469770716091432
AT2G39390,0.9090851523307775
AT2G39400,0.5088422461894464
AT2G39410,0.4665735551622141
AT2G39415,0.19250187587611378
AT2G39420,0.8693006844612655
AT2G39430,1.5188987388900625
AT2G39435,0.3645395691451449
AT2G39440,0.5805037374109276
AT2G39445,0.5382905131415914
AT2G39450,0.579695498920189
AT2G39460,0.9107525999524109
AT2G39470,0.3431012497370448
AT2G39480,0.5689342253320598
AT2G39490,0.2150951172844701
AT2G39500,0.8426738419681882
AT2G39510,0.8593892840068046
AT2G39518,0.5257262372586706
AT2G39520,0.1022361431632837
AT2G39530,1.4051294580835085
AT2G39540,0.1202882241898056
AT2G39550,0.5357096943363618
AT2G39560,0.3034753972856456
AT2G39570,1.1082548881979868
AT2G39580,0.4886690020262882
AT2G39590,0.1022361431632837
AT2G39600,0.1069747052707857
AT2G39620,0.268628233923438
AT2G39630,0.5325406605300127
AT2G39640,0.1267496959096491
AT2G39650,0.43565180776062984
AT2G39660,0.4515756388111002
AT2G39670,0.3068040887278143
AT2G39675,0.8317520425697713
AT2G39681,0.9692071320906506
AT2G39690,0.2924789011131108
AT2G39700,1.4898050171955075
AT2G39705,0.575613741487629
AT2G39710,0.48526960864460733
AT2G39720,0.5275179877359966
AT2G39725,0.4331693561770992
AT2G39730,1.5736614323493845
AT2G39740,0.275463853808969
AT2G39750,0.43700370174416103
AT2G39760,0.4509805885329031
AT2G39770,0.62292528933931
AT2G39780,0.7411529562468011
AT2G39782,0.1022361431632837
AT2G39790,0.1022361431632837
AT2G39795,0.43079996180221114
AT2G39800,0.663690893430555
AT2G39805,0.4683914476157517
AT2G39810,0.33442294479637386
AT2G39820,0.1603661293885279
AT2G39830,0.39563847440804956
AT2G39840,0.34799580573353744
AT2G39850,0.12517816042555407
AT2G39851,0.1022361431632837
AT2G39855,0.11574427699812899
AT2G39865,0.1022361431632837
AT2G39870,0.518460943260931
AT2G39880,0.3360589691013442
AT2G39885,0.1144745690559765
AT2G39890,0.9486380560377311
AT2G39900,0.6901514985695121
AT2G39910,0.4004605963066936
AT2G39920,0.3085736468717996
AT2G39930,0.40305141474656525
AT2G39940,0.3030558747507799
AT2G39950,0.2994320735747719
AT2G39960,0.612679696807293
AT2G39970,0.7202484751870243
AT2G39975,0.1022361431632837
AT2G39980,1.1115150247197836
AT2G39990,0.7522235861518005
AT2G40000,0.5313498152517976
AT2G40004,0.1101301138500006
AT2G40008,0.14741061949503229
AT2G40010,1.3178288458339795
AT2G40020,0.35933733146453817
AT2G40030,0.4535185720066844
AT2G40050,0.2903966008086479
AT2G40060,1.3651193596260902
AT2G40070,0.3392041182651161
AT2G40080,0.8102860127508842
AT2G40085,0.3605602104674067
AT2G40090,0.4006211458000618
AT2G40095,0.3221095363472429
AT2G40100,0.3653193427143055
AT2G40110,0.8772036587802335
AT2G40113,1.4052598804061724
AT2G40116,0.1943594873570099
AT2G40120,0.5951145865014342
AT2G40130,0.7754112998622119
AT2G40140,0.5208067076398271
AT2G40150,0.5254109210069768
AT2G40160,0.6998954628877415
AT2G40165,0.20220303175023369
AT2G40170,3.2812709174493544
AT2G40180,0.1503419697041977
AT2G40190,0.4698962681892031
AT2G40200,0.32065285580450564
AT2G40205,1.0213247544226198
AT2G40210,0.1022361431632837
AT2G40220,0.13506101861498931
AT2G40230,0.491423608874398
AT2G40240,0.4567274723194244
AT2G40250,0.12412065624306079
AT2G40260,0.5208132406341626
AT2G40270,0.4309368140799998
AT2G40280,0.5634082766700101
AT2G40290,0.4532065717700866
AT2G40300,0.5686772238508357
AT2G40310,0.1022361431632837
AT2G40316,0.5511795953706964
AT2G40320,0.48333462231013796
AT2G40330,0.595418617069663
AT2G40340,0.5966954844194139
AT2G40350,0.2731501052444997
AT2G40360,0.9638895935289558
AT2G40370,0.5529075050903128
AT2G40380,0.6465428003723785
AT2G40390,0.3379429881095863
AT2G40400,0.6811982602072332
AT2G40410,0.40185288001421404
AT2G40420,0.4216159056534102
AT2G40430,1.132502870641336
AT2G40435,0.1494559929272747
AT2G40440,0.1022361431632837
AT2G40450,0.3069123690836514
AT2G40460,0.5772600043545123
AT2G40470,0.42653366454366193
AT2G40475,0.6844819440019547
AT2G40480,1.004872008175781
AT2G40490,0.47415867756588415
AT2G40500,0.1022361431632837
AT2G40510,0.6857966008132372
AT2G40520,0.2952999048654669
AT2G40530,0.4991147452559594
AT2G40540,0.5682565933958221
AT2G40550,0.5100061998532884
AT2G40560,0.1022361431632837
AT2G40570,0.37115112255852106
AT2G40580,0.1022361431632837
AT2G40590,0.5623519976441353
AT2G40600,0.5103644445963109
AT2G40610,0.3004989247063514
AT2G40620,0.5480973317744411
AT2G40630,0.2993330114727943
AT2G40640,0.5561057808962366
AT2G40650,0.6755506023550717
AT2G40660,0.8828520772643869
AT2G40670,0.5718221301142844
AT2G40690,0.2578999386195501
AT2G40700,0.6838504244395671
AT2G40710,0.1650491311376872
AT2G40711,0.3035033972914588
AT2G40715,0.1610856143806838
AT2G40720,0.4441941929150215
AT2G40730,0.5556464117654638
AT2G40740,0.130964234934312
AT2G40745,0.1022361431632837
AT2G40750,0.4991495739654293
AT2G40760,0.2979132630820058
AT2G40765,0.7854250379460403
AT2G40770,0.24735447038380293
AT2G40780,0.32137328578624513
AT2G40790,0.40032585812478505
AT2G40800,0.5430417924285861
AT2G40805,0.110481221096071
AT2G40810,0.4351443075414873
AT2G40815,0.36345180207040045
AT2G40820,0.4690059409293201
AT2G40830,0.3720608276071198
AT2G40840,0.4898511712292699
AT2G40850,0.31830074445946777
AT2G40860,0.3142420522866679
AT2G40880,0.4737505917600668
AT2G40890,0.9883465218202638
AT2G40900,1.0802800815232758
AT2G40910,0.3040137885148914
AT2G40920,0.42054767929820297
AT2G40925,0.1041191873421503
AT2G40930,0.4014274997271912
AT2G40935,0.45202316310173263
AT2G40940,0.7159626843922599
AT2G40950,0.4401368653738982
AT2G40955,0.1022361431632837
AT2G40960,1.3737041142991042
AT2G40970,0.41511494299245555
AT2G40980,0.5426832367162979
AT2G40990,0.1022361431632837
AT2G40995,0.1022361431632837
AT2G41000,0.635945214128236
AT2G41010,0.4813078399657529
AT2G41020,0.2696214297690633
AT2G41040,0.3139349933372525
AT2G41050,0.4109944595631499
AT2G41060,0.5005322776411323
AT2G41070,1.116360201591219
AT2G41080,0.5392288721976185
AT2G41082,0.2686625217970455
AT2G41090,0.298448928035843
AT2G41100,1.5104679159236905
AT2G41105,0.10134379978257319
AT2G41110,0.6860062451139659
AT2G41120,0.3538940717285663
AT2G41130,0.3655879983985707
AT2G41140,0.46267577096172974
AT2G41150,0.49409882523469273
AT2G41160,0.4638989063860708
AT2G41170,0.4044029106830221
AT2G41178,0.4658886800609924
AT2G41180,0.4389026798604083
AT2G41190,0.6492886822514029
AT2G41200,0.38522164717768625
AT2G41210,0.374110827274202
AT2G41220,0.664139077347196
AT2G41225,0.1531424730600228
AT2G41230,0.5503453532153048
AT2G41231,0.2481321393014632
AT2G41240,0.5667685612949984
AT2G41250,0.3400667077271965
AT2G41260,1.9914660223430378
AT2G41280,0.4112846321513537
AT2G41290,0.35857674040374443
AT2G41300,0.40852455379919056
AT2G41310,0.840049009148238
AT2G41312,0.542259242890523
AT2G41330,0.3785363324178144
AT2G41340,0.1942404671040845
AT2G41342,0.2335779832912636
AT2G41350,0.5268548385630414
AT2G41355,0.12770398265940758
AT2G41360,0.1019935489625394
AT2G41370,0.5121539628930997
AT2G41375,0.1022361431632837
AT2G41380,0.6382461312108638
AT2G41390,0.1022361431632837
AT2G41400,0.11551901986028669
AT2G41410,0.5866287470969773
AT2G41415,0.1022361431632837
AT2G41417,0.1022361431632837
AT2G41420,0.6025677014875328
AT2G41430,1.0708406193610234
AT2G41440,0.9535479543639236
AT2G41445,0.1016524999438922
AT2G41450,0.2757070181016346
AT2G41451,0.2523891634816249
AT2G41460,0.4467932931914778
AT2G41470,0.2782056578185081
AT2G41473,0.1019935489625394
AT2G41475,0.8387047881300604
AT2G41480,1.7193850117892093
AT2G41490,0.4275846342066898
AT2G41500,0.38259139167957906
AT2G41505,0.2825785100306008
AT2G41510,0.5155096280398019
AT2G41515,0.1264546192830383
AT2G41520,0.35375061373922767
AT2G41530,0.7184771115969937
AT2G41540,0.6162238593652514
AT2G41550,0.6083093540269943
AT2G41560,0.5352881269336003
AT2G41590,0.1016524999438922
AT2G41600,0.5203815470565132
AT2G41610,0.3969337990640141
AT2G41616,0.1022361431632837
AT2G41620,0.7177184570448495
AT2G41630,0.7403297315231712
AT2G41640,0.3179153582831273
AT2G41650,0.6604870405007333
AT2G41660,0.935045533208168
AT2G41670,0.3676913487938267
AT2G41680,0.38315488326665764
AT2G41690,0.3745418545162445
AT2G41700,0.6042661162067263
AT2G41705,0.28236166069908314
AT2G41710,0.4445124015100079
AT2G41720,0.2544819916378815
AT2G41730,0.8277345680485727
AT2G41740,0.3509718548163081
AT2G41750,0.31529857093592006
AT2G41760,0.36491835704927345
AT2G41770,0.49601877344163076
AT2G41780,0.5005746980361472
AT2G41790,0.3947749925098232
AT2G41800,0.8339294503430632
AT2G41810,0.20450496483948172
AT2G41820,0.5879865718622045
AT2G41830,0.3159165285426796
AT2G41835,0.3447021766556035
AT2G41840,0.712087527712332
AT2G41850,0.2945911736058825
AT2G41860,0.1022361431632837
AT2G41870,0.4355211910468852
AT2G41880,0.2898196946285807
AT2G41890,0.5529190532622834
AT2G41900,0.5661333347664241
AT2G41905,0.2714178232813103
AT2G41910,0.1022361431632837
AT2G41920,0.1022361431632837
AT2G41930,0.1022361431632837
AT2G41940,0.1237107924093272
AT2G41945,0.5559868540736731
AT2G41950,0.5360983191628406
AT2G41960,0.6175867296110149
AT2G41970,0.5877142551305989
AT2G41980,0.3656015115385617
AT2G41990,0.3498809870012547
AT2G41997,0.1473850913334483
AT2G42000,1.6377865570717023
AT2G42005,0.2550334947352644
AT2G42010,0.35392440638834677
AT2G42020,0.1022361431632837
AT2G42030,0.5258281084084282
AT2G42040,0.32700579811911157
AT2G42060,0.8986383594111131
AT2G42065,0.2212305966339787
AT2G42070,0.4550720847132916
AT2G42080,0.3556785689061176
AT2G42090,0.1022361431632837
AT2G42100,0.1449019282338131
AT2G42110,0.48868910910117835
AT2G42120,0.6766635145256148
AT2G42130,0.35639025858507184
AT2G42140,0.2191212923855685
AT2G42150,0.3672756610679926
AT2G42160,0.7278224756331924
AT2G42170,0.5184491167728926
AT2G42180,0.1022361431632837
AT2G42190,0.6278704248467583
AT2G42200,0.2975706043280061
AT2G42210,0.6545844731335246
AT2G42220,0.4575103296378964
AT2G42230,0.3973064728451742
AT2G42240,0.40419016636667965
AT2G42247,0.8970868875209836
AT2G42250,0.880159466151506
AT2G42260,0.3559606826796326
AT2G42270,0.536657341952013
AT2G42280,0.5836170295254386
AT2G42290,0.3702331334706486
AT2G42300,0.3912054313984004
AT2G42310,0.5423441261532429
AT2G42320,0.43681273308524393
AT2G42330,0.26744899426952
AT2G42340,0.2280987111189322
AT2G42350,0.7686349440521224
AT2G42360,0.2916226559981375
AT2G42365,0.45011976640974855
AT2G42370,0.2414630242456852
AT2G42380,0.2639438727167714
AT2G42388,0.1019935489625394
AT2G42390,0.3870722815676546
AT2G42395,0.6065497821288479
AT2G42400,0.30858240085822997
AT2G42410,0.1022361431632837
AT2G42425,0.1022361431632837
AT2G42430,0.38896150641179716
AT2G42440,0.34659784043107766
AT2G42450,0.4084583739378547
AT2G42455,0.1022361431632837
AT2G42460,0.1022361431632837
AT2G42465,0.1022361431632837
AT2G42470,0.1022361431632837
AT2G42475,0.1936743002401262
AT2G42480,0.1022361431632837
AT2G42485,0.5341030963049787
AT2G42490,0.8103026290448734
AT2G42500,0.5913243860888173
AT2G42510,0.30634476550149736
AT2G42520,0.38248415166686134
AT2G42530,0.2273288137772037
AT2G42540,0.14844112764290548
AT2G42550,0.1022361431632837
AT2G42560,1.687880534049537
AT2G42570,0.7057445124099422
AT2G42580,0.41845098781824247
AT2G42590,0.683878674220578
AT2G42600,0.8222848265232271
AT2G42610,0.8120091336187143
AT2G42620,0.438422096707893
AT2G42640,0.2787265270820157
AT2G42650,0.4266778260726606
AT2G42660,0.4019304844235706
AT2G42670,0.3611563210158679
AT2G42680,0.7098078043948592
AT2G42690,0.30446397077864423
AT2G42700,0.2742588541168028
AT2G42710,0.6178491452032426
AT2G42720,0.42687082615363703
AT2G42725,0.1283604360604965
AT2G42730,0.504881872268782
AT2G42740,0.7364909912883255
AT2G42750,0.2507111188193215
AT2G42760,0.7170440903449831
AT2G42770,0.3938007108173375
AT2G42780,0.5900923994003869
AT2G42790,0.7761767318093
AT2G42800,0.140073570124984
AT2G42810,0.7078096736012023
AT2G42820,0.5220813722055045
AT2G42830,0.13697933186217087
AT2G42835,0.1005546875699398
AT2G42840,1.2827223090788296
AT2G42850,0.4341877890823169
AT2G42860,0.19738858754925842
AT2G42865,0.2016556878064263
AT2G42870,0.2403645126835319
AT2G42880,0.9153940157056202
AT2G42885,0.15156672261308068
AT2G42890,0.5127380987768595
AT2G42900,0.3587812782366525
AT2G42910,0.5972308094302161
AT2G42920,0.28934687165832057
AT2G42930,0.10134379978257319
AT2G42940,0.31368406884784616
AT2G42950,0.3850158573042652
AT2G42955,0.290168277163172
AT2G42960,0.5096522560444295
AT2G42975,0.3179859306477971
AT2G42980,0.2990595643489707
AT2G42990,0.1022361431632837
AT2G43000,0.6412821405898216
AT2G43010,0.3021035475683199
AT2G43020,0.412512579107162
AT2G43030,0.5746253043413677
AT2G43040,0.39396417059970507
AT2G43050,0.4087112593522577
AT2G43060,0.22747540320810086
AT2G43070,0.5272435050265805
AT2G43080,0.5121993820860646
AT2G43090,0.7372595560704442
AT2G43100,1.1144299399313327
AT2G43110,1.0617061763163025
AT2G43120,0.3935460275570217
AT2G43130,0.9069883929896345
AT2G43137,0.27578675577879597
AT2G43138,0.2648896717029466
AT2G43139,0.15025234169548599
AT2G43140,0.6208229968331052
AT2G43141,0.1083536453836028
AT2G43150,0.8299106711809485
AT2G43160,0.5973341880428695
AT2G43180,0.38238673508977095
AT2G43190,0.23837765696213528
AT2G43200,0.2263010662415985
AT2G43210,0.3662989622151558
AT2G43220,0.1981133908776834
AT2G43230,0.2706178068009776
AT2G43235,0.2473875479578536
AT2G43240,0.7029604440175663
AT2G43250,0.351083760769014
AT2G43255,0.1022361431632837
AT2G43260,0.4654726734965236
AT2G43261,0.1022361431632837
AT2G43270,0.1070427768014829
AT2G43280,0.4940206992837854
AT2G43290,0.7875977106988585
AT2G43300,0.1022361431632837
AT2G43310,0.1891739494528838
AT2G43320,0.39135083502043766
AT2G43330,0.31921404951090043
AT2G43340,0.851926340871183
AT2G43350,0.9681929991495832
AT2G43360,0.6973551876868793
AT2G43370,0.25054337936768356
AT2G43375,0.41473496908390906
AT2G43386,0.1117215600929844
AT2G43390,0.6302296272021044
AT2G43400,0.4347946012312582
AT2G43410,0.5210372448266216
AT2G43420,0.6600480549187518
AT2G43430,0.6697683233538808
AT2G43440,0.10134379978257319
AT2G43445,0.47108213380387653
AT2G43450,0.1016524999438922
AT2G43460,1.023588237820562
AT2G43465,0.4203033630343929
AT2G43470,0.3302816685551879
AT2G43480,0.5128215364513925
AT2G43490,0.45211592598514905
AT2G43500,0.45596287591125867
AT2G43510,1.7899429251103853
AT2G43520,0.1019935489625394
AT2G43530,0.44769338744356146
AT2G43535,1.283548518978948
AT2G43540,0.3004214071627269
AT2G43550,0.9664099414544871
AT2G43560,0.3765909508402979
AT2G43570,0.5532294225001428
AT2G43580,1.9407589925286948
AT2G43590,1.5835608730880248
AT2G43600,0.43283377587486715
AT2G43610,0.89144675718754
AT2G43620,0.4048348158497313
AT2G43630,0.48723277262658204
AT2G43640,0.8481290819112488
AT2G43650,0.7807425560042772
AT2G43660,0.5905179101396653
AT2G43670,1.4869048599441197
AT2G43680,1.0866854115053433
AT2G43690,0.299787670635172
AT2G43700,0.2580948965413047
AT2G43710,0.6894650069729342
AT2G43720,0.4191110277801757
AT2G43730,0.1022361431632837
AT2G43740,0.1022361431632837
AT2G43745,0.2983577073051492
AT2G43750,0.4817951722478264
AT2G43760,0.7952749547866709
AT2G43770,0.41951586904149407
AT2G43780,0.5923535542660758
AT2G43790,0.392420133029457
AT2G43795,0.1016524999438922
AT2G43800,0.6515871771598627
AT2G43810,0.5519148055270446
AT2G43820,0.806536895886035
AT2G43840,0.477472069580735
AT2G43850,0.36725560431244375
AT2G43860,0.1022361431632837
AT2G43865,0.1925850651346229
AT2G43870,0.2727094985759062
AT2G43880,0.5661281501252438
AT2G43890,0.2625236215606176
AT2G43900,0.4486189622398643
AT2G43910,1.7152619252067345
AT2G43920,0.36347401004538016
AT2G43930,0.2224920078000474
AT2G43940,0.42221057840721454
AT2G43945,0.4375321211259436
AT2G43950,0.6115191132675887
AT2G43960,0.1502331162490318
AT2G43970,0.8467668965323036
AT2G43980,0.46616519363052666
AT2G43990,0.3189398982335699
AT2G44000,0.3151026052922199
AT2G44010,0.859045465649712
AT2G44020,0.40133624247633204
AT2G44030,0.1035420090912283
AT2G44040,0.3869157990996538
AT2G44050,0.5284847568075268
AT2G44060,0.8047319274659883
AT2G44065,0.7293755592524727
AT2G44070,0.12472253567727859
AT2G44080,1.2313598122810978
AT2G44090,0.46597242855643217
AT2G44100,0.5794766746939113
AT2G44110,0.41228115751430605
AT2G44120,0.6898978754331235
AT2G44130,0.4810033484943355
AT2G44140,0.40965319888100893
AT2G44150,0.3501527156875198
AT2G44160,0.9423465564918814
AT2G44175,0.1022361431632837
AT2G44180,0.6901888715833879
AT2G44190,0.3423724718046964
AT2G44195,0.1600040142282227
AT2G44198,0.1016524999438922
AT2G44200,0.4490710560718634
AT2G44210,0.5349137023567927
AT2G44220,0.1019935489625394
AT2G44230,0.4460686934996142
AT2G44240,0.12175758719358909
AT2G44250,0.1633033486393562
AT2G44255,0.3260874357491667
AT2G44260,0.447380330953616
AT2G44270,0.6612612678591808
AT2G44280,0.3281928918816018
AT2G44290,0.3916925568801128
AT2G44300,0.9515803036340191
AT2G44310,0.5969366545947086
AT2G44320,0.10134379978257319
AT2G44330,0.1022361431632837
AT2G44340,0.35476837927429317
AT2G44350,1.079101636155518
AT2G44360,0.6468401567965217
AT2G44370,0.30396197343323916
AT2G44380,0.804338942952759
AT2G44390,0.2679902219800002
AT2G44400,0.16791536061446838
AT2G44410,0.6557479537143823
AT2G44420,0.5203239154068828
AT2G44430,0.37492514576658476
AT2G44440,0.40265781956237223
AT2G44450,0.5569929202868356
AT2G44460,0.49332955964776193
AT2G44470,0.1188818630667599
AT2G44480,0.486240208028248
AT2G44490,0.7761097359435031
AT2G44500,0.9426020906092205
AT2G44510,0.6047762313306342
AT2G44520,0.5566426688508452
AT2G44525,0.5493215278367678
AT2G44530,0.26070462828654317
AT2G44540,0.1019935489625394
AT2G44550,0.1022361431632837
AT2G44560,0.1022361431632837
AT2G44570,0.11602666192823499
AT2G44578,0.4313603208806456
AT2G44580,0.4959954723175543
AT2G44581,0.20185482482193662
AT2G44590,0.10678879932862069
AT2G44600,0.42714446022385777
AT2G44610,0.7408842412404604
AT2G44620,0.6804557908793769
AT2G44630,0.2995255814370366
AT2G44640,0.3830972985578124
AT2G44650,0.6090922055927765
AT2G44660,0.5574519760009404
AT2G44670,0.795725580192252
AT2G44680,0.6118489530167297
AT2G44690,0.6491522532245829
AT2G44700,0.224527935724876
AT2G44710,0.5416511038156804
AT2G44730,0.3137772830615163
AT2G44735,0.1565179339117968
AT2G44740,0.5331238418389374
AT2G44745,0.1022361431632837
AT2G44750,0.4506135921434382
AT2G44760,0.41846531226201744
AT2G44770,0.3158608203063151
AT2G44790,0.72620687369609
AT2G44798,0.31016724717581456
AT2G44800,0.1974503105823181
AT2G44810,0.1022361431632837
AT2G44820,0.5856856443340582
AT2G44830,0.6275811556529818
AT2G44840,0.3270081298039851
AT2G44850,0.40004172197668575
AT2G44860,1.278852995685568
AT2G44870,0.5070900958250276
AT2G44880,0.3311658589123956
AT2G44890,0.1022361431632837
AT2G44900,0.39717941535978607
AT2G44910,0.3624801321349947
AT2G44920,0.3662263640484443
AT2G44925,0.1022361431632837
AT2G44930,0.12259964332728529
AT2G44940,1.1431794466024443
AT2G44950,0.3702418664786117
AT2G44970,0.3706850443487779
AT2G44980,0.24712123180930062
AT2G44990,0.1331545084714999
AT2G44993,0.1022361431632837
AT2G44995,0.20791300391177941
AT2G45000,0.44491045269535756
AT2G45010,0.47537514314480256
AT2G45020,0.1022361431632837
AT2G45023,0.36246221121858946
AT2G45030,0.48803195016289813
AT2G45040,0.3036296490391984
AT2G45050,0.7414380411403709
AT2G45060,0.686650726488605
AT2G45070,0.7176144120110943
AT2G45080,0.46382534175216283
AT2G45100,0.5359505439990104
AT2G45110,0.1022361431632837
AT2G45120,0.352595004355997
AT2G45130,0.4644676908164101
AT2G45135,0.1022361431632837
AT2G45140,0.5077670566888526
AT2G45150,0.574721147593625
AT2G45160,0.555266920614738
AT2G45170,1.006015784245578
AT2G45180,1.1411789341473786
AT2G45190,0.1086586960041555
AT2G45200,0.663312980221819
AT2G45210,0.8193805774543532
AT2G45220,0.5254556799996715
AT2G45240,0.6051820334369997
AT2G45243,0.11840775847725529
AT2G45245,0.794429326155908
AT2G45250,0.4168072186092253
AT2G45260,0.4885267706155435
AT2G45270,0.2415594782619481
AT2G45280,0.521317284084919
AT2G45290,0.5588706908020058
AT2G45300,0.6171750737718538
AT2G45310,0.4985170466942348
AT2G45315,0.6138812064339154
AT2G45320,0.3115551301744755
AT2G45330,0.5592983327290111
AT2G45340,0.4550056772127738
AT2G45350,0.1195886746010762
AT2G45360,0.4632850469234161
AT2G45380,1.0136881299501619
AT2G45400,0.34185310879453235
AT2G45403,0.1022361431632837
AT2G45405,0.15525746830694429
AT2G45406,0.1022361431632837
AT2G45410,0.21331918555633259
AT2G45420,0.4890143061250637
AT2G45430,0.5649624660392727
AT2G45440,0.5641274215090899
AT2G45450,0.6355672071345257
AT2G45460,0.3133959410907931
AT2G45470,0.8661653057314391
AT2G45480,0.4063184412886941
AT2G45490,0.42639560317187575
AT2G45500,0.37967292965082056
AT2G45510,0.7206040945689931
AT2G45520,0.464051845975068
AT2G45530,0.3857223388110798
AT2G45540,0.6935635551885474
AT2G45550,0.2724067313636122
AT2G45560,0.326273644848107
AT2G45570,0.2842578646276458
AT2G45580,0.14777965619133449
AT2G45590,0.32204929805526533
AT2G45600,0.3010754109069128
AT2G45610,0.1146973908639744
AT2G45620,0.5002240202497057
AT2G45630,0.30081358710059286
AT2G45640,0.7174461540045971
AT2G45650,0.17611576323531147
AT2G45660,1.0271616508244918
AT2G45670,0.6490243898830164
AT2G45680,0.39042377738920386
AT2G45685,0.2007421864222243
AT2G45690,0.3922978041705938
AT2G45695,0.5836133441257622
AT2G45700,0.3652860787006232
AT2G45710,0.602079746737078
AT2G45720,0.5125014237716915
AT2G45730,0.9299677767596898
AT2G45740,0.47986710218198836
AT2G45750,0.3927481667430769
AT2G45760,0.2558421945063635
AT2G45770,0.27080789712829956
AT2G45780,0.1153759604547568
AT2G45790,1.0198779004100207
AT2G45800,0.1016524999438922
AT2G45810,0.5483602254234718
AT2G45820,0.9132715929389086
AT2G45830,0.5536061088043647
AT2G45840,0.1019935489625394
AT2G45850,0.3704699912015833
AT2G45860,1.2675061200430102
AT2G45870,0.29407239802028595
AT2G45880,0.274067287089674
AT2G45890,0.4720213065330586
AT2G45900,0.3584370612082005
AT2G45910,0.35630083071246643
AT2G45920,0.7007296879567497
AT2G45930,0.4437569137649033
AT2G45940,0.249311974105191
AT2G45950,0.36189281398799183
AT2G45960,1.1068808825898087
AT2G45970,0.321097755136452
AT2G45980,0.5410964395417763
AT2G45990,0.6591042657672791
AT2G46000,0.7045320785616087
AT2G46020,0.7290340076400302
AT2G46030,0.6253070892525971
AT2G46040,0.31960682468150203
AT2G46050,0.20360208796097928
AT2G46060,0.6009012181127171
AT2G46070,0.1719787824620623
AT2G46080,0.6776461463664478
AT2G46090,0.4704457050741579
AT2G46100,0.42183176293256147
AT2G46110,0.21017703017279468
AT2G46130,0.5480134930062959
AT2G46140,0.7092177537429241
AT2G46150,0.5122478092213619
AT2G46160,0.38362698586288685
AT2G46170,0.5781206311280855
AT2G46180,0.35446280947047987
AT2G46190,0.1022361431632837
AT2G46192,0.7330781981799913
AT2G46200,0.5534400362661446
AT2G46210,0.4932081257923966
AT2G46220,0.7670226070836776
AT2G46225,0.5196287693628103
AT2G46230,0.7479659244965962
AT2G46240,0.45768224883343556
AT2G46250,0.2625831546343803
AT2G46255,0.1336359289031263
AT2G46260,0.4565127752029844
AT2G46270,0.5079533370460003
AT2G46280,0.7313516911235101
AT2G46290,0.4199532952721202
AT2G46300,0.2102982052399607
AT2G46308,0.1022361431632837
AT2G46310,0.3526213779100771
AT2G46320,0.3013643808476767
AT2G46330,0.6888381410013089
AT2G46340,0.5808447056256618
AT2G46360,0.1487792313700832
AT2G46370,0.4648912647498208
AT2G46375,0.1272312752741949
AT2G46380,0.40521549222073283
AT2G46390,1.194877375523582
AT2G46400,0.3797960949658406
AT2G46410,0.6463203903498135
AT2G46420,0.5879145220975677
AT2G46430,0.4660805155800388
AT2G46440,0.1022361431632837
AT2G46450,1.0330293464795037
AT2G46455,0.2679405884990658
AT2G46460,0.1022361431632837
AT2G46470,0.6343996505727783
AT2G46480,0.21749713980490878
AT2G46490,0.6230046284835808
AT2G46493,0.1019935489625394
AT2G46494,0.1022361431632837
AT2G46495,0.3241052204081269
AT2G46500,0.6210051597771516
AT2G46505,0.6590754843811024
AT2G46510,0.5907766468140645
AT2G46520,0.7456715172082053
AT2G46530,0.4041433640121187
AT2G46535,1.1292364033718056
AT2G46540,0.6635543820561112
AT2G46550,0.36992128038017097
AT2G46560,0.5817553214313238
AT2G46567,0.1022361431632837
AT2G46570,0.5056519960685721
AT2G46572,0.2377817901209926
AT2G46580,0.5134244483608743
AT2G46590,0.5275022034530175
AT2G46600,0.709659276061946
AT2G46610,0.3146165933243748
AT2G46620,0.5961402632457381
AT2G46630,1.1954984650700022
AT2G46640,0.121172891106917
AT2G46650,1.189560072938538
AT2G46660,0.626199941718595
AT2G46670,0.2856692793940885
AT2G46680,0.7460929767478952
AT2G46685,0.3190085663657646
AT2G46690,1.2306591654878403
AT2G46700,0.26523957493452555
AT2G46710,0.6272465369297984
AT2G46720,0.1022361431632837
AT2G46735,0.3312562607287609
AT2G46740,0.5540712676301978
AT2G46750,0.466729261845836
AT2G46760,0.3192016519098478
AT2G46765,0.1022361431632837
AT2G46770,0.1016524999438922
AT2G46780,0.5897472097720403
AT2G46790,0.5281679703342961
AT2G46800,0.707774603638484
AT2G46810,0.4821763645038134
AT2G46820,0.3920836634789878
AT2G46830,0.39181750997740716
AT2G46840,0.2304607099232256
AT2G46850,0.2935941802155284
AT2G46860,0.6248867064036394
AT2G46870,0.1540638643931023
AT2G46880,0.1019935489625394
AT2G46890,1.1788927700759302
AT2G46900,0.5616977551046809
AT2G46910,0.30029948076979757
AT2G46915,0.39157221795561975
AT2G46920,0.3968539510857846
AT2G46930,0.5260193946376841
AT2G46940,0.33645028965833046
AT2G46950,0.2674275403085244
AT2G46960,0.1022361431632837
AT2G46970,0.6119358904767892
AT2G46980,0.4064083093350882
AT2G46990,0.3224668755135206
AT2G46995,0.1022361431632837
AT2G47000,0.8257475761322621
AT2G47010,0.5753778155585635
AT2G47015,0.29297872605588
AT2G47020,0.7048939079422295
AT2G47030,0.1851040591135271
AT2G47040,0.28685335102087917
AT2G47050,0.304857252281392
AT2G47060,0.7631170786428165
AT2G47070,0.4224154445159637
AT2G47090,0.5437635346418683
AT2G47110,0.6467219581722166
AT2G47115,0.23604751194708262
AT2G47120,0.1022361431632837
AT2G47130,0.305118495831465
AT2G47140,0.39026474806052047
AT2G47150,0.1819502065982108
AT2G47160,0.9554196492817073
AT2G47170,0.5812712157297941
AT2G47180,1.849378569452297
AT2G47190,0.161992440055846
AT2G47200,1.4864799936820485
AT2G47210,0.6437587062210269
AT2G47220,0.2674909165827693
AT2G47230,0.4723062924083006
AT2G47240,0.36686157948772047
AT2G47245,0.18331703612924408
AT2G47250,0.4240466854273893
AT2G47260,0.45098504914139637
AT2G47270,0.544516687304252
AT2G47275,0.3106689861276848
AT2G47280,0.1022361431632837
AT2G47300,0.4389189041142312
AT2G47310,0.3248160787918568
AT2G47320,0.5810109923423603
AT2G47330,0.36733674037941033
AT2G47340,0.12065431832950829
AT2G47350,0.28481732699014695
AT2G47360,0.5253569290724929
AT2G47370,0.25063965151624423
AT2G47380,0.7151131899515963
AT2G47390,0.538751924625503
AT2G47400,0.7523214181037272
AT2G47410,0.292395715528557
AT2G47420,0.6875905907414037
AT2G47430,0.1022361431632837
AT2G47440,0.42714670772109775
AT2G47450,0.3286196945367787
AT2G47460,1.0297887975554967
AT2G47470,0.7856838238372315
AT2G47480,0.4153559448319663
AT2G47485,0.7996254110858299
AT2G47490,0.6034676737378798
AT2G47500,0.5790767807890524
AT2G47510,0.7531350053538115
AT2G47520,0.3132407678732032
AT2G47530,0.5075501996474308
AT2G47540,0.9561798683788768
AT2G47550,0.4501079103739558
AT2G47560,0.661675920897124
AT2G47570,0.1022361431632837
AT2G47580,0.6538504109571721
AT2G47585,0.1022361431632837
AT2G47590,0.3595868672696013
AT2G47600,0.5987144658962994
AT2G47610,0.8667958166743288
AT2G47620,0.3048300516412816
AT2G47630,1.0400566087099268
AT2G47640,0.695997258568072
AT2G47650,0.5279336643504062
AT2G47670,0.2908898271376513
AT2G47680,0.3807113630438959
AT2G47690,0.7034542874104077
AT2G47700,0.653042689954841
AT2G47710,0.7158580492352395
AT2G47720,0.1022361431632837
AT2G47730,0.9012297725717615
AT2G47740,0.1022361431632837
AT2G47750,0.61595385840405
AT2G47760,0.5519131286559846
AT2G47770,2.023560126173559
AT2G47780,0.4621317625227762
AT2G47790,0.40850430955077555
AT2G47800,0.5518829749562741
AT2G47810,0.536134741574503
AT2G47820,0.3643537910047836
AT2G47830,0.39328448311614705
AT2G47840,0.4485182691206899
AT2G47844,0.14509893777278138
AT2G47850,0.30677238005595986
AT2G47860,0.45867973117614186
AT2G47870,0.11629598573968448
AT2G47880,0.1022361431632837
AT2G47885,0.1022361431632837
AT2G47890,0.7942933020626751
AT2G47895,0.34052883472379136
AT2G47900,0.48256923139376473
AT2G47910,0.30380237676261246
AT2G47920,0.2654637223661588
AT2G47930,0.7162988276196205
AT2G47935,0.29132274560138327
AT2G47940,0.4542605359713917
AT2G47950,0.4601934014024308
AT2G47960,0.5947825963145781
AT2G47970,0.4438688089884193
AT2G47980,0.5378248031552291
AT2G47990,0.476917305375425
AT2G48000,0.4583635189266817
AT2G48010,0.3361484642742777
AT2G48020,0.823682697840304
AT2G48030,0.7399679925403263
AT2G48060,0.6182415018071321
AT2G48070,0.5846908720444023
AT2G48075,0.41268455611964977
AT2G48080,0.5945428302086393
AT2G48090,0.7054155899067422
AT2G48100,0.5708596201849512
AT2G48110,0.30326541596054724
AT2G48120,0.2848048394324093
AT2G48121,0.1804992388544218
AT2G48130,1.4640122136539189
AT2G48140,1.3057742672419212
AT2G48150,0.3307013329026578
AT2G48160,0.5988445182257185
AT3G00970,0.1019935489625394
AT3G00975,0.113356871227686
AT3G00980,0.1467257883017533
AT3G00985,0.17987432152571858
AT3G00995,0.1022361431632837
AT3G01005,0.1022361431632837
AT3G01010,0.1022361431632837
AT3G01015,0.25352661336908877
AT3G01020,0.1022361431632837
AT3G01025,0.1022361431632837
AT3G01030,0.1022361431632837
AT3G01035,0.237270645751853
AT3G01040,0.44432426746799625
AT3G01045,0.1607023939332449
AT3G01050,1.028419338464347
AT3G01055,0.1022361431632837
AT3G01060,0.3261502138526206
AT3G01065,0.1022361431632837
AT3G01070,0.3424349592035022
AT3G01075,0.1022361431632837
AT3G01080,0.3309849563235058
AT3G01085,0.1016524999438922
AT3G01090,0.6331726779630383
AT3G01095,0.1022361431632837
AT3G01100,0.48930081958745997
AT3G01105,0.24086154587111339
AT3G01115,0.3074375145050095
AT3G01120,0.943000774099394
AT3G01125,0.1022361431632837
AT3G01130,0.6377242496630142
AT3G01135,0.1022361431632837
AT3G01140,0.1280968506863151
AT3G01142,0.3942764050906173
AT3G01145,0.1016524999438922
AT3G01150,0.26920973215966837
AT3G01155,0.1607684698629407
AT3G01160,0.7563318098399233
AT3G01165,0.1022361431632837
AT3G01170,0.4037657750024464
AT3G01175,0.2209182350451365
AT3G01180,0.3055757906656318
AT3G01185,0.1022361431632837
AT3G01190,1.1593532079061502
AT3G01195,0.31963836057768613
AT3G01200,0.503601649422108
AT3G01202,0.2291162318414509
AT3G01205,1.4071265306798073
AT3G01210,0.41379982349348177
AT3G01215,0.1060584635667712
AT3G01220,0.6630604283649495
AT3G01225,0.1022361431632837
AT3G01230,0.1019935489625394
AT3G01235,0.23406527297142782
AT3G01240,0.13363683818859579
AT3G01250,0.14171235414106448
AT3G01255,0.1022361431632837
AT3G01260,0.8750314566628454
AT3G01270,0.2727350655449077
AT3G01275,0.1022361431632837
AT3G01280,0.6956764039475809
AT3G01285,0.1022361431632837
AT3G01290,1.4614257414230138
AT3G01295,0.9272536135251599
AT3G01300,0.4000298851915668
AT3G01305,0.1022361431632837
AT3G01310,0.483586116157646
AT3G01311,0.2977539517108173
AT3G01313,0.2291050850495241
AT3G01315,0.1022361431632837
AT3G01316,0.4563701799463012
AT3G01319,0.1246633958139817
AT3G01320,0.45951565596770716
AT3G01322,0.1022361431632837
AT3G01323,0.1022361431632837
AT3G01324,0.1022361431632837
AT3G01325,0.1019935489625394
AT3G01326,0.1022361431632837
AT3G01327,0.1022361431632837
AT3G01328,0.1022361431632837
AT3G01329,0.1022361431632837
AT3G01330,0.4468944481506277
AT3G01331,0.1022361431632837
AT3G01340,0.48495422531913546
AT3G01345,2.7826656271966224
AT3G01350,0.6250508279240637
AT3G01360,0.3350059780041046
AT3G01365,0.13443723852176181
AT3G01370,0.3337537916552329
AT3G01375,0.2164815431850465
AT3G01380,0.6067143935668015
AT3G01385,0.2019901678426008
AT3G01390,0.9810653490248264
AT3G01395,0.1022361431632837
AT3G01400,0.43316267928331187
AT3G01410,0.3135198967120646
AT3G01415,0.1147000666042326
AT3G01420,1.158714843688315
AT3G01425,0.22601040992038168
AT3G01430,0.2757309348873496
AT3G01435,0.40003862059368744
AT3G01440,0.2172473061698462
AT3G01445,0.1465830780959772
AT3G01450,0.376177896788862
AT3G01460,0.5384092161926037
AT3G01470,0.9728771536806358
AT3G01475,0.1809426943201355
AT3G01480,0.36362532369746303
AT3G01485,0.1022361431632837
AT3G01490,1.436705372133481
AT3G01495,0.1022361431632837
AT3G01500,0.2182291614370951
AT3G01505,0.1290554379216102
AT3G01510,0.27422876528204565
AT3G01513,0.3896805589422643
AT3G01515,0.2238730026056128
AT3G01516,0.5647205256059016
AT3G01520,0.7720092761692148
AT3G01525,0.1022361431632837
AT3G01530,0.1022361431632837
AT3G01535,0.1022361431632837
AT3G01540,1.3105097073042509
AT3G01545,0.1437970545216535
AT3G01550,0.2435539172999052
AT3G01555,0.137631797030176
AT3G01560,0.6356600826884665
AT3G01565,0.1019935489625394
AT3G01570,2.823959714905029
AT3G01572,0.1016524999438922
AT3G01575,0.1022361431632837
AT3G01580,0.3135228737082732
AT3G01585,0.1022361431632837
AT3G01590,0.5551045746797879
AT3G01595,0.1022361431632837
AT3G01600,0.3036279067047689
AT3G01605,0.1022361431632837
AT3G01610,0.38221731926923685
AT3G01615,0.1022361431632837
AT3G01620,0.12229681073953669
AT3G01625,0.12622738137761608
AT3G01630,0.1022361431632837
AT3G01635,0.1019935489625394
AT3G01640,0.3288276489573679
AT3G01645,0.1022361431632837
AT3G01650,0.4188754388992305
AT3G01655,0.1022361431632837
AT3G01660,0.241744200695171
AT3G01665,0.1022361431632837
AT3G01670,0.7260227453489279
AT3G01675,0.2333000081995408
AT3G01680,0.6566839741837495
AT3G01690,0.6870648673723854
AT3G01695,0.1191809058164848
AT3G01700,0.1285253046567757
AT3G01710,0.5504366616038154
AT3G01715,0.1191987692828808
AT3G01720,0.660525480399377
AT3G01730,0.44145412944191476
AT3G01735,0.1022361431632837
AT3G01740,0.790203976184015
AT3G01745,0.1289364611492945
AT3G01750,0.3762219500223241
AT3G01755,0.10134379978257319
AT3G01760,0.3649711867630343
AT3G01765,0.1022361431632837
AT3G01770,0.6234866035042382
AT3G01775,0.1022361431632837
AT3G01780,0.4601139421903459
AT3G01785,0.1019935489625394
AT3G01790,0.7488393553013308
AT3G01795,0.34820824900074043
AT3G01800,0.35270368900691385
AT3G01805,0.1022361431632837
AT3G01810,0.3601500862924636
AT3G01815,0.1022361431632837
AT3G01820,0.5346832849659862
AT3G01830,0.3190869714203196
AT3G01835,0.1521508263565415
AT3G01840,0.44450006141886267
AT3G01845,0.1324386277607924
AT3G01850,0.8830703677465295
AT3G01855,0.1139025493960215
AT3G01860,0.8310619404581455
AT3G01865,0.125933547774126
AT3G01870,0.2507424134285824
AT3G01880,0.1022361431632837
AT3G01885,0.10075254141967468
AT3G01890,0.4846616653100588
AT3G01895,0.16803708079132468
AT3G01900,0.3424602352981663
AT3G01905,0.1016524999438922
AT3G01910,0.39261210891466347
AT3G01915,0.1022361431632837
AT3G01920,0.3510405899692494
AT3G01925,0.1022361431632837
AT3G01930,0.6309441782771721
AT3G01935,0.1016524999438922
AT3G01940,0.3355758162524864
AT3G01945,0.1019935489625394
AT3G01950,1.1312833416702817
AT3G01960,0.14810108282996828
AT3G01961,0.1022361431632837
AT3G01965,0.1022361431632837
AT3G01970,1.1971268255687924
AT3G01975,0.1022361431632837
AT3G01980,0.6137895074142499
AT3G01985,0.1022361431632837
AT3G01990,0.41934045701387823
AT3G01995,0.4570378703869651
AT3G02000,0.4012481460799225
AT3G02010,0.1022361431632837
AT3G02015,0.14069744546749618
AT3G02020,1.1283550531965265
AT3G02025,0.1022361431632837
AT3G02030,0.4842359482825588
AT3G02035,0.1022361431632837
AT3G02040,1.584621951323073
AT3G02045,0.141310133926298
AT3G02050,0.4958073883421301
AT3G02055,0.1022361431632837
AT3G02060,0.3176012406108347
AT3G02065,0.3178336223266926
AT3G02070,0.5656478712774848
AT3G02075,0.1019935489625394
AT3G02080,0.5812127164041097
AT3G02085,0.1480384953683104
AT3G02090,0.6243881786441996
AT3G02095,0.1016524999438922
AT3G02100,0.4209882175410562
AT3G02105,0.1016524999438922
AT3G02110,0.3789401206720993
AT3G02115,0.1022361431632837
AT3G02120,0.7969385479453093
AT3G02125,0.10134379978257319
AT3G02130,0.330317568637654
AT3G02135,0.1213589600828955
AT3G02140,0.47080261374795535
AT3G02145,0.1054773408743671
AT3G02150,0.19102723987630468
AT3G02155,0.1022361431632837
AT3G02160,0.3116484481868478
AT3G02165,0.1019935489625394
AT3G02170,0.4539892175887039
AT3G02180,0.5832373317055144
AT3G02190,0.7318409802639059
AT3G02195,0.1022361431632837
AT3G02200,0.5200287885586894
AT3G02205,0.12480835181892029
AT3G02210,0.5580356181704369
AT3G02215,0.1022361431632837
AT3G02220,0.827946468732961
AT3G02225,0.14121868455811878
AT3G02230,0.7460676149588075
AT3G02235,0.1022361431632837
AT3G02240,1.0562877705414904
AT3G02242,0.5001778096765878
AT3G02245,0.8989414420940925
AT3G02250,0.381517915272128
AT3G02255,0.103625764215885
AT3G02260,1.0957088713107763
AT3G02265,0.1022361431632837
AT3G02270,0.1558264033894744
AT3G02275,0.148971798257915
AT3G02280,0.29885392828812574
AT3G02285,0.1022361431632837
AT3G02290,0.36475598931302444
AT3G02295,0.1022361431632837
AT3G02300,0.40999361527907274
AT3G02305,0.11726839843567069
AT3G02310,0.1019935489625394
AT3G02320,0.5744635182211435
AT3G02325,0.1022361431632837
AT3G02330,0.3822229040799202
AT3G02340,0.3357486465849482
AT3G02345,0.1022361431632837
AT3G02350,0.803478951381412
AT3G02360,0.6017112416009869
AT3G02365,0.11832206558292409
AT3G02370,0.3542481841730297
AT3G02380,0.5308899802281607
AT3G02385,0.1022361431632837
AT3G02390,0.1179647044272779
AT3G02395,0.1022361431632837
AT3G02400,0.42229757312595506
AT3G02405,0.1022361431632837
AT3G02410,0.6886427347343654
AT3G02415,0.1022361431632837
AT3G02420,0.6149369406606315
AT3G02425,0.1019935489625394
AT3G02430,0.19055443628564078
AT3G02435,0.24949542811300002
AT3G02440,0.1019935489625394
AT3G02445,0.33123328872756286
AT3G02450,0.33596066728664375
AT3G02455,0.13236279424255398
AT3G02460,0.6688183800582777
AT3G02465,0.1044947682431472
AT3G02470,1.1622275454746225
AT3G02475,0.1019935489625394
AT3G02480,0.5165192085920765
AT3G02485,0.1016524999438922
AT3G02490,0.3352025236308429
AT3G02493,0.3360886646394706
AT3G02495,0.18424414101557038
AT3G02500,0.3535124677380781
AT3G02505,0.177642877244807
AT3G02510,0.37320349188870916
AT3G02520,0.861229966347973
AT3G02525,0.10710730752978799
AT3G02530,0.7203279266316966
AT3G02535,0.29576692723672127
AT3G02540,0.47054850868460085
AT3G02545,0.1022361431632837
AT3G02550,1.0682859351843812
AT3G02555,0.4529457299129976
AT3G02560,0.7575923945835417
AT3G02565,0.12198574798012439
AT3G02570,0.6610406163472465
AT3G02575,0.3151880915526114
AT3G02580,0.6823819290019393
AT3G02585,0.1022361431632837
AT3G02590,0.4357244151487662
AT3G02595,0.1022361431632837
AT3G02600,0.5438840447657225
AT3G02605,0.1022361431632837
AT3G02610,0.4645724715478033
AT3G02615,0.1022361431632837
AT3G02620,0.9722102630954604
AT3G02625,0.1022361431632837
AT3G02630,0.5050662847499037
AT3G02635,0.1022361431632837
AT3G02640,0.6853537265536196
AT3G02645,0.1022361431632837
AT3G02650,0.5559521035401511
AT3G02655,0.1049989038142565
AT3G02660,0.37762307453716293
AT3G02665,0.1022361431632837
AT3G02670,0.1022361431632837
AT3G02673,0.1022361431632837
AT3G02677,0.2884921462896243
AT3G02680,0.2665340243405759
AT3G02685,0.1022361431632837
AT3G02690,0.28844288728670076
AT3G02695,0.1482426230667956
AT3G02700,0.4402848806528594
AT3G02705,0.1019935489625394
AT3G02710,0.32049133605388724
AT3G02715,0.11835524523159
AT3G02720,0.3568081260838907
AT3G02725,0.3960513018131001
AT3G02730,0.4377322021809462
AT3G02735,0.1022361431632837
AT3G02740,0.25572210494509184
AT3G02745,0.1022361431632837
AT3G02750,0.5759266494613805
AT3G02755,0.1454087870624096
AT3G02760,0.5208692259055394
AT3G02765,0.3667081260874649
AT3G02770,0.5381184668257442
AT3G02775,0.101691395852057
AT3G02780,0.764496549137927
AT3G02785,0.12161159414506109
AT3G02790,1.9150101297979658
AT3G02795,0.1022361431632837
AT3G02800,0.4928350157875679
AT3G02805,0.1022361431632837
AT3G02810,0.1019935489625394
AT3G02815,0.1022361431632837
AT3G02820,0.7074384583084945
AT3G02825,0.1399716664809047
AT3G02830,0.6650785949768643
AT3G02832,0.4798480756510618
AT3G02835,0.1022361431632837
AT3G02840,0.2490500419090271
AT3G02845,0.1022361431632837
AT3G02850,0.5235166253838092
AT3G02855,0.1022361431632837
AT3G02860,0.4754515318337994
AT3G02870,0.7675964044615566
AT3G02875,0.32506445988935656
AT3G02880,0.6167248721880133
AT3G02885,1.9735998733399684
AT3G02890,0.33095993682384944
AT3G02895,0.36312047533429836
AT3G02900,0.45447374682265806
AT3G02905,0.1022361431632837
AT3G02910,1.5506578331256804
AT3G02915,0.1532575635831439
AT3G02920,0.3738452026357937
AT3G02925,0.13133672955416398
AT3G02930,0.42446394701782636
AT3G02935,0.2208915840402379
AT3G02940,0.3888845377190691
AT3G02945,0.20021102838508759
AT3G02950,0.9363610402337044
AT3G02955,0.1024286828547762
AT3G02960,0.1022361431632837
AT3G02970,0.1022361431632837
AT3G02975,0.1022361431632837
AT3G02980,0.4899642412300344
AT3G02985,0.1183414809965172
AT3G02990,0.3424340668027132
AT3G02995,0.1022361431632837
AT3G03000,0.5351568844384935
AT3G03005,0.1022361431632837
AT3G03010,0.589404878453045
AT3G03020,0.3674215783209452
AT3G03025,0.1001810529850545
AT3G03030,0.4290820821170499
AT3G03035,0.1025989373304118
AT3G03040,0.4218226040111537
AT3G03045,0.1022361431632837
AT3G03050,0.613474859095298
AT3G03055,0.1022361431632837
AT3G03060,0.4343192628869488
AT3G03065,0.1022361431632837
AT3G03070,0.6443563597053341
AT3G03075,0.1022361431632837
AT3G03080,0.1022361431632837
AT3G03085,0.1022361431632837
AT3G03090,0.3606798193746336
AT3G03095,0.1190230753413323
AT3G03100,0.64376420957774
AT3G03105,0.1848749924975332
AT3G03110,0.37453986817569085
AT3G03115,0.1022361431632837
AT3G03120,0.4051497700750549
AT3G03125,0.1443814146137161
AT3G03130,0.8123795700765153
AT3G03135,0.1410592091119004
AT3G03140,0.40218181806255626
AT3G03145,0.1022361431632837
AT3G03150,0.43337844812741855
AT3G03155,0.13556061706303468
AT3G03160,0.5955074307453245
AT3G03165,0.1016524999438922
AT3G03170,0.5518714204508759
AT3G03175,0.12576310777302852
AT3G03180,0.41496467112143315
AT3G03190,0.6659312629817357
AT3G03195,0.1022361431632837
AT3G03200,0.4176831170118258
AT3G03205,0.1022361431632837
AT3G03210,0.27337776455034984
AT3G03215,0.1223374744577939
AT3G03220,0.43976087575885925
AT3G03225,0.2961316486978835
AT3G03230,0.28805170867875163
AT3G03235,0.2706056093659684
AT3G03240,0.1661261136259911
AT3G03245,0.1022361431632837
AT3G03250,0.8163366433777401
AT3G03255,0.1022361431632837
AT3G03260,0.1368850741305047
AT3G03265,0.1976850037510259
AT3G03270,1.4276874817578125
AT3G03272,0.10895955094487449
AT3G03275,0.1022361431632837
AT3G03280,0.2717326623016869
AT3G03285,0.1022361431632837
AT3G03290,0.1552382519118203
AT3G03295,0.10227030254937039
AT3G03300,0.4924004496529773
AT3G03305,0.5165264939131968
AT3G03310,0.5107022460960287
AT3G03320,0.5384197855065299
AT3G03325,0.3450030423623814
AT3G03330,0.8730784832400256
AT3G03335,0.1022361431632837
AT3G03340,0.3340058923111041
AT3G03341,0.679215620667894
AT3G03345,0.1019935489625394
AT3G03350,0.3541589086594753
AT3G03355,0.1022361431632837
AT3G03360,0.3247246249957895
AT3G03365,0.1022361431632837
AT3G03370,0.319290829365843
AT3G03375,0.1022361431632837
AT3G03380,0.5844575475436984
AT3G03385,0.119935460021023
AT3G03400,0.1022361431632837
AT3G03405,0.1022361431632837
AT3G03410,0.1022361431632837
AT3G03415,0.23723667928070719
AT3G03420,0.6996399772251607
AT3G03425,0.16043322661883008
AT3G03430,0.141714946940578
AT3G03435,0.4044813360609286
AT3G03440,0.3480063287525052
AT3G03445,0.13497783601390248
AT3G03450,0.4394484457821628
AT3G03455,0.1022361431632837
AT3G03460,0.4326443830615777
AT3G03465,0.1022361431632837
AT3G03470,0.2617112559345532
AT3G03475,0.7727930196117321
AT3G03480,0.1022361431632837
AT3G03490,0.8023701466050748
AT3G03495,0.6240194966521203
AT3G03500,0.7297217544770093
AT3G03505,0.3213475970607288
AT3G03510,0.1022361431632837
AT3G03515,0.1022361431632837
AT3G03520,0.6127392591494984
AT3G03525,0.1022361431632837
AT3G03530,0.7415897934199266
AT3G03535,0.1022361431632837
AT3G03540,0.1022361431632837
AT3G03550,0.4150254585626143
AT3G03555,0.1303984397849718
AT3G03560,0.7016565117742137
AT3G03570,0.6093592357227197
AT3G03580,0.3540777117699036
AT3G03585,0.14032366972259158
AT3G03590,0.3374408244208754
AT3G03595,0.14106086918130661
AT3G03600,0.43493438354359215
AT3G03605,0.2561035738703553
AT3G03610,0.5238871974816977
AT3G03615,0.1022361431632837
AT3G03620,0.7305425966854158
AT3G03625,0.1910352087592477
AT3G03630,0.412746810909347
AT3G03635,0.11576714383049799
AT3G03640,0.6254809026873474
AT3G03645,0.1022361431632837
AT3G03650,0.39468173500251313
AT3G03655,0.1019935489625394
AT3G03660,0.33618129619908976
AT3G03665,0.1022361431632837
AT3G03670,0.3421313960366328
AT3G03675,0.1022361431632837
AT3G03680,0.46131985915259244
AT3G03685,0.1022361431632837
AT3G03690,0.356641939163682
AT3G03695,0.1022361431632837
AT3G03700,0.9209317660035973
AT3G03702,0.4350661229151874
AT3G03705,0.1022361431632837
AT3G03710,0.3186446884516188
AT3G03715,0.1016524999438922
AT3G03720,0.3448264040577216
AT3G03725,0.1022361431632837
AT3G03726,0.1022361431632837
AT3G03730,0.1022361431632837
AT3G03735,0.1022361431632837
AT3G03740,0.5765596037585637
AT3G03745,0.11897693808442959
AT3G03750,0.4488024103274861
AT3G03755,0.1022361431632837
AT3G03760,0.2282095194215595
AT3G03765,0.13472200750122432
AT3G03770,0.5707574088840152
AT3G03773,0.4707101065549657
AT3G03775,0.1022361431632837
AT3G03776,0.2254189357687003
AT3G03780,1.3919842323236564
AT3G03785,0.1022361431632837
AT3G03790,0.3492547105405987
AT3G03795,0.1022361431632837
AT3G03800,0.3043321593178792
AT3G03805,0.1581604870950618
AT3G03810,0.5148028328936365
AT3G03815,0.2942196286249011
AT3G03820,0.469288750558309
AT3G03825,0.1019935489625394
AT3G03826,0.1022361431632837
AT3G03828,0.1022361431632837
AT3G03830,0.1022361431632837
AT3G03835,0.1022361431632837
AT3G03840,0.3044865440068627
AT3G03847,0.1022361431632837
AT3G03850,0.2097530704636122
AT3G03860,0.6206698564096894
AT3G03865,0.1022361431632837
AT3G03870,0.30400311827637316
AT3G03875,0.1022361431632837
AT3G03880,0.59333062017814
AT3G03890,0.49688407734965123
AT3G03895,0.1138166013956218
AT3G03900,0.26330886835058065
AT3G03905,0.13391172977703808
AT3G03910,0.2082885551397634
AT3G03915,0.1022361431632837
AT3G03920,0.5894533710803143
AT3G03925,0.1022361431632837
AT3G03930,0.1471130474236351
AT3G03935,0.1022361431632837
AT3G03940,0.4172909058682034
AT3G03945,0.1022361431632837
AT3G03950,0.7264631218462568
AT3G03955,0.1252512810335166
AT3G03960,0.7836246624116154
AT3G03965,0.2948406249129669
AT3G03970,0.2642537203500786
AT3G03975,0.10075254141967468
AT3G03980,0.3897249484326388
AT3G03985,0.1203347706564127
AT3G03990,0.5210113897274198
AT3G03995,0.1022361431632837
AT3G04000,0.2329219220199785
AT3G04005,0.1022361431632837
AT3G04010,0.5062998625647286
AT3G04015,0.10075254141967468
AT3G04020,0.3773088657747671
AT3G04025,0.1019935489625394
AT3G04030,0.4721706152534824
AT3G04035,0.1022361431632837
AT3G04040,0.31179990471837804
AT3G04045,0.1022361431632837
AT3G04050,0.2762830106508516
AT3G04055,0.1286944756335478
AT3G04060,0.41396525170177356
AT3G04065,0.2093631354278148
AT3G04070,0.5413784592085743
AT3G04080,0.45433889345663336
AT3G04085,0.11882813977511471
AT3G04090,0.5807965049230095
AT3G04095,0.1022361431632837
AT3G04100,0.1022361431632837
AT3G04110,0.2831893705696303
AT3G04115,0.3412958438945063
AT3G04120,1.1739352767170783
AT3G04125,0.1022361431632837
AT3G04130,0.2842944409756286
AT3G04135,0.1019935489625394
AT3G04140,0.4724607155204416
AT3G04145,0.1022361431632837
AT3G04150,0.1022361431632837
AT3G04155,0.284048742505493
AT3G04160,0.2888605026322044
AT3G04165,0.1541117520656101
AT3G04170,0.1022361431632837
AT3G04175,0.2939908888694171
AT3G04180,0.1022361431632837
AT3G04181,0.4320655038584145
AT3G04184,0.1760182960771207
AT3G04185,0.1414378019241746
AT3G04190,0.1022361431632837
AT3G04195,0.1022361431632837
AT3G04200,0.1022361431632837
AT3G04205,0.1022361431632837
AT3G04210,0.1022361431632837
AT3G04215,0.11208747882804031
AT3G04220,0.3365931483660451
AT3G04225,0.1022361431632837
AT3G04230,0.6459487015792338
AT3G04235,0.1019935489625394
AT3G04240,0.4014577843023517
AT3G04245,0.1022361431632837
AT3G04250,0.1107775080198648
AT3G04255,0.1022361431632837
AT3G04260,0.2348344364502644
AT3G04265,0.1022361431632837
AT3G04270,0.1022361431632837
AT3G04275,0.13316011429468189
AT3G04280,0.1022361431632837
AT3G04285,0.10625481844538809
AT3G04290,0.3233399470308027
AT3G04295,0.1022361431632837
AT3G04300,0.3660157638193175
AT3G04305,0.1022361431632837
AT3G04310,0.2347576045152293
AT3G04315,0.1022361431632837
AT3G04320,0.8189385510187747
AT3G04325,0.1022361431632837
AT3G04330,0.4046825610184733
AT3G04335,0.1019935489625394
AT3G04340,0.48205278089789266
AT3G04345,0.1022361431632837
AT3G04350,0.5292372958991892
AT3G04355,0.12932113963716702
AT3G04360,0.3869316512705952
AT3G04365,0.1022361431632837
AT3G04370,0.5361210461360576
AT3G04375,0.1022361431632837
AT3G04380,0.3860054425087019
AT3G04385,0.1022361431632837
AT3G04390,0.1022361431632837
AT3G04395,0.1022361431632837
AT3G04400,0.6983031362120062
AT3G04405,0.1022361431632837
AT3G04410,0.1022361431632837
AT3G04415,0.1022361431632837
AT3G04420,0.4428386586337232
AT3G04425,0.1022361431632837
AT3G04430,0.10134379978257319
AT3G04435,0.1022361431632837
AT3G04440,0.3122703407007503
AT3G04443,0.5241099664577378
AT3G04450,0.3119466141010394
AT3G04455,0.1022361431632837
AT3G04460,0.33461833515317035
AT3G04470,0.48947239820392974
AT3G04475,0.17044502435572179
AT3G04480,0.524660888897348
AT3G04485,0.2405705190012494
AT3G04490,0.3261173866491386
AT3G04495,0.1417724231768702
AT3G04500,0.611774360199238
AT3G04505,0.1022361431632837
AT3G04510,0.2145175782493646
AT3G04515,0.1019935489625394
AT3G04520,0.49949000646741515
AT3G04525,0.1016524999438922
AT3G04530,0.36161526080276124
AT3G04535,0.1073775022153281
AT3G04540,0.127151879193459
AT3G04545,0.1071988754552471
AT3G04550,0.22230050513836658
AT3G04555,0.1022361431632837
AT3G04560,0.7470036259043873
AT3G04565,0.1022361431632837
AT3G04570,0.4497721466575655
AT3G04575,0.1022361431632837
AT3G04580,0.4791579251530267
AT3G04585,0.1022361431632837
AT3G04590,0.42381504871685316
AT3G04595,0.1022361431632837
AT3G04600,0.6150152318895952
AT3G04610,0.6171043785147452
AT3G04615,0.1299346083940584
AT3G04620,0.2395579323503081
AT3G04625,0.1022361431632837
AT3G04630,0.8195744409564393
AT3G04635,0.1022361431632837
AT3G04640,0.30798522443541276
AT3G04645,0.1022361431632837
AT3G04650,0.4211773544924906
AT3G04655,0.1022361431632837
AT3G04660,0.1260978952709345
AT3G04665,0.1022361431632837
AT3G04670,0.8591939025231452
AT3G04675,0.1022361431632837
AT3G04680,0.4903310133574166
AT3G04685,0.29006279669420676
AT3G04690,0.4105102070251962
AT3G04695,0.1016524999438922
AT3G04700,0.2325983650710429
AT3G04705,0.1150963711835681
AT3G04710,0.47798211643067123
AT3G04720,1.0203323497616539
AT3G04725,0.1022361431632837
AT3G04730,0.7766134622261729
AT3G04735,0.1022361431632837
AT3G04740,0.7791895410668938
AT3G04745,0.1022361431632837
AT3G04750,0.2516400673797409
AT3G04755,0.21168313721461582
AT3G04760,0.3597309063998132
AT3G04765,0.15435795797408508
AT3G04770,0.6447689998299333
AT3G04775,0.3803066033475926
AT3G04780,0.8863358616824457
AT3G04785,0.1176880458119521
AT3G04790,0.3990840866755019
AT3G04795,0.1022361431632837
AT3G04800,0.3368930974946883
AT3G04805,0.1022361431632837
AT3G04810,0.5425910079727806
AT3G04815,0.11237003719239469
AT3G04820,0.46141570178678293
AT3G04825,0.14507002459867
AT3G04830,0.5449098808520942
AT3G04835,0.1497029629614839
AT3G04840,0.7798400936547414
AT3G04845,0.1019935489625394
AT3G04850,0.47277248288315965
AT3G04854,0.3514639501425584
AT3G04855,0.1022361431632837
AT3G04860,0.35643146384229873
AT3G04870,0.5008649870906403
AT3G04875,0.1022361431632837
AT3G04880,0.4960140090558869
AT3G04890,0.312388931623674
AT3G04895,0.1022361431632837
AT3G04900,0.1022361431632837
AT3G04903,0.1656349459604859
AT3G04905,0.1022361431632837
AT3G04910,0.48211754750146096
AT3G04915,0.114779966505685
AT3G04920,1.0005796972968115
AT3G04925,0.1131005518613753
AT3G04930,0.4441529473851536
AT3G04935,0.1022361431632837
AT3G04940,0.6859360366822459
AT3G04943,0.1022361431632837
AT3G04945,0.1022361431632837
AT3G04950,0.38862475831805704
AT3G04955,0.1022361431632837
AT3G04960,0.1347399843858233
AT3G04965,0.16594179278388088
AT3G04970,0.4242943046151945
AT3G04975,0.8312088323541094
AT3G04980,0.4135101562052615
AT3G04985,0.1437830923719543
AT3G04990,0.1022361431632837
AT3G04995,0.11946951178595419
AT3G05000,0.5954864309946493
AT3G05005,0.1022361431632837
AT3G05010,0.33428926380538504
AT3G05015,0.12589446006954189
AT3G05020,0.683197152552927
AT3G05025,0.1022361431632837
AT3G05030,0.2859693226555844
AT3G05035,0.1019790323519106
AT3G05040,0.42129986248333906
AT3G05045,0.1022361431632837
AT3G05050,0.6118230718345725
AT3G05055,0.3220036242212267
AT3G05060,1.232275814621627
AT3G05070,0.4901670746355532
AT3G05075,0.1494422797001776
AT3G05080,0.3031832774625617
AT3G05085,0.1022361431632837
AT3G05090,0.4496000932370374
AT3G05095,0.1022361431632837
AT3G05100,0.34390111231002096
AT3G05105,0.11098099720450469
AT3G05110,0.234634148216613
AT3G05115,0.1022361431632837
AT3G05120,0.5164473422421368
AT3G05125,0.1022361431632837
AT3G05130,0.4023192571194331
AT3G05135,0.1022361431632837
AT3G05140,0.35159406776394986
AT3G05145,0.1022361431632837
AT3G05150,0.40178474442449374
AT3G05152,0.7432046134677345
AT3G05155,0.520067362779892
AT3G05160,0.4149639955429854
AT3G05165,0.6613398534531274
AT3G05170,0.3961003195292522
AT3G05175,0.1019935489625394
AT3G05180,0.4121103158840241
AT3G05185,0.1022361431632837
AT3G05190,0.3913958728195505
AT3G05195,0.1019935489625394
AT3G05200,0.4116880855806198
AT3G05205,0.14130976568460069
AT3G05210,0.3402549306068939
AT3G05215,0.1022361431632837
AT3G05220,0.7114647746363768
AT3G05225,0.1022361431632837
AT3G05230,1.0075233921990148
AT3G05235,0.1022361431632837
AT3G05240,0.1022361431632837
AT3G05245,0.2869923110311448
AT3G05250,0.43839502331901536
AT3G05260,2.317391136019965
AT3G05265,0.1177046805072373
AT3G05270,0.5738840164616457
AT3G05275,0.1019935489625394
AT3G05280,0.655375388786505
AT3G05285,0.1392431527525975
AT3G05290,0.5114483407350995
AT3G05295,0.1022361431632837
AT3G05300,0.1022361431632837
AT3G05305,0.1022361431632837
AT3G05310,0.1022361431632837
AT3G05315,0.1022361431632837
AT3G05320,0.4157191654806782
AT3G05325,0.319389735054836
AT3G05327,0.17018587287970988
AT3G05330,0.5010293060465111
AT3G05335,0.2933231023307135
AT3G05340,0.2206328036312345
AT3G05345,0.4875555575004094
AT3G05350,0.36833284438094904
AT3G05355,0.22560996428895172
AT3G05360,0.49135494790551865
AT3G05365,0.232578129361168
AT3G05370,0.1502844099327572
AT3G05375,0.1022361431632837
AT3G05380,0.5599079764955058
AT3G05385,0.1022361431632837
AT3G05390,0.2761111988486542
AT3G05395,0.1022361431632837
AT3G05400,0.4327703092018377
AT3G05410,0.39939222676752884
AT3G05420,0.6372394852828119
AT3G05425,0.1022361431632837
AT3G05430,0.2710557331882623
AT3G05440,0.1022361431632837
AT3G05445,0.1276567781908651
AT3G05450,0.1019935489625394
AT3G05455,0.1022361431632837
AT3G05460,0.1022361431632837
AT3G05465,0.1064779840390129
AT3G05470,0.3114719362066095
AT3G05475,0.1022361431632837
AT3G05480,0.44585910022036745
AT3G05485,0.1022361431632837
AT3G05490,0.8742139987369371
AT3G05495,0.1022361431632837
AT3G05500,0.36543415216844455
AT3G05505,0.1022361431632837
AT3G05510,0.35246693847451593
AT3G05515,0.1022361431632837
AT3G05520,0.8126100439829025
AT3G05525,0.1022361431632837
AT3G05530,0.5607307108483985
AT3G05535,0.1022361431632837
AT3G05540,0.111597509860935
AT3G05545,0.259033192956873
AT3G05550,0.41696606404586645
AT3G05555,0.1022361431632837
AT3G05560,0.3870193139505025
AT3G05570,0.6758050906000683
AT3G05575,0.1422245998527627
AT3G05580,0.42124607312912077
AT3G05585,0.1022361431632837
AT3G05590,0.774118423173626
AT3G05595,0.1022361431632837
AT3G05600,0.12778078966755751
AT3G05605,0.1306765854880953
AT3G05610,0.1526046944871112
AT3G05620,0.32286569717155766
AT3G05625,0.2801808980845384
AT3G05630,0.4600489016750936
AT3G05635,0.1019935489625394
AT3G05640,0.46473612494466454
AT3G05645,0.1022361431632837
AT3G05650,0.3521054068636963
AT3G05655,0.4091318474263265
AT3G05660,0.1973652867233857
AT3G05665,0.1022361431632837
AT3G05670,0.46130699383594287
AT3G05675,0.3343335592458666
AT3G05680,0.7129103795552001
AT3G05685,0.6695138995684078
AT3G05690,0.8684208352778985
AT3G05695,0.1022361431632837
AT3G05700,0.4365495914053848
AT3G05705,0.1022361431632837
AT3G05710,0.37311565162165794
AT3G05715,0.5723181458117341
AT3G05720,0.11822041209391519
AT3G05725,0.1139223925466437
AT3G05727,0.1022361431632837
AT3G05730,0.1022361431632837
AT3G05735,0.2092083940911205
AT3G05740,0.2464367022571553
AT3G05741,0.1016524999438922
AT3G05745,0.1022361431632837
AT3G05746,0.1022361431632837
AT3G05750,0.3585515025030261
AT3G05755,0.1022361431632837
AT3G05760,0.625966634100852
AT3G05765,0.1022361431632837
AT3G05770,0.5043906246977609
AT3G05775,0.1022361431632837
AT3G05780,0.12428340798512069
AT3G05785,0.1022361431632837
AT3G05790,0.288982117248129
AT3G05795,0.1019935489625394
AT3G05800,0.44754236060845426
AT3G05805,0.1022361431632837
AT3G05810,0.5702272450376635
AT3G05815,0.1019935489625394
AT3G05820,0.3314455492317474
AT3G05825,0.1022361431632837
AT3G05830,0.37290962167635344
AT3G05835,0.1134935562529657
AT3G05840,0.6201565453361646
AT3G05845,0.1022361431632837
AT3G05850,0.3645373975630257
AT3G05855,0.1022361431632837
AT3G05858,0.57523778828886
AT3G05860,0.3543727062385146
AT3G05870,0.597755736538694
AT3G05880,1.330337341179657
AT3G05885,0.1022361431632837
AT3G05890,1.0738078416696148
AT3G05895,0.1019935489625394
AT3G05900,0.9149023847582827
AT3G05905,0.3620393767562602
AT3G05910,0.7923604327075664
AT3G05915,0.1016524999438922
AT3G05920,0.8200343099685657
AT3G05925,0.1022361431632837
AT3G05930,0.30084007301914806
AT3G05932,0.4669747519868313
AT3G05935,0.8681461156521773
AT3G05936,0.43089961726066356
AT3G05937,0.6354950356846246
AT3G05940,0.37683593689459416
AT3G05945,0.7713034767468093
AT3G05950,0.5210117931776335
AT3G05955,0.1555477510225725
AT3G05960,0.3173128988318027
AT3G05965,0.1022361431632837
AT3G05970,0.4490597189865573
AT3G05975,0.1022361431632837
AT3G05980,0.42416437661043616
AT3G05985,0.15947580444701379
AT3G05990,0.7742638923831233
AT3G05995,0.160516236827068
AT3G06000,0.1022361431632837
AT3G06010,0.36810643908601853
AT3G06015,0.1022361431632837
AT3G06019,0.11721099786863769
AT3G06020,0.6877675583415808
AT3G06025,0.8180166565658347
AT3G06030,0.506411487966036
AT3G06035,0.8472783610761088
AT3G06040,0.8185940089556183
AT3G06045,0.1022361431632837
AT3G06050,0.6114335736812522
AT3G06055,0.1022361431632837
AT3G06060,0.39573485666288866
AT3G06065,0.1022361431632837
AT3G06070,0.9616100535763263
AT3G06075,0.1062690490209139
AT3G06080,0.3775270633145531
AT3G06085,0.1154407184701363
AT3G06090,0.1022361431632837
AT3G06095,0.3916375655767877
AT3G06100,0.1855318561220277
AT3G06105,0.1019935489625394
AT3G06110,0.5933407945146063
AT3G06115,0.10154295547979199
AT3G06120,0.1022361431632837
AT3G06125,1.1695431729029264
AT3G06130,0.4827428560501189
AT3G06135,0.1022361431632837
AT3G06140,0.4568437264701092
AT3G06145,0.6490415103533387
AT3G06150,0.42942625253343214
AT3G06155,0.1022361431632837
AT3G06160,0.1631464397768219
AT3G06165,0.1022361431632837
AT3G06170,0.6557595999013954
AT3G06180,0.3776325735988787
AT3G06185,0.1022361431632837
AT3G06190,0.5563920319745028
AT3G06200,0.3982068185580181
AT3G06205,0.1022361431632837
AT3G06210,0.3890872585542008
AT3G06215,0.1022361431632837
AT3G06220,0.1854992780644509
AT3G06225,0.1022361431632837
AT3G06230,0.1022361431632837
AT3G06235,0.1022361431632837
AT3G06240,0.4176503846548941
AT3G06245,0.1119812379502502
AT3G06250,0.4338926825295799
AT3G06255,0.1022361431632837
AT3G06260,0.38545630650188867
AT3G06265,0.1022361431632837
AT3G06270,0.30626782115991497
AT3G06275,0.1022361431632837
AT3G06280,0.1022361431632837
AT3G06285,0.1022361431632837
AT3G06290,0.2737049659233829
AT3G06295,0.1022361431632837
AT3G06300,0.7650036303714247
AT3G06310,0.5747611185973822
AT3G06315,0.1022361431632837
AT3G06320,0.9025457906561316
AT3G06325,1.1471346743358035
AT3G06330,0.46836081229847015
AT3G06340,0.42337371889327025
AT3G06345,1.6746031447422092
AT3G06350,0.6108475595787932
AT3G06355,0.9828407098338672
AT3G06360,0.3888161455264561
AT3G06370,0.49167202427939805
AT3G06375,0.172723534037291
AT3G06380,0.387669665657303
AT3G06385,0.1022361431632837
AT3G06390,1.3144398715766665
AT3G06395,0.1022361431632837
AT3G06400,0.509990768682956
AT3G06405,0.1022361431632837
AT3G06410,0.4027675759766576
AT3G06415,0.1019935489625394
AT3G06420,1.1671389439464874
AT3G06425,0.1019935489625394
AT3G06430,0.4695943935251551
AT3G06435,0.9936452993606717
AT3G06436,0.1486983873936613
AT3G06440,0.46580730045943897
AT3G06445,0.1022361431632837
AT3G06450,0.3293251989761295
AT3G06455,0.22847139661688654
AT3G06460,0.49155456419924604
AT3G06465,0.1022361431632837
AT3G06470,0.49452762830697794
AT3G06475,0.10725022914673389
AT3G06480,0.4973108939950036
AT3G06483,0.3149629726537235
AT3G06485,0.1022361431632837
AT3G06490,0.30883219331519773
AT3G06495,0.1587698147499138
AT3G06500,0.31088726591015153
AT3G06510,0.5053861501659065
AT3G06515,0.1172504177946723
AT3G06520,0.23743453966194733
AT3G06525,0.11473078717382698
AT3G06530,0.9424572723401826
AT3G06535,0.1022361431632837
AT3G06540,0.49283668279224246
AT3G06545,0.1920137109672052
AT3G06550,0.4399202920456514
AT3G06555,0.1016524999438922
AT3G06560,0.1297990897382206
AT3G06565,0.1022361431632837
AT3G06570,0.4869349693222203
AT3G06575,0.1022361431632837
AT3G06580,0.5515388849664961
AT3G06585,0.1022361431632837
AT3G06590,0.6819595060264406
AT3G06595,0.1022361431632837
AT3G06600,0.38393087229966005
AT3G06605,0.329645586373879
AT3G06610,0.48278034313469065
AT3G06615,0.1022361431632837
AT3G06620,0.2712147408057023
AT3G06625,0.1050380664662273
AT3G06630,0.4660082369184
AT3G06635,0.11709711631239769
AT3G06640,0.2392795289456727
AT3G06645,0.1022361431632837
AT3G06650,0.45537016654909457
AT3G06655,0.1022361431632837
AT3G06660,0.22564478454509498
AT3G06670,0.3302071842703447
AT3G06675,0.11452186049153669
AT3G06680,0.9254239024327475
AT3G06685,0.1360670409975788
AT3G06690,0.37792937804572113
AT3G06695,0.1022361431632837
AT3G06700,0.8316591175689578
AT3G06710,0.2574190433111938
AT3G06715,0.1022361431632837
AT3G06720,0.7490434180673324
AT3G06725,0.1022361431632837
AT3G06730,0.30812992756972096
AT3G06735,0.1022361431632837
AT3G06740,0.8128571849257458
AT3G06745,0.1022361431632837
AT3G06750,0.8689989407891077
AT3G06755,0.3790490111150202
AT3G06760,0.41396015360150595
AT3G06765,0.1022361431632837
AT3G06770,0.38305967382928324
AT3G06775,0.1022361431632837
AT3G06778,0.7816487979060467
AT3G06780,0.43169390443282507
AT3G06785,0.1022361431632837
AT3G06790,0.5777287727605427
AT3G06795,0.1422652207807444
AT3G06805,0.1022361431632837
AT3G06810,0.35495069534124024
AT3G06815,0.1022361431632837
AT3G06820,0.2694965548398123
AT3G06830,0.2174625564169395
AT3G06835,0.11364307305087809
AT3G06840,0.302306574132238
AT3G06845,0.1022361431632837
AT3G06850,0.8185052826739697
AT3G06855,0.1022361431632837
AT3G06860,0.5807678207636668
AT3G06868,0.5836761473043208
AT3G06870,0.10837504039048519
AT3G06880,0.2006685490318418
AT3G06890,0.2982695302722488
AT3G06895,0.1022361431632837
AT3G06900,0.12905583466385662
AT3G06905,0.1022361431632837
AT3G06910,0.2431894266196975
AT3G06915,0.1022361431632837
AT3G06920,0.2515713803303475
AT3G06925,0.1217480882137537
AT3G06930,0.5298386507481871
AT3G06935,0.1022361431632837
AT3G06950,0.2633605216337649
AT3G06955,1.5531266667015864
AT3G06960,0.402816387473362
AT3G06962,0.3788033405347454
AT3G06970,0.1022361431632837
AT3G06975,0.147280391038675
AT3G06980,0.45397132379420346
AT3G06985,0.1136163403135301
AT3G06990,0.3194435359108695
AT3G07000,0.5448397694767816
AT3G07005,0.1022361431632837
AT3G07010,0.49130228352375915
AT3G07020,0.5125430713106683
AT3G07030,0.5618930770884696
AT3G07040,0.3082368689176297
AT3G07045,0.1019935489625394
AT3G07050,0.8291858897095774
AT3G07055,0.1152030033173662
AT3G07060,0.3215014730718563
AT3G07065,0.1022361431632837
AT3G07070,0.67468993719215
AT3G07075,0.2296758041505618
AT3G07080,0.4279394387310319
AT3G07085,0.1022361431632837
AT3G07090,0.6848678959081864
AT3G07095,0.1022361431632837
AT3G07100,0.7390141609061325
AT3G07105,0.1022361431632837
AT3G07110,0.5378929869756632
AT3G07115,0.1022361431632837
AT3G07120,0.2546813538221583
AT3G07125,0.2869270387332219
AT3G07130,0.5413692740480577
AT3G07135,0.1022361431632837
AT3G07140,0.6781818429733878
AT3G07150,0.2477520032210874
AT3G07155,0.1022361431632837
AT3G07160,0.9960093402073481
AT3G07165,0.1022361431632837
AT3G07170,0.5556957210621246
AT3G07175,0.1513732751312461
AT3G07180,0.5857352281865198
AT3G07185,0.1470445902759476
AT3G07190,0.49931718475433373
AT3G07195,0.37527808529423023
AT3G07200,0.5415552680246883
AT3G07205,0.3608941929352659
AT3G07210,0.32012098734735345
AT3G07215,0.4863113443778732
AT3G07220,0.41077602824997106
AT3G07225,0.14810156782252148
AT3G07230,1.1230572158949519
AT3G07235,0.1022361431632837
AT3G07245,0.1022361431632837
AT3G07250,0.1022361431632837
AT3G07255,0.3281765685812977
AT3G07260,0.4073051970298157
AT3G07265,0.1022361431632837
AT3G07270,0.5052863753480763
AT3G07273,0.3063491604966617
AT3G07275,0.1451656257324812
AT3G07290,0.3523420028194414
AT3G07295,0.1019935489625394
AT3G07300,0.44799895077480856
AT3G07305,0.1022361431632837
AT3G07310,0.4918804115362372
AT3G07315,0.1022361431632837
AT3G07320,0.6933891645360314
AT3G07325,0.13235535324903508
AT3G07330,0.6081290851311998
AT3G07335,0.1022361431632837
AT3G07340,0.6057554706866228
AT3G07345,0.1022361431632837
AT3G07350,0.865971304761207
AT3G07355,0.1022361431632837
AT3G07360,0.6452435091185547
AT3G07365,0.8962661789538356
AT3G07370,0.33172037742374055
AT3G07375,0.3592780107679724
AT3G07380,0.1022361431632837
AT3G07385,0.1022361431632837
AT3G07390,0.7888814324962935
AT3G07395,0.1016524999438922
AT3G07400,0.594847094470592
AT3G07405,0.1022361431632837
AT3G07410,0.689621195243808
AT3G07415,0.1022361431632837
AT3G07420,0.38706476918645516
AT3G07425,0.39646796201297374
AT3G07430,0.7638728495329312
AT3G07435,0.1022361431632837
AT3G07440,0.5479937247131159
AT3G07450,0.1506165539661865
AT3G07460,0.8316846073567448
AT3G07465,0.10316919532941579
AT3G07470,0.8223347940277126
AT3G07475,0.11270326328966289
AT3G07480,0.6086840368274329
AT3G07485,0.10134379978257319
AT3G07490,0.47486208298018867
AT3G07495,0.1019935489625394
AT3G07500,0.4949541148233332
AT3G07505,0.1660733225162027
AT3G07510,0.6575747359282352
AT3G07515,0.1037728321377189
AT3G07520,0.2772088288311836
AT3G07522,0.2494742801898315
AT3G07525,0.2366348231218151
AT3G07530,0.20502145538160876
AT3G07540,0.5470665858098172
AT3G07545,0.1022361431632837
AT3G07550,0.2928252416740228
AT3G07555,1.5152313640033028
AT3G07560,0.4382484105855864
AT3G07565,0.3705367800218833
AT3G07568,0.5802484431799835
AT3G07570,0.5258922577951309
AT3G07580,0.28977690928876315
AT3G07585,0.1022361431632837
AT3G07590,0.7673600032719385
AT3G07600,0.5012735207761309
AT3G07605,0.1319456396188978
AT3G07610,0.3621756824998156
AT3G07615,0.1849868153786961
AT3G07620,0.3155376160596202
AT3G07625,0.11100058634787029
AT3G07630,0.326185179690089
AT3G07635,0.2401304543243177
AT3G07640,0.6178354927776291
AT3G07645,0.1022361431632837
AT3G07650,0.47221922202304534
AT3G07655,0.1019935489625394
AT3G07660,0.47565892156354983
AT3G07665,0.1019935489625394
AT3G07670,0.35366363630082454
AT3G07675,0.1022361431632837
AT3G07680,0.5783742126798721
AT3G07685,0.1022361431632837
AT3G07690,0.3756059109542189
AT3G07695,0.1022361431632837
AT3G07700,0.29820428535153853
AT3G07705,0.1150575795434876
AT3G07710,0.1022361431632837
AT3G07715,0.2537033548585219
AT3G07720,0.7131531003635445
AT3G07725,0.2522496696854584
AT3G07730,0.1359724014797045
AT3G07735,0.2576271296060703
AT3G07740,0.3173620199175162
AT3G07745,0.1093608159315802
AT3G07750,0.33352354731876066
AT3G07760,0.43509711639546667
AT3G07765,0.1022361431632837
AT3G07770,1.0980127453947666
AT3G07775,0.2467844100497812
AT3G07780,0.44118990637089583
AT3G07785,0.1472736228723954
AT3G07790,0.48344560094292366
AT3G07795,0.1080739329891139
AT3G07800,0.34072569509828876
AT3G07805,0.2247669476068297
AT3G07810,0.5670046133177415
AT3G07815,0.1022361431632837
AT3G07820,0.1168665010399097
AT3G07825,0.21553191256638987
AT3G07830,0.495585661857184
AT3G07835,0.1225711941247566
AT3G07840,0.1546856629072229
AT3G07845,0.1019935489625394
AT3G07850,0.1022361431632837
AT3G07855,0.1022361431632837
AT3G07860,0.387860698388802
AT3G07865,0.1022361431632837
AT3G07870,0.33582418429950306
AT3G07875,0.2520333594276541
AT3G07880,0.4534292257097523
AT3G07885,0.1451075834319836
AT3G07890,0.3158813497906443
AT3G07895,0.1016524999438922
AT3G07900,0.5474202499011931
AT3G07905,0.1022361431632837
AT3G07910,0.6133410361845555
AT3G07915,0.1022361431632837
AT3G07920,0.4080345040494619
AT3G07925,0.1151039761089491
AT3G07930,0.28925476137341233
AT3G07935,0.1135081558159898
AT3G07940,0.47019658917843377
AT3G07945,0.1022361431632837
AT3G07950,0.6649554484378493
AT3G07955,0.1022361431632837
AT3G07960,0.2960472771951777
AT3G07965,0.1022361431632837
AT3G07970,0.5868284338701723
AT3G07975,0.1022361431632837
AT3G07980,0.4912399899549754
AT3G07985,0.1022361431632837
AT3G07990,0.581024191046008
AT3G07995,0.1022361431632837
AT3G08000,0.3278647642064935
AT3G08005,0.203059343671601
AT3G08010,0.4469285900419439
AT3G08020,0.3355951136026337
AT3G08025,0.1022361431632837
AT3G08030,0.7253974627076099
AT3G08035,0.1022361431632837
AT3G08040,1.2105593166484694
AT3G08045,0.10554573684676749
AT3G08050,0.1022361431632837
AT3G08055,0.1022361431632837
AT3G08065,0.3340951355576653
AT3G08070,0.1457276011313297
AT3G08075,0.1134597914851318
AT3G08080,0.1022361431632837
AT3G08085,0.1022361431632837
AT3G08090,0.1022361431632837
AT3G08100,0.1022361431632837
AT3G08105,0.1022361431632837
AT3G08110,0.1022361431632837
AT3G08115,0.2868492809718601
AT3G08120,0.1019935489625394
AT3G08125,0.1022361431632837
AT3G08130,0.1022361431632837
AT3G08135,0.1019935489625394
AT3G08140,0.1022361431632837
AT3G08155,0.1022361431632837
AT3G08160,0.1022361431632837
AT3G08165,0.5443015463334826
AT3G08170,0.11512322963723759
AT3G08175,0.1022361431632837
AT3G08185,0.1233050480081882
AT3G08190,0.1022361431632837
AT3G08200,0.1022361431632837
AT3G08205,0.1022361431632837
AT3G08210,0.1309543870753209
AT3G08215,0.1016524999438922
AT3G08220,0.1415193820041984
AT3G08225,0.2652166802933341
AT3G08230,0.1019935489625394
AT3G08235,0.1022361431632837
AT3G08240,0.145897044670908
AT3G08245,0.1019935489625394
AT3G08250,0.1022361431632837
AT3G08255,0.11769265609175389
AT3G08260,0.1022361431632837
AT3G08265,0.1022361431632837
AT3G08270,0.1022361431632837
AT3G08275,0.3477305276986189
AT3G08280,0.1022361431632837
AT3G08285,0.1022361431632837
AT3G08290,0.1022361431632837
AT3G08295,0.12513516197673819
AT3G08300,0.0996571795756161
AT3G08310,0.1022361431632837
AT3G08315,0.1182228187847892
AT3G08325,0.1022361431632837
AT3G08330,0.1142657370332966
AT3G08335,0.1022361431632837
AT3G08340,0.1022361431632837
AT3G08345,0.1022361431632837
AT3G08350,0.1366229861402118
AT3G08355,0.127950715257534
AT3G08360,0.2079261620800636
AT3G08365,0.5398045199783532
AT3G08370,0.3538216794183101
AT3G08380,0.1022361431632837
AT3G08390,0.1022361431632837
AT3G08395,0.1068730127653732
AT3G08400,0.1022361431632837
AT3G08405,0.1022361431632837
AT3G08410,0.1902851190684039
AT3G08415,0.1022361431632837
AT3G08420,0.1022361431632837
AT3G08425,0.12577355302944648
AT3G08430,0.1022361431632837
AT3G08435,0.1022361431632837
AT3G08450,0.1294052672273901
AT3G08455,0.1022361431632837
AT3G08460,0.1022361431632837
AT3G08465,0.1022361431632837
AT3G08470,0.1293268563054861
AT3G08475,0.1022361431632837
AT3G08480,0.1022361431632837
AT3G08485,0.8747240679503946
AT3G08490,0.44999999078980507
AT3G08495,0.1022361431632837
AT3G08500,0.3601325764650605
AT3G08505,0.3416116098980957
AT3G08510,0.476827369130848
AT3G08515,0.12965142124033752
AT3G08520,0.7614906941584989
AT3G08525,0.1016524999438922
AT3G08530,0.7979430802211172
AT3G08535,0.1022361431632837
AT3G08545,0.1022361431632837
AT3G08550,0.4056000198794292
AT3G08560,0.11052899261466129
AT3G08570,0.39853672657145545
AT3G08575,0.1022361431632837
AT3G08580,0.9335469092355577
AT3G08585,0.11448482783073989
AT3G08590,0.834113974867196
AT3G08595,0.15762017051890348
AT3G08600,0.544410767415618
AT3G08605,0.1201675769501246
AT3G08610,0.9202481752528282
AT3G08615,0.1022361431632837
AT3G08620,0.34255445171038623
AT3G08630,0.6200552618433864
AT3G08635,0.1022361431632837
AT3G08636,0.1022361431632837
AT3G08640,0.5100953446929337
AT3G08645,0.1308026664449024
AT3G08650,0.9384104665343095
AT3G08655,0.144630461825547
AT3G08660,0.39169321439934734
AT3G08665,0.143859123223875
AT3G08670,0.6279740804074463
AT3G08675,0.1708091118616304
AT3G08680,0.6083347711111933
AT3G08685,0.1019935489625394
AT3G08690,0.5512846384289203
AT3G08695,0.118535699931271
AT3G08700,0.5943251794050586
AT3G08705,0.120184483947909
AT3G08710,0.7127844560289069
AT3G08715,0.1022361431632837
AT3G08720,0.4235489105089049
AT3G08725,0.1022361431632837
AT3G08730,0.8096295167336598
AT3G08735,0.1022361431632837
AT3G08740,0.6971053372432788
AT3G08745,0.1022361431632837
AT3G08750,0.1022361431632837
AT3G08755,0.1143438515311611
AT3G08760,0.397691881839061
AT3G08765,0.1022361431632837
AT3G08770,0.6211318246065314
AT3G08775,0.1019935489625394
AT3G08780,0.46383620890858723
AT3G08785,0.1022361431632837
AT3G08790,0.10397118387064169
AT3G08795,0.1022361431632837
AT3G08800,0.325595904588519
AT3G08805,0.1273700681661085
AT3G08810,0.1660290803318094
AT3G08815,0.1022361431632837
AT3G08820,0.3727443733339081
AT3G08825,0.1019935489625394
AT3G08835,0.1160979979680146
AT3G08840,0.2810499510736355
AT3G08845,0.1022361431632837
AT3G08850,0.6103866215054387
AT3G08855,0.1022361431632837
AT3G08860,0.5297360936438095
AT3G08870,0.1712597744348191
AT3G08875,0.1022361431632837
AT3G08880,0.5359571287984977
AT3G08890,0.7472369127035932
AT3G08895,0.1022361431632837
AT3G08900,0.16464011277902338
AT3G08905,0.1022361431632837
AT3G08910,0.4123242698187317
AT3G08915,0.1022361431632837
AT3G08920,0.27791624155534805
AT3G08925,0.1022361431632837
AT3G08930,0.7166963515630269
AT3G08935,0.1022361431632837
AT3G08940,0.5696873833206918
AT3G08943,0.710262209712417
AT3G08945,0.1016524999438922
AT3G08947,0.5354257854095306
AT3G08950,0.38365871728360845
AT3G08960,0.2998087806443776
AT3G08965,0.1190660944161831
AT3G08970,0.3795868528282538
AT3G08975,0.1019935489625394
AT3G08980,0.5082918971748968
AT3G08985,0.1067260214859181
AT3G08990,0.41249186905875035
AT3G09000,0.4596139331857883
AT3G09005,0.11473648020907469
AT3G09010,0.36274211594579836
AT3G09015,0.1022361431632837
AT3G09020,0.2784260703073423
AT3G09025,0.1022361431632837
AT3G09030,0.2624069529370035
AT3G09032,0.43847921208916796
AT3G09035,0.39438529110824483
AT3G09040,0.3061576134553748
AT3G09045,0.1022361431632837
AT3G09050,0.3984571867823565
AT3G09055,0.1413875663487993
AT3G09060,0.30575839799381965
AT3G09065,0.1313569221381488
AT3G09070,0.5383805480610555
AT3G09075,0.1022361431632837
AT3G09080,0.3764684485357201
AT3G09085,0.40162087151336445
AT3G09090,0.42237174314089243
AT3G09095,0.12980254184972578
AT3G09100,0.3883980718843021
AT3G09105,0.2633760214653193
AT3G09110,0.2113451118541318
AT3G09115,0.1022361431632837
AT3G09120,0.2013480737141335
AT3G09125,0.1022361431632837
AT3G09130,0.11456370657893919
AT3G09135,0.1412405922668664
AT3G09140,0.1022361431632837
AT3G09145,0.1189217459006921
AT3G09150,0.3485475114179488
AT3G09155,0.1022361431632837
AT3G09160,0.1579876562847565
AT3G09162,0.1019935489625394
AT3G09175,0.1022361431632837
AT3G09180,0.40961193499447845
AT3G09185,0.1022361431632837
AT3G09190,0.3218055239533964
AT3G09195,0.1019935489625394
AT3G09200,0.6396084348503326
AT3G09205,0.1022361431632837
AT3G09210,0.41103868677310473
AT3G09220,1.0167674937063644
AT3G09225,0.1188550042744571
AT3G09230,0.2505072736365368
AT3G09240,0.2584184058803094
AT3G09245,0.2704813107689399
AT3G09250,0.2987813684741363
AT3G09255,0.1022361431632837
AT3G09260,1.1584223892827477
AT3G09265,0.1022361431632837
AT3G09270,2.113444281532216
AT3G09275,0.2460013267668837
AT3G09280,0.21921615756974838
AT3G09285,0.1022361431632837
AT3G09290,0.6993728851427207
AT3G09295,0.1294784606558079
AT3G09300,0.5529226509757355
AT3G09305,0.1103595185746355
AT3G09310,0.5234961830293996
AT3G09315,0.1022361431632837
AT3G09320,0.45345480557953133
AT3G09325,0.1022361431632837
AT3G09330,0.32598392359247297
AT3G09335,0.1022361431632837
AT3G09340,0.2683448525865766
AT3G09345,0.2113241023798179
AT3G09350,0.49240849778611917
AT3G09355,0.121869055878603
AT3G09360,0.2701768694426253
AT3G09365,0.1022361431632837
AT3G09370,0.2920919657292373
AT3G09380,0.1022361431632837
AT3G09390,1.6341186639814969
AT3G09395,0.1022361431632837
AT3G09400,0.2500983013639707
AT3G09405,0.3170736745467589
AT3G09410,0.3786097897962756
AT3G09415,0.1019935489625394
AT3G09425,0.1022361431632837
AT3G09430,0.5117495337394982
AT3G09435,0.1022361431632837
AT3G09440,0.6694430389052393
AT3G09445,0.1743857795925552
AT3G09450,0.16945586143720331
AT3G09455,0.9952758882352768
AT3G09465,0.1019935489625394
AT3G09470,0.48062808547423375
AT3G09475,0.1019935489625394
AT3G09480,0.2530763675835738
AT3G09485,0.1022361431632837
AT3G09490,0.38661375408368537
AT3G09495,0.1298577419391382
AT3G09500,0.7307723018051111
AT3G09510,0.1019935489625394
AT3G09515,0.1448353301037048
AT3G09520,0.1905627031905855
AT3G09525,0.1022361431632837
AT3G09530,0.1022361431632837
AT3G09540,0.39549913194224234
AT3G09545,0.1022361431632837
AT3G09550,0.2003339440942373
AT3G09555,0.14959525021001907
AT3G09560,0.33308922126337764
AT3G09565,0.1019935489625394
AT3G09570,0.5337009512974628
AT3G09575,0.10134379978257319
AT3G09580,0.2582420516827683
AT3G09585,0.1022361431632837
AT3G09590,0.1022361431632837
AT3G09595,0.1019935489625394
AT3G09600,0.4377870475344918
AT3G09605,0.1022361431632837
AT3G09615,0.1022361431632837
AT3G09620,0.1022361431632837
AT3G09625,0.1022361431632837
AT3G09630,0.6844762494980601
AT3G09635,0.1016524999438922
AT3G09640,0.1343003187262136
AT3G09645,0.1016524999438922
AT3G09650,0.2786835799615811
AT3G09655,0.1022361431632837
AT3G09660,0.3446546388305862
AT3G09665,0.1059162173299944
AT3G09670,0.34777644513225336
AT3G09675,0.1022361431632837
AT3G09680,0.5244656758765966
AT3G09685,0.2790154889245636
AT3G09690,0.5705954457916291
AT3G09695,0.1022361431632837
AT3G09700,0.6135128206737651
AT3G09705,0.1022361431632837
AT3G09710,0.40398077270398886
AT3G09720,0.44177371798743226
AT3G09725,0.1155932010229051
AT3G09730,0.3899430359266618
AT3G09735,0.5924793348200055
AT3G09740,0.5553466161929232
AT3G09745,0.3130814663962524
AT3G09750,0.1019935489625394
AT3G09755,0.1022361431632837
AT3G09760,0.4748985866027571
AT3G09765,0.1022361431632837
AT3G09770,0.3241478213528505
AT3G09775,0.12512670479957622
AT3G09780,0.4360509827873911
AT3G09785,0.11349373004329488
AT3G09790,0.370870889703329
AT3G09795,0.2618280778060816
AT3G09800,0.9134345456363548
AT3G09810,0.3733508897517457
AT3G09815,0.1803952026536525
AT3G09820,1.0103037569377418
AT3G09825,0.1022361431632837
AT3G09830,0.36912068220243976
AT3G09835,0.1022361431632837
AT3G09840,0.5761161812065168
AT3G09845,0.1019935489625394
AT3G09850,0.5734328668609971
AT3G09855,0.49353807409829664
AT3G09860,0.7214348312542738
AT3G09863,0.1022361431632837
AT3G09865,0.1022361431632837
AT3G09870,0.1016524999438922
AT3G09875,0.1761871204427056
AT3G09880,0.331428449862273
AT3G09890,0.6665203756819407
AT3G09895,0.1116912213983171
AT3G09900,0.7542809695057765
AT3G09905,0.1016524999438922
AT3G09910,0.559265127815799
AT3G09920,0.2750952263906958
AT3G09922,2.2675029003736715
AT3G09925,1.2591048487337757
AT3G09930,0.1194913497360147
AT3G09935,0.1019935489625394
AT3G09940,0.47907407798097923
AT3G09945,0.1022361431632837
AT3G09950,0.4044405102690798
AT3G09955,0.14037803077197888
AT3G09960,0.4157712629912059
AT3G09965,0.1567239175978956
AT3G09970,0.49631958189699077
AT3G09980,0.47934490493609994
AT3G09985,0.1022361431632837
AT3G09990,0.1022361431632837
AT3G09995,0.1022361431632837
AT3G10000,0.1019935489625394
AT3G10010,0.5468296067289653
AT3G10015,0.1185061144933738
AT3G10020,1.662461707873197
AT3G10030,0.356990377171987
AT3G10035,0.1022361431632837
AT3G10040,0.5917326405693426
AT3G10050,0.4210461904977221
AT3G10060,0.4406673495644904
AT3G10070,0.367288318561579
AT3G10080,0.8608110379104051
AT3G10090,0.7015208386543801
AT3G10110,0.574676171652169
AT3G10113,0.1022361431632837
AT3G10116,0.1022361431632837
AT3G10120,1.0186836399144084
AT3G10130,0.9296914611530159
AT3G10140,0.5600507074444281
AT3G10150,0.10075254141967468
AT3G10160,0.36400875142076305
AT3G10180,0.3532142378924357
AT3G10185,0.2647888157911972
AT3G10190,0.6735999712641716
AT3G10195,0.14579316348750598
AT3G10200,0.4659250857853673
AT3G10210,0.6253939816617581
AT3G10220,0.433579113033842
AT3G10230,0.5151634828539154
AT3G10240,0.1022361431632837
AT3G10250,0.619214919843881
AT3G10260,0.8797408536236591
AT3G10270,0.3350292305388315
AT3G10280,0.1019935489625394
AT3G10290,0.27403150628243667
AT3G10300,0.4255497123222083
AT3G10310,0.527856539503685
AT3G10320,0.45970754214211706
AT3G10330,0.38265105260756316
AT3G10340,0.5484330453457076
AT3G10350,0.3462487959227435
AT3G10360,0.422973756233033
AT3G10370,0.4316397278119127
AT3G10380,0.32394384347291494
AT3G10390,0.27201262370401613
AT3G10400,0.4446272960478407
AT3G10405,0.48951251022731324
AT3G10410,0.7970022602368445
AT3G10415,0.1183923368415849
AT3G10420,0.3279120325291177
AT3G10430,0.2565114225733358
AT3G10439,0.1022361431632837
AT3G10440,0.3352487864220574
AT3G10450,0.617585133265919
AT3G10455,0.1022361431632837
AT3G10460,0.1022361431632837
AT3G10470,0.391893827734889
AT3G10480,0.39280972452421026
AT3G10490,0.27033136557337045
AT3G10500,0.39176832780438725
AT3G10510,0.1261930156868201
AT3G10520,0.5392485924104957
AT3G10525,0.4489957387384056
AT3G10527,0.1269256897346621
AT3G10530,0.6353296056479609
AT3G10540,0.5939953174098562
AT3G10550,0.3329900115742491
AT3G10560,0.15790719142671278
AT3G10570,0.146346520225408
AT3G10572,0.4245571473221931
AT3G10580,0.1260201202009234
AT3G10585,0.1022361431632837
AT3G10590,0.1058632904732585
AT3G10595,0.1022361431632837
AT3G10600,0.28714787344385306
AT3G10605,0.1435218401682488
AT3G10610,0.5475521270299417
AT3G10620,0.40466771530702594
AT3G10630,0.5131716863119441
AT3G10640,0.6739196307734285
AT3G10650,0.5770049531515018
AT3G10660,0.5063772558260791
AT3G10670,0.3547634973300129
AT3G10680,0.3166496109631698
AT3G10690,0.6004355718413723
AT3G10700,0.43445309920149594
AT3G10710,0.4053428105238486
AT3G10720,0.54116426520413
AT3G10730,0.3549746554139571
AT3G10740,0.6029982994752537
AT3G10745,0.3455505455048095
AT3G10750,0.2901863627836826
AT3G10760,0.4202043296976513
AT3G10770,0.6004089261167123
AT3G10780,0.42808815985853366
AT3G10790,0.1022361431632837
AT3G10800,0.539535700813269
AT3G10810,0.43722906414201834
AT3G10815,0.3476280127043946
AT3G10820,0.4203719019368944
AT3G10840,0.2707946157691782
AT3G10845,0.119128544589169
AT3G10850,0.4766954775372876
AT3G10860,0.9515720743485643
AT3G10870,0.36431343268805383
AT3G10880,0.4293441304787658
AT3G10890,0.120346024834497
AT3G10900,0.1022361431632837
AT3G10910,0.8489826454309194
AT3G10915,0.5947872190922647
AT3G10920,0.7328151325890073
AT3G10930,0.2981483448020651
AT3G10940,0.8809853300837271
AT3G10950,0.1022361431632837
AT3G10960,0.46078331397509653
AT3G10970,0.33767686209285375
AT3G10974,0.1022361431632837
AT3G10980,0.5883783955574096
AT3G10985,1.0506872592283636
AT3G10986,0.2737423367686362
AT3G10990,0.1022361431632837
AT3G11000,0.10134379978257319
AT3G11010,0.4804989158536521
AT3G11020,0.2702311897651477
AT3G11030,0.3827686384588288
AT3G11040,0.3413770903039654
AT3G11050,1.2626692837871278
AT3G11060,0.1022361431632837
AT3G11070,0.7797203860433694
AT3G11080,0.2622461538665013
AT3G11090,0.2103380626754163
AT3G11100,0.24673931742068744
AT3G11110,0.17368636397497259
AT3G11120,1.053782310762735
AT3G11130,0.9334187275496002
AT3G11150,0.3650941694248022
AT3G11160,0.1209515129948526
AT3G11165,0.1869005590634894
AT3G11170,0.47772981383290125
AT3G11180,0.2513620899797135
AT3G11200,0.5390964860504626
AT3G11210,0.8054564960647973
AT3G11220,0.4873782531320082
AT3G11230,0.5951582781387114
AT3G11240,0.5607795427223922
AT3G11250,0.676968207583857
AT3G11260,0.6973470976278704
AT3G11270,0.6190888129337306
AT3G11280,1.1977582685987789
AT3G11290,0.29288070670800126
AT3G11300,0.1022361431632837
AT3G11310,0.1022361431632837
AT3G11320,0.594501631689972
AT3G11325,0.20887745957831688
AT3G11330,0.5658803173278552
AT3G11340,1.0394828635754927
AT3G11350,0.1022361431632837
AT3G11370,0.5498405804463162
AT3G11380,0.1243579606894306
AT3G11385,0.4822726929126497
AT3G11390,0.3708077548984443
AT3G11395,0.11341497951967398
AT3G11397,0.53368646103445
AT3G11400,0.8004448563170097
AT3G11402,0.3659545454739347
AT3G11405,0.1022361431632837
AT3G11410,0.42637254395869756
AT3G11415,0.1521111299309812
AT3G11420,0.43376434345148973
AT3G11430,0.5425458739792609
AT3G11435,0.1022361431632837
AT3G11440,0.3129429012253502
AT3G11450,0.8699638243318304
AT3G11460,0.3138741582084828
AT3G11470,0.4141767902548309
AT3G11480,0.1022361431632837
AT3G11490,0.580072170708464
AT3G11500,0.6053100888079479
AT3G11510,0.7805603495463971
AT3G11520,0.5107899239045832
AT3G11530,0.5580265631933325
AT3G11540,0.7450611727801734
AT3G11550,1.2103755090978279
AT3G11560,0.37405493086152053
AT3G11570,0.2398247198433276
AT3G11580,0.4642919052095722
AT3G11590,0.5422567841998978
AT3G11591,0.3734494843927983
AT3G11600,0.591643392400175
AT3G11620,0.36401846137748056
AT3G11630,0.6378096951430603
AT3G11640,0.2397790614890787
AT3G11650,0.44072335096884435
AT3G11660,0.8425762321614374
AT3G11670,0.37343792456580904
AT3G11680,0.1022361431632837
AT3G11690,0.9811344777164251
AT3G11700,0.8347968473131554
AT3G11710,0.7162002374051177
AT3G11720,0.5270763966636509
AT3G11730,0.8786647593621391
AT3G11740,0.1022361431632837
AT3G11745,0.5710200632023593
AT3G11750,0.4264195395161055
AT3G11760,0.3647402023359506
AT3G11770,0.5165294020165665
AT3G11773,0.1130271265762651
AT3G11780,1.0356290155207668
AT3G11800,0.679446218390027
AT3G11810,0.5464131610546528
AT3G11820,0.4145376170769578
AT3G11825,0.1022361431632837
AT3G11830,0.771485153979349
AT3G11840,0.43201746574893063
AT3G11850,0.3216606048222923
AT3G11860,0.1196159694428006
AT3G11870,0.1022361431632837
AT3G11880,0.63483424122634
AT3G11890,0.45934957676874916
AT3G11900,0.5899186358593007
AT3G11910,0.6649018071453547
AT3G11920,0.1576582884822145
AT3G11930,1.6407533266271188
AT3G11940,0.796343115524484
AT3G11945,0.38225392718780027
AT3G11950,0.3852259056884942
AT3G11960,0.41822927194082204
AT3G11964,0.76293235179868
AT3G11980,0.1022361431632837
AT3G11990,0.1022361431632837
AT3G12000,0.1022361431632837
AT3G12010,0.5483866541243517
AT3G12020,0.4897862020896077
AT3G12030,0.5445054771572839
AT3G12040,0.4466412402402583
AT3G12050,0.39541210942682836
AT3G12060,0.1682064291454523
AT3G12070,0.3299830833718746
AT3G12080,0.49079105227008907
AT3G12090,0.6021751659530421
AT3G12100,0.4304859280889893
AT3G12110,0.7074813682193118
AT3G12120,0.8461274808926262
AT3G12130,0.5027982769112342
AT3G12140,0.4406646078636254
AT3G12145,0.5889985981600903
AT3G12150,0.42220524106514706
AT3G12160,0.10134379978257319
AT3G12170,0.678324928525045
AT3G12180,0.5100791955994364
AT3G12190,0.1022361431632837
AT3G12200,0.6976028809562287
AT3G12203,0.111455715300081
AT3G12210,0.4740055137642576
AT3G12220,0.507849460806247
AT3G12230,0.2441613456462407
AT3G12240,0.6269171068953122
AT3G12250,0.3864754911302289
AT3G12260,0.624720043719829
AT3G12270,0.6338292047012049
AT3G12280,0.5123246727511185
AT3G12290,0.5318155312542705
AT3G12300,0.5466977992990484
AT3G12320,0.3053103092254626
AT3G12340,0.6918819452492098
AT3G12345,0.2922340230222606
AT3G12350,0.29496342931592334
AT3G12360,0.26679334629115303
AT3G12370,0.6175400604919861
AT3G12380,0.3605916157567496
AT3G12390,0.6976822783372008
AT3G12400,0.3992751335427406
AT3G12410,0.2036333071346319
AT3G12420,0.1022361431632837
AT3G12430,0.1022361431632837
AT3G12440,0.1022361431632837
AT3G12460,0.1341172210688643
AT3G12470,0.1022361431632837
AT3G12480,0.4106820169670409
AT3G12490,0.8410632361735944
AT3G12500,1.1266182959065913
AT3G12502,0.12247212589032119
AT3G12510,0.17537231964391808
AT3G12520,0.36510938865998444
AT3G12530,0.31421961053190023
AT3G12540,0.488789207099097
AT3G12545,0.1022361431632837
AT3G12550,0.43590142092189
AT3G12560,0.43785128751097047
AT3G12570,0.5383756713955209
AT3G12580,1.3200018353844873
AT3G12585,0.1423162744390135
AT3G12587,0.702290224731867
AT3G12590,0.30735962380491527
AT3G12600,0.5689383754470172
AT3G12610,0.7043414077990267
AT3G12620,0.6219647631993401
AT3G12630,0.6110921720935099
AT3G12640,0.4733808344992167
AT3G12650,0.5977450631266088
AT3G12660,0.1022361431632837
AT3G12670,0.39529465849113987
AT3G12680,0.4964857848978217
AT3G12685,0.3338708355915891
AT3G12690,0.2123939091449131
AT3G12700,1.0387875294824958
AT3G12710,0.4042402378780222
AT3G12720,0.5708669650104096
AT3G12730,0.3436205325045823
AT3G12740,0.609484874959366
AT3G12750,0.550613954580214
AT3G12760,0.4723235544864368
AT3G12770,0.18711953151385238
AT3G12775,0.1022361431632837
AT3G12780,0.48090801410255923
AT3G12800,0.6676750822693922
AT3G12810,0.4404216371596178
AT3G12820,0.4243322275011833
AT3G12830,0.574308833518742
AT3G12833,0.2351613226369226
AT3G12835,0.1019935489625394
AT3G12840,0.1022361431632837
AT3G12850,0.1022361431632837
AT3G12860,0.8377302781408482
AT3G12870,0.46920455686048834
AT3G12880,0.11959615579051949
AT3G12890,0.1175629141539901
AT3G12900,0.2414921715522873
AT3G12910,0.1022361431632837
AT3G12915,0.30707330205413097
AT3G12920,0.39627041453849077
AT3G12930,0.5686002918492185
AT3G12940,0.1959520417088993
AT3G12950,0.6147839618783565
AT3G12955,0.5824563448111479
AT3G12960,1.0140918633252682
AT3G12965,0.9923039102973705
AT3G12970,0.47485350055308395
AT3G12977,0.5834257816352397
AT3G12980,0.6418154528198705
AT3G12990,0.31904569140228783
AT3G13000,0.3615655518387109
AT3G13010,0.1623392337393681
AT3G13020,0.3080092250556268
AT3G13030,0.4582849823376694
AT3G13040,0.6086712677758825
AT3G13050,0.28792671022858307
AT3G13060,0.6248119991800792
AT3G13061,0.10134379978257319
AT3G13062,0.4141557809763675
AT3G13065,0.22729826189133678
AT3G13070,0.778743438885205
AT3G13075,0.1022361431632837
AT3G13080,0.6044616543910205
AT3G13090,0.3434896221719729
AT3G13100,0.2400794238114103
AT3G13110,0.6872945388722416
AT3G13120,0.5377855203594024
AT3G13130,0.1701092665408267
AT3G13140,0.24175828525779908
AT3G13150,0.4506385909587296
AT3G13160,0.7640540467084245
AT3G13170,0.3267925982006059
AT3G13175,0.5725228514445209
AT3G13180,0.38288349103803243
AT3G13190,0.4538665917945507
AT3G13200,0.5168571402628452
AT3G13210,0.12244638027052691
AT3G13220,0.1019935489625394
AT3G13222,0.4084200754363484
AT3G13224,0.32969901174426797
AT3G13225,0.21780612101620137
AT3G13226,0.49442155465784327
AT3G13227,0.1022361431632837
AT3G13228,0.1022361431632837
AT3G13229,0.1019935489625394
AT3G13230,0.7707335597320912
AT3G13235,0.5637972446010572
AT3G13240,0.5166908505544779
AT3G13275,0.34800064998404534
AT3G13276,0.1109421273538837
AT3G13277,0.6048331398653705
AT3G13280,0.1022361431632837
AT3G13290,0.38793860240483224
AT3G13300,0.8151927355700568
AT3G13310,0.7736159393706066
AT3G13320,0.5436367669870792
AT3G13330,0.4774446829806889
AT3G13340,0.5740679537908836
AT3G13350,0.49379236925995396
AT3G13360,0.5355826139045956
AT3G13370,0.2302051428862332
AT3G13380,0.2811670910879821
AT3G13390,0.1022361431632837
AT3G13400,0.25335938315681217
AT3G13403,0.1739499872669888
AT3G13404,0.2393953772621668
AT3G13405,0.3260067785016846
AT3G13410,0.9717191068442541
AT3G13420,0.3247303475882195
AT3G13430,0.42133711749631836
AT3G13432,0.7406127191463348
AT3G13433,0.1019935489625394
AT3G13435,1.5845399727959002
AT3G13437,0.6010693962785614
AT3G13440,0.41418986269727753
AT3G13445,0.48641862642288825
AT3G13450,0.404906687003007
AT3G13460,0.8944221575818807
AT3G13470,0.7934933623344771
AT3G13480,0.4196644582673889
AT3G13490,0.6500939130807476
AT3G13500,0.1704914613228776
AT3G13510,0.6209371806330712
AT3G13520,0.8012099660023231
AT3G13525,0.2572790623861478
AT3G13530,0.3277891943090692
AT3G13540,0.1022361431632837
AT3G13550,0.46534160547623427
AT3G13560,0.46095548515494444
AT3G13570,0.3943603778715732
AT3G13580,0.8322183691266256
AT3G13590,0.3108953463854055
AT3G13600,0.5078805191393918
AT3G13610,0.8780020072665145
AT3G13620,0.43519771106412686
AT3G13630,0.1022361431632837
AT3G13640,0.3181699495980078
AT3G13650,1.015778192529332
AT3G13660,0.3257628600919456
AT3G13662,0.1022361431632837
AT3G13670,0.5003008952431993
AT3G13672,0.5987397135778151
AT3G13674,0.5648045192012184
AT3G13677,0.43323365014155846
AT3G13680,0.11951772865108089
AT3G13682,0.28439210498848316
AT3G13690,0.3952390592720221
AT3G13700,0.7524529278361568
AT3G13710,0.8087880899856063
AT3G13720,0.9541577396247853
AT3G13724,0.2326648821747644
AT3G13730,0.5418863565507706
AT3G13740,0.4269529639621043
AT3G13750,0.6204372093699195
AT3G13760,0.6101859541849436
AT3G13770,0.3089211538579898
AT3G13772,0.6655193622733668
AT3G13780,0.4050236510166899
AT3G13782,0.43739991471488415
AT3G13784,1.2224954320598629
AT3G13790,0.5733434687231336
AT3G13800,0.5601252732579227
AT3G13810,0.6457793442464779
AT3G13820,0.1019935489625394
AT3G13830,0.1022361431632837
AT3G13840,0.4084751032571605
AT3G13845,0.706325302940124
AT3G13850,0.1022361431632837
AT3G13855,0.11689104902524709
AT3G13857,0.4722537954138082
AT3G13860,0.683825591007804
AT3G13870,0.5330663201401906
AT3G13880,0.23983288984937368
AT3G13882,0.6297588955794593
AT3G13890,0.1022361431632837
AT3G13898,0.328123309206484
AT3G13900,0.3247250763495803
AT3G13910,0.9872021311468608
AT3G13920,0.65860885406039
AT3G13930,0.6182259425681311
AT3G13940,0.8907069674874156
AT3G13950,0.7034616202971534
AT3G13960,0.32065138308731467
AT3G13970,0.42048799083215327
AT3G13980,0.6687163362997153
AT3G13990,0.6683969606919509
AT3G14000,0.4232199824171502
AT3G14010,0.5338214809536617
AT3G14020,0.3803546986295094
AT3G14030,0.1016524999438922
AT3G14040,0.1102106400830858
AT3G14050,0.45046826513572097
AT3G14060,0.3929921810317111
AT3G14067,0.9527588499884769
AT3G14070,0.4806949000349115
AT3G14075,0.25009028570595804
AT3G14080,0.5791320820639533
AT3G14090,0.2461947347311213
AT3G14100,0.6193318372393777
AT3G14110,0.37456015535626985
AT3G14120,0.7009920855993623
AT3G14130,0.363307185954793
AT3G14140,0.2191635437084401
AT3G14150,0.5128085351187135
AT3G14160,0.4253111633536084
AT3G14170,0.3289045473857127
AT3G14172,0.34628095895375965
AT3G14180,0.36444444884927224
AT3G14185,0.4791839741827197
AT3G14190,0.5203273653205439
AT3G14200,0.3456163557335101
AT3G14205,0.3827075280525297
AT3G14210,0.16053863827620019
AT3G14220,0.39090627704963543
AT3G14225,0.2440366417580727
AT3G14230,0.47740769712789644
AT3G14240,0.6890851451753226
AT3G14250,0.1155905064924542
AT3G14260,1.1682286311345464
AT3G14270,0.5052653167588688
AT3G14280,1.1886131234832578
AT3G14290,0.7197046090584551
AT3G14300,0.1022361431632837
AT3G14310,1.0467665367066377
AT3G14320,0.18956274468171438
AT3G14330,0.3777301363001993
AT3G14340,0.48311326473321564
AT3G14350,1.3036593940197292
AT3G14360,0.3260689802079345
AT3G14362,1.017152982872496
AT3G14370,0.5452912413834461
AT3G14380,0.17214130082256648
AT3G14385,0.1022361431632837
AT3G14390,0.5569486487690156
AT3G14395,1.327775056620344
AT3G14400,0.6242283362647564
AT3G14410,0.6760326911461811
AT3G14415,0.7466266814561011
AT3G14420,1.235140565313132
AT3G14430,0.8675684246605777
AT3G14440,0.3902155563571335
AT3G14450,0.2158323914970269
AT3G14452,0.1296079901813998
AT3G14460,0.3904688564929401
AT3G14463,0.1800559999028663
AT3G14467,0.1690464868619304
AT3G14470,0.4334421284965742
AT3G14475,0.1019935489625394
AT3G14480,0.1022361431632837
AT3G14490,0.1085792859214499
AT3G14510,0.5331861354732454
AT3G14520,0.11896593899801379
AT3G14530,0.8631593871208757
AT3G14540,0.5063802309978859
AT3G14550,0.4483431854029249
AT3G14560,0.9655441091189562
AT3G14570,0.6157960360972394
AT3G14580,0.35325415878625765
AT3G14590,0.3665594632031409
AT3G14595,0.9569053198272137
AT3G14600,0.9032708773626035
AT3G14610,0.46243306431873155
AT3G14620,0.3650078573427461
AT3G14630,0.1216791801432262
AT3G14640,0.1838608991927404
AT3G14650,0.5680304495778318
AT3G14660,0.6689062339402984
AT3G14670,0.1022361431632837
AT3G14680,0.885857591198247
AT3G14690,0.47397137624094443
AT3G14700,0.16733154778307568
AT3G14710,0.11408913707744178
AT3G14720,0.43641078884299367
AT3G14730,0.3459292294551664
AT3G14735,0.11688810486286319
AT3G14740,0.4103076394772928
AT3G14750,0.2981204851438496
AT3G14760,0.1343747501758471
AT3G14770,0.5900061248826236
AT3G14780,0.6082395534660042
AT3G14790,0.5589111103315877
AT3G14810,0.4930219292914907
AT3G14820,0.1019935489625394
AT3G14830,0.42672728857989994
AT3G14840,0.7727374959450167
AT3G14850,0.6090791661731119
AT3G14855,0.11363875924255648
AT3G14860,0.5686656583474506
AT3G14870,0.3196876761487561
AT3G14880,0.6355569744170426
AT3G14890,0.33908640724413786
AT3G14900,0.3456367993686495
AT3G14910,0.32206907767962434
AT3G14920,0.530378489440344
AT3G14930,0.39583002286842295
AT3G14940,0.7598944281774744
AT3G14950,0.1654521921324619
AT3G14960,0.466062612780334
AT3G14970,0.1022361431632837
AT3G14980,0.3845555799470877
AT3G14981,0.10075254141967468
AT3G14990,0.8136660387138241
AT3G15000,0.6395662650736684
AT3G15010,0.46787820921627965
AT3G15020,0.5754635513853477
AT3G15030,0.5276959013513839
AT3G15040,0.5268029640995024
AT3G15050,0.3322665999460044
AT3G15060,0.5470492519611244
AT3G15070,0.5299119746351026
AT3G15080,0.5880191061254814
AT3G15090,0.595122796171351
AT3G15095,0.42649101877472506
AT3G15110,0.3376475540536179
AT3G15111,0.1022361431632837
AT3G15115,0.5475936217502173
AT3G15120,0.5489457408242884
AT3G15130,0.2709619587333969
AT3G15140,0.5346491541920741
AT3G15150,0.2771303644977293
AT3G15160,0.3214918657032848
AT3G15170,0.19987596625213522
AT3G15180,0.4647729544268655
AT3G15190,0.3709098811578584
AT3G15200,0.2794915762692248
AT3G15210,0.626835434736896
AT3G15220,0.3342281701892012
AT3G15240,0.8248028524170511
AT3G15250,0.39770083010947266
AT3G15251,0.1031582909144255
AT3G15260,0.8543320592588644
AT3G15270,0.1368918020948138
AT3G15280,0.4650124026171551
AT3G15290,0.6315106502389165
AT3G15300,0.439721151072624
AT3G15340,0.2528548542858488
AT3G15350,0.5149544157079845
AT3G15351,0.5797052798185613
AT3G15352,0.42141937354380843
AT3G15353,1.3537136346822012
AT3G15354,0.3028148940418732
AT3G15355,0.47151893462724587
AT3G15356,0.6867546161255973
AT3G15357,0.9519169157047167
AT3G15358,0.3698925776190706
AT3G15359,0.1130774633995806
AT3G15360,0.48467799875388046
AT3G15370,0.1022361431632837
AT3G15380,0.5383246154841205
AT3G15390,0.4456644311273117
AT3G15395,0.7595871933152378
AT3G15400,0.2455400916141381
AT3G15410,0.42396427435408635
AT3G15420,0.863593448113861
AT3G15430,0.5930787436150676
AT3G15440,0.1805920846592907
AT3G15450,2.2511690750843254
AT3G15460,0.782289183472597
AT3G15470,0.42405488653994394
AT3G15480,0.7308405332048558
AT3G15490,0.1022361431632837
AT3G15500,0.4920271436477175
AT3G15510,0.5320563260329462
AT3G15518,0.24962097045373288
AT3G15520,0.44760162731253916
AT3G15530,0.46042868157873496
AT3G15534,0.3822272274655248
AT3G15536,0.1022361431632837
AT3G15540,0.4930895927269904
AT3G15548,0.1022361431632837
AT3G15550,0.3851344574189002
AT3G15570,0.20900710561113142
AT3G15578,0.1022361431632837
AT3G15580,0.5852882664079648
AT3G15590,1.0028994498474668
AT3G15604,0.1022361431632837
AT3G15605,0.13464489405424607
AT3G15610,0.8090964050071068
AT3G15620,0.39799665421513974
AT3G15630,1.2314061517216848
AT3G15635,0.1022361431632837
AT3G15640,0.5249853524741979
AT3G15650,0.629989879076335
AT3G15660,0.8629278422557727
AT3G15670,1.80116479428408
AT3G15680,0.8743332093568842
AT3G15690,0.4780431943283021
AT3G15700,0.3547314280237981
AT3G15710,0.7490223796329611
AT3G15720,0.3937286041686078
AT3G15730,0.6282920649038832
AT3G15740,0.1616744950233228
AT3G15750,0.4577811240930464
AT3G15760,0.3057155103163958
AT3G15770,0.5313228963900173
AT3G15780,0.36524476750187534
AT3G15790,0.4958935384672098
AT3G15800,0.2515757460280401
AT3G15810,0.9117556787915324
AT3G15820,0.4038993726572049
AT3G15830,0.2783303051353721
AT3G15840,0.2751374134626602
AT3G15850,0.48696466652370507
AT3G15860,0.1022361431632837
AT3G15870,0.1212609398557392
AT3G15880,0.44155834788710346
AT3G15890,0.4414697173807044
AT3G15900,0.3248179343163949
AT3G15909,0.1022361431632837
AT3G15910,0.1022361431632837
AT3G15920,0.42961094984228576
AT3G15930,0.1022361431632837
AT3G15940,0.3440512981872794
AT3G15950,0.7140582150772381
AT3G15960,0.1608603146335035
AT3G15970,0.4415513675557692
AT3G15980,0.570983197310875
AT3G15990,0.5704173699409341
AT3G16000,0.37704263999890525
AT3G16010,0.2785899432383008
AT3G16020,0.3288860177633284
AT3G16030,0.27879819217151347
AT3G16040,0.1914461188049315
AT3G16050,0.4326463153285721
AT3G16060,0.35673252864372285
AT3G16070,0.921294775587805
AT3G16080,0.5948049377971492
AT3G16090,0.45521569828646313
AT3G16100,0.4258329962664862
AT3G16110,0.4693101210634589
AT3G16117,0.1022361431632837
AT3G16120,0.891553656538362
AT3G16130,0.1022361431632837
AT3G16140,0.3212841877858658
AT3G16150,0.4451620648559991
AT3G16160,0.1905408394732713
AT3G16170,0.4481272862233776
AT3G16175,0.2296224143522763
AT3G16180,0.8241101928409583
AT3G16190,0.4653382367924137
AT3G16200,0.3675291657858344
AT3G16210,0.4726033796347058
AT3G16220,0.5986974697955454
AT3G16230,0.8067641921574359
AT3G16240,0.8696544775525554
AT3G16250,0.1764640488531949
AT3G16260,0.2697741793132727
AT3G16270,0.4656926017464067
AT3G16280,0.5052730173098037
AT3G16290,0.36182691626319047
AT3G16300,0.40443222942680007
AT3G16310,0.5333258316980902
AT3G16320,0.4433420849122418
AT3G16330,0.8083502637675235
AT3G16340,0.6473875168671739
AT3G16350,0.6305447781988636
AT3G16360,0.2984795668084574
AT3G16370,1.1947861449709873
AT3G16380,0.140426344993114
AT3G16390,0.4401899009893939
AT3G16400,1.4893077460112198
AT3G16410,1.1142971775875639
AT3G16420,1.2491795399897194
AT3G16430,1.037380678001592
AT3G16432,0.1022361431632837
AT3G16440,0.4114523267407961
AT3G16450,2.5014205035780557
AT3G16460,0.6015657266307897
AT3G16470,1.234721652307093
AT3G16480,0.6250005471375193
AT3G16490,0.21906963659313297
AT3G16500,1.0304321766201687
AT3G16510,0.3044066677925843
AT3G16520,0.4358380298328841
AT3G16525,0.1022361431632837
AT3G16530,1.1423046600473836
AT3G16540,0.1607738001609618
AT3G16550,0.1022361431632837
AT3G16552,0.10075254141967468
AT3G16555,0.1485373027566873
AT3G16560,0.7033395141127742
AT3G16565,0.28646199820301577
AT3G16570,0.5836187302736677
AT3G16580,0.1492128513753792
AT3G16590,0.23697501422086809
AT3G16600,0.1022361431632837
AT3G16610,0.28916479720608257
AT3G16620,0.5932476695841746
AT3G16630,0.3708037470681579
AT3G16640,0.7384961822091825
AT3G16650,0.3338133869494696
AT3G16660,0.1019935489625394
AT3G16670,0.1022361431632837
AT3G16680,0.1022361431632837
AT3G16690,0.7193610093043339
AT3G16700,0.6445142659730256
AT3G16710,0.3393955366581167
AT3G16712,0.18415168810182228
AT3G16720,0.48159922589017223
AT3G16730,0.3511351114204842
AT3G16740,0.36165302366846097
AT3G16750,0.3071160125987946
AT3G16760,0.5762842900783421
AT3G16770,1.687266410086087
AT3G16780,0.9677649797489254
AT3G16785,0.529645401742789
AT3G16800,0.8218662978959241
AT3G16810,0.5629995981370218
AT3G16820,0.1022361431632837
AT3G16830,0.4330715966364233
AT3G16840,0.8208991915434181
AT3G16850,0.6411103968560459
AT3G16857,0.3242598023603559
AT3G16860,0.4742851579884292
AT3G16870,0.6960266839072689
AT3G16880,0.1022361431632837
AT3G16890,0.3863696560982153
AT3G16895,0.1022361431632837
AT3G16900,0.4025352163572475
AT3G16910,0.6813047723517927
AT3G16920,0.8918551825202248
AT3G16930,0.1022361431632837
AT3G16940,0.4513018360413229
AT3G16950,0.9243492672553286
AT3G16960,0.1022361431632837
AT3G16970,0.1022361431632837
AT3G16980,0.5639870592160476
AT3G16990,0.4749155810440636
AT3G17000,0.3694039548347353
AT3G17010,0.1746714359465646
AT3G17020,0.8392980095399798
AT3G17030,0.3131081034353343
AT3G17040,0.36705902005758106
AT3G17060,0.1022361431632837
AT3G17070,0.1022361431632837
AT3G17080,0.1022361431632837
AT3G17090,0.8004966788888115
AT3G17100,0.677164654269401
AT3G17120,0.40964268400505943
AT3G17130,0.3815280274103859
AT3G17140,0.1022361431632837
AT3G17150,0.1022361431632837
AT3G17152,0.1022361431632837
AT3G17155,0.1022361431632837
AT3G17160,1.0095704435298822
AT3G17170,0.4375790966262352
AT3G17180,0.1022361431632837
AT3G17185,0.7552400629734479
AT3G17190,0.1022361431632837
AT3G17205,0.40875551699780566
AT3G17210,0.7277077035034027
AT3G17220,0.1326320120900678
AT3G17225,0.2838970218683462
AT3G17227,0.1019935489625394
AT3G17230,0.1022361431632837
AT3G17240,0.6119686241614439
AT3G17250,0.36374102290385346
AT3G17261,0.1022361431632837
AT3G17265,0.0976300796096655
AT3G17270,0.11241371730301039
AT3G17280,0.4433960077413155
AT3G17300,0.5676439866743188
AT3G17310,0.3162574853079042
AT3G17320,0.1022361431632837
AT3G17330,0.4287615415120664
AT3G17340,0.3028929911524631
AT3G17350,0.336008714985069
AT3G17360,0.5075185925806658
AT3G17365,0.6160226097816207
AT3G17370,0.1584928235624771
AT3G17380,0.5386968519121442
AT3G17390,0.8950265322896644
AT3G17400,0.1022361431632837
AT3G17410,0.5364764702242826
AT3G17420,1.1358292589366934
AT3G17430,0.6822535252530705
AT3G17440,0.6955033134891707
AT3G17450,0.45769414325623636
AT3G17460,0.448311468162576
AT3G17465,0.5044111684835315
AT3G17470,0.31057742502587
AT3G17480,0.1022361431632837
AT3G17490,0.1022361431632837
AT3G17500,0.1022361431632837
AT3G17510,0.7926784913139207
AT3G17520,2.6336208240979335
AT3G17530,0.1022361431632837
AT3G17540,0.1436729432099828
AT3G17550,0.1022361431632837
AT3G17560,0.1022361431632837
AT3G17570,0.13845937309294729
AT3G17580,0.4662208271830193
AT3G17590,0.5031656374270255
AT3G17600,0.5370351860335363
AT3G17609,1.235209771124572
AT3G17611,0.35632432384151674
AT3G17620,0.1022361431632837
AT3G17626,0.3679343327361056
AT3G17630,0.2572950839721504
AT3G17640,0.4144155206863134
AT3G17650,0.5694193300901189
AT3G17655,0.1532765707080837
AT3G17660,0.3041846578980985
AT3G17668,0.49779841384331486
AT3G17670,0.3663586937133342
AT3G17675,0.1022361431632837
AT3G17680,0.4792344137358142
AT3G17690,0.3272916962842332
AT3G17700,0.4040813757039277
AT3G17710,0.2986551556784119
AT3G17712,0.2987143930337131
AT3G17717,0.3078027938537072
AT3G17720,0.1217263234831032
AT3G17730,0.409944472508692
AT3G17740,0.2756224441119436
AT3G17750,0.3651338033848392
AT3G17760,0.1542733108416769
AT3G17765,0.1022361431632837
AT3G17770,0.3315055888067445
AT3G17780,0.6117321666190112
AT3G17790,0.8979037260508191
AT3G17800,0.43595911888184513
AT3G17810,0.7702115438324506
AT3G17820,0.7884277548209169
AT3G17830,0.4966263398346572
AT3G17840,0.49195956245806327
AT3G17850,0.4991606233438712
AT3G17860,0.5353372547448344
AT3G17880,0.6826053562349816
AT3G17890,0.4346903141709102
AT3G17900,0.38920979419743706
AT3G17910,0.422696396290865
AT3G17920,0.3365470971583726
AT3G17930,0.38829200367142663
AT3G17940,0.7696072563148139
AT3G17950,0.38786618211477175
AT3G17970,0.4242254021109923
AT3G17980,0.1356606167684633
AT3G18000,1.127079579320576
AT3G18010,0.1019935489625394
AT3G18020,0.3666579330158961
AT3G18030,0.5365101697224548
AT3G18035,0.6524222256154623
AT3G18040,0.4572001713481233
AT3G18050,0.36191963827207246
AT3G18060,0.7036791128067295
AT3G18070,0.3487395064532688
AT3G18080,1.43773298751043
AT3G18090,0.42020509079124213
AT3G18100,0.3670173404046908
AT3G18110,0.2717297894341561
AT3G18120,0.1022361431632837
AT3G18130,0.8578573436485681
AT3G18140,0.5996163452515578
AT3G18150,0.1022361431632837
AT3G18160,0.3601437701796784
AT3G18165,0.3707390922566537
AT3G18170,0.5761214198879268
AT3G18180,0.1022361431632837
AT3G18190,0.6133599110101404
AT3G18200,0.2798635311212243
AT3G18210,0.7154278717666183
AT3G18215,0.5952172476675563
AT3G18217,0.4213441547308553
AT3G18220,0.1075128580275565
AT3G18230,0.5101881283191019
AT3G18235,0.1022361431632837
AT3G18240,0.7290453485818063
AT3G18250,0.5515530822377132
AT3G18260,0.5700148914700858
AT3G18270,0.45139403394663064
AT3G18280,1.3090030660887284
AT3G18282,0.1325609142326368
AT3G18290,0.7575111618318895
AT3G18291,0.11431522106860699
AT3G18295,0.2761587983229995
AT3G18300,0.3300265037311148
AT3G18310,0.38350726700789683
AT3G18320,0.6853808226107552
AT3G18330,0.11543920552022789
AT3G18340,0.1022361431632837
AT3G18350,0.3824386702366539
AT3G18360,0.17609311140700679
AT3G18362,0.2312978821441781
AT3G18370,0.6440007740528021
AT3G18380,0.4280418069720118
AT3G18390,0.3019354968909978
AT3G18400,0.6509139926378584
AT3G18410,0.643927788932614
AT3G18420,0.4676772359993121
AT3G18430,0.6701779798232077
AT3G18440,0.3360360338167943
AT3G18450,0.5301532932352084
AT3G18460,0.2913317561404118
AT3G18470,0.12200066887768579
AT3G18480,0.5005710293035851
AT3G18485,0.13932319053778608
AT3G18490,0.5952978621272729
AT3G18500,0.382988709327418
AT3G18510,0.5181058314032124
AT3G18518,0.1022361431632837
AT3G18520,0.46494496919484096
AT3G18524,0.2639026294383181
AT3G18530,0.13389785948618171
AT3G18535,0.6421261950475387
AT3G18550,0.1022361431632837
AT3G18560,0.602202544919012
AT3G18570,1.2700489610277614
AT3G18580,0.6679359987840294
AT3G18590,0.1022361431632837
AT3G18600,0.7890840672526913
AT3G18610,0.4421712157879378
AT3G18620,0.31828120212340205
AT3G18630,0.4425571002598012
AT3G18640,0.6514916188579822
AT3G18650,0.1022361431632837
AT3G18660,0.3846914195126689
AT3G18670,0.301599593321939
AT3G18680,0.4343653127494853
AT3G18690,0.3025222962381225
AT3G18700,0.1277968991593523
AT3G18710,0.6981884231553833
AT3G18715,0.5163084497318803
AT3G18720,0.1736955192913118
AT3G18730,0.5565022133200548
AT3G18740,1.1004758494230216
AT3G18750,0.3746983434329015
AT3G18760,0.7618473699562591
AT3G18770,0.5335122307234461
AT3G18773,0.8297362447482952
AT3G18775,0.1200415785850478
AT3G18780,1.2463995593434753
AT3G18790,0.5083754655918963
AT3G18800,0.3521386993020239
AT3G18810,0.1022361431632837
AT3G18815,0.1428042372749079
AT3G18820,0.8258899381863016
AT3G18827,0.1022361431632837
AT3G18830,0.5656466170732863
AT3G18840,0.15016586486817468
AT3G18850,0.4129856441975562
AT3G18860,0.5028480108764801
AT3G18870,0.2117635320496819
AT3G18880,0.37820467948323333
AT3G18890,0.2927560750179457
AT3G18895,0.1022361431632837
AT3G18900,1.1698763702486785
AT3G18905,0.1022361431632837
AT3G18910,0.6652327109304395
AT3G18915,0.1019935489625394
AT3G18930,0.3770983473129516
AT3G18940,0.7000149634267141
AT3G18950,0.26514695302510083
AT3G18957,0.1022361431632837
AT3G18960,0.436914126377808
AT3G18970,0.3610146281736326
AT3G18980,0.47623419196326783
AT3G18990,0.5291624975444533
AT3G19000,0.49106915086443503
AT3G19002,0.2045340280542748
AT3G19010,0.7052111506076971
AT3G19020,0.2671313597792382
AT3G19030,1.2117467713219277
AT3G19035,0.1022361431632837
AT3G19040,0.43409489149677466
AT3G19050,0.45457944670002975
AT3G19055,0.1022361431632837
AT3G19070,0.1022361431632837
AT3G19080,0.48483838680313923
AT3G19085,0.1022361431632837
AT3G19090,0.1797215254954826
AT3G19100,0.6635293251623675
AT3G19120,0.43132011726237396
AT3G19130,0.7385180045281887
AT3G19140,0.1022361431632837
AT3G19150,0.3930315594560923
AT3G19160,0.1022361431632837
AT3G19170,0.42914320652996796
AT3G19180,0.42371746340670424
AT3G19184,0.46070190297559743
AT3G19190,0.34495670932043543
AT3G19200,0.7870054470148397
AT3G19210,0.35830599048138156
AT3G19220,0.22531218872817965
AT3G19230,0.2281735642734625
AT3G19240,0.34462582233440275
AT3G19250,0.3762144662830163
AT3G19260,0.5780856136481429
AT3G19270,0.1530044142158417
AT3G19274,0.1022361431632837
AT3G19280,0.35017417577491633
AT3G19290,0.3681630587609653
AT3G19300,0.4318797728904606
AT3G19310,0.2508928110406181
AT3G19320,0.34855968201905996
AT3G19330,0.36570839634585794
AT3G19340,0.5735443485277314
AT3G19350,0.1091766575594143
AT3G19360,0.4209605444231477
AT3G19370,1.326625955627509
AT3G19380,0.30480782124984634
AT3G19390,0.6459764942207668
AT3G19400,0.5418571767546774
AT3G19410,0.1022361431632837
AT3G19420,0.3837861616664582
AT3G19430,1.1325438615164547
AT3G19440,0.40141805957401117
AT3G19450,1.0888765500522821
AT3G19460,0.25280525996496694
AT3G19470,0.32207520597446254
AT3G19480,0.1281915042490471
AT3G19490,0.41575450277030146
AT3G19500,0.3589894099031921
AT3G19508,0.6805974465042042
AT3G19510,0.5603463825883335
AT3G19515,0.3965722532353526
AT3G19520,0.5773192330731227
AT3G19530,0.1277878081753675
AT3G19540,0.38101487901067255
AT3G19550,0.22374407903701782
AT3G19552,0.12019668870892308
AT3G19553,0.4028080587521997
AT3G19560,0.1022361431632837
AT3G19565,0.1022361431632837
AT3G19570,0.2885428423231896
AT3G19580,0.3662014253854178
AT3G19590,0.4977787525146977
AT3G19595,0.1342051168191221
AT3G19600,0.1022361431632837
AT3G19610,0.1022361431632837
AT3G19613,0.1022361431632837
AT3G19615,0.5538272198212841
AT3G19620,0.128159870594724
AT3G19630,0.5781327434324833
AT3G19640,0.2663595351072935
AT3G19650,0.6353503800816978
AT3G19660,0.8150911019397056
AT3G19663,0.1585180094981061
AT3G19670,0.18783276041077795
AT3G19680,0.4477069342708797
AT3G19690,0.1093950932772967
AT3G19700,0.2707088388078402
AT3G19710,1.3258727555623893
AT3G19720,0.40811145223485074
AT3G19740,0.7249667814019958
AT3G19760,0.5844705529428973
AT3G19770,0.49509796676384776
AT3G19780,0.35342836028117475
AT3G19790,0.6571900420150575
AT3G19800,0.4587190170598916
AT3G19810,0.4470103746133835
AT3G19820,0.6101901408970645
AT3G19830,0.384987964031605
AT3G19840,0.28799056696567316
AT3G19850,0.16424113835166368
AT3G19860,0.6031023513229259
AT3G19870,0.3329629585624314
AT3G19880,0.1022361431632837
AT3G19890,0.1022361431632837
AT3G19895,0.2947646772315176
AT3G19900,0.5288016523842074
AT3G19910,0.5632856499882243
AT3G19920,1.5285143685001406
AT3G19930,0.40983933645886605
AT3G19940,0.1628388055405292
AT3G19950,0.36192546964435823
AT3G19960,1.8201601168290942
AT3G19970,0.4873814764567843
AT3G19980,0.6651050138518766
AT3G19990,0.395275131204729
AT3G20000,0.898836951960474
AT3G20010,0.3096444854551158
AT3G20015,0.8041065410180777
AT3G20020,0.45939132820106465
AT3G20030,0.1022361431632837
AT3G20040,0.3023729271326875
AT3G20050,0.8030744691095602
AT3G20060,0.7801459343103616
AT3G20070,0.4003998278314608
AT3G20080,0.3074301382917928
AT3G20090,0.36009261549095234
AT3G20100,0.9449893418666067
AT3G20110,0.4638364906832939
AT3G20120,0.3927731457627373
AT3G20130,0.357233195429227
AT3G20140,0.2379975831891671
AT3G20150,0.6381090705474024
AT3G20155,0.1022361431632837
AT3G20160,0.1691506729553636
AT3G20170,0.2930895308655201
AT3G20180,0.10134379978257319
AT3G20190,0.17470232578150868
AT3G20200,0.23606826007604698
AT3G20210,0.2451201203329536
AT3G20220,0.09816538951434059
AT3G20230,0.4345947922563155
AT3G20240,0.46078431100451245
AT3G20250,0.47073349939783693
AT3G20260,0.687056390536585
AT3G20270,0.45753982306297686
AT3G20280,0.351007166432623
AT3G20290,0.5986534637356541
AT3G20300,0.3368710129801294
AT3G20310,0.4061424228977859
AT3G20320,0.34603250432862476
AT3G20330,0.4721953523584077
AT3G20340,1.0513801857833274
AT3G20350,0.38806079781574476
AT3G20360,0.1781946572890054
AT3G20362,0.254435370789669
AT3G20370,1.0163369419307449
AT3G20380,1.1450245033713233
AT3G20390,0.8211763188664905
AT3G20395,0.2871078627211788
AT3G20400,0.1022361431632837
AT3G20410,0.5877637519619436
AT3G20420,0.5121669919214453
AT3G20430,0.38019889458226586
AT3G20440,0.3804669174861832
AT3G20450,0.610494206150798
AT3G20460,0.2992997177010825
AT3G20470,1.162125544301594
AT3G20475,0.30104386279545753
AT3G20480,0.413902373647691
AT3G20490,0.32183193723281606
AT3G20500,0.4482211895904591
AT3G20510,0.6880728136465
AT3G20520,0.2373439651394167
AT3G20530,0.1701081761462673
AT3G20540,0.48200562594564417
AT3G20550,0.4842103287216515
AT3G20555,0.1022361431632837
AT3G20557,0.4664261296033368
AT3G20560,0.34450240612472344
AT3G20570,0.9155922913177466
AT3G20580,0.1408154057915691
AT3G20590,0.6075683721377554
AT3G20600,0.32240152272021466
AT3G20610,0.1121966182872995
AT3G20620,0.38775932446651856
AT3G20630,0.5097864341166124
AT3G20640,0.4086507339232447
AT3G20650,0.3687690244321
AT3G20655,0.1022361431632837
AT3G20660,0.37384017634806804
AT3G20670,0.7096719384151843
AT3G20680,0.3736162073687961
AT3G20690,0.1022361431632837
AT3G20700,0.1022361431632837
AT3G20710,0.5826188821446316
AT3G20720,0.4331748980865191
AT3G20730,0.31898027126532447
AT3G20740,0.38939168989100137
AT3G20750,0.1022361431632837
AT3G20760,0.2192046556865255
AT3G20770,0.5105641889082668
AT3G20780,0.3785151111477563
AT3G20790,0.5898699101330223
AT3G20800,0.4233303750685643
AT3G20810,0.6657751089087582
AT3G20820,0.46736404416838234
AT3G20830,0.4023996532298781
AT3G20840,0.4431703350914401
AT3G20850,0.6914852519311173
AT3G20860,0.5458398546056853
AT3G20865,0.3112813692555647
AT3G20870,0.5900847963343927
AT3G20880,0.2911954405605141
AT3G20885,0.1148374871818721
AT3G20890,0.26968379294346856
AT3G20898,0.41701856838269385
AT3G20900,0.1678820616345402
AT3G20910,0.4941576231352287
AT3G20920,0.4965985737995824
AT3G20930,0.2538070539323778
AT3G20935,0.3077167847645891
AT3G20940,0.505906245430197
AT3G20950,0.2836006510263537
AT3G20960,0.3267354731880538
AT3G20970,0.3878922558018322
AT3G20978,0.3010530382993921
AT3G20980,0.1022361431632837
AT3G20993,0.1022361431632837
AT3G20997,0.1022361431632837
AT3G21000,0.42620485594846436
AT3G21055,0.5026340184147415
AT3G21060,0.33065463954929764
AT3G21070,0.6181086263480656
AT3G21080,0.5794088642539348
AT3G21090,0.5250832012829476
AT3G21100,0.44045758512286
AT3G21110,0.4950716749231532
AT3G21120,0.1022361431632837
AT3G21130,0.1022361431632837
AT3G21140,0.4839119790454618
AT3G21150,0.2428894449491065
AT3G21160,0.30309467567453
AT3G21165,0.1019935489625394
AT3G21170,0.1022361431632837
AT3G21175,0.28177549741528385
AT3G21180,0.4343936825981075
AT3G21190,0.9846153530751143
AT3G21200,0.36573449675654757
AT3G21210,0.34016518188016376
AT3G21215,0.4314270173364192
AT3G21220,0.5224023933518184
AT3G21230,0.6110893001583544
AT3G21240,0.9371664611951933
AT3G21250,0.5933505782181548
AT3G21260,0.6927325038072023
AT3G21270,0.5889561600055979
AT3G21280,0.2909601580888846
AT3G21290,0.42394574172140476
AT3G21295,0.3912325761597134
AT3G21300,0.4460764144599257
AT3G21305,0.19086193730085452
AT3G21310,0.3205164070005112
AT3G21320,0.1022361431632837
AT3G21330,0.3647159669378353
AT3G21340,0.4569700873954924
AT3G21350,0.6062066615813302
AT3G21351,0.5295325202733543
AT3G21352,0.49111880024175303
AT3G21360,0.6126802677386785
AT3G21370,1.7006799056909996
AT3G21371,0.1019935489625394
AT3G21380,1.1496407852963941
AT3G21390,0.4641641963288459
AT3G21400,0.7050048553190585
AT3G21405,0.1022361431632837
AT3G21410,0.1022361431632837
AT3G21420,0.6773686941101733
AT3G21430,0.5337198216571646
AT3G21450,0.1022361431632837
AT3G21460,0.140036760900492
AT3G21465,0.7119259601593275
AT3G21470,0.2515362326505785
AT3G21473,0.1204698992700851
AT3G21480,0.35699243020879057
AT3G21490,0.1022361431632837
AT3G21500,0.1022361431632837
AT3G21510,1.4490889482915874
AT3G21520,0.2874553809998433
AT3G21530,0.6188374346202461
AT3G21540,0.34550313185380804
AT3G21550,0.9872454247535971
AT3G21560,1.1958159320153512
AT3G21570,0.21449487955957408
AT3G21580,0.4163746631774534
AT3G21590,0.1022361431632837
AT3G21600,0.4710974418121666
AT3G21610,0.42286911111215186
AT3G21620,0.2627718197205572
AT3G21630,0.4929010646219806
AT3G21640,0.46747511159266175
AT3G21650,0.4512778099013597
AT3G21660,0.1022361431632837
AT3G21670,0.3336721453381098
AT3G21680,0.6399821214837286
AT3G21690,0.46352238433708864
AT3G21700,0.4967368003222296
AT3G21710,0.9052445719338622
AT3G21720,3.1843862499636733
AT3G21730,0.1022361431632837
AT3G21740,0.2934699887955212
AT3G21750,0.3740527122033183
AT3G21755,0.1491889448345846
AT3G21760,0.1698339282176912
AT3G21770,1.1547640274705468
AT3G21780,0.1022361431632837
AT3G21781,0.41515237327554133
AT3G21790,0.2916240275784065
AT3G21800,0.1022361431632837
AT3G21805,0.2354811031509196
AT3G21810,0.41152563565954725
AT3G21820,0.3370464114756626
AT3G21825,0.1022361431632837
AT3G21830,0.1019935489625394
AT3G21840,0.1022361431632837
AT3G21850,0.1019935489625394
AT3G21860,0.1022361431632837
AT3G21865,0.5359620316806721
AT3G21870,0.1022361431632837
AT3G21880,0.1022361431632837
AT3G21890,0.385505844539785
AT3G21900,0.1022361431632837
AT3G21910,0.1022361431632837
AT3G21920,0.1022361431632837
AT3G21930,0.1022361431632837
AT3G21940,0.1022361431632837
AT3G21945,0.1022361431632837
AT3G21950,0.1022361431632837
AT3G21960,0.1232720539247031
AT3G21970,0.1362389668002085
AT3G21980,0.1022361431632837
AT3G21990,0.1022361431632837
AT3G22000,0.1022361431632837
AT3G22010,0.1022361431632837
AT3G22020,0.1022361431632837
AT3G22022,0.1022361431632837
AT3G22030,0.1022361431632837
AT3G22040,0.1022361431632837
AT3G22050,0.4234569857449265
AT3G22053,0.1022361431632837
AT3G22057,0.1022361431632837
AT3G22060,0.4478601392509581
AT3G22070,0.35624670641657746
AT3G22072,0.4058669748421762
AT3G22080,0.1022361431632837
AT3G22085,0.1022361431632837
AT3G22090,0.2550548057427598
AT3G22100,0.19504886310485048
AT3G22104,0.4447189618707308
AT3G22110,0.5689737687119978
AT3G22120,0.603359806203283
AT3G22121,1.8172022336376834
AT3G22125,0.4040551059141497
AT3G22142,0.2059443036979261
AT3G22150,0.5652225882355999
AT3G22160,0.3763856863683022
AT3G22170,0.44259082752814327
AT3G22180,0.318392062115482
AT3G22183,0.11085775806966199
AT3G22190,0.3244198916444759
AT3G22200,0.7074763584377897
AT3G22210,0.6292178324398319
AT3G22220,0.2968943809994417
AT3G22230,0.9355190946417173
AT3G22231,0.3855932737711611
AT3G22235,0.756611038573286
AT3G22240,1.0430144686773888
AT3G22250,0.227883620396939
AT3G22260,0.5027632286515623
AT3G22270,0.23734219602032364
AT3G22275,0.5570572548074786
AT3G22290,1.0480837297708032
AT3G22300,0.7571352235568097
AT3G22310,0.8231768143360805
AT3G22320,1.2445944235107702
AT3G22330,0.5580326481481699
AT3G22333,0.1022361431632837
AT3G22337,0.1022361431632837
AT3G22345,0.1022361431632837
AT3G22350,0.1022361431632837
AT3G22360,0.1157505872142935
AT3G22370,0.7040655606652753
AT3G22380,0.7402342174276222
AT3G22400,0.37467100685757604
AT3G22410,0.41120959668134804
AT3G22415,0.7017335551919281
AT3G22420,0.2341109194255347
AT3G22421,0.1022361431632837
AT3G22425,0.3387295567262347
AT3G22430,0.2679889238614911
AT3G22436,0.15898877961056718
AT3G22440,0.6380529940954829
AT3G22450,0.2612918397553017
AT3G22460,0.3692253242307198
AT3G22470,0.28778450971730934
AT3G22480,0.7714533417611998
AT3G22490,1.0155825239383436
AT3G22500,2.7147427681876986
AT3G22510,0.1022361431632837
AT3G22520,0.46057545904961306
AT3G22530,0.7333115638296043
AT3G22540,0.7001894943967121
AT3G22550,1.2116414178944237
AT3G22560,0.1960993684115678
AT3G22565,1.1350386685860572
AT3G22570,1.3697244077390656
AT3G22580,0.23592809743800258
AT3G22590,0.5573701159247777
AT3G22600,1.356116253775814
AT3G22620,1.4610366890929964
AT3G22630,0.5370471436603375
AT3G22640,2.9748872138071674
AT3G22650,0.1022361431632837
AT3G22660,0.9946142245195493
AT3G22670,0.1022361431632837
AT3G22680,0.7051982893346702
AT3G22690,0.2169546352266195
AT3G22700,0.1206334723392381
AT3G22710,0.1019935489625394
AT3G22720,0.1022361431632837
AT3G22723,0.1022361431632837
AT3G22730,0.1022361431632837
AT3G22740,0.5184510549383141
AT3G22750,0.5121740225517548
AT3G22760,0.5139142156302849
AT3G22770,0.10075254141967468
AT3G22780,0.7474758912268191
AT3G22790,0.7871248257158692
AT3G22800,0.5987147042164188
AT3G22810,0.3575760249439946
AT3G22820,0.10134379978257319
AT3G22830,0.5164475372488309
AT3G22840,1.2548389135695845
AT3G22845,0.9449671516597866
AT3G22850,1.0563245691061252
AT3G22860,0.1610386866723605
AT3G22870,0.1022361431632837
AT3G22880,0.6530914750996044
AT3G22886,0.3337828341369874
AT3G22890,1.017932259724653
AT3G22900,0.2661425039659348
AT3G22910,0.4441059072653535
AT3G22920,0.1022361431632837
AT3G22930,0.8930075897889094
AT3G22935,0.1022361431632837
AT3G22940,0.2720165822640363
AT3G22942,0.3462593065958826
AT3G22950,0.5934777796940955
AT3G22960,0.7384334019836731
AT3G22961,0.1493069595490558
AT3G22970,1.107746459117585
AT3G22980,0.438413843661249
AT3G22990,0.3981734593631101
AT3G23000,0.975514479087175
AT3G23010,0.1916458625273057
AT3G23020,0.273185794742802
AT3G23030,0.6127398305092863
AT3G23050,0.7290855843510029
AT3G23060,0.2575133415126662
AT3G23070,0.3596877366455166
AT3G23080,0.4494620067213997
AT3G23090,0.9447673934979299
AT3G23100,0.5089846964766765
AT3G23110,0.2293665399532698
AT3G23120,0.2216019854295678
AT3G23122,0.1022361431632837
AT3G23123,0.1022361431632837
AT3G23125,0.3058369294581415
AT3G23130,0.1022361431632837
AT3G23140,0.1022361431632837
AT3G23145,0.1131670663153137
AT3G23150,0.6029370534600458
AT3G23160,0.34856005031365245
AT3G23165,0.1022361431632837
AT3G23167,0.1019935489625394
AT3G23170,0.4854837992853522
AT3G23172,0.1022361431632837
AT3G23175,0.9619694948931612
AT3G23180,0.9057575266835212
AT3G23190,1.0721224865281958
AT3G23200,0.35129194292388377
AT3G23210,0.4153463699790036
AT3G23220,0.1022361431632837
AT3G23230,0.34548340315955883
AT3G23240,0.2912198430713225
AT3G23245,0.1022361431632837
AT3G23250,0.5348110843749073
AT3G23255,0.4412837838660928
AT3G23260,0.2924280847621998
AT3G23270,0.1022361431632837
AT3G23280,0.8060216208001124
AT3G23290,1.2271431155297552
AT3G23300,0.836117618492411
AT3G23310,0.5939705995929878
AT3G23320,0.1022361431632837
AT3G23325,0.5964117899608558
AT3G23326,0.1022361431632837
AT3G23330,0.3443257928467589
AT3G23340,0.6416531158580313
AT3G23350,0.1019935489625394
AT3G23360,0.31139255927025167
AT3G23370,0.3138520803756105
AT3G23380,0.1187063034177208
AT3G23390,0.8093570183621814
AT3G23400,0.5681731884601705
AT3G23410,0.3291239847399673
AT3G23420,0.1200931145041289
AT3G23430,0.9617116592237522
AT3G23440,0.28182713798611503
AT3G23450,0.7434903004278594
AT3G23460,0.1111391815002835
AT3G23470,1.390853497268612
AT3G23480,0.1406118914592536
AT3G23490,1.269269691936233
AT3G23510,0.988860900193732
AT3G23530,0.5151167595280827
AT3G23540,0.26663934594523203
AT3G23550,0.2717874658611965
AT3G23560,0.9399268003542172
AT3G23570,0.9632621283209284
AT3G23580,0.2793431019238455
AT3G23590,0.38558126902077816
AT3G23600,1.0489706056371464
AT3G23605,0.39335883414255696
AT3G23610,0.4224333740826695
AT3G23620,1.0104825599179894
AT3G23630,0.4243891369304976
AT3G23633,0.1022361431632837
AT3G23635,0.1877263036351471
AT3G23637,0.10134379978257319
AT3G23640,0.462261078672204
AT3G23650,0.1022361431632837
AT3G23660,0.3725468241554032
AT3G23670,0.2182536923892609
AT3G23680,0.1022361431632837
AT3G23685,0.1022361431632837
AT3G23690,0.6560709467663455
AT3G23700,0.5378842175874902
AT3G23710,0.2393296681041016
AT3G23715,0.1022361431632837
AT3G23727,0.1022361431632837
AT3G23730,0.8978099544934568
AT3G23740,0.3605491487080077
AT3G23750,0.3770990093296339
AT3G23760,0.4100944685886284
AT3G23770,0.1022361431632837
AT3G23780,0.8336506170201081
AT3G23790,0.4380414907952306
AT3G23800,1.0302138025219922
AT3G23805,0.5960280429029967
AT3G23810,0.9650611797832491
AT3G23820,0.9308889706463142
AT3G23830,0.6215369431987869
AT3G23840,0.2284576038030615
AT3G23860,0.1503745172035746
AT3G23870,0.4196172786912849
AT3G23880,0.8996440727825291
AT3G23890,0.5901399846010897
AT3G23900,0.36686942793344807
AT3G23910,0.558327397279047
AT3G23920,0.5009979740603527
AT3G23930,0.3985660071756618
AT3G23940,1.0020593033842764
AT3G23950,0.1325165048006025
AT3G23955,0.2544991056293335
AT3G23960,0.1022361431632837
AT3G23970,0.1022361431632837
AT3G23980,0.4000419144840013
AT3G23990,0.8086592798909733
AT3G24000,0.524190194437798
AT3G24010,0.39656292115992753
AT3G24020,1.3175447242405558
AT3G24030,0.42205040750198886
AT3G24040,0.542387836918297
AT3G24050,0.38154919786157104
AT3G24060,0.2112680451922411
AT3G24065,0.30616066187323443
AT3G24068,0.17805929007101218
AT3G24070,0.32276789338192163
AT3G24080,0.9278203328748289
AT3G24090,0.3273734221296953
AT3G24093,0.1022361431632837
AT3G24100,0.7317272086120501
AT3G24110,0.5319378007557422
AT3G24120,0.4614243704504418
AT3G24130,0.0996571795756161
AT3G24140,0.1420595613770003
AT3G24150,0.3012402210004484
AT3G24160,0.8328222534893424
AT3G24170,0.8004504034373476
AT3G24180,0.3941581357751087
AT3G24190,0.42320841306180207
AT3G24200,0.5514441939131347
AT3G24210,0.39400680351039064
AT3G24220,0.2917381611094933
AT3G24225,0.1678281742332634
AT3G24230,0.231242595277458
AT3G24240,0.4275226485098528
AT3G24250,0.1022361431632837
AT3G24255,1.4041651594883702
AT3G24260,0.1022361431632837
AT3G24270,0.1022361431632837
AT3G24280,0.1372219326397207
AT3G24290,0.1022361431632837
AT3G24300,1.2755987101182207
AT3G24310,0.17755281313078208
AT3G24315,0.33832811652414874
AT3G24320,0.29439021019373723
AT3G24330,0.1022361431632837
AT3G24332,0.1022361431632837
AT3G24340,0.23596489450118002
AT3G24350,0.7149548647240038
AT3G24360,0.343128844185872
AT3G24420,0.5407545639218956
AT3G24430,0.370308598015859
AT3G24440,0.46522083690916316
AT3G24450,0.3960143311976193
AT3G24460,0.4998014904168735
AT3G24463,0.3719352479286055
AT3G24465,0.1022361431632837
AT3G24480,0.8044878316353619
AT3G24490,0.47800004329682255
AT3G24495,0.3579742070378058
AT3G24500,0.3942969603186568
AT3G24503,0.8974931736785925
AT3G24506,0.5304335621674138
AT3G24508,0.1022361431632837
AT3G24510,0.19994884761034448
AT3G24513,0.1022361431632837
AT3G24514,0.1022361431632837
AT3G24515,0.5337166106129972
AT3G24516,0.1022361431632837
AT3G24517,0.1022361431632837
AT3G24518,0.3946748708919013
AT3G24520,0.8492253097999956
AT3G24530,0.46863283884535667
AT3G24535,0.5750225840376689
AT3G24540,0.18316602122207237
AT3G24542,0.1022361431632837
AT3G24550,0.5118861659491034
AT3G24560,0.32640661078058353
AT3G24570,0.4573078672672908
AT3G24575,0.11974412286386038
AT3G24580,0.1022361431632837
AT3G24590,0.39598313235129456
AT3G24600,0.18532039541705558
AT3G24605,0.1152369312778008
AT3G24610,0.1022361431632837
AT3G24612,0.2819184936534329
AT3G24614,0.1022361431632837
AT3G24615,0.5085905463810606
AT3G24620,0.1022361431632837
AT3G24630,0.2454200836839544
AT3G24640,0.1329733359077272
AT3G24650,0.679622328374129
AT3G24660,0.5063995879068286
AT3G24670,0.6262678449571717
AT3G24690,0.1022361431632837
AT3G24700,0.10134379978257319
AT3G24710,0.1022361431632837
AT3G24715,0.4816423516754166
AT3G24730,0.712805931156527
AT3G24740,0.3543251484009353
AT3G24750,0.5158848217637532
AT3G24760,0.4757817717746845
AT3G24770,1.130485112898226
AT3G24780,0.1639141525209275
AT3G24790,0.1484078690851929
AT3G24800,0.4322848094247287
AT3G24810,0.36975039522777997
AT3G24820,0.336409727756689
AT3G24830,0.8456698853118128
AT3G24840,0.6107354724102154
AT3G24850,0.12792694679456718
AT3G24860,0.3480896822070034
AT3G24870,0.6064836389447474
AT3G24880,0.7583643618411646
AT3G24890,0.7876903871751396
AT3G24900,0.21231361437064059
AT3G24929,0.8367784052078844
AT3G24982,0.2031842700332274
AT3G25010,0.139488539328506
AT3G25011,0.1019935489625394
AT3G25012,0.1022361431632837
AT3G25013,0.4335491221311436
AT3G25014,0.1016524999438922
AT3G25020,0.3992247157722016
AT3G25030,0.3552800121708022
AT3G25040,0.6412328144085631
AT3G25050,0.1022361431632837
AT3G25060,0.2619470146276296
AT3G25070,0.41459331914000463
AT3G25080,0.1361959994885279
AT3G25090,0.1022361431632837
AT3G25100,0.4004213220388736
AT3G25110,0.40810904914426294
AT3G25120,0.5570309021877584
AT3G25130,1.0066756739239975
AT3G25140,0.6500086766728559
AT3G25150,0.5375598182046744
AT3G25160,0.1201736664433259
AT3G25165,0.1022361431632837
AT3G25170,0.1022361431632837
AT3G25180,0.1022361431632837
AT3G25190,1.77207356946457
AT3G25200,0.1022361431632837
AT3G25210,0.3771540735272443
AT3G25220,0.7054755417591188
AT3G25221,0.1514514677317944
AT3G25230,0.6244663033357003
AT3G25240,0.4891360276697041
AT3G25250,0.44596708887322534
AT3G25260,0.1834892449077317
AT3G25265,0.1022361431632837
AT3G25270,0.11737744059089189
AT3G25280,0.1022361431632837
AT3G25290,1.0192874252846345
AT3G25400,0.5320587506251497
AT3G25410,0.3070542047275643
AT3G25420,0.1022361431632837
AT3G25430,0.4439493815027826
AT3G25440,0.3605301842815068
AT3G25460,0.1019935489625394
AT3G25470,0.7301611057408125
AT3G25480,0.41671763707595366
AT3G25490,0.1022361431632837
AT3G25493,0.1022361431632837
AT3G25500,0.9435111823262478
AT3G25505,0.1486605283199407
AT3G25510,0.287280526004945
AT3G25520,0.6901433177198668
AT3G25530,0.697311520905503
AT3G25540,0.603944483044772
AT3G25545,0.5278183220226612
AT3G25550,0.1022361431632837
AT3G25560,0.6447390964764529
AT3G25570,0.4273029416276228
AT3G25573,0.12702678631441128
AT3G25577,0.10770196615878419
AT3G25580,0.72458834752568
AT3G25585,1.1027808618268118
AT3G25590,0.32504376657017797
AT3G25597,0.6666662376042507
AT3G25600,0.513721166547491
AT3G25610,0.3834235547616185
AT3G25620,0.23340769577219608
AT3G25640,1.1070208543801323
AT3G25650,0.1022361431632837
AT3G25655,0.8707608898230936
AT3G25660,0.3808095313597675
AT3G25670,0.23779401220125151
AT3G25680,0.2921642380628727
AT3G25690,0.3704570736711602
AT3G25700,0.3826250219372344
AT3G25710,1.1298321656098635
AT3G25716,0.1019935489625394
AT3G25717,0.8135658494567466
AT3G25719,1.1729112854735182
AT3G25720,0.5277097947533302
AT3G25727,0.1019935489625394
AT3G25730,0.6339719658296075
AT3G25740,0.4904735160690957
AT3G25750,0.1022361431632837
AT3G25760,0.2165259101654178
AT3G25770,0.46092487916250047
AT3G25780,0.39230407179991666
AT3G25790,0.5033277209857567
AT3G25795,0.7754325775216131
AT3G25800,0.638715757562357
AT3G25805,0.3476865565260552
AT3G25810,0.26515928547551837
AT3G25820,1.5809627496202
AT3G25840,0.7117787127840971
AT3G25850,0.1022361431632837
AT3G25855,0.43830530052718863
AT3G25860,0.6107340173941691
AT3G25870,0.3508178709956033
AT3G25880,0.2404118174583518
AT3G25882,0.32097354407397205
AT3G25890,0.40682691232850055
AT3G25900,0.5894604362411957
AT3G25905,0.654644585512959
AT3G25910,1.1373457373050895
AT3G25920,0.7778051584027386
AT3G25930,1.9500947093817698
AT3G25940,0.9727729804292775
AT3G25950,0.3087072769717091
AT3G25960,0.1022361431632837
AT3G25970,0.4238792556011769
AT3G25980,0.6059417403077871
AT3G25990,0.3436156230305428
AT3G26000,0.4224047059019318
AT3G26010,0.1653646787508438
AT3G26020,0.3455089042616996
AT3G26030,1.0514933363945183
AT3G26040,0.6267879561434293
AT3G26050,0.4533948738811958
AT3G26060,0.7130792399092667
AT3G26070,0.7898811756961817
AT3G26080,0.4795431525547348
AT3G26085,0.3176732236667651
AT3G26090,0.43606263390286026
AT3G26100,0.39194878390975796
AT3G26110,0.1940093876243162
AT3G26115,0.4112233636546404
AT3G26120,0.4634715149294697
AT3G26125,0.2697970860545308
AT3G26130,0.3308076346178896
AT3G26135,0.2823320686635895
AT3G26140,0.1280817249899323
AT3G26147,0.1188027798155436
AT3G26150,0.21296631181192238
AT3G26160,0.1846510825552655
AT3G26170,0.2387265615282058
AT3G26180,0.2422904569837782
AT3G26190,0.1022361431632837
AT3G26200,0.1260488265247435
AT3G26210,0.43335657365761027
AT3G26220,0.30103727291485227
AT3G26230,0.1016524999438922
AT3G26235,0.1022361431632837
AT3G26237,0.1022361431632837
AT3G26240,0.3156317053826003
AT3G26250,0.2313770150593063
AT3G26270,0.1022361431632837
AT3G26280,0.2236363752017233
AT3G26290,0.6113795765710605
AT3G26300,0.5655993438012139
AT3G26310,0.2074174830253862
AT3G26320,0.1022361431632837
AT3G26330,0.7961980112706453
AT3G26340,0.41942990185926987
AT3G26350,0.37529074804341966
AT3G26355,0.1022361431632837
AT3G26360,0.5129869122395649
AT3G26370,0.5789543267681607
AT3G26380,0.6049976823174683
AT3G26390,0.1022361431632837
AT3G26395,0.6791842991812325
AT3G26400,0.36782717336754217
AT3G26410,0.5800126622393487
AT3G26420,1.4175286410422046
AT3G26430,1.3384318554497074
AT3G26440,0.9228387367038707
AT3G26445,0.12728552474129398
AT3G26450,1.5974198763522323
AT3G26460,2.6701376575973437
AT3G26470,0.6609394753888544
AT3G26480,0.35360739967403776
AT3G26490,0.34970137058151873
AT3G26500,0.380057244100916
AT3G26510,0.7553489232503147
AT3G26512,0.1019935489625394
AT3G26520,0.986482446295522
AT3G26539,0.23346768656105849
AT3G26540,0.2666426913856482
AT3G26550,0.39112495096998023
AT3G26560,1.0108479075423145
AT3G26570,0.8922161575968464
AT3G26580,0.41590046571874273
AT3G26590,0.49666245954540417
AT3G26600,0.3955813604582229
AT3G26610,0.5616438083175244
AT3G26612,0.6484091695896244
AT3G26616,0.1022361431632837
AT3G26618,0.8646449409398224
AT3G26620,0.1482044446705523
AT3G26630,0.534748350249929
AT3G26640,0.5502412566424776
AT3G26650,1.2345199506553652
AT3G26660,0.1178978994101079
AT3G26670,0.805640790142872
AT3G26680,0.5434470617653842
AT3G26690,0.4088533791811495
AT3G26700,0.6384584049864133
AT3G26710,0.40550344422397916
AT3G26720,0.3356988654837476
AT3G26730,0.4264108670647201
AT3G26740,0.7299458517260495
AT3G26742,0.142375001386513
AT3G26744,0.7093629675231773
AT3G26750,0.5058868243467481
AT3G26760,0.5460434759573833
AT3G26770,0.41150428308931
AT3G26780,0.8950070295225518
AT3G26782,0.43331596805971734
AT3G26790,0.12200788245911828
AT3G26800,0.1022361431632837
AT3G26810,0.6600305847496784
AT3G26812,0.1135888413686274
AT3G26813,0.246080360633598
AT3G26815,0.19441963338451398
AT3G26816,0.1019935489625394
AT3G26818,0.1163485830095036
AT3G26819,0.1022361431632837
AT3G26820,0.11434993477231979
AT3G26830,0.9357363045567131
AT3G26840,0.4158150462952529
AT3G26850,0.9746372781885355
AT3G26855,0.1462641297356913
AT3G26860,0.1022361431632837
AT3G26870,0.1022361431632837
AT3G26880,0.1022361431632837
AT3G26890,0.6645488142137962
AT3G26900,0.7845520585928408
AT3G26910,0.31731336623638223
AT3G26920,0.34014843768498493
AT3G26922,0.4591072545363185
AT3G26930,0.2429709275675846
AT3G26932,0.3915073622223772
AT3G26934,0.12086546575267769
AT3G26935,0.4289582167882606
AT3G26940,0.1019935489625394
AT3G26950,0.5529563979454027
AT3G26960,0.3022852009470491
AT3G26980,0.5833015434383986
AT3G26990,0.25313019390764835
AT3G27000,0.6100472456787714
AT3G27010,0.4452545843021176
AT3G27020,0.8902005160701187
AT3G27025,0.3258245608044636
AT3G27027,1.0356369205032527
AT3G27030,0.9953267999588002
AT3G27040,0.2755573413979958
AT3G27050,0.34542672195596924
AT3G27060,0.5129046873707179
AT3G27070,0.4167120864506119
AT3G27080,0.8102618191167746
AT3G27090,1.118317409480044
AT3G27100,0.6160628064546494
AT3G27110,0.39918093745771277
AT3G27120,0.3572711539239011
AT3G27140,0.1022361431632837
AT3G27150,0.7164528680413309
AT3G27160,0.4604344157008312
AT3G27170,0.981385265930414
AT3G27180,0.4136703129095032
AT3G27185,0.1019935489625394
AT3G27190,0.6215434380748885
AT3G27200,0.9243478453065345
AT3G27210,0.8079447962717912
AT3G27220,1.2255161823279659
AT3G27230,0.8385023537738037
AT3G27240,0.7396374460997488
AT3G27250,0.1687877363319662
AT3G27260,0.39581006147511444
AT3G27270,0.48818357442731675
AT3G27280,0.6107527473680893
AT3G27290,0.2915648062917433
AT3G27300,0.3636023035653746
AT3G27310,0.3885859172057491
AT3G27320,0.5184940348571601
AT3G27325,0.45283253204195384
AT3G27329,0.1022361431632837
AT3G27330,0.44103578152898615
AT3G27331,0.1022361431632837
AT3G27340,0.6933761937039828
AT3G27350,0.7087581766276851
AT3G27355,0.11126192639386559
AT3G27360,1.2254613206886094
AT3G27380,0.7492374125031538
AT3G27390,0.8266536963953993
AT3G27400,0.8000166143369504
AT3G27410,0.1019935489625394
AT3G27415,0.2428267905279
AT3G27416,0.11601165674841289
AT3G27420,0.6343519714378077
AT3G27425,0.1022361431632837
AT3G27430,0.6361429388639097
AT3G27440,0.15180843977119052
AT3G27460,0.4425238063593786
AT3G27470,0.3469135701670256
AT3G27473,0.30143344245516307
AT3G27475,0.32264190786064184
AT3G27480,0.4364340759556007
AT3G27490,0.2366847022490286
AT3G27495,0.1022361431632837
AT3G27500,0.8475994629890291
AT3G27503,0.1787634762888855
AT3G27510,0.4955037867977422
AT3G27520,0.43686944635276137
AT3G27530,0.4885285841248985
AT3G27540,0.3735584250926954
AT3G27550,0.4859667386926293
AT3G27560,0.40374645120915476
AT3G27570,0.6701224900936136
AT3G27580,0.4378941841094831
AT3G27590,0.1854302280003342
AT3G27600,0.1022361431632837
AT3G27610,0.4529951789268553
AT3G27620,0.2197232872174249
AT3G27630,0.4042573943515418
AT3G27640,0.5120489769962921
AT3G27650,0.5926098280062745
AT3G27660,2.1357122898322345
AT3G27670,0.42095388107960807
AT3G27680,0.1022361431632837
AT3G27690,0.2549656162121646
AT3G27700,0.4150094276536267
AT3G27710,0.14593003414672578
AT3G27720,0.1411739109859314
AT3G27730,0.381726417134007
AT3G27740,0.7046380931471419
AT3G27750,0.3809208662581597
AT3G27770,1.0105519729270156
AT3G27785,0.1019935489625394
AT3G27809,0.1022361431632837
AT3G27810,0.1019935489625394
AT3G27820,0.6328291791426045
AT3G27830,0.4644038188239703
AT3G27831,0.1016524999438922
AT3G27835,0.1019935489625394
AT3G27840,0.1022361431632837
AT3G27850,0.5669163510387134
AT3G27860,0.15777134406138119
AT3G27865,0.488008920604919
AT3G27870,0.5826280074992497
AT3G27880,0.4372245860990603
AT3G27884,3.365734925060746
AT3G27890,0.9484281017702869
AT3G27900,0.1679670948419283
AT3G27906,0.5820915973742137
AT3G27910,0.1022361431632837
AT3G27920,0.1340688825609118
AT3G27925,0.3668702636475408
AT3G27930,0.2922806442359362
AT3G27940,0.40732126237033817
AT3G27950,0.4559411587008856
AT3G27960,0.6652020411644907
AT3G27970,0.1022361431632837
AT3G27980,0.1022361431632837
AT3G27990,1.0479946935803162
AT3G27999,0.1022361431632837
AT3G28007,0.1022361431632837
AT3G28020,0.1022361431632837
AT3G28030,0.2662213619230109
AT3G28040,0.508589136814683
AT3G28050,0.817483834286148
AT3G28060,0.1094983468321082
AT3G28070,0.10134379978257319
AT3G28080,0.2430404163457726
AT3G28100,0.4710262316397232
AT3G28120,0.1022361431632837
AT3G28130,0.5686196675788157
AT3G28140,0.4271132857976958
AT3G28150,0.3351117651344291
AT3G28155,0.1973448928528405
AT3G28170,0.10254239596204939
AT3G28180,1.018590524593495
AT3G28190,0.1022361431632837
AT3G28193,0.1022361431632837
AT3G28200,0.7777085451626415
AT3G28210,0.4285553787259557
AT3G28216,0.1022361431632837
AT3G28220,0.280943969539875
AT3G28223,0.1022361431632837
AT3G28230,0.127528224742268
AT3G28243,0.1022361431632837
AT3G28250,0.1022361431632837
AT3G28270,0.245263227540052
AT3G28280,0.1022361431632837
AT3G28290,0.44118220092157423
AT3G28291,0.1022361431632837
AT3G28310,0.21987520572008049
AT3G28320,0.816774490231683
AT3G28330,0.3678669366567619
AT3G28335,0.1022361431632837
AT3G28340,0.6103844964523032
AT3G28345,0.7587287478194735
AT3G28360,0.3409645775729976
AT3G28370,0.4386478708511792
AT3G28380,0.2132805662685245
AT3G28390,0.1191870027164631
AT3G28410,0.1022361431632837
AT3G28415,0.1370861939567519
AT3G28420,0.4724389385641743
AT3G28430,0.4096977894864732
AT3G28450,0.5037835637246528
AT3G28455,0.7430126341772342
AT3G28460,0.3160742203631628
AT3G28470,0.131213973266343
AT3G28480,0.9866791012598428
AT3G28490,0.1022361431632837
AT3G28500,0.3491301257518849
AT3G28510,0.28379156171627096
AT3G28520,0.1019935489625394
AT3G28530,0.1022361431632837
AT3G28540,0.371630967839899
AT3G28550,1.156794822012758
AT3G28560,0.1159524541185283
AT3G28570,0.1022361431632837
AT3G28580,0.3899291445489333
AT3G28590,0.1959651152553705
AT3G28600,0.2216365705646586
AT3G28610,0.1400502684328743
AT3G28620,0.24419341467737438
AT3G28630,0.3010652722669725
AT3G28635,0.1447387942188325
AT3G28640,0.4097856709278851
AT3G28650,0.44542946921198157
AT3G28660,0.2756022853349159
AT3G28670,0.3935249214480572
AT3G28674,0.1022361431632837
AT3G28680,0.1022361431632837
AT3G28690,0.49454129214315645
AT3G28700,0.35358070918423945
AT3G28710,0.739808435272947
AT3G28715,0.6285928237132283
AT3G28720,0.5331301746139624
AT3G28730,0.33603894852578564
AT3G28740,0.7332857791273177
AT3G28750,0.1946818176324164
AT3G28760,0.37609014125011697
AT3G28770,0.27077332742953253
AT3G28780,0.21271631042662928
AT3G28785,0.11939498360536299
AT3G28790,0.17857213215826329
AT3G28810,0.1022361431632837
AT3G28820,0.3143237400633735
AT3G28830,0.2210563674221191
AT3G28840,0.3093262917927029
AT3G28850,0.2760523904064458
AT3G28853,0.1022361431632837
AT3G28857,0.46145681767881075
AT3G28860,0.6199950930657011
AT3G28870,0.1022361431632837
AT3G28875,0.1095718191063413
AT3G28880,0.2546670652598241
AT3G28890,0.15674955807433588
AT3G28899,0.1022361431632837
AT3G28900,0.6827601791224467
AT3G28910,0.4802394832517821
AT3G28917,0.3094711912256386
AT3G28918,0.1019935489625394
AT3G28920,0.3816120395771621
AT3G28922,0.1022361431632837
AT3G28925,0.0987253861866999
AT3G28930,0.4284744993418023
AT3G28940,1.4651332800036843
AT3G28950,0.7951739898698987
AT3G28956,0.6493137576613811
AT3G28958,0.1022361431632837
AT3G28960,0.2812806207803409
AT3G28970,0.7112444508668992
AT3G28980,0.7806570727639136
AT3G28990,0.1022361431632837
AT3G29000,0.5522241033526899
AT3G29010,0.42880374585158054
AT3G29020,0.1022361431632837
AT3G29030,0.227036017338653
AT3G29033,0.1022361431632837
AT3G29034,0.6775024297186214
AT3G29035,0.7374161843012026
AT3G29040,0.1022361431632837
AT3G29050,0.1022361431632837
AT3G29060,0.1022361431632837
AT3G29070,0.1022361431632837
AT3G29075,0.940565159308112
AT3G29080,0.1022361431632837
AT3G29090,0.3742385251529059
AT3G29100,0.5191391192956621
AT3G29110,0.2274253243239856
AT3G29130,0.7820494099980966
AT3G29140,0.2142156663930452
AT3G29152,0.1389119755773463
AT3G29160,0.31300594757819034
AT3G29170,0.6114651782722607
AT3G29173,0.27229267356773007
AT3G29180,0.5627902040816237
AT3G29185,0.5393728478500697
AT3G29190,0.1038005399778386
AT3G29200,0.8584064317157263
AT3G29230,0.36018650267239827
AT3G29240,0.8060434833948883
AT3G29250,1.014181133320735
AT3G29255,0.1019935489625394
AT3G29260,0.2832240485296167
AT3G29270,0.4735139172307369
AT3G29280,0.4730553533830906
AT3G29290,0.3373427470771015
AT3G29300,0.4970769278796825
AT3G29305,0.1022361431632837
AT3G29310,0.3453711158122164
AT3G29320,0.5227411167997355
AT3G29330,0.5075427913119371
AT3G29340,0.1022361431632837
AT3G29350,0.7964861527896412
AT3G29360,0.6491264360923192
AT3G29370,0.24486409126285438
AT3G29375,0.40626865955497743
AT3G29380,0.1022361431632837
AT3G29385,0.1022361431632837
AT3G29390,0.5991424319224945
AT3G29400,0.2406869591511675
AT3G29410,1.9971481166768963
AT3G29430,0.8787991721234636
AT3G29450,0.1022361431632837
AT3G29455,0.1022361431632837
AT3G29560,0.13536177176336128
AT3G29570,0.1022361431632837
AT3G29575,0.6860839945700581
AT3G29580,0.1625218370394144
AT3G29590,0.1022361431632837
AT3G29630,0.7910921402003317
AT3G29631,0.1156797307963285
AT3G29633,0.4212875210419707
AT3G29635,0.7291108181812237
AT3G29636,0.1022361431632837
AT3G29637,0.1492311689456079
AT3G29638,0.132943144464913
AT3G29639,0.4654142995013938
AT3G29644,0.46994405265645334
AT3G29645,0.1022361431632837
AT3G29670,0.36969588260892394
AT3G29680,0.3307754821906296
AT3G29690,0.17502292118988588
AT3G29720,0.1022361431632837
AT3G29740,0.1022361431632837
AT3G29750,0.1022361431632837
AT3G29760,0.46872936238437246
AT3G29763,0.1022361431632837
AT3G29765,0.1022361431632837
AT3G29770,0.7761163954350911
AT3G29780,0.9241430295435893
AT3G29785,0.1022361431632837
AT3G29790,0.1022361431632837
AT3G29791,0.1019935489625394
AT3G29794,0.1022361431632837
AT3G29796,0.1022361431632837
AT3G29797,0.1022361431632837
AT3G29800,0.1099706712038711
AT3G29810,0.520494116014375
AT3G29830,0.1022361431632837
AT3G29970,0.5766275439964894
AT3G30160,0.5883920744780604
AT3G30165,0.1022361431632837
AT3G30180,0.7297019388629213
AT3G30200,0.1022361431632837
AT3G30210,0.09912452482494499
AT3G30220,0.1022361431632837
AT3G30222,0.1022361431632837
AT3G30230,0.1022361431632837
AT3G30235,0.1019935489625394
AT3G30247,0.1022361431632837
AT3G30260,0.3666419669985531
AT3G30280,0.1159566138827015
AT3G30290,0.1022361431632837
AT3G30300,0.45317393397309264
AT3G30305,0.1022361431632837
AT3G30320,0.1022361431632837
AT3G30340,0.181758245257016
AT3G30350,0.6125115422844443
AT3G30370,0.1022361431632837
AT3G30380,0.396175605499692
AT3G30383,0.1022361431632837
AT3G30385,0.1022361431632837
AT3G30390,1.1803516329322548
AT3G30430,0.1022361431632837
AT3G30460,0.3466091430222331
AT3G30520,0.1022361431632837
AT3G30525,0.1022361431632837
AT3G30530,0.1022361431632837
AT3G30540,0.1022361431632837
AT3G30580,0.3165292692823723
AT3G30705,0.1022361431632837
AT3G30720,0.2889163627184075
AT3G30725,2.1678808668220433
AT3G30730,0.1905975867987884
AT3G30739,0.1659433667254858
AT3G30770,0.1458838858048483
AT3G30775,1.0676460743958225
AT3G30805,0.1022361431632837
AT3G30820,0.1022361431632837
AT3G30823,0.1022361431632837
AT3G30840,0.2632374593142614
AT3G30841,0.3378185439392194
AT3G30842,0.24496780312102417
AT3G30845,0.1205093452066448
AT3G31350,0.1022361431632837
AT3G31402,0.1022361431632837
AT3G31430,0.1022361431632837
AT3G31550,0.1022361431632837
AT3G31560,0.1022361431632837
AT3G31900,0.1022361431632837
AT3G31910,0.2841128938407321
AT3G31925,0.1022361431632837
AT3G31950,0.1022361431632837
AT3G32030,0.467505625419673
AT3G32040,0.40434341444041366
AT3G32047,0.2568733715982437
AT3G32050,0.1022361431632837
AT3G32090,0.10134379978257319
AT3G32130,0.1022361431632837
AT3G32150,0.1022361431632837
AT3G32160,0.1022361431632837
AT3G32180,0.1022361431632837
AT3G32190,0.1022361431632837
AT3G32200,0.1022361431632837
AT3G32260,0.1022361431632837
AT3G32280,0.1022361431632837
AT3G32330,0.1022361431632837
AT3G32380,0.1022361431632837
AT3G32400,0.1022361431632837
AT3G32410,0.1022361431632837
AT3G32420,0.1022361431632837
AT3G32896,0.1022361431632837
AT3G32904,0.1022361431632837
AT3G32920,0.11782258441404489
AT3G32930,0.5528905953044977
AT3G32940,0.40366240707620155
AT3G32960,0.1022361431632837
AT3G32980,2.125317287824513
AT3G33187,0.1022361431632837
AT3G33293,0.1022361431632837
AT3G33393,0.1022361431632837
AT3G33494,0.1022361431632837
AT3G33520,0.41397688595506316
AT3G33528,0.464635314938302
AT3G33530,0.5669167188216988
AT3G36659,0.1022361431632837
AT3G41761,0.2361156490473189
AT3G41762,1.1256117105329124
AT3G41768,0.34556291695135855
AT3G42050,0.9425964910939508
AT3G42060,0.1022361431632837
AT3G42075,0.1022361431632837
AT3G42130,0.1022361431632837
AT3G42140,0.1022361431632837
AT3G42148,0.1022361431632837
AT3G42150,0.5224069980905891
AT3G42153,0.1022361431632837
AT3G42155,0.1022361431632837
AT3G42160,0.1022361431632837
AT3G42170,0.6846836202858102
AT3G42180,0.6280577000357612
AT3G42310,0.1022361431632837
AT3G42390,0.1022361431632837
AT3G42473,0.1022361431632837
AT3G42550,0.1022361431632837
AT3G42560,0.1022361431632837
AT3G42565,0.1022361431632837
AT3G42570,0.1022361431632837
AT3G42628,0.1022361431632837
AT3G42630,0.44843911647911294
AT3G42640,0.3629016260211951
AT3G42660,0.4421450282643364
AT3G42670,0.426450167805935
AT3G42723,0.1022361431632837
AT3G42725,0.8652298736361665
AT3G42770,0.1022361431632837
AT3G42780,0.1022361431632837
AT3G42786,0.1022361431632837
AT3G42790,0.6481707114407578
AT3G42800,0.409754072105984
AT3G42830,0.1022361431632837
AT3G42850,0.1301920970452224
AT3G42860,0.2514405866543527
AT3G42870,0.1022361431632837
AT3G42880,0.1022361431632837
AT3G42940,0.1022361431632837
AT3G42950,0.43817383300919455
AT3G42960,0.1022361431632837
AT3G42990,0.1022361431632837
AT3G42995,0.1022361431632837
AT3G43083,0.1022361431632837
AT3G43110,0.4608751242237284
AT3G43120,0.1022361431632837
AT3G43148,0.1022361431632837
AT3G43150,0.1022361431632837
AT3G43153,0.1022361431632837
AT3G43160,0.1022361431632837
AT3G43170,0.1022361431632837
AT3G43180,0.1022361431632837
AT3G43190,0.8743130237308675
AT3G43210,0.4525587414252154
AT3G43220,0.423832608720493
AT3G43230,0.4144617371344318
AT3G43240,0.4969018350908133
AT3G43250,0.117195747938629
AT3G43260,0.1022361431632837
AT3G43270,0.49515470645710113
AT3G43280,0.736032509391175
AT3G43290,0.4422398679508245
AT3G43291,0.1786392413888431
AT3G43300,0.978881669645878
AT3G43340,0.1022361431632837
AT3G43400,0.1022361431632837
AT3G43410,0.1022361431632837
AT3G43415,0.1022361431632837
AT3G43420,0.1022361431632837
AT3G43430,0.49743219920292137
AT3G43432,0.1022361431632837
AT3G43440,0.39411739677195
AT3G43470,0.1022361431632837
AT3G43480,0.1022361431632837
AT3G43490,0.1022361431632837
AT3G43500,0.1022361431632837
AT3G43503,0.1022361431632837
AT3G43505,0.1022361431632837
AT3G43520,0.45381171405208554
AT3G43540,0.43613894129468994
AT3G43550,0.1022361431632837
AT3G43570,0.1022361431632837
AT3G43572,0.1022361431632837
AT3G43574,0.1022361431632837
AT3G43580,0.3161717727948248
AT3G43583,0.1022361431632837
AT3G43590,0.5790613162694265
AT3G43600,0.35967954383442824
AT3G43610,0.49625652147784793
AT3G43630,0.1022361431632837
AT3G43645,0.1022361431632837
AT3G43660,0.1019935489625394
AT3G43670,0.3830707682756939
AT3G43682,0.1268238937868427
AT3G43700,0.36850312437029636
AT3G43710,0.1022361431632837
AT3G43720,1.0800834972674287
AT3G43740,1.742280639255166
AT3G43750,0.1022361431632837
AT3G43790,0.28288338520857115
AT3G43800,0.9623967593108301
AT3G43810,0.8207770411106541
AT3G43833,0.13031778379537912
AT3G43837,0.1022361431632837
AT3G43840,0.44775870268912144
AT3G43850,0.1966542999560274
AT3G43860,0.1022361431632837
AT3G43870,0.1252890219889254
AT3G43880,0.1022361431632837
AT3G43890,0.5013286609832205
AT3G43910,0.1022361431632837
AT3G43920,0.2718260121577495
AT3G43930,0.28626321684178924
AT3G43940,0.1022361431632837
AT3G43950,0.6172500951819024
AT3G43960,0.5243310839655373
AT3G43970,0.1005546875699398
AT3G43980,0.6723657905775866
AT3G43990,0.1022361431632837
AT3G44006,0.5068040565879981
AT3G44010,1.0431707230043563
AT3G44020,0.2243683381984099
AT3G44050,0.3958888660750378
AT3G44060,0.1019935489625394
AT3G44070,0.1022361431632837
AT3G44080,0.1022361431632837
AT3G44090,0.1022361431632837
AT3G44100,0.6170649504165711
AT3G44110,0.69354067990345
AT3G44115,0.1022361431632837
AT3G44120,0.37231563170700055
AT3G44130,0.1022361431632837
AT3G44140,0.1022361431632837
AT3G44150,0.5015520999912965
AT3G44160,0.3006640387675104
AT3G44170,0.1022361431632837
AT3G44180,0.1022361431632837
AT3G44190,0.6315625485260057
AT3G44200,0.6050530249821463
AT3G44210,0.1022361431632837
AT3G44220,0.4946640839658494
AT3G44230,0.1022361431632837
AT3G44235,0.1022361431632837
AT3G44240,0.1022361431632837
AT3G44250,0.1022361431632837
AT3G44260,0.3208779364619505
AT3G44261,0.1022361431632837
AT3G44265,0.1022361431632837
AT3G44280,1.0187943208383343
AT3G44290,0.7888215933195669
AT3G44300,1.4803527317094654
AT3G44310,0.8390224069894212
AT3G44320,0.5645345692021322
AT3G44326,0.3796412718825457
AT3G44330,0.4688652861000331
AT3G44340,0.41438608161873247
AT3G44350,0.16280419032042448
AT3G44370,0.5470292441000308
AT3G44380,0.4672978820782655
AT3G44400,0.2561695335270199
AT3G44405,0.4144879661551874
AT3G44428,0.1022361431632837
AT3G44430,0.43280685315401835
AT3G44435,0.7671321759558657
AT3G44440,0.1959013373591643
AT3G44444,0.1022361431632837
AT3G44450,0.9091540217049715
AT3G44460,0.2439226299840188
AT3G44480,0.8125135664659768
AT3G44485,0.1201334463606511
AT3G44490,0.2441638364326392
AT3G44510,0.280879840334453
AT3G44530,0.37576983583974227
AT3G44540,1.01489826557235
AT3G44550,1.3289915927148028
AT3G44555,0.1022361431632837
AT3G44560,0.1085209510621854
AT3G44570,0.10932333394395069
AT3G44580,0.1022361431632837
AT3G44590,0.7177682156517475
AT3G44600,0.40576298966521185
AT3G44610,0.44208043655069124
AT3G44620,0.42396353486965277
AT3G44630,0.32737908793175013
AT3G44635,0.1174905511838523
AT3G44660,0.1808630278892337
AT3G44665,0.1022361431632837
AT3G44670,0.6991350012904289
AT3G44680,0.43501713633982503
AT3G44690,0.31811636227436546
AT3G44695,0.1940345882394189
AT3G44700,0.3495064075828209
AT3G44703,0.1703078095781721
AT3G44704,0.1022361431632837
AT3G44710,0.531362738819185
AT3G44713,0.24228476390014703
AT3G44716,1.4909041777842647
AT3G44718,0.1120192720113969
AT3G44720,0.670343360033252
AT3G44730,0.4984367231827233
AT3G44735,0.7881773753832515
AT3G44740,0.6891954596767894
AT3G44750,0.8797702506681595
AT3G44753,0.455874222227435
AT3G44755,0.1022361431632837
AT3G44760,0.1019935489625394
AT3G44763,0.1309317676700372
AT3G44765,0.4498631573869768
AT3G44766,0.204398950918189
AT3G44769,0.1001810529850545
AT3G44770,0.3257406195359131
AT3G44780,0.1019935489625394
AT3G44785,0.1022361431632837
AT3G44790,0.4377621613790687
AT3G44798,0.9040723486551552
AT3G44800,0.3874426635739658
AT3G44805,0.1297670948659782
AT3G44810,0.1022361431632837
AT3G44820,0.46411571005774144
AT3G44830,0.2935655999412097
AT3G44840,0.1019935489625394
AT3G44850,0.43846809844514134
AT3G44860,0.2487604085276627
AT3G44870,0.25661999101941424
AT3G44880,0.38003335423299434
AT3G44890,0.4504607922514252
AT3G44900,0.13668387176951358
AT3G44910,0.1022361431632837
AT3G44920,0.1022361431632837
AT3G44930,0.1022361431632837
AT3G44935,0.1022361431632837
AT3G44940,1.1870122023693304
AT3G44950,0.1299223258227401
AT3G44960,0.5268435319691043
AT3G44970,0.6784999313570053
AT3G44980,0.1022361431632837
AT3G44990,1.1672133155294047
AT3G45000,0.38772688654232856
AT3G45010,0.7555340307286313
AT3G45020,0.38986618798599415
AT3G45030,0.4489694244866569
AT3G45040,0.3968551752161634
AT3G45050,0.5168094636661564
AT3G45060,0.328345231986306
AT3G45070,1.5678257331337377
AT3G45080,0.4090187455114349
AT3G45090,0.42127464162769146
AT3G45093,0.10075254141967468
AT3G45100,0.3836990655444218
AT3G45110,0.11906065015740569
AT3G45130,0.3837701910872493
AT3G45140,0.1118847937388609
AT3G45150,0.1016524999438922
AT3G45160,1.8361123762017502
AT3G45170,0.2814526823604215
AT3G45180,0.2568656680499373
AT3G45190,0.5518276328964216
AT3G45200,0.17785057677827398
AT3G45210,0.5429933656818072
AT3G45220,0.2656325412378505
AT3G45230,0.5144380778586581
AT3G45240,0.5722728816892939
AT3G45243,0.1022361431632837
AT3G45245,0.1016524999438922
AT3G45248,0.1022361431632837
AT3G45252,0.1022361431632837
AT3G45260,0.33327792335149753
AT3G45275,0.1022361431632837
AT3G45280,0.2407364717209296
AT3G45285,0.1022361431632837
AT3G45290,0.155099734394915
AT3G45300,0.8455571806646238
AT3G45310,0.8533236315000792
AT3G45320,0.1162268226413913
AT3G45330,0.23980366977479492
AT3G45390,0.31627530542804627
AT3G45400,0.2492527675055255
AT3G45410,0.5858813745484008
AT3G45420,0.4818810620707109
AT3G45430,0.3596348425250167
AT3G45440,0.4400485704992446
AT3G45443,0.7301862612472664
AT3G45450,0.1022361431632837
AT3G45460,0.1019935489625394
AT3G45470,0.1022361431632837
AT3G45480,0.1022361431632837
AT3G45490,0.1268898170347921
AT3G45500,0.1019935489625394
AT3G45510,0.1022361431632837
AT3G45525,0.1022361431632837
AT3G45530,0.2730639425933578
AT3G45540,0.1080252723952546
AT3G45555,0.1022361431632837
AT3G45560,0.1022361431632837
AT3G45570,0.1016524999438922
AT3G45577,0.1022361431632837
AT3G45580,0.1022361431632837
AT3G45590,0.5918732739146506
AT3G45600,0.9630513942684054
AT3G45610,0.4819536914161839
AT3G45620,0.45191924285440044
AT3G45630,0.6207419720349996
AT3G45638,0.3254757400360323
AT3G45640,0.642602114068322
AT3G45645,0.1022361431632837
AT3G45650,0.753989717984912
AT3G45660,0.3694577782432644
AT3G45670,0.1022361431632837
AT3G45673,0.1022361431632837
AT3G45680,0.9345369357859895
AT3G45690,0.1218349992710009
AT3G45700,0.9865606654000412
AT3G45710,1.062488844696699
AT3G45720,0.1302987830149705
AT3G45730,0.7631952952878921
AT3G45740,0.5714502943968943
AT3G45750,0.4034774083516995
AT3G45760,0.1375752869709154
AT3G45770,0.5655087181854898
AT3G45780,0.482629926084279
AT3G45790,0.1022361431632837
AT3G45800,0.1022361431632837
AT3G45810,0.1022361431632837
AT3G45820,0.1022361431632837
AT3G45830,0.33477881451817865
AT3G45840,0.3459987443769145
AT3G45850,0.4482554151002931
AT3G45851,0.1022361431632837
AT3G45860,0.1852771359227785
AT3G45870,0.2682396674536779
AT3G45880,0.2887847027741159
AT3G45890,0.5441329929166665
AT3G45900,0.29137716859418794
AT3G45910,0.1022361431632837
AT3G45920,0.17164428080565738
AT3G45930,0.636047614996172
AT3G45940,0.1022361431632837
AT3G45950,0.1022361431632837
AT3G45955,0.1019935489625394
AT3G45960,0.5734379827029068
AT3G45970,0.5450530940678266
AT3G45980,0.733956371629864
AT3G45990,0.1022361431632837
AT3G46000,0.9663479628772882
AT3G46010,0.8253387503132175
AT3G46020,0.4812888497554715
AT3G46030,1.2926842848810107
AT3G46040,0.6176838483521867
AT3G46050,0.1019935489625394
AT3G46060,0.8676697647901084
AT3G46070,0.1022361431632837
AT3G46080,0.2556632529930068
AT3G46086,0.1022361431632837
AT3G46090,0.1820423291429354
AT3G46100,0.36090441035120513
AT3G46110,0.4600257185623325
AT3G46120,0.1022361431632837
AT3G46130,0.7541076397008818
AT3G46140,0.1022361431632837
AT3G46150,0.3120883283179168
AT3G46160,0.1116354962302682
AT3G46170,0.3353333170205824
AT3G46180,0.9062912984657727
AT3G46190,0.3583708481530654
AT3G46200,0.6397338478408857
AT3G46210,0.7145181628942068
AT3G46220,0.29992157311104206
AT3G46230,1.4169761564377998
AT3G46240,0.1270129831778453
AT3G46260,0.16721688037439308
AT3G46270,0.6567632166675572
AT3G46280,0.697327655366408
AT3G46290,0.4911559513464917
AT3G46300,0.13318277352194308
AT3G46310,0.12862192823319502
AT3G46320,0.46898872751880205
AT3G46330,0.3712116223573551
AT3G46340,0.33781286780218156
AT3G46350,0.1022361431632837
AT3G46355,0.1022361431632837
AT3G46360,0.1022361431632837
AT3G46370,0.3052361951179844
AT3G46380,0.1022361431632837
AT3G46390,0.1022361431632837
AT3G46400,0.4882256665792342
AT3G46410,0.1019935489625394
AT3G46420,0.1307358294932846
AT3G46430,1.2172339790172932
AT3G46440,0.8168709764921394
AT3G46450,0.3381029832837804
AT3G46460,0.5726647038594759
AT3G46470,0.1022361431632837
AT3G46480,0.3742305539960255
AT3G46490,0.568213538882051
AT3G46500,0.3781518175349488
AT3G46510,0.36183071756851737
AT3G46520,0.1363412216858679
AT3G46530,0.4519375539694222
AT3G46540,0.8492325155327276
AT3G46550,0.4038052431143324
AT3G46560,0.7219587634531388
AT3G46565,0.1022361431632837
AT3G46570,0.1022361431632837
AT3G46580,0.37981199019841827
AT3G46590,0.5974437902713137
AT3G46600,0.611136820282961
AT3G46610,0.3420712499347258
AT3G46613,0.2039947058440986
AT3G46614,0.24698368750930227
AT3G46616,0.3893436644282514
AT3G46617,0.3238580494593437
AT3G46620,0.3099795073811319
AT3G46630,0.4135172652435263
AT3G46640,0.5437842704527214
AT3G46650,0.3943637571797889
AT3G46658,0.5367975628170057
AT3G46660,0.2640975427761889
AT3G46666,0.1070231087568908
AT3G46668,0.30635747535108027
AT3G46670,0.1016524999438922
AT3G46680,0.3426949818443404
AT3G46690,0.47609490869826354
AT3G46700,1.0731651430879476
AT3G46710,0.3690540076991715
AT3G46720,0.9433107370763242
AT3G46730,0.3736356348535685
AT3G46735,0.1202438212587964
AT3G46740,0.5779080020586951
AT3G46750,0.2547595638484098
AT3G46760,0.306720927737153
AT3G46770,0.1022361431632837
AT3G46780,0.3419240960289448
AT3G46790,0.3598132094678993
AT3G46800,0.2392447711969266
AT3G46810,0.38516536349378794
AT3G46820,0.40649757059970926
AT3G46830,0.5918610590458508
AT3G46840,0.1016524999438922
AT3G46845,1.6070839999866076
AT3G46850,0.1022361431632837
AT3G46860,0.1022361431632837
AT3G46870,0.37089945624012566
AT3G46875,0.1022361431632837
AT3G46880,0.48351961966644386
AT3G46890,0.2917621131851847
AT3G46900,0.9264323855819101
AT3G46910,0.1342766057869721
AT3G46920,0.3528630135423733
AT3G46930,0.3439125899312332
AT3G46940,0.481491177664112
AT3G46950,0.42001179074337747
AT3G46960,0.4822553823617998
AT3G46970,0.3153857719846203
AT3G46980,0.3682302125443082
AT3G46990,0.37130905696962724
AT3G47000,0.6251781880405869
AT3G47010,0.4771810081358755
AT3G47020,0.1022361431632837
AT3G47030,0.1957751298225166
AT3G47040,0.3801195746310246
AT3G47050,0.2710364009450987
AT3G47060,0.2561961467590791
AT3G47070,0.5052762049136394
AT3G47080,0.3606988869167768
AT3G47090,0.22903300079175548
AT3G47100,0.35404304307839696
AT3G47110,0.2177772737461967
AT3G47120,0.44474023987361133
AT3G47130,0.1022361431632837
AT3G47140,0.1022361431632837
AT3G47150,0.12083001916778939
AT3G47160,0.6605235893362141
AT3G47170,0.1022361431632837
AT3G47180,0.2935949901032517
AT3G47190,0.1019935489625394
AT3G47200,0.6162581441923833
AT3G47210,0.5214458167011208
AT3G47220,0.4394154979725737
AT3G47250,0.173874864366201
AT3G47290,0.4182681507230175
AT3G47295,0.20631252151094898
AT3G47300,0.887040897625013
AT3G47340,1.4701302513220913
AT3G47341,0.1022361431632837
AT3G47342,0.1022361431632837
AT3G47347,0.23619892221672611
AT3G47348,0.37621710954010557
AT3G47350,2.69550958517172
AT3G47360,0.9033831406833761
AT3G47370,0.6354562633259189
AT3G47380,0.4562973862519101
AT3G47390,0.47577082531480025
AT3G47400,0.3401140310602909
AT3G47410,0.1022361431632837
AT3G47420,0.8995308048068192
AT3G47430,0.2844548588298433
AT3G47440,0.1022361431632837
AT3G47450,0.3036615891272622
AT3G47460,0.4303078278487106
AT3G47470,1.364196124453054
AT3G47480,0.6435618306217281
AT3G47490,0.4087144659554449
AT3G47500,0.5116308478162748
AT3G47510,1.264567754834212
AT3G47520,0.7323905497045258
AT3G47530,0.30193508154049026
AT3G47540,1.2567672933873189
AT3G47550,0.5496077270238642
AT3G47560,0.42573277924298814
AT3G47570,0.3708721047794126
AT3G47580,0.1757034665697605
AT3G47590,0.7651269700998888
AT3G47600,0.3521309587623774
AT3G47610,0.4928039716938579
AT3G47620,0.6817722596260316
AT3G47630,0.38545718606477036
AT3G47640,0.5173502899728393
AT3G47650,0.5215415591651282
AT3G47660,0.1016524999438922
AT3G47670,0.655907536953569
AT3G47675,0.5063393335523735
AT3G47680,0.9641642754363084
AT3G47690,0.513679676512767
AT3G47700,0.2697328443846702
AT3G47710,1.3392729993340493
AT3G47720,0.2250868709453329
AT3G47730,0.5131925121515046
AT3G47740,0.2862943389505894
AT3G47750,0.1167811248139083
AT3G47760,0.3115781402685899
AT3G47770,0.3158138983832498
AT3G47780,0.49361774145305753
AT3G47790,0.32243961972674695
AT3G47800,0.5490240213428215
AT3G47810,0.8431854526036422
AT3G47820,0.3195102966032035
AT3G47830,0.31692408284361695
AT3G47833,0.6902703307199034
AT3G47836,0.6155782657094484
AT3G47840,0.3077660392704674
AT3G47850,0.36166070944778017
AT3G47860,0.3185854228742215
AT3G47870,0.1410252827892093
AT3G47890,0.5394457183919072
AT3G47910,0.5768204451676608
AT3G47920,0.1903601998846754
AT3G47930,0.5055689631330361
AT3G47940,0.2463906527733975
AT3G47950,0.2247850724093884
AT3G47960,0.7428943535706687
AT3G47965,1.5521067206971222
AT3G47980,0.6681875677984788
AT3G47990,0.5535048980337999
AT3G48000,0.7281736837116426
AT3G48010,0.2077478737458299
AT3G48020,0.3455602338910305
AT3G48030,0.5950559864768228
AT3G48040,0.5268598944307967
AT3G48050,0.8455659229881229
AT3G48057,0.1392459733772222
AT3G48060,0.4766602409607346
AT3G48070,0.3833710753085776
AT3G48080,0.4133560684553157
AT3G48090,0.5223961932191934
AT3G48100,0.794168882651922
AT3G48110,0.3006969309167536
AT3G48115,0.7794095637230376
AT3G48120,0.2857491635243366
AT3G48131,0.1462066484804802
AT3G48140,0.8167862819538589
AT3G48150,0.2909190078351376
AT3G48160,0.6020970701098695
AT3G48170,0.49698895809765187
AT3G48180,0.509076235865849
AT3G48185,0.6595197963655909
AT3G48187,0.41151669015565595
AT3G48190,0.3992023614110818
AT3G48195,0.3515904883794655
AT3G48200,0.2512985848914833
AT3G48201,0.12435328276869499
AT3G48205,0.1022361431632837
AT3G48208,0.1830519845154637
AT3G48209,0.1022361431632837
AT3G48210,0.46336136357325863
AT3G48220,0.1022361431632837
AT3G48230,0.15106468822201852
AT3G48231,0.1022361431632837
AT3G48240,0.7580948551004738
AT3G48250,0.3554176166677063
AT3G48260,0.4162003937110294
AT3G48270,0.8033563810841288
AT3G48280,0.23434099591338128
AT3G48290,0.1274576774664975
AT3G48298,0.1022361431632837
AT3G48300,0.1603300955564132
AT3G48310,0.1022361431632837
AT3G48320,0.3159360551566528
AT3G48330,0.452342952594295
AT3G48340,1.230005308032112
AT3G48343,0.13002848577730491
AT3G48344,0.11452360932125459
AT3G48346,0.1100003461395734
AT3G48350,1.0958892008768033
AT3G48360,1.5041974621115426
AT3G48380,0.5976434907055299
AT3G48390,0.426660069224417
AT3G48400,0.1022361431632837
AT3G48410,0.5966724048080507
AT3G48420,0.37548421643349716
AT3G48425,0.3517429298809066
AT3G48430,0.44329865905773347
AT3G48440,0.30727992389927916
AT3G48450,1.2070935223315804
AT3G48460,0.29730106485185515
AT3G48470,0.2215336452493956
AT3G48475,0.12174888926759139
AT3G48480,0.2850419880278462
AT3G48490,0.5668152970817115
AT3G48500,0.4246025474201162
AT3G48510,0.4863419330380178
AT3G48520,0.3751400470799804
AT3G48530,0.9072287682253346
AT3G48540,0.2456771584449698
AT3G48550,0.2287263052368849
AT3G48560,1.1670009421971166
AT3G48570,0.8102465596091378
AT3G48580,1.3476834871400316
AT3G48590,0.37263661265448705
AT3G48600,0.240041219211516
AT3G48610,0.4616266960565039
AT3G48620,0.2709789725050063
AT3G48630,0.1022361431632837
AT3G48640,0.1035917310484888
AT3G48660,0.40705562190939354
AT3G48670,0.5168858691929086
AT3G48675,0.1022361431632837
AT3G48680,0.5021355517378923
AT3G48690,0.5469882621716353
AT3G48700,0.6512640827767234
AT3G48710,0.9889511157874031
AT3G48720,0.1534453964191672
AT3G48730,0.4513102450748364
AT3G48740,1.0591228160453916
AT3G48750,0.655057651166338
AT3G48760,0.39691057281107944
AT3G48770,0.3204479355135826
AT3G48780,0.3377872637647601
AT3G48790,0.241050884331799
AT3G48800,0.2958303473401175
AT3G48810,0.2628817684661005
AT3G48820,0.6498522168584069
AT3G48830,0.3270964288102742
AT3G48835,0.2052329906934408
AT3G48840,0.2069366821795183
AT3G48850,0.5031454865705891
AT3G48860,0.4970228007089813
AT3G48870,0.7997804827547323
AT3G48880,0.42896557240785316
AT3G48890,0.7637554926785941
AT3G48900,0.3074672049257275
AT3G48920,1.0326293021353306
AT3G48930,0.8147601736731431
AT3G48940,0.6101614029132632
AT3G48950,0.1022361431632837
AT3G48960,0.1019935489625394
AT3G48970,0.9469538608095489
AT3G48980,0.4216867932997611
AT3G48990,0.8263211699001789
AT3G49000,0.2802271780179048
AT3G49010,0.6907896581623141
AT3G49020,0.1022361431632837
AT3G49030,0.11724133914378139
AT3G49040,0.1022361431632837
AT3G49045,0.1022361431632837
AT3G49050,0.6755054564129344
AT3G49055,0.1973221567607924
AT3G49060,0.2835916701748465
AT3G49070,0.3773726539603926
AT3G49080,0.6025618830610944
AT3G49100,0.770616726348367
AT3G49110,0.4038847158214442
AT3G49115,0.1022361431632837
AT3G49120,1.8183217886083294
AT3G49130,0.1603673907225228
AT3G49140,0.45241203113385364
AT3G49142,0.3447754496411121
AT3G49150,0.2537454710856981
AT3G49155,0.19038258069170158
AT3G49160,0.3186062089183531
AT3G49170,0.2921217719824719
AT3G49180,0.6630808360077922
AT3G49190,0.354713725852518
AT3G49200,0.1176064759110621
AT3G49210,0.29619316621588987
AT3G49220,0.4707146733557859
AT3G49230,0.32937627827133986
AT3G49240,0.2410433459321437
AT3G49250,0.4032532758933549
AT3G49260,0.14379701307322168
AT3G49270,0.1022361431632837
AT3G49290,0.38695999961502847
AT3G49300,0.1022361431632837
AT3G49305,0.1022361431632837
AT3G49307,0.1022361431632837
AT3G49310,0.5386963735234183
AT3G49320,0.9614330775617763
AT3G49330,1.031448696154084
AT3G49340,0.1022361431632837
AT3G49350,0.37771938013311424
AT3G49360,0.477772746055828
AT3G49370,0.3223005950398284
AT3G49380,0.4431489191732267
AT3G49390,0.4592292758009443
AT3G49400,0.36822299957857096
AT3G49410,0.2753110909537697
AT3G49420,0.44908897073206855
AT3G49430,0.49956986687052374
AT3G49440,0.1022361431632837
AT3G49450,0.1022361431632837
AT3G49460,0.1019935489625394
AT3G49470,0.6236598930479639
AT3G49480,0.1019935489625394
AT3G49490,0.4703241379452555
AT3G49500,0.40875566711684214
AT3G49510,0.2679335236963805
AT3G49520,0.1022361431632837
AT3G49530,0.3674260596107756
AT3G49540,0.10075254141967468
AT3G49550,1.0204271165759202
AT3G49551,0.174474307845719
AT3G49560,0.47106841411155986
AT3G49570,0.6796215161743786
AT3G49580,0.4286892688924984
AT3G49590,0.40370197857520584
AT3G49600,0.37027581780237595
AT3G49601,0.9311763264755668
AT3G49610,0.1022361431632837
AT3G49620,0.4041598668222772
AT3G49630,0.3958868400764613
AT3G49640,0.918047779627648
AT3G49645,0.3264621641956078
AT3G49650,0.2789911376399297
AT3G49660,0.3727163155164868
AT3G49668,0.1022361431632837
AT3G49670,0.5177448209739617
AT3G49680,0.725161840490099
AT3G49690,0.559146288538428
AT3G49700,0.1419928812136249
AT3G49710,0.4730837835568782
AT3G49720,0.46413523868369677
AT3G49725,0.44927784895507444
AT3G49730,0.4461623866560165
AT3G49740,0.125704489814125
AT3G49744,0.1224648115089617
AT3G49750,0.8636929257321503
AT3G49760,0.8416163367607038
AT3G49770,0.1019935489625394
AT3G49780,0.9660679572790838
AT3G49790,0.47962984704627787
AT3G49796,0.1022361431632837
AT3G49800,0.4688199418607264
AT3G49810,0.6245608715613198
AT3G49820,0.36235406119635494
AT3G49830,0.30208730662500527
AT3G49840,0.41745944925499956
AT3G49845,1.1563268137264133
AT3G49850,0.625718193036715
AT3G49860,0.871050385951249
AT3G49870,0.8063801490211027
AT3G49880,0.41993124109512525
AT3G49890,0.44958107693745797
AT3G49900,0.4671244751496499
AT3G49910,0.9218412651922034
AT3G49920,0.4515659435705642
AT3G49930,0.40079324178026754
AT3G49940,0.7868079904908554
AT3G49950,0.1022361431632837
AT3G49960,1.0265985359831762
AT3G49970,0.1328593128798704
AT3G49980,0.1983408570878991
AT3G49990,0.5473551458899574
AT3G50000,0.7014271917606314
AT3G50010,0.4273873306165458
AT3G50020,0.1315134006904096
AT3G50030,0.2720322794989716
AT3G50040,0.528731552195247
AT3G50050,0.37557067604339484
AT3G50060,0.2509678932223823
AT3G50070,0.5448685620786591
AT3G50080,0.34996388755743013
AT3G50090,0.1022361431632837
AT3G50100,0.5086594477395745
AT3G50110,0.4252330040932054
AT3G50120,0.3513587816692716
AT3G50123,0.1022361431632837
AT3G50130,0.2502072028209515
AT3G50140,0.3645916931898844
AT3G50150,0.2822373981695912
AT3G50160,0.30229810822399017
AT3G50170,0.2334685437570833
AT3G50180,0.2257420786619516
AT3G50190,0.3265196284679381
AT3G50200,0.283632295445624
AT3G50210,0.3602058932355844
AT3G50220,0.2998149962061811
AT3G50230,0.2950159238874568
AT3G50240,0.3331304410786609
AT3G50250,0.1022361431632837
AT3G50260,0.4079824009999462
AT3G50270,0.2208337011215833
AT3G50280,0.3370388842236197
AT3G50290,0.41628492856688815
AT3G50300,0.7579504005336125
AT3G50310,0.3734019685954472
AT3G50320,0.1022361431632837
AT3G50330,0.1942477728763607
AT3G50340,0.3854156812007197
AT3G50350,0.8789264439523511
AT3G50360,1.1694010961302894
AT3G50370,0.9417374385331542
AT3G50373,0.1022361431632837
AT3G50380,0.49222302801970813
AT3G50390,0.3020023041727852
AT3G50400,0.4855211420004607
AT3G50410,0.5975593770680369
AT3G50420,0.2694480903747018
AT3G50430,0.38111202117802523
AT3G50440,0.2603638140792071
AT3G50450,0.1096914403793772
AT3G50460,0.48172491499757225
AT3G50470,0.3679127938148748
AT3G50480,0.436642593664186
AT3G50500,1.0200420397064094
AT3G50510,0.1052949741324453
AT3G50520,0.6578713720274607
AT3G50530,0.7229467759396503
AT3G50540,0.1022361431632837
AT3G50550,0.7890200448889162
AT3G50560,0.1710415508667807
AT3G50570,0.1022361431632837
AT3G50580,0.1022361431632837
AT3G50590,0.6651685299261781
AT3G50610,0.7312103327742403
AT3G50620,0.9045490663288523
AT3G50630,0.5055028705665057
AT3G50640,0.7586248510075851
AT3G50650,0.3345577210741102
AT3G50660,0.7730957411878143
AT3G50665,0.1022361431632837
AT3G50670,0.5440430653040927
AT3G50685,0.42168697113232345
AT3G50690,0.5079032341155845
AT3G50700,0.560710849528749
AT3G50710,0.40685708932918274
AT3G50720,0.1022361431632837
AT3G50730,0.1022361431632837
AT3G50740,0.7751710386037639
AT3G50750,0.16310707259356041
AT3G50760,0.34851544550968194
AT3G50770,0.3567140640729422
AT3G50780,0.5406457258567015
AT3G50790,0.42379960517641224
AT3G50800,0.2721469202165647
AT3G50808,0.1022361431632837
AT3G50810,0.5292778508895813
AT3G50820,0.6130425710181461
AT3G50825,0.3574138614628064
AT3G50830,1.3415499816484266
AT3G50835,0.133966077702009
AT3G50840,0.3859281331025223
AT3G50845,0.5779898785536957
AT3G50850,0.29519555497025596
AT3G50860,0.45733788334595016
AT3G50870,0.4312611867639321
AT3G50880,0.5229923717891813
AT3G50890,0.1695451362811076
AT3G50900,0.5683949437206721
AT3G50910,0.37797256072752705
AT3G50920,0.4965368676738088
AT3G50925,0.1022361431632837
AT3G50930,0.6555773534605114
AT3G50940,0.2037568538993906
AT3G50950,0.4234458259612954
AT3G50960,0.5959920541351293
AT3G50970,1.864287432166922
AT3G50980,2.2644414457528637
AT3G50990,0.1644277433971865
AT3G51000,0.6612436702907223
AT3G51010,0.5659802792823381
AT3G51020,0.1437381102888114
AT3G51030,0.6795410490782738
AT3G51040,0.724070340772044
AT3G51050,0.8039602801772765
AT3G51060,0.301263938392386
AT3G51070,0.1022361431632837
AT3G51075,0.2911422736001685
AT3G51080,0.30851986546474497
AT3G51090,0.4079046091693541
AT3G51100,0.7364038289292525
AT3G51110,0.4646047622003194
AT3G51120,0.7756368869150874
AT3G51130,0.32768739440922834
AT3G51135,0.1022361431632837
AT3G51140,0.5020977094144161
AT3G51150,0.32454799880787544
AT3G51160,0.6584261263160456
AT3G51171,0.35269279799444386
AT3G51180,0.3538418592317652
AT3G51190,0.1403657231397095
AT3G51200,0.13619657096429938
AT3G51210,0.1022361431632837
AT3G51220,0.4804765782654037
AT3G51230,0.4487375001338112
AT3G51238,0.4151968501252318
AT3G51240,0.9586942440505251
AT3G51250,0.48414769196675994
AT3G51260,0.7210130616511929
AT3G51270,0.49659621027629164
AT3G51280,0.6055130311509374
AT3G51290,0.5188153283474937
AT3G51300,0.31990402185719335
AT3G51310,0.7642338146420258
AT3G51320,0.43135455938385675
AT3G51325,0.36716196683331614
AT3G51330,0.9910829981550173
AT3G51340,0.3155995290103612
AT3G51350,0.7256778071466934
AT3G51360,0.4103006268759585
AT3G51370,0.5024333642052372
AT3G51375,0.1016524999438922
AT3G51380,0.5552660878267544
AT3G51390,0.42983521631014554
AT3G51400,0.1338728566310174
AT3G51410,0.4059206171919071
AT3G51420,0.3187500078077003
AT3G51430,0.5351522127692145
AT3G51440,0.5038894039506905
AT3G51450,0.5011881612075997
AT3G51460,0.5271108255491146
AT3G51470,0.3053047944335865
AT3G51480,0.373866005756317
AT3G51490,0.2118286926164973
AT3G51500,0.5766838983473063
AT3G51510,0.7790916645685232
AT3G51520,0.5790105337665021
AT3G51530,0.47844069069220746
AT3G51540,0.692707981397758
AT3G51550,0.5784763778812116
AT3G51560,0.18137001682041579
AT3G51570,0.1924461481752256
AT3G51580,0.6289759891892992
AT3G51590,0.1022361431632837
AT3G51600,2.0313521930302634
AT3G51610,0.3490639612994946
AT3G51620,0.6006101065884031
AT3G51630,0.601980322944032
AT3G51640,0.34444143575828284
AT3G51642,1.3466404772473308
AT3G51644,0.28511717609271214
AT3G51650,0.3003978229347176
AT3G51660,0.625663412237655
AT3G51670,0.5771077390871837
AT3G51680,0.6199916155940424
AT3G51690,0.1022361431632837
AT3G51700,0.1022361431632837
AT3G51710,0.47958204739274657
AT3G51720,1.116675817058744
AT3G51730,0.9987507373170004
AT3G51740,0.7672505311649372
AT3G51750,1.1547980119360293
AT3G51760,0.2282605579935697
AT3G51770,0.3755272579206441
AT3G51780,0.2865560586709089
AT3G51790,0.2646287039718972
AT3G51800,0.8165608433131468
AT3G51810,2.79088429813513
AT3G51820,0.49312813465294003
AT3G51830,0.32254741739324283
AT3G51840,0.5078479627663566
AT3G51850,0.41305531967590536
AT3G51860,0.6539720084129041
AT3G51870,0.3427082954837485
AT3G51880,0.7241848437388319
AT3G51890,0.40944451985714914
AT3G51895,0.5616076302635761
AT3G51910,0.9217380369573663
AT3G51920,0.6102071621741834
AT3G51930,0.2691593556257352
AT3G51940,0.2412270538527312
AT3G51950,0.7687371556614015
AT3G51960,0.3743008152579517
AT3G51970,0.4948524960430703
AT3G51980,0.3444999857003328
AT3G51990,0.431362809177325
AT3G52000,0.1022361431632837
AT3G52010,0.1022361431632837
AT3G52020,0.1779175898102539
AT3G52030,0.5840148124525438
AT3G52040,1.3364686422723362
AT3G52050,0.4322731962802806
AT3G52060,0.8003839341618452
AT3G52070,0.49201823568105385
AT3G52072,0.36518133560914784
AT3G52075,0.1019935489625394
AT3G52080,0.11685879248253209
AT3G52090,0.6790044617655395
AT3G52100,0.33049682065912706
AT3G52105,0.557015348254603
AT3G52110,0.552786603707405
AT3G52115,0.3481932830402914
AT3G52120,0.42143651066173404
AT3G52130,0.1016524999438922
AT3G52140,0.8497554509084541
AT3G52150,0.6919637416772795
AT3G52155,0.27302084083180905
AT3G52160,0.1581399155441021
AT3G52170,0.6273615633704245
AT3G52180,0.3907669884609501
AT3G52190,0.549126849321498
AT3G52200,0.6555005716470439
AT3G52210,0.3846581714229471
AT3G52220,0.7398264322543407
AT3G52230,0.4296871167895524
AT3G52240,0.3568951210318877
AT3G52250,0.6825601787154048
AT3G52260,0.33145546380063373
AT3G52270,0.20585207175247658
AT3G52280,0.3647554371016903
AT3G52290,0.575370937301217
AT3G52300,0.8185499076222666
AT3G52310,0.1391749900289205
AT3G52320,0.1828958674879688
AT3G52330,0.1022361431632837
AT3G52340,0.20864536520478505
AT3G52345,0.1022361431632837
AT3G52350,0.1022361431632837
AT3G52360,0.87260723901136
AT3G52370,0.6066253363805302
AT3G52380,0.5976389449035889
AT3G52390,0.5884160799870756
AT3G52400,0.5242277633328447
AT3G52420,0.5460852099956046
AT3G52430,0.5508626462056208
AT3G52440,0.33458506959374124
AT3G52450,0.5844828872560064
AT3G52460,0.635047795608929
AT3G52470,0.7448814737643854
AT3G52480,0.4597360651354942
AT3G52490,0.4796950737039871
AT3G52500,0.7757738036299172
AT3G52510,0.1022361431632837
AT3G52520,0.4468791209019449
AT3G52525,0.2174916590549106
AT3G52526,0.2203658985441392
AT3G52530,0.4335450653951256
AT3G52535,0.5370970443419438
AT3G52540,0.25174881344435673
AT3G52550,0.4190112184775234
AT3G52560,0.48084646089834404
AT3G52561,0.2791663150933573
AT3G52570,0.5109457402398927
AT3G52580,0.8028423048759916
AT3G52590,0.6732106703702936
AT3G52600,0.1906448082896639
AT3G52605,0.4042288785630769
AT3G52610,0.3071999382842313
AT3G52620,0.11525873319638319
AT3G52630,0.9528802878598601
AT3G52640,0.36407620151449205
AT3G52660,0.40480688945673393
AT3G52680,0.6102041010753496
AT3G52690,0.1022361431632837
AT3G52700,0.7302697219953684
AT3G52710,0.4680479358828905
AT3G52720,0.4589383190352131
AT3G52730,0.764236732592046
AT3G52740,1.022899646952972
AT3G52742,0.1783220455575065
AT3G52748,1.2056211343557997
AT3G52750,0.28113190316003517
AT3G52760,0.4522202469557306
AT3G52770,0.44756030340333086
AT3G52780,0.21157362309968258
AT3G52790,0.8759461003577107
AT3G52800,0.735937418342959
AT3G52810,0.1022361431632837
AT3G52820,0.514638434409589
AT3G52830,0.1022361431632837
AT3G52840,0.36766782732613823
AT3G52850,0.5957398674020035
AT3G52860,0.4752894548071954
AT3G52870,0.5347478190006582
AT3G52880,0.901646448021026
AT3G52890,0.5447738718009888
AT3G52900,1.1938570630640901
AT3G52905,0.4509871897218425
AT3G52910,0.6029894170232816
AT3G52920,0.9546013367048016
AT3G52930,1.3853163083219133
AT3G52940,0.6486978928562843
AT3G52941,0.1022361431632837
AT3G52950,0.43939404341938093
AT3G52960,0.547098819272906
AT3G52970,0.5516383443109041
AT3G52980,0.1022361431632837
AT3G52990,0.8668075022788466
AT3G53000,0.4734598179265552
AT3G53010,0.4576804635322173
AT3G53015,0.1022361431632837
AT3G53016,0.1022361431632837
AT3G53020,0.8914348584087399
AT3G53030,0.3980862272304652
AT3G53040,2.0857303052869107
AT3G53050,0.1022361431632837
AT3G53060,0.1022361431632837
AT3G53065,0.1022361431632837
AT3G53070,0.1022361431632837
AT3G53075,0.1019935489625394
AT3G53080,0.1022361431632837
AT3G53090,0.38235673927325187
AT3G53100,0.8479687771404971
AT3G53110,0.6544644469046446
AT3G53120,0.4906236402812514
AT3G53130,0.39938991503690857
AT3G53140,0.143695762810968
AT3G53150,0.2456811801142027
AT3G53160,0.30286869763603097
AT3G53170,0.237840598286354
AT3G53180,0.4719690690627584
AT3G53190,0.9685818294969839
AT3G53200,0.4351431604418303
AT3G53210,0.6593848031604338
AT3G53220,0.2984766117038235
AT3G53230,1.6454756107665809
AT3G53232,0.134340589411395
AT3G53235,0.8556612030702901
AT3G53240,0.4693609298288027
AT3G53250,0.1022361431632837
AT3G53260,0.9247083394387783
AT3G53270,0.5689296251780613
AT3G53280,0.40114200152473933
AT3G53290,0.1022361431632837
AT3G53294,0.1158562658783418
AT3G53300,0.1250279590727627
AT3G53305,0.1926770102209138
AT3G53310,0.1643591633894175
AT3G53320,0.44109165459846594
AT3G53330,0.1022361431632837
AT3G53340,0.42612133103964167
AT3G53342,0.1022361431632837
AT3G53350,0.594859659511263
AT3G53360,0.3056625122020054
AT3G53365,0.1611688740103911
AT3G53370,0.5976612639245102
AT3G53380,0.3821604007041509
AT3G53390,0.2842204670978713
AT3G53400,0.29023835574789114
AT3G53410,0.3116581078260312
AT3G53420,1.7264620089136766
AT3G53430,0.6353823261368752
AT3G53440,0.31955610923562183
AT3G53450,0.3397022814137307
AT3G53460,0.6588919159450399
AT3G53470,0.308199868900244
AT3G53480,0.9222634855794708
AT3G53490,0.4388145252999476
AT3G53500,0.34329319606251274
AT3G53510,0.5019868149092888
AT3G53520,0.42396453502072873
AT3G53530,0.3189906648266454
AT3G53540,0.40625793949320643
AT3G53550,0.1022361431632837
AT3G53560,0.49500571573844604
AT3G53570,0.30088742892044074
AT3G53580,0.4023235739112996
AT3G53590,0.2017750990093989
AT3G53600,0.363110139322816
AT3G53610,0.6811830859354295
AT3G53611,0.1022361431632837
AT3G53620,0.7999852176866338
AT3G53630,0.5778890632960798
AT3G53640,0.1022361431632837
AT3G53650,1.5892614621532004
AT3G53670,0.8508144374126744
AT3G53680,0.3413317785543494
AT3G53690,0.3613446802171407
AT3G53700,0.3504956082626412
AT3G53710,0.3973642346582207
AT3G53720,0.1437999025489281
AT3G53730,0.6842508311972024
AT3G53740,0.8703027052576777
AT3G53750,0.5189989032826776
AT3G53760,0.357096172841166
AT3G53770,0.13708821796409681
AT3G53780,0.5795038283930815
AT3G53790,0.1022361431632837
AT3G53800,0.2647363766152533
AT3G53810,0.21748412727566852
AT3G53820,0.2903625369398458
AT3G53830,0.2902641563747957
AT3G53840,0.2264798022092826
AT3G53850,0.619801953182576
AT3G53860,0.24742268089437508
AT3G53870,0.6534744108607629
AT3G53880,0.687237751481847
AT3G53890,0.4962367686650473
AT3G53900,0.5517241434404139
AT3G53910,0.1022361431632837
AT3G53920,0.1610676180313303
AT3G53930,0.37069694564350497
AT3G53940,0.43572968132370304
AT3G53950,0.421795857696606
AT3G53960,0.44529665918186534
AT3G53970,0.326723258395624
AT3G53980,1.3583868779418762
AT3G53990,0.7130523695035986
AT3G54000,0.4996393617151873
AT3G54010,0.3882882524363608
AT3G54020,0.3882800583368349
AT3G54030,0.6012256854872189
AT3G54040,1.569888693006205
AT3G54050,0.5225916250054431
AT3G54060,0.38330497544896247
AT3G54065,0.1022361431632837
AT3G54070,0.1022361431632837
AT3G54080,0.37252183324515453
AT3G54085,0.9158835798210861
AT3G54090,0.3927102277685129
AT3G54100,0.2888171299129455
AT3G54110,0.6335927129922367
AT3G54120,0.514829215833678
AT3G54130,0.34129514750756784
AT3G54140,0.3623148189949934
AT3G54150,0.6768334353363215
AT3G54160,0.4201425688184297
AT3G54170,0.8701217224898945
AT3G54180,0.5939975908839787
AT3G54190,0.5587860144251942
AT3G54200,0.5253531254085169
AT3G54210,0.43913555840806207
AT3G54220,0.7858466983501314
AT3G54230,0.5582982629803956
AT3G54240,0.1022361431632837
AT3G54250,0.6172427187555766
AT3G54260,1.6690314787060654
AT3G54270,0.3198056389467327
AT3G54280,0.304057703272122
AT3G54290,0.3090588525661666
AT3G54300,0.41952144974777505
AT3G54310,0.45825032543217226
AT3G54320,0.43129668807663313
AT3G54340,0.247825193188032
AT3G54350,0.4666683521409225
AT3G54360,0.487797697323729
AT3G54363,0.36133141481015146
AT3G54366,0.9304259019556078
AT3G54380,0.4063010600047584
AT3G54390,0.530373938620953
AT3G54400,0.9400120620759225
AT3G54410,0.15081491053988738
AT3G54420,0.8617036145602028
AT3G54430,0.5985479094179466
AT3G54440,0.41590348602648686
AT3G54450,0.4131671545198133
AT3G54460,0.49490027586763724
AT3G54470,0.5580264690466135
AT3G54480,0.5081136643452033
AT3G54490,0.1462820178213236
AT3G54500,0.4955542956930543
AT3G54510,0.3120425007295517
AT3G54520,0.1767631742868866
AT3G54530,0.163511204645011
AT3G54540,0.4694188832778018
AT3G54550,0.10998942348678349
AT3G54560,0.5761440810075653
AT3G54570,0.1022361431632837
AT3G54580,1.1507099503674443
AT3G54590,1.0373134999467144
AT3G54600,1.1998575459098273
AT3G54610,0.3703386700044833
AT3G54620,0.6020804915768689
AT3G54625,0.3454935611908866
AT3G54630,0.1044103232272864
AT3G54640,0.5700794104228364
AT3G54650,0.5136705368338006
AT3G54660,0.36981353134013806
AT3G54670,0.554780467964962
AT3G54680,0.527874831900782
AT3G54690,0.3945550943489947
AT3G54700,0.1387050875357093
AT3G54710,0.7872117250735313
AT3G54720,0.3942050207024914
AT3G54730,0.1019935489625394
AT3G54740,0.3115278619242725
AT3G54750,0.4748598538292017
AT3G54760,0.7473366274212019
AT3G54770,0.6336028385283601
AT3G54780,0.5041210155673083
AT3G54790,0.292788902913331
AT3G54800,0.1419175927807364
AT3G54810,0.7045529525919
AT3G54820,0.6808854680192614
AT3G54826,0.6209514103999096
AT3G54830,0.3587913808754605
AT3G54840,0.4408783916524921
AT3G54850,0.4676823187223693
AT3G54860,0.44219824491807913
AT3G54870,0.3759844238919974
AT3G54880,1.2994480090678817
AT3G54890,1.0401125188807034
AT3G54900,0.5611652440666146
AT3G54910,0.4073135208167754
AT3G54920,0.49851492075840653
AT3G54925,0.1022361431632837
AT3G54930,0.49625279456387594
AT3G54940,3.2192057160573344
AT3G54950,0.317634523390932
AT3G54960,0.56087905244036
AT3G54970,0.4057573818040817
AT3G54980,0.3071324327283463
AT3G54990,0.6972474210441646
AT3G55000,0.4634518786659997
AT3G55005,0.5868344394923695
AT3G55010,0.5239060842332062
AT3G55020,0.5281931117593087
AT3G55030,0.422067679502071
AT3G55040,0.3200456720533046
AT3G55050,0.5010096258601424
AT3G55060,0.4403469169489057
AT3G55070,0.34386199413707036
AT3G55080,0.39766913295536777
AT3G55090,0.27209596275697023
AT3G55100,0.1139394858762048
AT3G55110,0.1022361431632837
AT3G55120,1.2516719408732448
AT3G55130,0.2569786035503819
AT3G55140,0.3687398918171645
AT3G55150,0.5968460995146387
AT3G55160,0.45749401893133346
AT3G55170,0.7841766257052183
AT3G55180,0.31929170626893
AT3G55190,0.1221583707884835
AT3G55200,0.8759221734757949
AT3G55210,0.1022361431632837
AT3G55220,0.6929378740860215
AT3G55230,1.6421355961104451
AT3G55240,0.1022361431632837
AT3G55250,0.3552469216818753
AT3G55252,0.1022361431632837
AT3G55254,0.1022361431632837
AT3G55260,0.3075643682908591
AT3G55270,0.4170328660195426
AT3G55280,0.7209865718780684
AT3G55290,0.6303579661308828
AT3G55310,0.33086762365455846
AT3G55320,0.3812165129191951
AT3G55330,0.5885325238560632
AT3G55340,0.6938526712328904
AT3G55350,0.3134292380263506
AT3G55360,0.5219698453825425
AT3G55370,0.6705956741560648
AT3G55380,0.49689735855986417
AT3G55390,0.43540640703116584
AT3G55400,0.3467717514619265
AT3G55410,0.43163987117245695
AT3G55420,0.8941189404977404
AT3G55430,0.6643403050502987
AT3G55440,1.0160297472640973
AT3G55450,0.45790315959224026
AT3G55460,0.472846225476784
AT3G55470,0.36084229319074856
AT3G55480,0.5434870369599908
AT3G55485,0.383219608670487
AT3G55490,0.572043652509377
AT3G55500,0.4217425700731686
AT3G55510,0.6849693268324906
AT3G55512,0.1022361431632837
AT3G55513,0.1022361431632837
AT3G55515,0.4759446357421303
AT3G55520,0.8316755002546996
AT3G55530,0.32130228220011503
AT3G55540,0.1022361431632837
AT3G55550,0.27905268666369276
AT3G55560,0.5295081215524742
AT3G55566,0.1022361431632837
AT3G55570,0.1022361431632837
AT3G55580,0.2653250622106167
AT3G55590,0.1022361431632837
AT3G55600,0.3070486780462084
AT3G55605,0.7172963597439852
AT3G55610,0.4960649586291326
AT3G55620,0.47560917435748484
AT3G55630,0.2635241651488231
AT3G55640,0.26296835670310437
AT3G55646,0.1395367392348205
AT3G55650,0.1022361431632837
AT3G55660,0.34626915583404205
AT3G55665,0.1022361431632837
AT3G55670,0.1221520780343664
AT3G55672,0.1022361431632837
AT3G55677,0.1022361431632837
AT3G55680,0.1022361431632837
AT3G55690,0.3680658711471685
AT3G55700,0.2613937792573733
AT3G55710,0.1821591994798662
AT3G55720,0.4362559059497376
AT3G55730,0.3309413191226314
AT3G55734,0.1828823461401078
AT3G55740,0.44985257567322334
AT3G55750,0.7722365073880146
AT3G55760,0.49191317160841286
AT3G55770,0.6483372912947372
AT3G55780,0.1528845319257019
AT3G55790,0.1022361431632837
AT3G55795,0.1022361431632837
AT3G55800,0.3771220616907687
AT3G55810,0.1019935489625394
AT3G55820,0.3633831935704126
AT3G55830,0.614949256613367
AT3G55840,0.4880365940959462
AT3G55850,0.3702802389324795
AT3G55860,0.2006133461955944
AT3G55870,0.1019935489625394
AT3G55880,0.5702198208241004
AT3G55890,0.4636432465830297
AT3G55900,0.3046291374033737
AT3G55910,0.2337165569108308
AT3G55920,0.47071809374345597
AT3G55930,0.10759044105624539
AT3G55935,0.1022361431632837
AT3G55940,0.2858244002490577
AT3G55950,0.3059149117009333
AT3G55960,0.5341889040717254
AT3G55970,0.7521830871466175
AT3G55980,0.3585889206385053
AT3G55990,0.5406705947742009
AT3G56000,0.4795384211430246
AT3G56010,0.5222337272559577
AT3G56020,1.0250855823187024
AT3G56030,0.28836467757272494
AT3G56040,0.381337759611197
AT3G56050,0.4927227196664059
AT3G56060,0.47630648237535
AT3G56070,0.8225713555457754
AT3G56080,0.601526600676618
AT3G56090,0.7223993107270543
AT3G56100,0.499331874842167
AT3G56110,0.6325531417077901
AT3G56120,0.6699384819061236
AT3G56130,0.5838974399507519
AT3G56140,0.23820679295361408
AT3G56150,1.05741653248103
AT3G56160,0.4149334636407196
AT3G56170,0.8276496570667164
AT3G56180,0.1325356720387882
AT3G56190,0.5095847882343756
AT3G56200,0.5107123257842432
AT3G56210,0.8305870185234807
AT3G56220,0.7018680459580189
AT3G56230,0.6526141214038976
AT3G56240,1.021556999873357
AT3G56250,0.2849846471292414
AT3G56260,0.2419044857331561
AT3G56270,0.584414111609188
AT3G56290,1.3582166945751166
AT3G56300,0.32873943623091517
AT3G56310,0.5573579250500602
AT3G56320,0.3901822384482746
AT3G56330,0.2924921500288713
AT3G56340,0.6587691335190091
AT3G56350,2.514660116822512
AT3G56360,0.5809289958323363
AT3G56370,0.6149261085853115
AT3G56380,0.44452680950664597
AT3G56390,0.1022361431632837
AT3G56400,0.5655438977374685
AT3G56408,0.5529652920291611
AT3G56410,0.4211677069184038
AT3G56420,0.2226108470317048
AT3G56430,0.6411007837637751
AT3G56440,0.45599516803565265
AT3G56450,0.6274307902728882
AT3G56460,0.5637028911765263
AT3G56470,0.4362032505272706
AT3G56480,0.5174551832281831
AT3G56490,0.5929939508705004
AT3G56500,0.2640565157069382
AT3G56510,0.8437319704603135
AT3G56520,0.1022361431632837
AT3G56530,0.1016524999438922
AT3G56540,0.1022361431632837
AT3G56550,0.2791144757989283
AT3G56560,0.1022361431632837
AT3G56570,0.4673646588034355
AT3G56580,0.5804424948406176
AT3G56590,0.7309301961494041
AT3G56600,0.11869144538380899
AT3G56610,0.1022361431632837
AT3G56620,0.3444227680089871
AT3G56630,0.348426807195639
AT3G56640,0.3986931914769628
AT3G56650,0.2883500812971635
AT3G56660,0.1851382765420855
AT3G56670,0.1022361431632837
AT3G56680,0.7710479350369208
AT3G56690,0.3850131733655451
AT3G56700,0.1359400594067301
AT3G56705,0.2375732828554282
AT3G56710,0.40045112941586575
AT3G56720,0.3921736895344301
AT3G56730,0.927062338827022
AT3G56740,0.3121689376747676
AT3G56750,0.5395584687641161
AT3G56760,0.49824248391182563
AT3G56770,0.3593895328123917
AT3G56780,0.2124127257733623
AT3G56790,0.1324434172529197
AT3G56800,0.867654174710351
AT3G56810,0.32381629249305416
AT3G56820,0.5144620984787402
AT3G56825,0.463201083134221
AT3G56830,0.42336074130502105
AT3G56840,0.5350862538246011
AT3G56850,0.41162544299504367
AT3G56860,0.5267948426673369
AT3G56870,0.3322152486456751
AT3G56880,0.6889824940907628
AT3G56890,0.3331827252145708
AT3G56891,0.3521141302221714
AT3G56900,0.4213436905983652
AT3G56910,0.4359023461269078
AT3G56920,0.1019935489625394
AT3G56930,0.8279925284101088
AT3G56940,0.7068970366892013
AT3G56950,0.6159783191308594
AT3G56960,0.35867705591770876
AT3G56970,0.9251577493272969
AT3G56980,0.9962843610030206
AT3G56990,0.48281144060884285
AT3G57000,0.5408163562295701
AT3G57010,0.7803925197622945
AT3G57020,0.7787496473907005
AT3G57030,0.4710102836685359
AT3G57040,1.0737376156758445
AT3G57050,0.6007844404010405
AT3G57060,0.5558589298932275
AT3G57062,0.4667501998787231
AT3G57070,0.5480919590965561
AT3G57072,0.1022361431632837
AT3G57080,0.6833165815650831
AT3G57090,0.5247192411724262
AT3G57100,0.1144464889648615
AT3G57110,0.22080933281706888
AT3G57120,0.4284789193430355
AT3G57130,0.1618060757377301
AT3G57140,0.46599618616555266
AT3G57150,1.1786964149759294
AT3G57157,0.7316943524036277
AT3G57160,0.3549738171487036
AT3G57170,0.35027541936734674
AT3G57180,0.2754809417886533
AT3G57190,0.3855663972978108
AT3G57200,0.3583140343945609
AT3G57210,0.12083925852922339
AT3G57220,0.680576325234823
AT3G57230,0.7058819332068551
AT3G57240,0.1022361431632837
AT3G57250,0.1022361431632837
AT3G57260,0.12054997202867179
AT3G57270,0.1022361431632837
AT3G57280,0.4189876500113381
AT3G57290,0.5568872311641888
AT3G57300,0.3887396760699849
AT3G57310,0.115310763404976
AT3G57320,0.8124649670145877
AT3G57330,0.48236742593758253
AT3G57340,0.5017553524964422
AT3G57350,0.3306106949313321
AT3G57360,0.34102931796003116
AT3G57370,0.1022361431632837
AT3G57380,0.27099243664851713
AT3G57390,0.35461435963464405
AT3G57400,0.4051544172197427
AT3G57410,0.5963502964013369
AT3G57420,0.34172223029172855
AT3G57430,0.3719095117730152
AT3G57440,0.2264915581963314
AT3G57450,0.8431473505588645
AT3G57460,0.23504606622808377
AT3G57465,0.131090592350181
AT3G57470,0.4668341940367451
AT3G57480,0.3466874746528834
AT3G57490,0.7433615767332502
AT3G57500,0.3656381960206977
AT3G57510,0.1342862854956639
AT3G57520,1.049571101286539
AT3G57530,0.577652125929542
AT3G57540,0.5561145664753653
AT3G57550,0.9544026798574868
AT3G57560,0.4560417968160838
AT3G57570,0.532184692416567
AT3G57580,0.6050328050482965
AT3G57587,0.1022361431632837
AT3G57590,0.355271878291748
AT3G57600,0.1022361431632837
AT3G57610,0.6373626186159833
AT3G57620,0.1022361431632837
AT3G57630,0.4998741614954505
AT3G57640,0.3110288438423723
AT3G57645,0.20294941549309148
AT3G57650,0.5558152297378576
AT3G57660,0.45805797534408144
AT3G57670,0.2973449733580256
AT3G57680,0.22416923100832528
AT3G57690,0.11402102762993
AT3G57700,0.1022361431632837
AT3G57710,0.7247153738733791
AT3G57720,0.4228592783530294
AT3G57730,0.4286002542011922
AT3G57740,0.19665963516144191
AT3G57750,0.3838373124468797
AT3G57760,0.30573108015368833
AT3G57765,0.408985299609476
AT3G57770,0.1278128455617476
AT3G57780,0.44209184780825383
AT3G57785,0.4874768947550485
AT3G57787,0.3177933824163776
AT3G57790,0.31790610576139017
AT3G57800,0.3832918116208812
AT3G57810,0.2946935692543568
AT3G57830,0.2165891107722599
AT3G57840,0.1022361431632837
AT3G57850,0.1022361431632837
AT3G57860,0.4804346690390864
AT3G57870,0.7518638029114966
AT3G57880,1.1494415148461192
AT3G57890,0.5471105203533124
AT3G57900,0.1843322938235738
AT3G57910,0.4667779859142696
AT3G57920,0.3682219590631991
AT3G57930,0.8319405580550908
AT3G57940,0.5203504883508294
AT3G57950,0.743507733050371
AT3G57960,0.1022361431632837
AT3G57965,0.49263273448449474
AT3G57970,0.1022361431632837
AT3G57980,0.2825001319112881
AT3G57990,0.45883322435510393
AT3G58000,0.5112457035626061
AT3G58010,0.38188202321241294
AT3G58020,0.4475304532937593
AT3G58030,0.42089888967248423
AT3G58035,0.1022361431632837
AT3G58040,0.5088866919126814
AT3G58050,0.43414297398349416
AT3G58060,0.245631972361664
AT3G58070,0.1163986590501996
AT3G58090,0.43560351972696776
AT3G58100,0.3846908565962654
AT3G58110,0.584326791329519
AT3G58120,0.7248132503354298
AT3G58130,0.64034738032264
AT3G58140,0.3531116811735945
AT3G58150,0.1237805615458204
AT3G58160,0.4302018496677269
AT3G58170,0.5628110301361451
AT3G58180,0.3944922762745403
AT3G58190,0.644622715101903
AT3G58193,0.1852533405289551
AT3G58196,0.13762875608838648
AT3G58200,0.5378864825292636
AT3G58210,0.17672090677153549
AT3G58220,0.6372876543295121
AT3G58230,0.1022361431632837
AT3G58240,0.1022361431632837
AT3G58250,0.1022361431632837
AT3G58260,0.1022361431632837
AT3G58270,0.4940670945489243
AT3G58280,0.1022361431632837
AT3G58290,0.1022361431632837
AT3G58300,0.1022361431632837
AT3G58310,0.1022361431632837
AT3G58320,0.1022361431632837
AT3G58330,0.1022361431632837
AT3G58340,0.1022361431632837
AT3G58350,0.36058360944190887
AT3G58360,0.1107042408055091
AT3G58370,0.1022361431632837
AT3G58380,0.2522801295541985
AT3G58390,0.1022361431632837
AT3G58400,0.1022361431632837
AT3G58410,0.1022361431632837
AT3G58415,0.1022361431632837
AT3G58420,0.1022361431632837
AT3G58430,0.3239692982132349
AT3G58440,0.1022361431632837
AT3G58450,1.746372695140638
AT3G58460,0.4886588139054755
AT3G58470,0.3748533172778168
AT3G58480,0.1022361431632837
AT3G58490,0.3375975653478952
AT3G58500,0.5479432406666009
AT3G58510,0.6780560543460532
AT3G58520,0.3152739692723841
AT3G58530,0.4610957994179809
AT3G58540,0.3586441393228799
AT3G58550,1.4981922291047474
AT3G58560,0.5192878039400716
AT3G58570,0.5782113837875821
AT3G58580,0.42721705218403583
AT3G58585,0.1022361431632837
AT3G58590,0.3672955562418604
AT3G58600,0.5522062664194962
AT3G58610,0.61181902570091
AT3G58620,0.3340195286750355
AT3G58630,0.3654093205582572
AT3G58640,0.5597055159541997
AT3G58650,0.37848603752593657
AT3G58660,0.6745679147207742
AT3G58670,0.42391613922435833
AT3G58680,0.8666697712813558
AT3G58690,0.30821239762903785
AT3G58700,0.6783631055789496
AT3G58710,0.6032278916080289
AT3G58720,0.4646475682947301
AT3G58730,0.7412039316816164
AT3G58740,0.1022361431632837
AT3G58750,0.41058190610595047
AT3G58760,0.3498233757695451
AT3G58770,0.2486280030161051
AT3G58780,0.440382266916371
AT3G58790,0.553125914646772
AT3G58795,0.15228929602801858
AT3G58800,0.3684740825238386
AT3G58810,0.9538275426382989
AT3G58820,0.3938629691131996
AT3G58830,0.4591356650916093
AT3G58840,0.5085195779514906
AT3G58850,0.3228044929315626
AT3G58860,0.2639651929481993
AT3G58875,1.3042310120774283
AT3G58877,0.1129270817124266
AT3G58880,0.1022361431632837
AT3G58890,0.1022361431632837
AT3G58900,0.47093449031179513
AT3G58910,0.1566699509709112
AT3G58920,0.1382170499354618
AT3G58930,0.5317907787472272
AT3G58940,0.3841919743975605
AT3G58950,0.12273287243432189
AT3G58960,0.1022361431632837
AT3G58970,0.4357545210023562
AT3G58980,0.37559714555469015
AT3G58990,1.0007014113964496
AT3G59000,0.4425221493703685
AT3G59010,0.1709061484077872
AT3G59020,0.50392667645992
AT3G59030,0.1235069955843195
AT3G59040,0.3271634930941813
AT3G59050,0.4681533716786581
AT3G59060,0.5279575625274731
AT3G59068,0.5238819286585614
AT3G59070,0.12222288840083119
AT3G59080,0.2642266002541898
AT3G59090,0.4657008373024474
AT3G59100,0.709742666295109
AT3G59110,0.3325177804579026
AT3G59120,0.4562548396828988
AT3G59130,0.3273224754417544
AT3G59140,0.4228367612132789
AT3G59150,0.3635176761460849
AT3G59160,0.1022361431632837
AT3G59170,0.1192857924154197
AT3G59180,0.1140474016166217
AT3G59190,0.14218857617654979
AT3G59200,0.3556866811364062
AT3G59210,0.7148457234025868
AT3G59220,0.7157938043697273
AT3G59230,0.1016524999438922
AT3G59240,0.2248781710313595
AT3G59245,0.1022361431632837
AT3G59250,0.15002721683977988
AT3G59260,0.1022361431632837
AT3G59270,0.1022361431632837
AT3G59280,0.7202651403847695
AT3G59290,0.3956039611063119
AT3G59295,0.1022361431632837
AT3G59300,0.7900157578592873
AT3G59310,0.4657441015017247
AT3G59320,0.34920568883722375
AT3G59330,0.3921562010987536
AT3G59340,0.5070772730040893
AT3G59350,0.5489877662055751
AT3G59360,0.567333844958914
AT3G59370,0.7923634837176878
AT3G59380,0.6025732292875294
AT3G59390,0.35257116622842516
AT3G59400,0.5158511332727458
AT3G59410,0.3316177352892931
AT3G59415,0.1414471481487161
AT3G59420,0.3559515287571209
AT3G59430,0.2647538700745764
AT3G59435,0.204325355276519
AT3G59440,0.35734954318009093
AT3G59450,0.2841800547173149
AT3G59455,0.1016524999438922
AT3G59460,0.1022361431632837
AT3G59470,0.31411845422337803
AT3G59480,0.46903569325707894
AT3G59490,0.34152581977674046
AT3G59500,0.5198106554573243
AT3G59510,0.13309632856337078
AT3G59520,0.38935605850337734
AT3G59530,0.1713392036328856
AT3G59540,0.6833125941507001
AT3G59550,0.3106349388415244
AT3G59570,0.5219437673152256
AT3G59580,0.36716395872983243
AT3G59590,0.1022361431632837
AT3G59600,0.6402322984809958
AT3G59610,0.1022361431632837
AT3G59620,0.1114728553771553
AT3G59630,0.32783413195094596
AT3G59640,0.35359693548821125
AT3G59650,0.5701958606026174
AT3G59660,0.6485761735306108
AT3G59670,0.8662116794162904
AT3G59680,0.3238564303058294
AT3G59690,0.6913055892706543
AT3G59695,0.10075254141967468
AT3G59700,0.34907898349151123
AT3G59710,0.2893146882811312
AT3G59730,0.2838231281180481
AT3G59740,0.1558346130617262
AT3G59750,0.2936054638483111
AT3G59760,0.6624331064273532
AT3G59765,0.835942943413965
AT3G59770,0.520255877652196
AT3G59780,0.3511138277995379
AT3G59790,0.1022361431632837
AT3G59800,0.5939913698909175
AT3G59810,0.4359441180658412
AT3G59820,0.6102334481423055
AT3G59830,0.2483403922645871
AT3G59840,0.6308401154905576
AT3G59845,0.1019935489625394
AT3G59850,0.3765741331052918
AT3G59870,0.27115983930056287
AT3G59880,0.5624536960273384
AT3G59884,0.3543984583149485
AT3G59890,0.5880922850990885
AT3G59900,0.8239642232515694
AT3G59910,0.32406685720358364
AT3G59920,0.6494470764959026
AT3G59930,3.1742607658663697
AT3G59940,0.6928815339250972
AT3G59950,0.3235805259065315
AT3G59960,0.1022361431632837
AT3G59970,0.8912469334481532
AT3G59980,0.5354919948319801
AT3G59990,0.46179343267175366
AT3G60000,0.2240831056368525
AT3G60010,0.1022361431632837
AT3G60020,0.14217920974253628
AT3G60030,0.4666759501186286
AT3G60040,0.4539029195610754
AT3G60050,0.3579243684750374
AT3G60060,0.1022361431632837
AT3G60070,0.34027608430248174
AT3G60075,0.1019935489625394
AT3G60080,0.5983599752842649
AT3G60090,0.1299878188592392
AT3G60100,0.1808453436392792
AT3G60110,0.3475154485013929
AT3G60120,0.4473186492846974
AT3G60130,0.46215643399594186
AT3G60140,1.0052364508515892
AT3G60150,0.7887671237846241
AT3G60160,0.2882114687462686
AT3G60176,0.2098721154043692
AT3G60180,0.3978575525909133
AT3G60190,0.3492834809711807
AT3G60200,0.308110595078272
AT3G60210,0.559160042865054
AT3G60220,0.2912875130290201
AT3G60238,0.1022361431632837
AT3G60240,0.7837472513631187
AT3G60245,0.4632995957579018
AT3G60250,0.8218651171063676
AT3G60260,0.5761348923286674
AT3G60270,0.3774384625244423
AT3G60280,0.552097735531232
AT3G60286,0.2920222008188649
AT3G60290,0.2693098214764686
AT3G60300,0.7755091429261333
AT3G60310,0.4250637416734034
AT3G60320,0.47388259350180095
AT3G60328,0.1022361431632837
AT3G60330,0.5192425033187794
AT3G60340,0.461126436905376
AT3G60350,0.3749502004546539
AT3G60360,0.9555038092959522
AT3G60370,0.7523446358825706
AT3G60380,0.5038415815341246
AT3G60390,0.3068906751588038
AT3G60400,0.4019088295363792
AT3G60410,0.42453503884894356
AT3G60415,0.445411310449392
AT3G60420,0.1022361431632837
AT3G60440,0.41338943789506755
AT3G60450,0.6497940490926974
AT3G60460,0.1022361431632837
AT3G60470,0.37309739675122056
AT3G60480,0.5970781696478745
AT3G60490,0.6064529871365909
AT3G60500,0.5096815503139008
AT3G60510,0.18567166974959906
AT3G60520,0.5145317817199669
AT3G60530,0.7584917775384856
AT3G60540,0.3685055501642898
AT3G60550,0.30433276119258657
AT3G60560,0.1022361431632837
AT3G60570,0.1022361431632837
AT3G60580,0.2330883549347102
AT3G60590,0.5268581607586988
AT3G60600,0.6623962047886609
AT3G60620,0.320048228700387
AT3G60630,0.4635514984337342
AT3G60640,0.8414311972533528
AT3G60650,0.41432388371701045
AT3G60660,0.3870799061748388
AT3G60670,0.2891211328510932
AT3G60680,0.44647426548913693
AT3G60690,0.43189829224155696
AT3G60700,0.3960968973310197
AT3G60710,0.1022361431632837
AT3G60720,0.44452459415622236
AT3G60730,0.2117377940536319
AT3G60740,0.3816664698311397
AT3G60750,0.7165562077856471
AT3G60760,0.1019935489625394
AT3G60770,0.7572071500382611
AT3G60780,0.1520257910442689
AT3G60790,0.1168169720649332
AT3G60800,0.4439487810201065
AT3G60810,0.6730290456203674
AT3G60820,0.6155881710295303
AT3G60830,0.5433990164435086
AT3G60840,0.47530551832782597
AT3G60850,0.24098095704088202
AT3G60860,0.5735747456125141
AT3G60870,0.3563979490197623
AT3G60880,0.3697155974535622
AT3G60890,0.2801733768938054
AT3G60900,0.34449916046659484
AT3G60910,0.7017547967370288
AT3G60920,0.13091355396702992
AT3G60940,0.1712076067989495
AT3G60950,1.7904612264732238
AT3G60960,0.5046407978552097
AT3G60961,0.28259043362122394
AT3G60966,0.2166689707973854
AT3G60970,0.1247574115285654
AT3G60972,0.1005546875699398
AT3G60975,0.1083644790842186
AT3G60980,0.9817781709038551
AT3G60990,0.14837354511391548
AT3G61010,0.8764901761016068
AT3G61028,0.14874467478758707
AT3G61030,0.5396215707140464
AT3G61035,0.1198908590207369
AT3G61040,0.271044619512907
AT3G61050,0.2569079059861603
AT3G61060,1.194083456586112
AT3G61070,0.5886660469891154
AT3G61080,0.8312248753767273
AT3G61090,0.2338367949693093
AT3G61100,0.54411017022402
AT3G61110,0.5390254178166152
AT3G61111,0.1022361431632837
AT3G61113,0.4568728762248824
AT3G61117,0.2195376429094076
AT3G61118,0.8116113729862199
AT3G61120,0.1567118770625319
AT3G61130,0.5238103752636101
AT3G61140,0.6519839246427193
AT3G61150,0.4378810886978387
AT3G61160,0.668130794968577
AT3G61170,0.29047311580814217
AT3G61172,0.1022361431632837
AT3G61175,0.1022361431632837
AT3G61177,0.1022361431632837
AT3G61180,0.5302755659365078
AT3G61182,0.1019935489625394
AT3G61190,1.3890845685353026
AT3G61198,0.47020596947975907
AT3G61200,0.8018534630262626
AT3G61210,0.4801216298768668
AT3G61220,0.9887616854225925
AT3G61230,0.1453686178654223
AT3G61240,0.4253148669789102
AT3G61250,0.369440168311623
AT3G61260,0.7039171049812429
AT3G61270,0.36036035696901614
AT3G61280,0.14584140522183578
AT3G61290,0.1538367115256976
AT3G61300,0.3227441545574971
AT3G61310,0.5759815134849846
AT3G61320,0.5711143646108781
AT3G61340,0.4153913739053033
AT3G61350,0.4008069728996313
AT3G61360,0.3791139918339128
AT3G61370,0.42262942184777363
AT3G61380,0.5300557992497203
AT3G61390,0.41125408522258566
AT3G61400,0.48305205738421386
AT3G61410,0.2612734461440527
AT3G61415,0.3953242377520136
AT3G61420,0.3835520507621108
AT3G61430,1.4340486034324673
AT3G61440,1.0241350022708344
AT3G61450,0.2623715874215153
AT3G61460,0.7340580313047176
AT3G61470,0.6937854256804392
AT3G61480,0.4684959098696177
AT3G61490,0.49986621971288375
AT3G61500,0.1022361431632837
AT3G61510,0.1393746570980447
AT3G61520,0.43957545510897195
AT3G61530,0.44422547677693724
AT3G61540,0.4588325959517011
AT3G61550,0.3477657209778071
AT3G61560,0.7429938522732054
AT3G61570,0.3238209719767877
AT3G61571,0.1139318573509968
AT3G61580,0.6586320223988356
AT3G61590,0.7845232460905249
AT3G61600,0.5726852824654507
AT3G61610,0.4516469612127063
AT3G61620,0.7558584891647101
AT3G61630,0.419019113489079
AT3G61640,0.5473649447940778
AT3G61650,0.42627248539282947
AT3G61660,0.2153176144808834
AT3G61670,0.4486753103365994
AT3G61680,0.39329979145014454
AT3G61690,0.3371734615567774
AT3G61700,0.4030673077147875
AT3G61710,0.3964917606629479
AT3G61720,0.1022361431632837
AT3G61723,0.130558863342774
AT3G61730,0.10825469631388521
AT3G61740,0.2442233806810405
AT3G61750,0.6807693994182806
AT3G61755,0.1019935489625394
AT3G61760,0.359678497341284
AT3G61770,0.49675710641779314
AT3G61780,0.35955314059775073
AT3G61790,0.5352241481710831
AT3G61800,0.3221683528539907
AT3G61810,0.2921399287428055
AT3G61820,0.6741436069139124
AT3G61825,0.1022361431632837
AT3G61826,0.1022361431632837
AT3G61829,0.1022361431632837
AT3G61830,0.35642293913087786
AT3G61840,0.1303446358594667
AT3G61850,0.6855917093896404
AT3G61860,0.8810994459755108
AT3G61870,0.529107191523823
AT3G61880,0.35253928502876575
AT3G61890,0.5306022537021939
AT3G61897,0.3386304749226226
AT3G61898,0.8571775913387207
AT3G61900,0.530014017115527
AT3G61910,0.12872938782017307
AT3G61920,0.7637281907388132
AT3G61930,0.3445802059747397
AT3G61940,0.145575215153702
AT3G61950,0.1882685534602802
AT3G61960,0.35190855607897314
AT3G61962,0.1022361431632837
AT3G61970,0.3970813551947763
AT3G61980,0.4474388091893061
AT3G61990,0.9179088333165084
AT3G62000,0.24023894427025522
AT3G62010,0.4254716282838198
AT3G62020,0.5725146151255527
AT3G62030,0.492804830498095
AT3G62040,1.3510160828653979
AT3G62050,0.35474660814347103
AT3G62060,0.25095031667606615
AT3G62070,0.36329554820016163
AT3G62080,0.44916935819329434
AT3G62090,0.856851412858529
AT3G62100,0.4105972785540622
AT3G62110,0.718008293451111
AT3G62120,0.8561007503896365
AT3G62130,0.5132704458038093
AT3G62140,0.6277678190204955
AT3G62150,0.7360333593677548
AT3G62160,0.34284658469740303
AT3G62170,0.1187192667821661
AT3G62180,0.1022361431632837
AT3G62190,0.570568426738171
AT3G62200,0.28546968177571086
AT3G62210,0.46055626687759144
AT3G62220,0.321862705951948
AT3G62230,0.1022361431632837
AT3G62240,0.419129275048439
AT3G62245,0.1022361431632837
AT3G62250,0.7780679041294967
AT3G62260,0.30095121858829693
AT3G62270,1.0170992068413065
AT3G62280,0.5574419872635432
AT3G62290,0.6373315274723859
AT3G62300,0.42389884306758085
AT3G62310,0.5124015717085557
AT3G62320,0.29669119228164986
AT3G62330,0.47282423876330504
AT3G62340,0.1022361431632837
AT3G62350,0.1022361431632837
AT3G62360,0.6057368005652153
AT3G62370,0.4299309892347678
AT3G62380,0.1016524999438922
AT3G62390,0.3963150669865521
AT3G62400,0.6946470873210631
AT3G62410,0.3357100124624171
AT3G62420,0.6185836115544179
AT3G62430,0.3007601296003526
AT3G62440,0.1134951732738516
AT3G62450,0.6518270129296162
AT3G62460,1.381857562365005
AT3G62470,0.40755533661091337
AT3G62499,0.1131704351646459
AT3G62500,0.21861451391684678
AT3G62510,0.10134379978257319
AT3G62528,0.1022361431632837
AT3G62530,0.8586603699022599
AT3G62540,0.39687701673088793
AT3G62550,0.2043614402210891
AT3G62560,0.6484475193506363
AT3G62570,0.43043577228965735
AT3G62580,0.7898056407652574
AT3G62590,0.3388532449669048
AT3G62600,0.8072563878703642
AT3G62610,0.3816233377961547
AT3G62615,0.1022361431632837
AT3G62620,0.33998808539815095
AT3G62630,0.714777335103022
AT3G62640,0.1266825003271006
AT3G62650,0.679236876120058
AT3G62660,0.6272117160751383
AT3G62670,0.1022361431632837
AT3G62680,1.3056596243710974
AT3G62690,0.49949824084753675
AT3G62695,0.12173968159827289
AT3G62700,0.8259767856986304
AT3G62710,0.1022361431632837
AT3G62720,0.28284078503789195
AT3G62730,0.41236380863546673
AT3G62740,1.7047458225682517
AT3G62750,0.31043003279625403
AT3G62760,1.2265828567505872
AT3G62770,0.8327575532127456
AT3G62780,0.3099797441721337
AT3G62790,0.7821558073070034
AT3G62800,0.49717448658201824
AT3G62810,0.37600336533895784
AT3G62820,0.3582263443054496
AT3G62830,0.8668624934572335
AT3G62840,0.6852604590835161
AT3G62850,0.1022361431632837
AT3G62860,0.515436077812149
AT3G62870,1.0352915259362239
AT3G62880,0.3456341215346241
AT3G62890,0.3964032220566315
AT3G62900,0.6048323657023615
AT3G62910,0.3537476431947258
AT3G62920,0.940147741555105
AT3G62930,0.5225132301393485
AT3G62940,0.6008644075826428
AT3G62950,0.2824177550361563
AT3G62960,0.39464242714661324
AT3G62970,0.46171312898486927
AT3G62980,0.460435827737931
AT3G62990,0.2898879986876906
AT3G63000,0.4727901271774815
AT3G63010,0.5896412655753409
AT3G63020,0.1022361431632837
AT3G63030,0.74876992317192
AT3G63040,0.2151957134458747
AT3G63050,0.4759069903296374
AT3G63052,0.4434074328944366
AT3G63060,0.2816391866803241
AT3G63070,0.49225402815994007
AT3G63080,0.7371269251255599
AT3G63088,0.187748309141966
AT3G63090,0.3533048944531584
AT3G63093,0.1318848618389036
AT3G63095,0.1022361431632837
AT3G63110,0.5347023186312372
AT3G63120,0.658795086869588
AT3G63130,0.5235353124701951
AT3G63140,0.4180606718697522
AT3G63150,0.3432732272841232
AT3G63160,0.7809795945508012
AT3G63170,0.5124093841907834
AT3G63180,0.40964884701779214
AT3G63190,0.48006013964391636
AT3G63200,1.0120814521976162
AT3G63210,0.7367687818500464
AT3G63215,0.16097191657548832
AT3G63220,0.33186039607589457
AT3G63230,0.1022361431632837
AT3G63240,0.644850725289452
AT3G63250,0.4610677287827434
AT3G63255,0.7481791533158078
AT3G63260,0.4377232950261749
AT3G63270,0.2908889366751584
AT3G63280,0.5953770263379341
AT3G63290,0.342091923497702
AT3G63300,0.33959631222625714
AT3G63310,0.5812974764455718
AT3G63320,0.2061305191355548
AT3G63340,0.50541874371668
AT3G63350,0.33807778625832186
AT3G63360,0.7607477170564536
AT3G63370,0.3015126251667827
AT3G63375,0.11033008920264568
AT3G63380,0.4250039704803458
AT3G63390,0.6478959066722891
AT3G63400,0.7033079995810407
AT3G63410,0.5039676357485607
AT3G63420,0.6666796830281375
AT3G63430,0.5497987365730461
AT3G63440,0.5988645175657263
AT3G63445,0.411630192460899
AT3G63450,0.3456538723600724
AT3G63460,0.6386378553861145
AT3G63470,0.49870147972305107
AT3G63480,0.3249756295174595
AT3G63490,0.70306490468421
AT3G63500,0.5266561683412072
AT3G63510,0.3816609647234338
AT3G63520,0.688250072880707
AT3G63530,0.3724150443794059
AT3G63540,0.4077295692659765
AT3G66652,0.42857700916233843
AT3G66654,0.6459724996598875
AT3G66656,0.1022361431632837
AT3G66658,0.6155044935503965
AT4G00005,0.1022361431632837
AT4G00020,0.4801482505079031
AT4G00026,0.7333258557612604
AT4G00030,0.3690496028898097
AT4G00040,0.6022879865333476
AT4G00050,0.26253289130916824
AT4G00060,0.4028492048514115
AT4G00070,0.49756438400378156
AT4G00080,0.48802851523704827
AT4G00090,0.437426799026446
AT4G00100,0.7660210907596863
AT4G00110,0.5277771275896339
AT4G00120,0.13579787672686938
AT4G00130,0.2242206480011883
AT4G00140,0.1022361431632837
AT4G00150,0.40176748784257543
AT4G00155,0.1019935489625394
AT4G00160,0.1022361431632837
AT4G00163,0.1830621157712144
AT4G00165,0.8255129237120301
AT4G00170,0.3406912395203034
AT4G00180,0.1480587445945055
AT4G00190,0.1022361431632837
AT4G00200,0.4750023304260919
AT4G00210,0.2032974563543066
AT4G00220,0.3233966976278705
AT4G00230,0.4345753402288771
AT4G00231,0.5154915863636943
AT4G00232,0.1022361431632837
AT4G00234,0.1022361431632837
AT4G00238,0.31144406563216387
AT4G00240,0.34229235717007966
AT4G00250,0.1808814218967437
AT4G00260,0.1022361431632837
AT4G00270,0.4858574183653579
AT4G00280,0.1022361431632837
AT4G00290,0.48545509458379144
AT4G00295,0.1022361431632837
AT4G00300,0.582260831028545
AT4G00305,0.2245269130964075
AT4G00310,0.29551526332870925
AT4G00315,0.1022361431632837
AT4G00320,0.1217089603311619
AT4G00330,0.3707615534688123
AT4G00335,0.4882312574411012
AT4G00340,0.5944700391806198
AT4G00342,0.1022361431632837
AT4G00350,0.1163880092649944
AT4G00355,0.47925809686305576
AT4G00360,0.5198101058413352
AT4G00370,0.5047453695715223
AT4G00380,0.3159129380703335
AT4G00390,0.3232713260406002
AT4G00400,0.32326788827667974
AT4G00416,0.1016524999438922
AT4G00420,0.3622196143171045
AT4G00430,0.9491775761886208
AT4G00440,0.5123151575430517
AT4G00450,0.8111608776684027
AT4G00460,0.4953846889743968
AT4G00467,0.1202612998308626
AT4G00480,0.5691756165904871
AT4G00490,0.3838589588027864
AT4G00500,0.48455106876952003
AT4G00520,0.394148253062053
AT4G00525,0.30627660796248596
AT4G00530,0.479319838499245
AT4G00540,0.1022361431632837
AT4G00550,0.35866226752931574
AT4G00560,0.5144146842404593
AT4G00570,0.585108686398114
AT4G00580,0.1110687523353619
AT4G00585,0.5351652365664972
AT4G00590,0.30062453155012386
AT4G00600,0.1022361431632837
AT4G00610,0.1022361431632837
AT4G00620,0.4458556721901651
AT4G00630,0.602019713371806
AT4G00650,0.3766659705497237
AT4G00651,0.12260788035068299
AT4G00660,0.5083372291849211
AT4G00670,1.0834128782236694
AT4G00680,0.8622286898359307
AT4G00690,0.3326503331891641
AT4G00695,0.37919384429712477
AT4G00700,0.5781918491298411
AT4G00710,0.5526388959233872
AT4G00720,0.5626151965976323
AT4G00730,0.5756315021843156
AT4G00740,0.527749331734704
AT4G00750,0.3706204814043996
AT4G00752,0.3617324064545593
AT4G00755,0.2591568678049375
AT4G00760,0.3328514483194276
AT4G00770,0.47335360062789167
AT4G00780,0.6410859075783548
AT4G00800,0.4622458510044074
AT4G00810,0.664160403441246
AT4G00820,0.7366372719887156
AT4G00830,0.44831640856479904
AT4G00840,0.3558531628291808
AT4G00850,0.34808981102294145
AT4G00860,0.7634026015243691
AT4G00870,0.10075254141967468
AT4G00872,0.1432655514528726
AT4G00880,1.4324641056946101
AT4G00883,0.6060189637462313
AT4G00885,0.1022361431632837
AT4G00889,0.1022361431632837
AT4G00890,0.3044065601390161
AT4G00893,0.3660957868649713
AT4G00895,0.5406774321773374
AT4G00900,0.3811213921134916
AT4G00905,0.7985871555806636
AT4G00910,0.9023090966129232
AT4G00920,0.1016524999438922
AT4G00925,0.1022361431632837
AT4G00930,0.7419462598544317
AT4G00940,0.5443228822568289
AT4G00950,0.4620611184108734
AT4G00953,0.7755332679999698
AT4G00955,0.5592556722683437
AT4G00960,0.7646086352872105
AT4G00970,0.1022361431632837
AT4G00975,0.2322581069001046
AT4G00980,0.4403008573871854
AT4G00990,0.3981560664870817
AT4G01000,0.6039353359365618
AT4G01010,0.27166374328456677
AT4G01020,0.5301135840739499
AT4G01023,0.1229040178434306
AT4G01026,0.5162495405343155
AT4G01030,0.2588256974756179
AT4G01037,0.43581502828708457
AT4G01040,0.36583943118583195
AT4G01050,0.4319701135245664
AT4G01060,1.1239583446411106
AT4G01070,0.7806976934343517
AT4G01080,0.2918970552301205
AT4G01090,0.38100273646220073
AT4G01100,0.633034632558783
AT4G01110,0.2293485919518065
AT4G01120,0.6111901002413506
AT4G01130,0.1609574552994356
AT4G01140,0.7163680994677013
AT4G01150,0.6429805783024489
AT4G01160,0.1022361431632837
AT4G01170,0.1022361431632837
AT4G01180,0.1022361431632837
AT4G01190,0.1517392019618603
AT4G01200,0.3244090183200331
AT4G01210,0.28563638555203763
AT4G01220,0.29115386994449116
AT4G01230,0.18051899083900158
AT4G01240,0.41839084628899964
AT4G01245,0.1022361431632837
AT4G01250,0.2911688130049614
AT4G01260,0.1239807205143034
AT4G01270,0.3441668306125919
AT4G01280,0.4068106719265818
AT4G01290,0.530307843561576
AT4G01310,0.5005985908531109
AT4G01320,0.5921036930510364
AT4G01330,0.39930478641895606
AT4G01335,0.2415778131053529
AT4G01340,0.1355928638843028
AT4G01350,0.6729115230133328
AT4G01355,0.1022361431632837
AT4G01360,0.1824270998860778
AT4G01370,0.756581946055568
AT4G01380,0.1022361431632837
AT4G01390,1.098662681933627
AT4G01395,0.6663123898429908
AT4G01400,0.2922605058815846
AT4G01410,0.5471429907441065
AT4G01420,0.1022361431632837
AT4G01430,1.1242772244326402
AT4G01435,0.198977715845045
AT4G01440,0.977755214961578
AT4G01450,0.9878874243517884
AT4G01460,0.2399335780527198
AT4G01470,0.1930842973810355
AT4G01480,1.0876953919769499
AT4G01500,0.1022361431632837
AT4G01510,0.5552101363433022
AT4G01516,0.1022361431632837
AT4G01520,0.1869256821742276
AT4G01533,0.4503524130039165
AT4G01535,0.1022361431632837
AT4G01540,0.3618127491376823
AT4G01550,0.3767652011183349
AT4G01560,0.9274580823908848
AT4G01570,0.5357643739975417
AT4G01575,0.5476458785075373
AT4G01580,0.2378417269666126
AT4G01590,1.022178772751041
AT4G01593,0.9944293833998086
AT4G01595,0.1165791474850578
AT4G01600,0.765266629540278
AT4G01610,0.9520306474519442
AT4G01630,0.5803092440375605
AT4G01640,0.1022361431632837
AT4G01650,0.6881690385153116
AT4G01660,0.5736810271971471
AT4G01670,0.2706894953662656
AT4G01671,0.1022361431632837
AT4G01680,0.5146404254102742
AT4G01690,0.41268481665666124
AT4G01700,0.4715473187238963
AT4G01703,0.1022361431632837
AT4G01710,0.5181410316951733
AT4G01720,0.5440242705151458
AT4G01730,0.6589855799573244
AT4G01735,0.3000535629333088
AT4G01740,0.7139835199623454
AT4G01750,0.8574971005107573
AT4G01760,0.43125045564646036
AT4G01770,0.5241342054117695
AT4G01780,0.1150855460891235
AT4G01790,0.5438829187619194
AT4G01800,0.44636149716730555
AT4G01810,0.5441114858131243
AT4G01820,0.1900828415089636
AT4G01830,0.2293492009317578
AT4G01840,0.2011768040965737
AT4G01850,1.0382749040557502
AT4G01860,0.48437202515159516
AT4G01870,0.6528328538422485
AT4G01880,0.7001971259915323
AT4G01883,0.3955434593673429
AT4G01890,0.233375453009974
AT4G01895,0.4481168179705704
AT4G01897,1.1540524340551435
AT4G01900,1.074222141270775
AT4G01910,0.4233313776468802
AT4G01915,0.3099755763792967
AT4G01920,0.3409699923644511
AT4G01925,0.3155617593992806
AT4G01930,0.48601176319805
AT4G01935,0.3293753765903167
AT4G01940,0.7741040191383238
AT4G01950,0.4371220057833119
AT4G01960,0.37342685784637125
AT4G01970,0.5414896009706239
AT4G01985,0.1203269667788955
AT4G01990,0.4075137425598154
AT4G01995,0.3277999191971217
AT4G02000,0.2114170734538123
AT4G02005,0.4231586380931044
AT4G02010,0.6665335349314061
AT4G02020,0.25169994205159324
AT4G02030,0.40218644218901833
AT4G02040,0.403889748716473
AT4G02050,0.4708693318273084
AT4G02055,0.1022361431632837
AT4G02060,0.6623617612952164
AT4G02070,0.5958205892495907
AT4G02075,0.6808201249736268
AT4G02080,0.6315543493524374
AT4G02090,0.5730419851789669
AT4G02100,0.41744679190321926
AT4G02110,0.4450572880792305
AT4G02120,0.38384788276578913
AT4G02130,0.5242152462490142
AT4G02140,0.1588846732219824
AT4G02150,0.609663617096491
AT4G02160,0.2257466680610602
AT4G02170,0.290664478697803
AT4G02180,0.3361875616367424
AT4G02190,0.1216361254518631
AT4G02195,0.5807031290570536
AT4G02200,0.6683940250008911
AT4G02210,0.4839458679306642
AT4G02220,0.7060331157239624
AT4G02230,0.8383622242299837
AT4G02235,0.1019935489625394
AT4G02250,0.1022361431632837
AT4G02260,0.3121923409292568
AT4G02270,0.9637236650851617
AT4G02280,1.0547394707760376
AT4G02290,1.887855482513955
AT4G02300,0.10134379978257319
AT4G02310,0.1022361431632837
AT4G02320,0.20095757985618132
AT4G02330,0.45339929477250185
AT4G02340,0.5636356382525443
AT4G02350,0.5607980464979788
AT4G02360,0.7052051212211983
AT4G02370,0.7774919901928801
AT4G02380,0.8609897348548876
AT4G02390,0.33486118493703776
AT4G02400,0.6250708236929535
AT4G02405,0.6593669003073613
AT4G02410,0.4434199693704457
AT4G02420,0.1722993742798615
AT4G02425,0.2324960787612025
AT4G02430,0.43021419960571994
AT4G02440,0.38868642017869837
AT4G02450,0.8315752699895245
AT4G02460,0.3301343428392298
AT4G02465,0.24186006826113848
AT4G02480,0.5299488335877298
AT4G02482,0.28185132114356937
AT4G02485,0.3808761332294118
AT4G02489,0.1022361431632837
AT4G02500,0.5387007342061128
AT4G02510,1.0387759682591537
AT4G02520,1.3905951171063968
AT4G02530,0.4273900621890234
AT4G02540,0.9255937590331625
AT4G02541,0.1022361431632837
AT4G02550,0.39039735564531114
AT4G02555,0.2550034795754166
AT4G02560,0.4208587275118527
AT4G02570,0.5729407852481445
AT4G02580,0.6741871949432019
AT4G02590,0.8337117079250441
AT4G02600,0.36173644763145113
AT4G02610,0.5164096587279302
AT4G02620,0.8613637234794584
AT4G02630,0.3150903437442796
AT4G02640,0.6788248432238065
AT4G02650,0.23007795654716862
AT4G02655,0.1016524999438922
AT4G02660,0.30874809840443157
AT4G02670,0.1022361431632837
AT4G02680,0.5001291726360975
AT4G02690,1.1733104244617671
AT4G02700,0.2908638689362293
AT4G02710,0.6557821740013158
AT4G02715,0.5425480059039908
AT4G02720,0.1881612326762691
AT4G02725,0.5074394239529796
AT4G02730,0.2850535858990674
AT4G02733,0.1022361431632837
AT4G02735,0.1022361431632837
AT4G02740,0.2590889482473102
AT4G02750,0.31671246796867236
AT4G02760,0.45443433667198163
AT4G02770,0.8488285792766203
AT4G02780,0.2335051586208104
AT4G02790,0.5427039051233514
AT4G02800,0.9399584662536536
AT4G02810,0.4106648195624075
AT4G02820,0.29330245593887705
AT4G02830,0.489439831145691
AT4G02840,0.537159960113613
AT4G02850,1.5892701247514713
AT4G02860,0.7096478049228587
AT4G02870,0.136616896424067
AT4G02880,0.3784812113244267
AT4G02890,0.5744871612672005
AT4G02900,0.40056747396578085
AT4G02910,0.1022361431632837
AT4G02920,0.8620248232569727
AT4G02930,0.9200983527289566
AT4G02940,0.8258335658455176
AT4G02950,0.1022361431632837
AT4G02970,1.1856190224397216
AT4G02980,0.6995847103591032
AT4G02990,0.4633488543994418
AT4G03000,0.3851677528681625
AT4G03010,0.3223739037460899
AT4G03020,0.7231401451924863
AT4G03030,0.3424688993075181
AT4G03038,0.3175140977424897
AT4G03039,0.1022361431632837
AT4G03040,0.1022361431632837
AT4G03050,0.23770696415245268
AT4G03070,0.3121600564350947
AT4G03080,0.2947118457271107
AT4G03090,0.5125647760212875
AT4G03100,0.42028632003679944
AT4G03110,0.5847653382879535
AT4G03113,0.1022361431632837
AT4G03115,0.5916724444540378
AT4G03120,0.541267827681691
AT4G03130,0.3865986122290605
AT4G03140,0.4411721791320362
AT4G03150,0.38163633022676346
AT4G03153,0.1022361431632837
AT4G03156,0.1022361431632837
AT4G03157,0.1022361431632837
AT4G03160,0.1022361431632837
AT4G03165,0.1022361431632837
AT4G03170,0.1022361431632837
AT4G03175,0.1416609627342947
AT4G03180,0.5943962058327087
AT4G03190,0.7602875019592259
AT4G03200,1.10697737606713
AT4G03205,0.5580871753950184
AT4G03210,1.7968471935548083
AT4G03220,0.1000032082766549
AT4G03230,0.4160001249740693
AT4G03240,0.819493516605478
AT4G03250,0.4688913209935155
AT4G03260,0.4855182758094243
AT4G03270,1.0108972260578561
AT4G03280,0.6586686513119062
AT4G03290,0.1022361431632837
AT4G03292,0.32188920754843064
AT4G03295,1.9503649253069673
AT4G03298,0.27380960998529424
AT4G03320,0.8499972105115374
AT4G03330,0.3918751375844787
AT4G03340,0.2890748065141633
AT4G03350,0.1022361431632837
AT4G03360,0.1022361431632837
AT4G03370,0.1022361431632837
AT4G03380,0.1022361431632837
AT4G03390,0.6056901773884824
AT4G03400,0.25355167784602783
AT4G03405,0.1022361431632837
AT4G03410,0.5589283654323258
AT4G03415,0.5717918986369154
AT4G03420,0.5895471302672661
AT4G03430,0.9929151877864847
AT4G03438,0.1022361431632837
AT4G03440,0.3257887152218807
AT4G03443,0.1288845182991775
AT4G03445,0.10134379978257319
AT4G03450,0.1580493382807879
AT4G03455,0.1022361431632837
AT4G03460,0.28107478691229126
AT4G03470,0.2838493888495935
AT4G03480,0.21954040924789509
AT4G03490,0.5585296577712772
AT4G03495,0.1019935489625394
AT4G03500,0.5824161528068185
AT4G03505,0.1022361431632837
AT4G03510,0.8176243991545762
AT4G03520,0.651351651057789
AT4G03525,0.1022361431632837
AT4G03535,0.1022361431632837
AT4G03540,0.6049349779954796
AT4G03545,0.1022361431632837
AT4G03550,0.5720557320459583
AT4G03555,0.1022361431632837
AT4G03560,0.5117751908557985
AT4G03565,0.1019935489625394
AT4G03566,0.1022361431632837
AT4G03570,0.1022361431632837
AT4G03575,0.1022361431632837
AT4G03580,0.1019935489625394
AT4G03585,0.2849140061103696
AT4G03590,0.1022361431632837
AT4G03595,0.120432229866543
AT4G03600,0.2498135584680444
AT4G03605,0.1022361431632837
AT4G03610,0.5733306789240821
AT4G03620,0.2025304962473516
AT4G03625,0.1022361431632837
AT4G03630,0.1022361431632837
AT4G03635,0.2785292313993126
AT4G03645,0.1022361431632837
AT4G03655,0.1140138695365465
AT4G03665,0.1022361431632837
AT4G03675,0.1019935489625394
AT4G03685,0.1288635130803506
AT4G03705,0.1207555811014027
AT4G03715,0.1022361431632837
AT4G03725,0.1016524999438922
AT4G03728,0.1022361431632837
AT4G03740,0.1096239903335253
AT4G03755,0.10861365468277069
AT4G03765,0.1019935489625394
AT4G03785,0.1022361431632837
AT4G03805,0.1022361431632837
AT4G03811,0.1910818343889853
AT4G03815,0.1022361431632837
AT4G03820,0.452382071124169
AT4G03830,0.1022361431632837
AT4G03845,0.1022361431632837
AT4G03855,0.1022361431632837
AT4G03875,0.1022361431632837
AT4G03895,0.5762565136635596
AT4G03905,1.0263046658157347
AT4G03915,0.4012830032466117
AT4G03925,0.3832134481731857
AT4G03930,0.1499295028325304
AT4G03935,0.4613687722046698
AT4G03940,0.3311126600436327
AT4G03945,0.1022361431632837
AT4G03950,0.1967441660923151
AT4G03955,0.1022361431632837
AT4G03960,0.7352862763883774
AT4G03965,0.2158354651065369
AT4G03985,0.1022361431632837
AT4G03995,0.1022361431632837
AT4G04005,0.3528520275200211
AT4G04015,0.2705273081080661
AT4G04020,0.3957283982696077
AT4G04025,0.3080877975187142
AT4G04030,0.1022361431632837
AT4G04035,0.13229989848999052
AT4G04040,0.4551248871945668
AT4G04055,0.43859110342019103
AT4G04065,0.1022361431632837
AT4G04075,0.102892224224257
AT4G04077,0.1139878241003406
AT4G04078,0.1022361431632837
AT4G04080,0.1019935489625394
AT4G04085,0.1019935489625394
AT4G04090,0.1022361431632837
AT4G04095,0.1022361431632837
AT4G04110,0.1022361431632837
AT4G04115,0.1022361431632837
AT4G04125,0.1022361431632837
AT4G04135,0.1019935489625394
AT4G04180,0.3136784943785129
AT4G04185,0.2069598709098778
AT4G04190,0.44380140672170254
AT4G04195,0.1019935489625394
AT4G04200,0.6708834876854309
AT4G04205,0.47748993626203734
AT4G04210,0.5175623191101413
AT4G04215,0.1022361431632837
AT4G04220,0.2493825467410707
AT4G04221,0.3741145023405393
AT4G04223,1.3204097280770695
AT4G04225,0.1862141118421781
AT4G04235,0.1022361431632837
AT4G04260,0.1031385476738845
AT4G04265,0.1022361431632837
AT4G04275,0.1401155644840633
AT4G04285,0.2216344356232658
AT4G04295,0.1019935489625394
AT4G04305,0.1022361431632837
AT4G04315,0.1022361431632837
AT4G04320,0.5748116323824275
AT4G04325,0.1022361431632837
AT4G04330,0.2360208820654749
AT4G04335,0.1022361431632837
AT4G04340,0.4791901229954003
AT4G04345,0.102278091583235
AT4G04350,0.2860796760734172
AT4G04355,0.1019935489625394
AT4G04360,0.2411798610612376
AT4G04365,0.1022361431632837
AT4G04370,0.29218458674953873
AT4G04385,0.1022361431632837
AT4G04402,0.1022361431632837
AT4G04404,0.1022361431632837
AT4G04415,0.1022361431632837
AT4G04423,0.1022361431632837
AT4G04425,0.1022361431632837
AT4G04435,0.2925740270049551
AT4G04445,0.227420562428972
AT4G04450,0.2613197285858876
AT4G04455,0.3289490344026693
AT4G04460,0.3330443112472331
AT4G04465,0.21486830534916038
AT4G04470,0.8222724568094204
AT4G04475,0.3503149126011771
AT4G04480,0.1022361431632837
AT4G04485,0.3846623218650883
AT4G04490,0.16110498766886178
AT4G04500,0.1019935489625394
AT4G04505,0.122135627732676
AT4G04510,0.1022361431632837
AT4G04515,0.11933186602650339
AT4G04535,0.1022361431632837
AT4G04540,0.11522953561180929
AT4G04555,0.1022361431632837
AT4G04565,1.1028279104957157
AT4G04570,0.2131561350387457
AT4G04580,0.1926834822671995
AT4G04585,0.09873784946592569
AT4G04601,0.1016524999438922
AT4G04605,0.1554619419080285
AT4G04610,0.7399640082612722
AT4G04614,0.6159741887905696
AT4G04615,0.5402367068615903
AT4G04620,0.7772624773990825
AT4G04625,0.1022361431632837
AT4G04630,0.46522165269999566
AT4G04632,0.1022361431632837
AT4G04640,0.7807547007413983
AT4G04645,0.1022361431632837
AT4G04650,0.1022361431632837
AT4G04665,0.1022361431632837
AT4G04670,0.45345009253849555
AT4G04675,0.1072642796477432
AT4G04680,0.1093555335496357
AT4G04690,0.1022361431632837
AT4G04695,0.3385832256621753
AT4G04700,0.44924069270728645
AT4G04710,0.3937684649772679
AT4G04720,0.33906227524022026
AT4G04730,0.1019935489625394
AT4G04740,0.2684218405826503
AT4G04745,1.107916915729817
AT4G04750,0.44436365727527166
AT4G04755,0.1022361431632837
AT4G04760,0.1968926420777404
AT4G04765,0.1022361431632837
AT4G04770,0.7414530362550809
AT4G04775,0.1022361431632837
AT4G04780,0.47009622480091573
AT4G04785,0.1022361431632837
AT4G04790,0.3266000912265247
AT4G04795,0.1022361431632837
AT4G04800,0.5001838168342969
AT4G04805,0.1022361431632837
AT4G04810,0.5945907708859446
AT4G04815,0.1022361431632837
AT4G04825,0.1022361431632837
AT4G04830,0.736427757913503
AT4G04835,0.1501539860121014
AT4G04840,1.3079414710074047
AT4G04850,0.5022071421168283
AT4G04855,0.10689333636878
AT4G04860,0.6374741920636486
AT4G04865,0.1016524999438922
AT4G04870,0.5074579011098864
AT4G04875,0.1022361431632837
AT4G04880,0.5038029249225852
AT4G04885,0.389509405233859
AT4G04890,0.6171114288361339
AT4G04895,0.6088749241868544
AT4G04900,0.5619671909842241
AT4G04905,0.1022361431632837
AT4G04910,0.47928502885592117
AT4G04920,0.3606748254602308
AT4G04925,0.44935863413589505
AT4G04930,0.2293234092585304
AT4G04940,0.5343259018561373
AT4G04945,0.23302311737657622
AT4G04950,0.5211886964100505
AT4G04955,0.42796961833851843
AT4G04957,0.1022361431632837
AT4G04960,0.387310532078012
AT4G04965,0.1098351027995706
AT4G04970,0.34903019333463675
AT4G04972,0.6618086878646268
AT4G04975,0.1022361431632837
AT4G04980,0.1413451498571252
AT4G04985,0.1022361431632837
AT4G04990,0.22236241896658382
AT4G04995,0.192747708874379
AT4G05000,0.3955299276160439
AT4G05005,0.1022361431632837
AT4G05010,0.6739801924366836
AT4G05015,0.1022361431632837
AT4G05018,0.4321466773809316
AT4G05020,0.5009528843661638
AT4G05025,0.1022361431632837
AT4G05030,0.13061199838071702
AT4G05040,0.2821812022150705
AT4G05045,0.1022361431632837
AT4G05048,0.1438887140328396
AT4G05050,0.7736129499481645
AT4G05055,0.1022361431632837
AT4G05060,0.3713249698614725
AT4G05065,0.1183867288668687
AT4G05070,0.4708907126860412
AT4G05071,0.10134379978257319
AT4G05075,0.1022361431632837
AT4G05080,0.1022361431632837
AT4G05085,0.1022361431632837
AT4G05090,0.35407859106365513
AT4G05091,0.12953600982134117
AT4G05095,0.3430678988466987
AT4G05097,0.2700751058089483
AT4G05100,0.905749552655408
AT4G05105,0.2967910092237419
AT4G05110,0.6775136748299903
AT4G05115,0.1022361431632837
AT4G05120,0.43664125841904183
AT4G05125,0.1022361431632837
AT4G05130,0.13509872445118948
AT4G05135,0.2332825686122792
AT4G05140,0.1022361431632837
AT4G05150,0.7150784116968691
AT4G05155,0.1317302937151158
AT4G05160,0.619162432610848
AT4G05170,0.635029346679068
AT4G05180,0.5112915918577612
AT4G05190,0.48969517095304393
AT4G05200,0.6352436581346047
AT4G05205,0.1022361431632837
AT4G05210,0.36180472784233997
AT4G05215,0.1022361431632837
AT4G05220,0.1858842963401868
AT4G05225,0.2066448552684507
AT4G05230,0.1022361431632837
AT4G05235,0.1022361431632837
AT4G05240,0.1022361431632837
AT4G05245,0.1022361431632837
AT4G05250,0.1022361431632837
AT4G05255,0.1621242914590588
AT4G05260,0.1022361431632837
AT4G05270,0.1022361431632837
AT4G05275,0.1022361431632837
AT4G05285,0.1022361431632837
AT4G05295,0.1022361431632837
AT4G05305,0.1022361431632837
AT4G05310,0.1022361431632837
AT4G05315,0.1016524999438922
AT4G05320,0.6388476608700411
AT4G05330,0.34394798879957394
AT4G05335,0.2054856294104638
AT4G05340,0.1022361431632837
AT4G05350,0.1022361431632837
AT4G05355,0.1022361431632837
AT4G05360,0.1019935489625394
AT4G05365,0.23629062214431729
AT4G05375,0.1022361431632837
AT4G05380,0.1266181617864412
AT4G05385,0.10134379978257319
AT4G05390,0.9063888372359403
AT4G05395,0.18515936239199068
AT4G05400,0.7983035660148142
AT4G05405,0.1022361431632837
AT4G05410,0.4708831850081895
AT4G05415,0.1022361431632837
AT4G05420,0.6195069705107692
AT4G05425,0.1016524999438922
AT4G05430,0.39724882156374564
AT4G05435,0.1019935489625394
AT4G05440,0.4548096550271372
AT4G05445,0.1022361431632837
AT4G05450,0.4230180583234594
AT4G05455,0.1307253132673591
AT4G05460,0.4613699303801624
AT4G05465,0.1022361431632837
AT4G05470,0.1022361431632837
AT4G05475,0.1022361431632837
AT4G05485,0.12181545692328119
AT4G05490,0.1088596082466891
AT4G05497,0.1135798343244592
AT4G05508,0.1022361431632837
AT4G05520,0.6123709193502807
AT4G05523,0.1238935492080442
AT4G05525,0.4001831925167101
AT4G05530,0.8497941239665163
AT4G05535,0.1022361431632837
AT4G05540,0.1022361431632837
AT4G05545,0.1022361431632837
AT4G05553,0.1022361431632837
AT4G05555,0.1016524999438922
AT4G05565,0.1022361431632837
AT4G05590,1.0083943012393672
AT4G05605,0.1022361431632837
AT4G05612,0.1022361431632837
AT4G05615,0.1022361431632837
AT4G05620,0.1022361431632837
AT4G05625,0.1022361431632837
AT4G05630,0.1022361431632837
AT4G05631,0.8328210782482532
AT4G05632,0.1022361431632837
AT4G05645,0.1022361431632837
AT4G05650,0.1899947371801114
AT4G05655,0.1022361431632837
AT4G05660,0.1016524999438922
AT4G05665,0.1022361431632837
AT4G05670,0.1019935489625394
AT4G05675,0.1016524999438922
AT4G05680,0.10317673177473399
AT4G05685,0.15131365747281011
AT4G05690,0.1022361431632837
AT4G05695,0.1022361431632837
AT4G05700,0.1022361431632837
AT4G05705,0.1022361431632837
AT4G05710,0.1019935489625394
AT4G05715,0.311094804800097
AT4G05720,0.1022361431632837
AT4G05730,0.1022361431632837
AT4G05735,0.1022361431632837
AT4G05740,0.1022361431632837
AT4G05745,0.1022361431632837
AT4G05750,0.1022361431632837
AT4G05755,0.2454741053459671
AT4G05760,0.41132160650406324
AT4G05765,0.1022361431632837
AT4G05770,0.1022361431632837
AT4G05775,1.4809658919476674
AT4G05780,0.33439171311683624
AT4G05785,0.17074532638104067
AT4G05790,0.1347057997906948
AT4G05795,0.1198238233604745
AT4G05800,0.1022361431632837
AT4G05805,0.1022361431632837
AT4G05810,0.1072054064180908
AT4G05815,0.2579805181224057
AT4G05840,0.1121817318088381
AT4G05845,0.2412357325319329
AT4G05850,0.1022361431632837
AT4G05855,0.1022361431632837
AT4G05860,0.1022361431632837
AT4G05865,0.1022361431632837
AT4G05870,0.1022361431632837
AT4G05875,0.1022361431632837
AT4G05880,0.1019935489625394
AT4G05885,0.1022361431632837
AT4G05890,0.1022361431632837
AT4G05895,0.1022361431632837
AT4G05900,0.1022361431632837
AT4G05905,0.1022361431632837
AT4G05910,0.1371222498296783
AT4G05915,0.1022361431632837
AT4G05920,0.1022361431632837
AT4G05925,0.1016524999438922
AT4G05930,0.1022361431632837
AT4G05935,0.1201829313352286
AT4G05940,0.1022361431632837
AT4G05945,0.1022361431632837
AT4G05950,0.1157206316002624
AT4G05965,0.1022361431632837
AT4G05970,0.1022361431632837
AT4G05975,0.1114406880862591
AT4G05980,0.1019935489625394
AT4G05985,0.1022361431632837
AT4G05990,0.1022361431632837
AT4G05995,0.1022361431632837
AT4G06000,0.129787596225451
AT4G06005,0.1019935489625394
AT4G06010,0.4185571928268625
AT4G06015,0.4119062481235954
AT4G06045,0.1022361431632837
AT4G06050,0.1022361431632837
AT4G06055,0.1022361431632837
AT4G06060,0.1539907321347305
AT4G06065,0.5142578580438772
AT4G06070,0.1022361431632837
AT4G06075,0.1016524999438922
AT4G06080,0.1947221843803243
AT4G06085,0.1022361431632837
AT4G06090,0.1022361431632837
AT4G06095,0.1022361431632837
AT4G06105,0.1022361431632837
AT4G06110,0.1022361431632837
AT4G06115,0.1022361431632837
AT4G06130,0.1022361431632837
AT4G06135,0.1279160676236765
AT4G06140,0.1022361431632837
AT4G06145,0.1022361431632837
AT4G06155,0.1442738527048821
AT4G06160,0.1022361431632837
AT4G06165,0.1022361431632837
AT4G06170,0.1022361431632837
AT4G06175,0.1016524999438922
AT4G06185,0.1022361431632837
AT4G06195,0.7752585133787628
AT4G06200,0.1022361431632837
AT4G06205,0.10134379978257319
AT4G06210,0.1260183617322012
AT4G06215,0.10134379978257319
AT4G06225,0.218240390057014
AT4G06235,0.28173322615086394
AT4G06240,0.1974433655722313
AT4G06245,0.1967351803936632
AT4G06250,0.1413126976986379
AT4G06255,0.2497599121816915
AT4G06260,0.1202789448317914
AT4G06265,0.2105197610047999
AT4G06280,0.1174877514602752
AT4G06285,0.1022361431632837
AT4G06290,0.1022361431632837
AT4G06295,0.1022361431632837
AT4G06300,0.1019935489625394
AT4G06305,0.27156230282465876
AT4G06310,0.1573114244006785
AT4G06315,0.1141698599051475
AT4G06320,0.16590815324715608
AT4G06330,0.1022361431632837
AT4G06335,0.1019935489625394
AT4G06340,0.3475578292605181
AT4G06345,0.1022361431632837
AT4G06365,0.1022361431632837
AT4G06370,0.1019935489625394
AT4G06375,0.1615712408168425
AT4G06380,0.188435706397891
AT4G06385,0.1295388746102282
AT4G06390,0.1022361431632837
AT4G06395,0.32672401540176876
AT4G06400,0.1022361431632837
AT4G06405,0.1022361431632837
AT4G06410,0.2091674767699501
AT4G06415,0.2298920609799066
AT4G06425,0.1213239839137486
AT4G06440,0.1022361431632837
AT4G06445,0.1022361431632837
AT4G06450,0.1022361431632837
AT4G06455,0.1019935489625394
AT4G06460,0.1022361431632837
AT4G06479,0.1022361431632837
AT4G06490,0.1022361431632837
AT4G06526,0.1022361431632837
AT4G06534,0.4113994694319364
AT4G06536,0.3316840946083091
AT4G06583,0.1022361431632837
AT4G06598,0.5928153578724844
AT4G06599,0.6261838941653297
AT4G06634,0.2870423823366729
AT4G06639,0.1022361431632837
AT4G06643,0.1022361431632837
AT4G06655,0.1022361431632837
AT4G06665,0.1241107112397109
AT4G06675,0.1022361431632837
AT4G06676,0.31167058080909776
AT4G06685,0.1022361431632837
AT4G06688,0.1022361431632837
AT4G06695,0.370195885102922
AT4G06701,0.909937254402941
AT4G06705,0.1835739601697341
AT4G06715,0.1022361431632837
AT4G06725,0.1022361431632837
AT4G06744,1.1416046455969817
AT4G06745,0.1022361431632837
AT4G06746,0.8909086795584817
AT4G06755,0.1386764515947436
AT4G06760,0.1022361431632837
AT4G06765,0.1022361431632837
AT4G06770,0.11278418331812669
AT4G06775,0.286998025680864
AT4G06780,0.12539514187808437
AT4G06785,0.1022361431632837
AT4G06795,0.2008517631779542
AT4G06800,0.2503194934382341
AT4G06805,0.1674385791745286
AT4G06810,0.1770784229106435
AT4G06815,0.1022361431632837
AT4G06820,0.1022361431632837
AT4G06825,0.1022361431632837
AT4G06830,0.1022361431632837
AT4G06835,0.5470473819015562
AT4G06845,0.1022361431632837
AT4G06850,0.1022361431632837
AT4G06855,0.1186975391564535
AT4G06860,0.1022361431632837
AT4G06865,0.1022361431632837
AT4G06870,0.1352145491087568
AT4G06875,0.1022361431632837
AT4G06880,0.3942116570902154
AT4G06885,0.1022361431632837
AT4G06890,0.1022361431632837
AT4G06895,0.1022361431632837
AT4G06900,0.1022361431632837
AT4G06905,0.39423634931799756
AT4G06910,0.1019935489625394
AT4G06915,0.1022361431632837
AT4G06920,0.1022361431632837
AT4G06925,0.1022361431632837
AT4G06930,0.1022361431632837
AT4G06935,0.1766491023670672
AT4G06945,0.1265548441539654
AT4G06950,0.1022361431632837
AT4G06955,0.22280718834255078
AT4G06960,0.121058324839146
AT4G06965,0.1625406242881083
AT4G06970,0.1022361431632837
AT4G06975,0.1022361431632837
AT4G06980,0.33963594791353025
AT4G06985,0.17073250607394191
AT4G06990,0.1152637088868691
AT4G06995,0.2006348517354572
AT4G07000,0.1022361431632837
AT4G07005,0.1022361431632837
AT4G07010,0.1022361431632837
AT4G07015,0.1016524999438922
AT4G07020,0.108546475753795
AT4G07025,0.1022361431632837
AT4G07030,0.1022361431632837
AT4G07040,0.1022361431632837
AT4G07045,0.1183097985152818
AT4G07050,0.1019935489625394
AT4G07055,0.1019935489625394
AT4G07060,0.1022361431632837
AT4G07065,0.157500105935226
AT4G07070,0.975830042929702
AT4G07075,0.1405846084093661
AT4G07080,0.6091269325066838
AT4G07085,0.1022361431632837
AT4G07090,0.42649198017766
AT4G07095,0.1225154671733982
AT4G07100,0.1145209276969502
AT4G07105,0.1022361431632837
AT4G07110,0.1022361431632837
AT4G07115,0.1022361431632837
AT4G07120,0.1022361431632837
AT4G07125,0.1485313142079866
AT4G07130,0.1380723631981021
AT4G07135,0.1179887682744113
AT4G07145,0.1022361431632837
AT4G07150,0.1022361431632837
AT4G07160,0.1022361431632837
AT4G07165,0.1022361431632837
AT4G07170,0.1721629010327825
AT4G07175,0.1022361431632837
AT4G07180,0.10075254141967468
AT4G07185,0.10857999799809169
AT4G07190,0.3786296519551029
AT4G07195,0.24664420419833522
AT4G07200,0.12651451130485009
AT4G07205,0.2597110326018312
AT4G07210,0.2703868574322732
AT4G07215,0.1022361431632837
AT4G07220,0.1022361431632837
AT4G07225,0.1022361431632837
AT4G07230,0.1022361431632837
AT4G07235,0.1001810529850545
AT4G07240,0.1022361431632837
AT4G07245,0.1022361431632837
AT4G07250,0.1022361431632837
AT4G07255,0.1209220624866095
AT4G07260,0.26431464974427565
AT4G07265,0.1022361431632837
AT4G07270,0.36374851903173966
AT4G07275,0.1327080438312166
AT4G07280,0.1022361431632837
AT4G07285,0.4782000181560303
AT4G07290,0.1352197968777777
AT4G07295,0.1022361431632837
AT4G07300,0.1022361431632837
AT4G07305,0.1022361431632837
AT4G07325,0.1022361431632837
AT4G07335,0.1022361431632837
AT4G07345,0.1022361431632837
AT4G07350,0.1022361431632837
AT4G07365,0.1019935489625394
AT4G07375,0.1019935489625394
AT4G07380,0.1022361431632837
AT4G07385,0.12709917845658159
AT4G07390,0.5392272807045606
AT4G07395,0.1022361431632837
AT4G07400,0.2612908217774476
AT4G07405,0.14484769646058218
AT4G07408,0.1022361431632837
AT4G07410,0.4992109835327867
AT4G07445,0.1022361431632837
AT4G07455,0.8533560081728835
AT4G07465,0.1151732792273701
AT4G07505,0.1022361431632837
AT4G07515,0.1022361431632837
AT4G07524,0.1022361431632837
AT4G07526,0.1022361431632837
AT4G07535,0.1019935489625394
AT4G07545,0.27562587758583357
AT4G07565,0.1022361431632837
AT4G07575,0.1477497171561316
AT4G07625,0.3057037575086601
AT4G07635,0.3678289715816207
AT4G07645,0.1022361431632837
AT4G07655,0.1022361431632837
AT4G07665,0.1022361431632837
AT4G07666,0.1022361431632837
AT4G07670,0.1022361431632837
AT4G07675,0.1022361431632837
AT4G07715,0.1022361431632837
AT4G07735,0.13083605690041988
AT4G07740,0.1022361431632837
AT4G07745,0.1022361431632837
AT4G07765,0.1022361431632837
AT4G07775,0.1022361431632837
AT4G07785,0.1022361431632837
AT4G07805,0.1022361431632837
AT4G07815,0.1868741197887736
AT4G07820,0.6791835956407862
AT4G07825,0.7079041125563357
AT4G07835,0.1022361431632837
AT4G07845,0.1016524999438922
AT4G07855,0.6203342546389999
AT4G07865,0.1022361431632837
AT4G07868,0.1022361431632837
AT4G07875,0.1964882270486712
AT4G07895,0.1022361431632837
AT4G07905,0.1022361431632837
AT4G07925,0.1022361431632837
AT4G07932,0.1022361431632837
AT4G07940,0.1019935489625394
AT4G07950,0.664795740353466
AT4G07955,0.1022361431632837
AT4G07960,0.4298806398916849
AT4G07965,0.1022361431632837
AT4G07975,0.1377940002281374
AT4G07985,0.1022361431632837
AT4G07990,0.5983152769659432
AT4G07995,0.1817281238683847
AT4G08005,0.1564700729981269
AT4G08015,0.20696145277436911
AT4G08025,0.1022361431632837
AT4G08028,0.1022361431632837
AT4G08035,0.9240085156750657
AT4G08039,0.1022361431632837
AT4G08040,0.3039333257001823
AT4G08045,0.21320602883488682
AT4G08055,0.1022361431632837
AT4G08065,0.174442759904525
AT4G08075,0.1022361431632837
AT4G08085,0.1022361431632837
AT4G08097,0.1022361431632837
AT4G08116,0.1022361431632837
AT4G08125,0.1730087914761047
AT4G08140,0.1019935489625394
AT4G08150,0.9349979379747217
AT4G08155,0.1165414652764335
AT4G08160,0.4403922208891822
AT4G08165,0.2759444748549824
AT4G08170,0.4703460210036948
AT4G08175,0.3109394314628309
AT4G08180,0.2502934998602224
AT4G08185,0.1022361431632837
AT4G08190,0.1022361431632837
AT4G08195,0.1022361431632837
AT4G08205,0.1022361431632837
AT4G08210,0.2442328285865515
AT4G08215,0.1022361431632837
AT4G08225,0.1512680630381435
AT4G08230,0.3727449653885141
AT4G08235,0.1022361431632837
AT4G08240,0.49358281980918695
AT4G08245,0.2126558698783543
AT4G08250,0.3157826760682359
AT4G08255,0.1220392032941727
AT4G08260,0.1022361431632837
AT4G08263,0.1022361431632837
AT4G08265,0.1022361431632837
AT4G08267,0.1022361431632837
AT4G08270,0.1022361431632837
AT4G08280,0.6294047552021789
AT4G08285,0.1248921824473251
AT4G08290,0.7733659582349879
AT4G08295,0.1022361431632837
AT4G08300,0.7600791848283053
AT4G08305,0.2864052284798005
AT4G08310,0.8362059971496503
AT4G08315,0.1022361431632837
AT4G08320,0.3922580141931712
AT4G08325,0.1022361431632837
AT4G08330,0.2789908451234657
AT4G08335,0.1022361431632837
AT4G08345,0.1022361431632837
AT4G08350,0.6015883336129677
AT4G08355,0.1022361431632837
AT4G08360,0.1826815076127912
AT4G08365,0.1022361431632837
AT4G08370,2.1464247144010273
AT4G08380,0.5873387117738367
AT4G08385,0.1022361431632837
AT4G08390,0.7366401685450539
AT4G08395,0.21824322837993249
AT4G08400,1.2606232115983884
AT4G08406,0.1022361431632837
AT4G08410,2.05695969476389
AT4G08415,0.1084320760493844
AT4G08425,0.317243919203159
AT4G08430,0.1414969936653265
AT4G08435,0.1156543871056623
AT4G08445,0.1019935489625394
AT4G08450,0.3005819509454477
AT4G08455,0.33059969387147636
AT4G08460,0.525533612513706
AT4G08465,0.10572675687379729
AT4G08470,0.3749804262009997
AT4G08475,0.1022361431632837
AT4G08480,0.3324701715071919
AT4G08485,0.1022361431632837
AT4G08495,0.1022361431632837
AT4G08500,0.3065176184068833
AT4G08505,0.2052048305880141
AT4G08510,0.38369507409901804
AT4G08515,0.1316603080487502
AT4G08520,0.684582196263964
AT4G08525,0.1016524999438922
AT4G08530,0.1022361431632837
AT4G08535,0.1985065087392572
AT4G08540,0.3447336654269522
AT4G08545,0.1022361431632837
AT4G08550,0.1022361431632837
AT4G08555,1.128289828085495
AT4G08560,0.1022361431632837
AT4G08565,0.1022361431632837
AT4G08570,0.6612712505887577
AT4G08575,0.1152676507414442
AT4G08580,0.5891930829015635
AT4G08585,0.1022361431632837
AT4G08590,0.32432618261336654
AT4G08593,0.1022361431632837
AT4G08595,0.1022361431632837
AT4G08615,0.4589114423822039
AT4G08620,0.4283853535545281
AT4G08625,0.43163115757563675
AT4G08630,0.1085850895456198
AT4G08635,0.1022361431632837
AT4G08640,0.1268096308605067
AT4G08665,0.1022361431632837
AT4G08670,0.1022361431632837
AT4G08685,0.9670213756306072
AT4G08690,0.5517989379447894
AT4G08691,0.1022361431632837
AT4G08700,0.33063592874042547
AT4G08705,0.14308868693831728
AT4G08715,0.11192344692213839
AT4G08725,0.1022361431632837
AT4G08730,0.1022361431632837
AT4G08740,0.1022361431632837
AT4G08755,0.6378662207944353
AT4G08760,0.1022361431632837
AT4G08770,1.5456517773298972
AT4G08775,0.1188675330425083
AT4G08780,1.1858121060935516
AT4G08785,0.7240309492659167
AT4G08790,0.4276113780769325
AT4G08795,0.10134379978257319
AT4G08800,0.1019935489625394
AT4G08805,0.1948642826304243
AT4G08810,0.4203168612897972
AT4G08815,0.1451783766985711
AT4G08825,0.1022361431632837
AT4G08835,0.1728659038866116
AT4G08840,0.1022361431632837
AT4G08845,0.1022361431632837
AT4G08850,0.4369287690054676
AT4G08855,0.1022361431632837
AT4G08865,0.1022361431632837
AT4G08867,0.1022361431632837
AT4G08868,0.2544294470539225
AT4G08869,0.1022361431632837
AT4G08870,0.1022361431632837
AT4G08874,0.1019935489625394
AT4G08875,0.1022361431632837
AT4G08876,0.1019935489625394
AT4G08878,0.1022361431632837
AT4G08885,0.1022361431632837
AT4G08895,0.1022361431632837
AT4G08900,0.3037999641774599
AT4G08910,0.1972777209666699
AT4G08915,0.1019935489625394
AT4G08920,0.5042220831960793
AT4G08925,0.1019935489625394
AT4G08930,0.619105381769094
AT4G08935,0.1270625814057401
AT4G08940,0.33564169145366607
AT4G08950,0.8196116832129242
AT4G08955,0.1022361431632837
AT4G08960,0.4328875537588993
AT4G08965,0.1022361431632837
AT4G08975,0.1022361431632837
AT4G08980,0.5972186069194059
AT4G08985,0.1019935489625394
AT4G08990,0.13561662105249017
AT4G09000,0.8102943528972433
AT4G09005,0.1022361431632837
AT4G09010,0.3726665469919589
AT4G09012,0.3087333350907005
AT4G09015,0.1022361431632837
AT4G09020,0.6469175799737417
AT4G09025,0.1022361431632837
AT4G09030,0.709985973746974
AT4G09035,0.12561930855250159
AT4G09040,0.3831938229537802
AT4G09045,0.1022361431632837
AT4G09055,0.1022361431632837
AT4G09060,0.3907735845945189
AT4G09065,0.1022361431632837
AT4G09070,0.1022361431632837
AT4G09075,0.1022361431632837
AT4G09080,0.3060067825716209
AT4G09085,0.1022361431632837
AT4G09090,0.1022361431632837
AT4G09100,0.4836274137680302
AT4G09105,0.202955919314794
AT4G09110,0.42380813069130496
AT4G09115,0.1022361431632837
AT4G09120,0.1058216474088077
AT4G09125,0.1022361431632837
AT4G09130,0.3297361979753248
AT4G09135,0.4037064163024018
AT4G09140,0.46453488597271125
AT4G09145,0.1022361431632837
AT4G09150,0.4144227797368215
AT4G09153,0.1022361431632837
AT4G09155,0.1022361431632837
AT4G09160,0.41158038048682166
AT4G09165,0.1467600316408429
AT4G09170,0.2605597131520406
AT4G09175,0.1022361431632837
AT4G09180,0.5417691595032202
AT4G09185,0.1022361431632837
AT4G09190,0.1022361431632837
AT4G09195,0.1022361431632837
AT4G09200,2.107648806526841
AT4G09210,0.14871932952722977
AT4G09225,0.1022361431632837
AT4G09235,0.1022361431632837
AT4G09240,0.2187229502064271
AT4G09250,0.1022361431632837
AT4G09260,0.10075254141967468
AT4G09265,0.1022361431632837
AT4G09275,0.10075254141967468
AT4G09285,0.1289282100222599
AT4G09295,0.15518654789668118
AT4G09300,0.4057666060476844
AT4G09305,0.1329995935910528
AT4G09315,0.1022361431632837
AT4G09320,0.6981171412898237
AT4G09325,0.1508846875885281
AT4G09335,0.1815480149163116
AT4G09340,0.5175797503069471
AT4G09350,0.1619445031502744
AT4G09355,0.1022361431632837
AT4G09360,0.117939395445974
AT4G09365,0.1019935489625394
AT4G09375,0.1453419501007604
AT4G09385,0.1016524999438922
AT4G09395,0.1022361431632837
AT4G09405,0.1016524999438922
AT4G09415,0.1016524999438922
AT4G09420,0.3761179717584286
AT4G09430,0.1265844391086429
AT4G09432,0.2579221187431528
AT4G09435,0.1609709789477486
AT4G09440,0.1022361431632837
AT4G09445,0.1022361431632837
AT4G09450,0.1022361431632837
AT4G09460,0.28019155910851207
AT4G09462,0.1019935489625394
AT4G09464,0.1022361431632837
AT4G09465,0.1022361431632837
AT4G09466,0.1022361431632837
AT4G09467,0.1022361431632837
AT4G09475,0.1022361431632837
AT4G09485,0.1022361431632837
AT4G09490,0.306636706828606
AT4G09495,0.1022361431632837
AT4G09500,0.39545916558031946
AT4G09510,0.2631496443255627
AT4G09515,0.1022361431632837
AT4G09520,0.4808687119116901
AT4G09525,0.2164215789908243
AT4G09530,0.1022361431632837
AT4G09535,0.0996571795756161
AT4G09545,0.1022361431632837
AT4G09550,0.733456633408492
AT4G09555,0.1138353775784967
AT4G09560,0.40989458298348397
AT4G09570,0.5083622049671714
AT4G09575,0.13852923906134051
AT4G09580,0.44929342209990086
AT4G09585,0.1022361431632837
AT4G09589,0.1449748119313727
AT4G09590,0.1276271882455852
AT4G09600,1.9462202432904896
AT4G09605,0.1215430581296285
AT4G09610,2.03874664849
AT4G09620,0.4458909857468557
AT4G09630,0.35303941698212565
AT4G09635,0.1148152763272238
AT4G09640,0.38932119846336477
AT4G09645,0.13463716400294928
AT4G09647,0.1022361431632837
AT4G09649,0.13011412818312512
AT4G09650,0.5669321152849083
AT4G09655,0.1022361431632837
AT4G09660,0.1022361431632837
AT4G09665,0.1022361431632837
AT4G09670,0.544394905747295
AT4G09675,0.1022361431632837
AT4G09680,0.43750862015874453
AT4G09685,0.16271105828153098
AT4G09690,0.3062498575888155
AT4G09695,1.2173227806282565
AT4G09705,0.11980082535799909
AT4G09715,0.1022361431632837
AT4G09720,0.6781732028468117
AT4G09725,0.1022361431632837
AT4G09730,0.4635059911768134
AT4G09731,0.1019935489625394
AT4G09735,0.1022361431632837
AT4G09740,0.1237857959156654
AT4G09750,0.5718738662949243
AT4G09755,0.1022361431632837
AT4G09760,0.6163845956035121
AT4G09765,0.1022361431632837
AT4G09770,0.3450227388864915
AT4G09775,0.1022361431632837
AT4G09780,0.3296990084139697
AT4G09784,0.1161893851609909
AT4G09785,0.1181006667631865
AT4G09795,0.1022361431632837
AT4G09800,0.7196207006856494
AT4G09810,0.40350071265347814
AT4G09815,0.1022361431632837
AT4G09820,0.1019935489625394
AT4G09825,0.1143742815256968
AT4G09830,0.5339770757997251
AT4G09840,0.2866253334384709
AT4G09845,0.5104576425590318
AT4G09850,0.12855316421573248
AT4G09855,0.1022361431632837
AT4G09860,0.1022361431632837
AT4G09865,0.1022361431632837
AT4G09870,0.13375120351665432
AT4G09880,0.1022361431632837
AT4G09885,0.1022361431632837
AT4G09890,0.9015002031864631
AT4G09895,0.12590428998898068
AT4G09900,0.2865087820893847
AT4G09905,0.1019935489625394
AT4G09915,0.1022361431632837
AT4G09920,0.3032267039205607
AT4G09925,0.1660533086577074
AT4G09930,0.1022361431632837
AT4G09935,0.1022361431632837
AT4G09940,0.2188489240994753
AT4G09945,0.1022361431632837
AT4G09950,0.5086540380421173
AT4G09955,0.1019935489625394
AT4G09960,0.2507962744700409
AT4G09965,0.1019935489625394
AT4G09970,0.4156844019840434
AT4G09975,0.14665911820457378
AT4G09980,0.6738136120197695
AT4G09984,0.1022361431632837
AT4G09985,0.1022361431632837
AT4G09990,0.6845564168918575
AT4G09995,0.31456439061740393
AT4G10000,0.46160571393052785
AT4G10010,0.19127377726430458
AT4G10020,1.4264207220934721
AT4G10030,0.40122067889739843
AT4G10040,0.9769448850517233
AT4G10050,0.3779288193959942
AT4G10060,0.3966409690736533
AT4G10070,0.44195883702582733
AT4G10080,0.5003856183207708
AT4G10090,0.3948616728115248
AT4G10100,0.5660883519586655
AT4G10110,0.43891191388796325
AT4G10115,0.1022361431632837
AT4G10120,0.3505263741472489
AT4G10130,0.42581623003616337
AT4G10140,0.5593866925471432
AT4G10150,0.1497671337525168
AT4G10160,0.1324336404495908
AT4G10170,0.42502189430586745
AT4G10180,0.7801802544254647
AT4G10190,0.1022361431632837
AT4G10200,0.1019935489625394
AT4G10210,0.1019935489625394
AT4G10220,0.753423110913236
AT4G10230,0.1022361431632837
AT4G10240,0.1022361431632837
AT4G10250,0.8501736324380227
AT4G10260,0.18315967580825848
AT4G10265,0.4690695338435313
AT4G10270,0.6086532274061144
AT4G10280,0.8047260693742506
AT4G10290,0.1022361431632837
AT4G10300,0.7784349512005178
AT4G10305,0.12051081894595349
AT4G10310,0.7199086178303853
AT4G10320,0.7523741591433866
AT4G10330,0.38169527923563706
AT4G10340,1.253404416875334
AT4G10345,0.1022361431632837
AT4G10350,0.2985334671144813
AT4G10360,0.7654656740479889
AT4G10370,0.417963550010127
AT4G10380,0.5323673193014526
AT4G10390,0.5013300343004745
AT4G10400,0.2964271869131742
AT4G10410,0.1150152316931282
AT4G10420,0.3965077719854555
AT4G10430,0.40351258329318085
AT4G10440,0.1305018310889568
AT4G10450,0.6678649255540385
AT4G10457,0.1022361431632837
AT4G10465,0.2238463216391089
AT4G10470,0.5528133493293272
AT4G10480,0.7049169315119346
AT4G10490,0.2814315961825405
AT4G10500,0.5522897151570945
AT4G10507,0.11365009788119221
AT4G10510,0.2422657174131263
AT4G10520,0.1022361431632837
AT4G10530,0.1252424771381481
AT4G10540,0.1022361431632837
AT4G10550,0.41145823036323614
AT4G10560,0.33960678378784337
AT4G10570,0.4092400844877776
AT4G10590,0.37252740220565633
AT4G10595,0.1019935489625394
AT4G10600,0.1524520207809334
AT4G10603,0.1022361431632837
AT4G10610,0.46369159312614516
AT4G10613,0.165982902115836
AT4G10620,0.30758548867758506
AT4G10630,0.2413631458157679
AT4G10640,0.45451846607515783
AT4G10650,0.44521556526826267
AT4G10660,0.1022361431632837
AT4G10670,0.1022361431632837
AT4G10680,0.1022361431632837
AT4G10695,0.2809907442684748
AT4G10700,0.1022361431632837
AT4G10710,0.6304168676932072
AT4G10720,0.3796927455679446
AT4G10730,0.44133556981575284
AT4G10740,0.1022361431632837
AT4G10750,0.3778370056905226
AT4G10760,0.3920362052106456
AT4G10767,0.1022361431632837
AT4G10770,0.4492602478965182
AT4G10780,0.21822186628546458
AT4G10790,0.31714865656829616
AT4G10800,0.39484661622976924
AT4G10810,0.4818755737221234
AT4G10820,0.1022361431632837
AT4G10840,0.7268185789384239
AT4G10843,0.2464654315752653
AT4G10850,0.103453183071575
AT4G10860,0.5021083958178274
AT4G10870,0.1214205723241627
AT4G10880,0.1022361431632837
AT4G10890,0.5392973951170965
AT4G10895,0.1022361431632837
AT4G10910,0.2050156525671582
AT4G10920,1.173871520879943
AT4G10925,0.732251452157483
AT4G10930,0.3787235074775077
AT4G10950,0.24496134905109
AT4G10955,0.30216239749506113
AT4G10960,0.3267150565789001
AT4G10970,0.38235013521779504
AT4G11000,0.10421532952874829
AT4G11010,0.6280823600830452
AT4G11020,0.2218009918924643
AT4G11030,0.1022361431632837
AT4G11040,1.503834702090031
AT4G11050,0.3135672577483318
AT4G11060,0.7555904492006699
AT4G11070,0.11261313475099499
AT4G11080,0.8109671567189498
AT4G11090,0.3748194427633993
AT4G11100,0.25626943786802914
AT4G11110,0.2860250338676352
AT4G11120,0.6015346202844292
AT4G11130,0.3484636690086124
AT4G11140,0.2748991126932955
AT4G11150,0.9278180063355133
AT4G11160,0.4224825716637628
AT4G11170,0.3139622498234078
AT4G11175,0.5913337641832834
AT4G11180,0.1022361431632837
AT4G11190,1.633632830904029
AT4G11210,1.4292630008181737
AT4G11211,1.3824911796062629
AT4G11213,0.1022361431632837
AT4G11220,0.6010408807206813
AT4G11230,0.3292365890735529
AT4G11240,0.7714687179083592
AT4G11250,0.1391244673489278
AT4G11260,0.48667369014551576
AT4G11270,0.4819963675913466
AT4G11280,0.35995340699371275
AT4G11290,1.0955565542031245
AT4G11300,0.247125862634894
AT4G11310,0.9796797595582349
AT4G11320,2.675384862202021
AT4G11330,0.5170653501409288
AT4G11340,0.1782868953933596
AT4G11350,0.3870803042259632
AT4G11355,0.12311928986499959
AT4G11360,0.9092225272567975
AT4G11370,0.6710857148719206
AT4G11373,0.1022361431632837
AT4G11380,0.6553489633812744
AT4G11385,0.1193712310578007
AT4G11390,0.2292707408238778
AT4G11393,1.500569217669433
AT4G11400,0.3419940528876587
AT4G11402,0.10134379978257319
AT4G11410,0.6919651850620601
AT4G11420,0.7571621026820423
AT4G11430,0.1022361431632837
AT4G11440,0.3024874011177085
AT4G11450,0.495170757790983
AT4G11460,0.33899957588436513
AT4G11470,0.2394691846436056
AT4G11480,0.2253047165182655
AT4G11485,1.4555795118999468
AT4G11490,0.1022361431632837
AT4G11510,0.1022361431632837
AT4G11521,0.6422330938363687
AT4G11530,0.41790085769886426
AT4G11540,0.15759138443240478
AT4G11543,0.254219600287018
AT4G11547,0.7838012632819011
AT4G11550,0.36704969922755815
AT4G11560,0.36190218048581024
AT4G11570,0.4359220682871865
AT4G11580,0.1022361431632837
AT4G11590,0.2325315320986526
AT4G11600,0.6768549899079661
AT4G11610,0.2729909930769849
AT4G11630,0.5701757741652808
AT4G11640,0.6260201304543533
AT4G11650,1.3833276313772294
AT4G11653,0.1022361431632837
AT4G11655,0.3699705656029656
AT4G11660,0.27397396019779363
AT4G11670,0.5905320998808842
AT4G11680,0.5402548439525402
AT4G11690,0.332523467702812
AT4G11700,0.13078996521893088
AT4G11720,0.3695227518861189
AT4G11730,0.11768367606360569
AT4G11740,0.24796913861963665
AT4G11745,0.1022361431632837
AT4G11750,0.1022361431632837
AT4G11760,0.1022361431632837
AT4G11770,0.1022361431632837
AT4G11780,0.7358651908708309
AT4G11790,0.48840484415434204
AT4G11800,0.26671950574720743
AT4G11810,0.1773813810822422
AT4G11820,0.7282289236920034
AT4G11830,0.5534229337744895
AT4G11840,0.3572837144924683
AT4G11845,0.4033377905569069
AT4G11850,0.5397745434430756
AT4G11860,0.37786702714934417
AT4G11870,0.14787805906453078
AT4G11880,1.4482125665664023
AT4G11890,0.10236896452788509
AT4G11900,0.2183464130369377
AT4G11910,1.629164469268003
AT4G11911,0.1022361431632837
AT4G11920,0.30234916012119056
AT4G11930,0.1022361431632837
AT4G11940,0.1022361431632837
AT4G11950,0.4229220404019317
AT4G11960,0.6567609360635387
AT4G11970,0.2532807085196046
AT4G11980,0.30263488728443233
AT4G11990,0.3721723198135267
AT4G12000,0.5602238226366381
AT4G12005,0.23898689284389868
AT4G12010,0.31408742886925545
AT4G12020,0.47834028579347737
AT4G12030,1.124375383299303
AT4G12040,0.5885209242567251
AT4G12050,0.7196152089964178
AT4G12060,0.39604257174458635
AT4G12070,0.3692567206541586
AT4G12080,0.5496136296930536
AT4G12090,0.9000225617576332
AT4G12100,0.1260351206030353
AT4G12110,0.5811187271636246
AT4G12120,0.2813143554432419
AT4G12130,0.37975831992769593
AT4G12140,0.13613044494097298
AT4G12150,0.1022361431632837
AT4G12170,2.318651969179142
AT4G12190,0.1022361431632837
AT4G12210,0.1022361431632837
AT4G12220,0.1016524999438922
AT4G12230,0.43334978496096777
AT4G12240,0.2944513763227698
AT4G12250,0.5216238434368188
AT4G12270,0.826615832619878
AT4G12280,0.4941538724124118
AT4G12290,0.8457101518013527
AT4G12300,0.2159781041501272
AT4G12310,0.4126717265818935
AT4G12320,0.2277917148013176
AT4G12330,0.5386543264137446
AT4G12334,0.1022361431632837
AT4G12340,0.7558302524166982
AT4G12350,0.2335684827485461
AT4G12360,0.2598287925895043
AT4G12370,0.1734105897106528
AT4G12380,0.1022361431632837
AT4G12382,0.4920878032613536
AT4G12390,0.5785308652270539
AT4G12400,0.7754080834692426
AT4G12405,0.1262556804911455
AT4G12410,0.2163704803915253
AT4G12420,1.2051146894060383
AT4G12430,0.359257957822938
AT4G12440,0.2599103347358122
AT4G12450,0.2207733733898876
AT4G12460,0.37669782489504133
AT4G12470,1.9529199719548398
AT4G12480,2.209162363909307
AT4G12485,0.1022361431632837
AT4G12490,1.1180782463789662
AT4G12495,0.1670685543582215
AT4G12500,0.726544341001957
AT4G12510,1.3180095567416217
AT4G12520,1.306136467194245
AT4G12530,0.3797855816645008
AT4G12540,0.4283856497750586
AT4G12543,0.35943874251142627
AT4G12545,1.8103049674810445
AT4G12550,1.6971872755715594
AT4G12555,0.15744477332863838
AT4G12560,0.8132310148030548
AT4G12570,0.30906547775884946
AT4G12580,0.5301354838618348
AT4G12590,0.5939267984774121
AT4G12600,0.8922935314194032
AT4G12610,0.326455056504092
AT4G12617,0.1022361431632837
AT4G12620,0.3363471149489152
AT4G12640,0.42428491708036303
AT4G12650,0.770108887965673
AT4G12670,0.3301594687129786
AT4G12680,1.0266018027611037
AT4G12690,0.5482512280630606
AT4G12700,0.3671266808472602
AT4G12710,0.2941166922622233
AT4G12720,0.8214125443714425
AT4G12730,0.7472478534830773
AT4G12731,0.1022361431632837
AT4G12735,0.795456813505933
AT4G12740,0.3421821694815762
AT4G12750,0.3706093579142967
AT4G12760,0.6159717327865258
AT4G12770,0.3834955466284944
AT4G12780,0.5149803416476719
AT4G12790,0.6950612028628134
AT4G12800,0.848950661726347
AT4G12810,0.1022361431632837
AT4G12820,0.2720640700728918
AT4G12825,0.1022361431632837
AT4G12830,0.2203103456251181
AT4G12840,0.3747165104369007
AT4G12850,0.3351192447123332
AT4G12860,0.1022361431632837
AT4G12870,0.835533338064169
AT4G12880,1.2255791639715068
AT4G12890,0.3308904398122725
AT4G12900,0.1654401098315256
AT4G12910,0.4292532341141133
AT4G12917,0.2892880332906833
AT4G12920,0.125330350956922
AT4G12930,0.1022361431632837
AT4G12940,0.2810217338097159
AT4G12950,0.1167223419547791
AT4G12960,0.1022361431632837
AT4G12970,0.21841771392962908
AT4G12980,0.6060852037273823
AT4G12990,0.8592552160360598
AT4G13000,0.3421073210334654
AT4G13010,0.6423549462089836
AT4G13020,0.5286754691335632
AT4G13030,0.4156833605061919
AT4G13040,0.4437449997238355
AT4G13050,0.5607672828762756
AT4G13060,0.1022361431632837
AT4G13070,0.6028665055628263
AT4G13075,0.1022361431632837
AT4G13080,0.1022361431632837
AT4G13090,0.1245077136919676
AT4G13095,0.1672901945599801
AT4G13100,0.5163626736072376
AT4G13110,0.2913198117588811
AT4G13130,0.4477365444917552
AT4G13150,0.4214550013454128
AT4G13160,0.1549799698170115
AT4G13170,0.8644416012933969
AT4G13180,0.8740178708357894
AT4G13190,0.36740801640425214
AT4G13195,0.6007628530589625
AT4G13200,0.8735823967721659
AT4G13210,0.3328324551982468
AT4G13220,0.5657391701840904
AT4G13230,0.3120038130085251
AT4G13235,0.9046271676120818
AT4G13240,0.1022361431632837
AT4G13245,0.2537825231782535
AT4G13250,0.52567540037691
AT4G13260,0.3581381914304583
AT4G13261,0.1022361431632837
AT4G13263,0.1022361431632837
AT4G13266,0.1022361431632837
AT4G13270,0.7700160655117229
AT4G13280,1.2570122442010254
AT4G13290,1.4227978397474625
AT4G13300,0.2655522205330144
AT4G13310,0.3120846621713274
AT4G13320,0.1746827560319518
AT4G13330,0.4570539264884502
AT4G13340,0.6180375762843282
AT4G13345,0.6067016828025561
AT4G13350,0.6757067606742384
AT4G13360,0.7618770118323156
AT4G13370,0.4438620152430182
AT4G13380,0.1022361431632837
AT4G13390,1.348821629335392
AT4G13395,0.362963176427201
AT4G13400,0.42904470136987927
AT4G13410,0.1022361431632837
AT4G13420,0.7241853630958537
AT4G13430,1.1249733760995204
AT4G13440,0.4694721680307628
AT4G13450,0.1022361431632837
AT4G13460,0.4316885776965043
AT4G13480,0.1022361431632837
AT4G13490,0.1022361431632837
AT4G13493,0.1024666024987248
AT4G13494,0.1022361431632837
AT4G13495,0.35807998090642346
AT4G13500,0.3554486736727973
AT4G13505,1.0407465039032526
AT4G13510,0.4388753953321803
AT4G13520,0.6452211594283392
AT4G13530,0.5343794176191403
AT4G13540,0.2581998791313487
AT4G13550,0.3921501332032812
AT4G13554,0.3233644781614551
AT4G13555,0.3867221984629674
AT4G13560,0.35963370979143827
AT4G13564,0.1176498578415796
AT4G13570,0.3294793653753656
AT4G13572,0.4464066973888774
AT4G13575,0.7056703784441378
AT4G13577,1.05533023270839
AT4G13580,1.5159474269935214
AT4G13590,0.5149150315240557
AT4G13600,0.2965380575911649
AT4G13610,0.1022361431632837
AT4G13615,0.6321196019667923
AT4G13620,1.085277080794874
AT4G13630,0.5996385948224302
AT4G13640,0.32408353204572854
AT4G13650,0.2713719252650055
AT4G13660,0.7524156809148057
AT4G13670,0.259382117255464
AT4G13680,0.40026002150951057
AT4G13690,0.3948490134119773
AT4G13700,0.1022361431632837
AT4G13710,0.6238742065473046
AT4G13720,0.8702959790193425
AT4G13730,0.3688567126494659
AT4G13750,0.3218206304907421
AT4G13760,0.1022361431632837
AT4G13770,1.0789557934350757
AT4G13780,0.4496955085879266
AT4G13790,0.1139368342582665
AT4G13800,0.1234042292213326
AT4G13810,0.10134379978257319
AT4G13820,0.19124503074520618
AT4G13830,0.5270304219687272
AT4G13840,0.1702697954103446
AT4G13850,0.5645708994228933
AT4G13860,1.4418899831978855
AT4G13870,0.2465217622939569
AT4G13880,0.2453126977007808
AT4G13885,0.2013691269618132
AT4G13890,0.388823031224454
AT4G13918,0.19274033230231902
AT4G13920,0.3431931879654825
AT4G13930,0.9917359457657993
AT4G13940,0.9689195208176051
AT4G13950,0.6600817971347891
AT4G13955,0.1022361431632837
AT4G13960,0.1022361431632837
AT4G13965,0.1022361431632837
AT4G13968,0.11844419554013079
AT4G13970,0.4216155882620003
AT4G13980,0.6863920636432453
AT4G13985,0.1022361431632837
AT4G13990,0.5101100998353685
AT4G13992,0.3222971351584504
AT4G14000,0.479648820797568
AT4G14010,0.8949493370794972
AT4G14020,0.6531524015135156
AT4G14030,0.6073302696159237
AT4G14040,0.7837706581445418
AT4G14050,0.2820632784126922
AT4G14060,1.5730691048523247
AT4G14070,0.2646695283615044
AT4G14080,0.1022361431632837
AT4G14090,0.2976782993942005
AT4G14096,0.40495739277980225
AT4G14100,0.45409546242328763
AT4G14103,0.42004827082832674
AT4G14104,0.11723325976096459
AT4G14105,0.1022361431632837
AT4G14110,0.5422221630642452
AT4G14120,0.4039021284854526
AT4G14130,0.9867663801457172
AT4G14140,0.12376900255710219
AT4G14145,0.7453793342208412
AT4G14147,0.5080118750359743
AT4G14150,0.3032981642120092
AT4G14160,0.5999416587359198
AT4G14165,0.1640555981125764
AT4G14170,0.3749064408714502
AT4G14180,0.3964688433935642
AT4G14190,0.21745502662151073
AT4G14200,0.4284090017469625
AT4G14210,0.37043575369053855
AT4G14220,0.5096332629145788
AT4G14225,0.1022361431632837
AT4G14226,0.1022361431632837
AT4G14230,0.36090844223366725
AT4G14240,0.5840917834073561
AT4G14245,0.1019935489625394
AT4G14250,0.1022361431632837
AT4G14260,0.1022361431632837
AT4G14270,0.8103547652915986
AT4G14272,0.1022361431632837
AT4G14276,0.11136653769552189
AT4G14280,0.3639300426616223
AT4G14290,0.4450351016786888
AT4G14300,0.5278408677246794
AT4G14301,0.1022361431632837
AT4G14305,0.5042803179710207
AT4G14310,0.45332977064680957
AT4G14315,0.1022361431632837
AT4G14320,0.7411031351310227
AT4G14330,0.3327681051963917
AT4G14340,0.25700930024530005
AT4G14342,0.4716399409669043
AT4G14350,0.4759168130370711
AT4G14358,0.1857610335532187
AT4G14360,0.44402518048969164
AT4G14365,0.3390598516980393
AT4G14368,0.24554005099054088
AT4G14370,0.32167536086054327
AT4G14380,0.6659055146292514
AT4G14385,0.6088015821024915
AT4G14390,0.5410044366223491
AT4G14400,0.10875470685013161
AT4G14410,0.7640754671291154
AT4G14420,0.6944750052672868
AT4G14430,0.40782971405470303
AT4G14440,0.6707935993227397
AT4G14450,0.2186512894084665
AT4G14455,1.464675671584279
AT4G14465,0.8321685521025555
AT4G14480,0.12921641938221912
AT4G14490,0.3704174331170912
AT4G14500,0.4765567783410487
AT4G14504,0.1022361431632837
AT4G14510,0.3093385996811379
AT4G14520,0.4568646860417133
AT4G14530,0.1397556591943099
AT4G14540,0.1932356731866173
AT4G14548,1.2825876086542545
AT4G14550,0.9405862428186869
AT4G14560,0.9483447221859951
AT4G14570,0.5405002678016996
AT4G14580,0.6166340853634222
AT4G14590,0.32222314319580614
AT4G14600,0.5177642675016434
AT4G14605,0.2768517500152883
AT4G14615,0.7466364723587793
AT4G14620,0.8572161161575864
AT4G14630,1.1885685344162007
AT4G14640,0.6347506499760818
AT4G14650,0.5185878599692
AT4G14660,0.5169926086537892
AT4G14670,0.2371398379217618
AT4G14675,0.10974641749702929
AT4G14680,0.35510550907558464
AT4G14690,1.3142879320198255
AT4G14695,0.8500952902096749
AT4G14700,0.3211546612956947
AT4G14710,0.7079261778197181
AT4G14713,0.2373751151002119
AT4G14716,1.086637174851134
AT4G14720,0.35156979668803107
AT4G14723,0.1205925950008199
AT4G14730,0.1022361431632837
AT4G14740,0.33078007783103847
AT4G14746,0.7038736844831718
AT4G14750,0.49231268625730934
AT4G14760,0.7160603473263325
AT4G14770,0.5664575289287077
AT4G14780,0.4780874670487228
AT4G14785,0.1022361431632837
AT4G14790,0.3918668553442247
AT4G14800,0.6183810970352548
AT4G14805,0.1019935489625394
AT4G14810,0.1022361431632837
AT4G14811,0.1022361431632837
AT4G14815,0.1022361431632837
AT4G14819,0.304122269570284
AT4G14820,0.3990982734346431
AT4G14830,0.2868538806570433
AT4G14840,0.358867962580923
AT4G14850,0.29805912259372
AT4G14860,0.2727015658556358
AT4G14870,0.22993516527229788
AT4G14880,0.8542935093205075
AT4G14890,0.6172271212286119
AT4G14900,0.590863092229678
AT4G14905,1.130507599227505
AT4G14910,0.6208035245662149
AT4G14920,0.45456650011628397
AT4G14930,0.49533006858118056
AT4G14940,0.2903324727831203
AT4G14950,0.5598683817414873
AT4G14960,0.9668279075320685
AT4G14965,0.3964428175826178
AT4G14970,0.38481639341767815
AT4G14980,0.9591191551544328
AT4G14990,0.5297072158043364
AT4G15000,0.9497626652590143
AT4G15010,0.40131287655366565
AT4G15020,0.5562947382192591
AT4G15025,0.1022361431632837
AT4G15030,0.6906897653783239
AT4G15040,0.1022361431632837
AT4G15050,0.1022361431632837
AT4G15053,0.1022361431632837
AT4G15056,0.1022361431632837
AT4G15060,0.1022361431632837
AT4G15070,0.3197103196225995
AT4G15075,0.3229451379652644
AT4G15080,0.6440900216436849
AT4G15090,0.27573758389251013
AT4G15093,0.8418199871148433
AT4G15096,0.2157962296490214
AT4G15100,0.1143245559680158
AT4G15110,0.3620668378683231
AT4G15120,0.4356587709481621
AT4G15130,0.44223242598673634
AT4G15140,0.47844928274237786
AT4G15150,0.2843502083984076
AT4G15160,0.8231082578242397
AT4G15165,0.2297939480097832
AT4G15180,0.5741595727383791
AT4G15200,0.1274051051149328
AT4G15210,0.1592403813740647
AT4G15215,0.4384812654773548
AT4G15230,0.4195662724151145
AT4G15233,0.3955095124193406
AT4G15236,0.445151488438952
AT4G15240,0.4711769513614447
AT4G15242,1.9616251114101355
AT4G15245,0.14806538631516558
AT4G15248,0.6480704870051565
AT4G15250,0.1022361431632837
AT4G15258,0.2822742878088661
AT4G15260,0.3161752841656452
AT4G15270,0.2598642712784329
AT4G15280,0.21099024188831428
AT4G15290,0.6591802848002836
AT4G15300,0.3036176662374893
AT4G15310,0.1447783496201097
AT4G15320,0.10554134724208389
AT4G15330,0.6512982594194499
AT4G15340,1.2065551859570556
AT4G15350,0.2450050271780233
AT4G15360,0.2233107068932187
AT4G15370,0.1440061053254119
AT4G15380,0.28910296964341137
AT4G15390,1.6127797552426468
AT4G15393,1.0669114938396427
AT4G15396,0.4169266162326446
AT4G15400,0.4080726498681262
AT4G15410,0.39300939079313923
AT4G15415,0.4008526368347145
AT4G15417,0.5274872653446891
AT4G15420,0.4705644721735006
AT4G15430,0.4571585020040654
AT4G15440,0.1705487291756223
AT4G15450,0.498423076213071
AT4G15460,0.10276817411459199
AT4G15470,0.6601448914019066
AT4G15475,0.33726285193730765
AT4G15480,0.7303800271985471
AT4G15490,0.5680716713410957
AT4G15500,0.5250490596018033
AT4G15510,0.25507922635425706
AT4G15520,0.5302628282006543
AT4G15530,0.5618997640707114
AT4G15540,0.5050671932960273
AT4G15545,0.8588422977105916
AT4G15550,0.49463661165757783
AT4G15560,0.6130312180949886
AT4G15562,0.1094701417509626
AT4G15563,0.45864391582964875
AT4G15570,0.38144337330788625
AT4G15610,0.8168462120324318
AT4G15620,0.8333005329916618
AT4G15630,0.583871125658705
AT4G15640,0.7789193954942312
AT4G15650,0.1022361431632837
AT4G15660,0.6124335934130193
AT4G15670,0.3165192385768266
AT4G15680,0.3334276686777498
AT4G15690,0.4300779452713951
AT4G15700,0.4782689683091946
AT4G15710,0.1203165465602333
AT4G15715,0.1022361431632837
AT4G15720,0.3805491396741767
AT4G15730,0.39658438373688376
AT4G15733,0.1022361431632837
AT4G15735,0.12522413136916621
AT4G15740,0.34260232728980666
AT4G15750,0.2613015441897615
AT4G15755,0.1022361431632837
AT4G15760,0.3568438935717082
AT4G15765,0.527412756522428
AT4G15770,0.5635875564789663
AT4G15780,1.270480597857461
AT4G15790,0.7093822625808921
AT4G15800,0.6780607680095967
AT4G15802,0.7635338235751941
AT4G15810,0.3047324374271134
AT4G15820,0.3733991956617373
AT4G15830,0.5582211506227451
AT4G15840,0.4220313436913714
AT4G15850,0.4704543244033341
AT4G15870,0.1022361431632837
AT4G15880,0.47123968402819044
AT4G15885,0.1022361431632837
AT4G15890,0.2790559296208992
AT4G15900,0.48521959938532033
AT4G15910,0.9364258680061175
AT4G15920,0.9903043950247663
AT4G15930,0.9034533476198583
AT4G15940,0.6425537775474213
AT4G15950,0.7591968737327918
AT4G15953,0.1909706667775291
AT4G15955,0.22990390892256835
AT4G15960,0.43954233999417647
AT4G15970,0.1276315471638969
AT4G15975,0.2869900516059727
AT4G15980,0.1022361431632837
AT4G15990,0.4173097864316187
AT4G16000,0.2735255161028473
AT4G16008,0.6263227321477254
AT4G16015,0.4159503293145244
AT4G16024,0.1022361431632837
AT4G16030,0.1022361431632837
AT4G16040,0.1022361431632837
AT4G16045,0.1022361431632837
AT4G16050,0.1019935489625394
AT4G16060,0.38298584537405733
AT4G16070,0.3894628592150998
AT4G16080,0.12725606576131948
AT4G16090,0.1022361431632837
AT4G16095,0.1022361431632837
AT4G16100,0.3273358494785396
AT4G16110,0.40260684962851606
AT4G16120,0.4235558432433303
AT4G16130,0.3455212778418204
AT4G16140,1.14363045999729
AT4G16141,1.0372924023947312
AT4G16143,0.5990710918294047
AT4G16144,0.4142240737498415
AT4G16146,0.3969142294096881
AT4G16150,0.8059425770473675
AT4G16155,0.4752187991959922
AT4G16160,2.2692266566285957
AT4G16162,0.1022361431632837
AT4G16165,0.1022361431632837
AT4G16180,0.6759100531192401
AT4G16190,1.3518700528992174
AT4G16195,0.1022361431632837
AT4G16200,0.1159327928320302
AT4G16210,0.523036916260503
AT4G16215,3.003113723125957
AT4G16220,0.41367757442625697
AT4G16230,0.45562428416270406
AT4G16233,0.2636479491780267
AT4G16235,0.1289643161402532
AT4G16240,0.4018902971471888
AT4G16250,0.3815757470240803
AT4G16260,1.8674909733391152
AT4G16265,0.44584296299201864
AT4G16270,0.43892594692568343
AT4G16280,0.32776318714080943
AT4G16295,0.1022361431632837
AT4G16310,0.46049811960928133
AT4G16330,0.5432752827651472
AT4G16340,0.5447281084527215
AT4G16350,0.49619502717066666
AT4G16355,0.31568680320781073
AT4G16360,0.42795101590911355
AT4G16370,0.9010154793219611
AT4G16380,0.9513039389428359
AT4G16390,0.36892015557362184
AT4G16400,0.49247477548104107
AT4G16410,0.625670334680564
AT4G16420,0.38040842550766285
AT4G16430,0.38249451811810575
AT4G16440,0.4321592039030385
AT4G16442,0.47477541979213367
AT4G16444,0.6575647532962432
AT4G16447,0.6921955627752955
AT4G16450,0.8351499238313695
AT4G16451,0.1100530832288317
AT4G16460,0.1452853202752542
AT4G16470,0.25912004793776583
AT4G16480,0.2748441923034422
AT4G16490,0.4574192327058285
AT4G16500,0.5699827800436896
AT4G16510,0.5619979508596971
AT4G16515,0.1022361431632837
AT4G16520,0.554302111693554
AT4G16530,0.1022361431632837
AT4G16535,0.3819483627988671
AT4G16540,0.39396344970306657
AT4G16545,0.1019935489625394
AT4G16550,0.1111060928538693
AT4G16555,0.1022361431632837
AT4G16560,0.1022361431632837
AT4G16563,0.45127369427437797
AT4G16566,0.45594645963179126
AT4G16570,0.31045068200523107
AT4G16580,0.27833362756960467
AT4G16590,0.1022361431632837
AT4G16600,0.3516439056586082
AT4G16610,0.3035862181420497
AT4G16620,0.41334401374201635
AT4G16630,0.6813156358686717
AT4G16640,0.35334118946053983
AT4G16650,0.47714315071912944
AT4G16660,0.7819756673549403
AT4G16670,0.3261879692929839
AT4G16680,0.3251723009661094
AT4G16690,0.3144582935365856
AT4G16695,0.6085867699235752
AT4G16700,0.27931297918590114
AT4G16710,0.7695094159292086
AT4G16720,0.6092668271418225
AT4G16730,0.1022361431632837
AT4G16740,0.1019935489625394
AT4G16745,0.3595441260195183
AT4G16748,0.1523930759102224
AT4G16750,0.3291225057911254
AT4G16760,0.6439216211318464
AT4G16765,0.5545494664026277
AT4G16770,1.0627367750278938
AT4G16780,0.5068101832130301
AT4G16790,0.5443688521193192
AT4G16800,0.6254923082283065
AT4G16807,0.40893961270850654
AT4G16810,0.1857647189102871
AT4G16820,0.1167993686220666
AT4G16830,0.40519012118126874
AT4G16835,0.312680944958625
AT4G16840,0.7816102774461531
AT4G16845,0.5320177938363825
AT4G16850,0.34645295689757805
AT4G16855,0.1022361431632837
AT4G16857,0.500897259115297
AT4G16860,0.32784215856607424
AT4G16880,0.3258713253302338
AT4G16890,0.4822377988407678
AT4G16892,0.2329238395102115
AT4G16900,0.3009488371642014
AT4G16915,0.136808723760221
AT4G16920,0.3185239026161389
AT4G16930,0.1022361431632837
AT4G16940,0.2062021234018448
AT4G16950,0.6210866573541927
AT4G16955,0.20531903106311208
AT4G16957,0.5265248260937079
AT4G16960,0.29946196558371857
AT4G16970,0.34059783584591224
AT4G16980,1.0673078841633081
AT4G16983,1.2454070264433184
AT4G16990,0.39850922026704994
AT4G17000,0.34413247740266606
AT4G17010,0.6222331601019498
AT4G17020,0.3719499641886279
AT4G17030,1.1625924207050704
AT4G17040,0.575764914801373
AT4G17050,0.5913968048703653
AT4G17060,0.3979703552157478
AT4G17070,0.4445170732287348
AT4G17080,0.35616657427304593
AT4G17085,0.6542576678945915
AT4G17090,0.3158423415950967
AT4G17098,0.2038414267054219
AT4G17100,0.678885441774751
AT4G17140,0.7871272125880442
AT4G17150,0.37818779294831417
AT4G17160,0.1022361431632837
AT4G17170,0.7516033950914354
AT4G17180,0.40651091748932583
AT4G17190,0.7635718841330139
AT4G17200,0.1022361431632837
AT4G17210,0.1863262319734423
AT4G17215,1.1139311748303444
AT4G17220,0.4073534646721371
AT4G17230,0.45212036418792195
AT4G17240,0.4169038478775297
AT4G17243,0.1022361431632837
AT4G17245,0.1997557838948248
AT4G17250,0.3285420619218753
AT4G17260,0.6609718706908627
AT4G17270,0.6267459521327898
AT4G17280,0.8900853781924676
AT4G17300,0.37551883031334005
AT4G17310,0.3977006998786231
AT4G17330,0.5562101555815839
AT4G17340,1.6434196366568028
AT4G17350,0.39011524765471955
AT4G17360,0.454738843430722
AT4G17370,0.30618960372642523
AT4G17380,0.26413272319981157
AT4G17390,0.6445892832317068
AT4G17410,0.3785500390747657
AT4G17420,0.5154447366908765
AT4G17430,0.5801848627030979
AT4G17440,0.2811001713727082
AT4G17460,0.6032293518637105
AT4G17470,0.7515020424569041
AT4G17480,0.4267769130362715
AT4G17483,0.5135914976147041
AT4G17486,0.605091564233132
AT4G17490,0.5250701476853658
AT4G17500,0.6534825035423982
AT4G17505,0.1022361431632837
AT4G17510,0.7061918207866225
AT4G17520,0.8066251203835486
AT4G17530,0.7985035249907515
AT4G17540,0.4791512896273914
AT4G17550,0.4330200079664045
AT4G17560,0.8865407297981522
AT4G17565,0.1022361431632837
AT4G17570,0.374548010977942
AT4G17580,0.1022361431632837
AT4G17585,0.1022361431632837
AT4G17590,0.1022361431632837
AT4G17600,0.33880093176009296
AT4G17610,0.32717998246136504
AT4G17615,0.5459431627823236
AT4G17616,0.36938322187802874
AT4G17620,0.40838129149828284
AT4G17640,1.0544428279418443
AT4G17650,0.3774607211680904
AT4G17660,0.1841897662820373
AT4G17670,1.534973386964213
AT4G17680,0.2057710432484853
AT4G17690,0.1022361431632837
AT4G17695,0.3769079965902547
AT4G17700,0.1022361431632837
AT4G17710,0.1196823101890301
AT4G17713,0.1287753002760943
AT4G17718,0.1022361431632837
AT4G17720,0.7927004212982229
AT4G17730,0.7622977780102759
AT4G17740,0.3423114762659701
AT4G17750,0.3379808659241122
AT4G17760,0.4806065392164183
AT4G17770,0.6697518555966016
AT4G17780,0.1022361431632837
AT4G17785,0.3535007911887021
AT4G17788,0.1942681563621376
AT4G17790,0.6526404744275369
AT4G17800,0.7288935987914495
AT4G17810,0.1777172270328539
AT4G17830,0.7158824808453144
AT4G17840,0.6777116841130484
AT4G17850,0.1022361431632837
AT4G17860,0.2141964046889711
AT4G17870,0.9844918680957189
AT4G17880,0.43730510486060914
AT4G17890,0.8246057730379902
AT4G17895,0.33680849461006457
AT4G17900,0.8147584711518017
AT4G17905,0.4125242477737146
AT4G17910,0.5699140471884457
AT4G17920,0.22671730813672
AT4G17940,0.3450021827390476
AT4G17950,0.6017325859388623
AT4G17960,0.5381096338871738
AT4G17970,0.33856248095918273
AT4G17975,0.1069019038724769
AT4G17980,0.1817833808526338
AT4G17990,0.1300536120751494
AT4G18010,0.8449870227161513
AT4G18020,0.5244787148987218
AT4G18030,0.6868721982219397
AT4G18040,0.9337402455713604
AT4G18050,0.3342202625481025
AT4G18060,0.5318713591803568
AT4G18070,0.7435517322825036
AT4G18080,0.1019935489625394
AT4G18090,0.1042112200980751
AT4G18100,0.8593296774735113
AT4G18110,0.1022361431632837
AT4G18130,0.39362064419129017
AT4G18140,0.5352521341967397
AT4G18150,0.1389721312597037
AT4G18160,0.47666074182764095
AT4G18170,0.3344319606735932
AT4G18180,0.1022361431632837
AT4G18190,0.1483973342367079
AT4G18195,0.1758612563591691
AT4G18197,0.43776642277501143
AT4G18203,0.10075254141967468
AT4G18205,0.6103900532419004
AT4G18210,0.2545046645490619
AT4G18215,0.11212421757076829
AT4G18220,0.1022361431632837
AT4G18230,0.40539208571797103
AT4G18240,0.5644005919881854
AT4G18250,0.3587979936336861
AT4G18253,0.2000797795313642
AT4G18260,0.6846491175662617
AT4G18270,0.560200866136754
AT4G18280,0.3393682990705594
AT4G18290,0.1022361431632837
AT4G18300,0.5303087610604448
AT4G18310,0.1019935489625394
AT4G18320,0.1019935489625394
AT4G18330,0.3126233209844033
AT4G18335,0.23303663908745348
AT4G18340,0.8979284172620998
AT4G18350,0.163344433324611
AT4G18360,0.5017990395733141
AT4G18370,0.4427938816628787
AT4G18372,0.629924132185647
AT4G18375,0.48193602218491394
AT4G18380,0.33577375887241523
AT4G18390,0.9368515168022377
AT4G18395,0.1577216143064654
AT4G18400,0.3836525695728942
AT4G18422,0.4634083593505197
AT4G18425,0.5803806470211221
AT4G18430,0.6459764970561135
AT4G18440,0.9056246110492253
AT4G18450,0.19700797182202479
AT4G18460,0.49943753667882756
AT4G18465,0.3569558033241347
AT4G18470,0.29962243615925677
AT4G18480,0.555027926564559
AT4G18490,0.4028930527054597
AT4G18500,0.1019935489625394
AT4G18501,0.3904548016792643
AT4G18510,0.915749896475264
AT4G18520,0.24197323438374058
AT4G18530,0.4072985347815557
AT4G18540,0.1022361431632837
AT4G18550,0.3516975703679031
AT4G18570,0.432829885724605
AT4G18580,0.4826173935539363
AT4G18590,0.6152398258257736
AT4G18593,0.5251408392168809
AT4G18596,0.1888556896676801
AT4G18600,0.4615065965923498
AT4G18610,0.8584921802587605
AT4G18620,0.1022361431632837
AT4G18630,1.2013394948848224
AT4G18640,0.7770842733813793
AT4G18650,0.4712172713527393
AT4G18660,0.2699843383816021
AT4G18670,0.8730594684339963
AT4G18680,0.6210153714860907
AT4G18690,1.2535626725939966
AT4G18692,0.1019935489625394
AT4G18700,0.6815211299171215
AT4G18710,0.6036672172921915
AT4G18720,0.1022361431632837
AT4G18725,0.1022361431632837
AT4G18730,0.9771286045778633
AT4G18740,0.2826908942811249
AT4G18750,0.3887050725259861
AT4G18760,0.6003796473206264
AT4G18770,0.2332729299473537
AT4G18780,0.8171004204513976
AT4G18790,0.10134379978257319
AT4G18800,0.7108310780031686
AT4G18810,0.5604890621663986
AT4G18820,0.3185213251162886
AT4G18823,0.1019935489625394
AT4G18830,0.2230055302485762
AT4G18840,0.261339036451182
AT4G18860,0.10134379978257319
AT4G18870,0.13453263397999832
AT4G18880,0.2817035090250767
AT4G18890,0.3691553362967438
AT4G18900,0.1381720520432814
AT4G18905,0.4123329324121614
AT4G18910,0.7309665504141907
AT4G18920,0.5073486682448163
AT4G18930,0.7536370215904244
AT4G18940,0.5312771743381437
AT4G18950,0.3607380795392432
AT4G18960,0.1320823913677918
AT4G18970,0.18035514023973478
AT4G18975,0.31702869115493515
AT4G18980,0.336931242954861
AT4G18990,0.11666795329881609
AT4G19000,0.1022361431632837
AT4G19003,0.43288255582929736
AT4G19006,0.563065029050825
AT4G19010,0.3936132521941557
AT4G19020,0.5592971446130814
AT4G19030,1.1501095199235105
AT4G19035,0.1022361431632837
AT4G19038,0.1019935489625394
AT4G19040,0.6122697454006363
AT4G19045,0.5948436921702409
AT4G19050,0.2299537255762329
AT4G19060,0.3346469011464305
AT4G19070,0.3566281281800161
AT4G19080,0.3794212515112334
AT4G19090,0.2640956257673487
AT4G19095,0.1801948064037334
AT4G19100,0.3369433668193722
AT4G19110,0.7850114801753147
AT4G19120,0.44535567571183554
AT4G19130,0.35287831345855836
AT4G19140,0.8295857718266333
AT4G19150,0.6416999150670646
AT4G19160,0.9925234438374118
AT4G19170,0.480592629660758
AT4G19180,0.37495820073006136
AT4G19185,0.43022030117030285
AT4G19190,0.4155617548715782
AT4G19191,0.4083045996542528
AT4G19200,0.7700154606643854
AT4G19210,0.5997294114381804
AT4G19220,0.28088060051086694
AT4G19230,0.5736219574097393
AT4G19240,1.7008990776584254
AT4G19250,0.1022361431632837
AT4G19260,0.1022361431632837
AT4G19270,0.1022361431632837
AT4G19275,0.1022361431632837
AT4G19330,0.1022361431632837
AT4G19340,0.1022361431632837
AT4G19350,0.6688108519340488
AT4G19360,0.1022361431632837
AT4G19370,0.6210350823931795
AT4G19380,0.1905428243817919
AT4G19390,0.9847061548832534
AT4G19395,0.2781682202045722
AT4G19400,0.6182084874001395
AT4G19410,0.46862411676753446
AT4G19420,0.4932915202152383
AT4G19430,0.1019935489625394
AT4G19440,0.36787667290784176
AT4G19450,0.5464587252024127
AT4G19460,0.3965059828089604
AT4G19470,0.1022361431632837
AT4G19480,0.1022361431632837
AT4G19485,0.1019935489625394
AT4G19490,0.5013086155294691
AT4G19500,0.5391875620838724
AT4G19510,0.3451041920298588
AT4G19520,0.41798165932915865
AT4G19530,0.17130185907907308
AT4G19540,0.47329511647067646
AT4G19550,0.6121499906154044
AT4G19560,0.24264529838448778
AT4G19570,0.1022361431632837
AT4G19580,0.1022361431632837
AT4G19590,0.2919496200227924
AT4G19600,0.41671989014836286
AT4G19610,0.3929007336550565
AT4G19620,0.1022361431632837
AT4G19630,0.4629036296371455
AT4G19640,0.7829776077250763
AT4G19645,0.3759233027421639
AT4G19650,0.38079582131006695
AT4G19660,0.3652744729047188
AT4G19670,0.5412498846784605
AT4G19680,0.5836928277447959
AT4G19690,2.358353340020894
AT4G19700,0.4523650625322235
AT4G19710,0.6072449536303701
AT4G19720,0.4498866060090006
AT4G19730,0.1095177850946926
AT4G19740,0.1022361431632837
AT4G19750,0.10884760360060429
AT4G19760,0.1019935489625394
AT4G19770,0.4197262573642212
AT4G19800,0.1255114118612056
AT4G19810,0.7048696748658155
AT4G19820,0.17676205892664731
AT4G19830,0.5741990813458225
AT4G19840,1.1426664067501175
AT4G19850,0.10134379978257319
AT4G19860,0.6608439689557071
AT4G19865,0.34040449908760917
AT4G19870,0.3624518226383755
AT4G19880,1.0327664566362014
AT4G19890,0.2845621836210478
AT4G19900,0.309738878989253
AT4G19905,0.1022361431632837
AT4G19910,0.1022361431632837
AT4G19920,0.3000166173824895
AT4G19925,0.1022361431632837
AT4G19930,0.1022361431632837
AT4G19940,0.11640228092745669
AT4G19950,0.40273029154476914
AT4G19960,0.28901280437131327
AT4G19970,0.1789742017237397
AT4G19975,0.532502440688357
AT4G19980,0.39003825907888945
AT4G19985,0.3051875737871408
AT4G19990,0.5688710513108184
AT4G20000,0.35382454358325566
AT4G20010,0.2877343345201525
AT4G20020,0.492445350701471
AT4G20030,0.2599310557983827
AT4G20040,0.2976801713532796
AT4G20050,0.3648101189710966
AT4G20060,0.3045675345349907
AT4G20070,0.4736433813805503
AT4G20080,0.1022361431632837
AT4G20090,0.4081305677999137
AT4G20095,0.160077593541072
AT4G20100,0.1022361431632837
AT4G20110,0.4617017502603003
AT4G20130,0.3358638008433799
AT4G20140,0.6022643412549651
AT4G20150,0.6717484742411415
AT4G20160,0.2646955407336192
AT4G20170,0.572791978019188
AT4G20190,0.3343624759313741
AT4G20200,0.1022361431632837
AT4G20210,0.5888533344768233
AT4G20220,0.1019935489625394
AT4G20230,0.6406806286788175
AT4G20235,0.5131828979124954
AT4G20240,1.1105436771578572
AT4G20250,0.1022361431632837
AT4G20260,0.9921304537796181
AT4G20270,0.7957244593981044
AT4G20280,0.6321172714312581
AT4G20290,0.1022361431632837
AT4G20300,0.5337914219388027
AT4G20310,0.4843977718180178
AT4G20320,0.46601466138411807
AT4G20325,0.7251393049287
AT4G20330,0.729337003026499
AT4G20340,0.5420737150854155
AT4G20350,0.30864358070396625
AT4G20360,0.1689645373315658
AT4G20362,0.5187078722906293
AT4G20370,0.1098707244443197
AT4G20380,0.385989394619786
AT4G20390,1.3309652202626023
AT4G20400,0.5604023115704976
AT4G20410,0.5783753982403164
AT4G20420,0.1519315781945432
AT4G20430,0.5117616135999514
AT4G20440,0.6485637315973654
AT4G20450,0.44540839950260114
AT4G20460,0.7915934665345432
AT4G20470,0.1424031961955567
AT4G20480,1.048706543513807
AT4G20520,0.1022361431632837
AT4G20530,0.1022361431632837
AT4G20535,0.1022361431632837
AT4G20580,0.1022361431632837
AT4G20650,0.1022361431632837
AT4G20670,0.1022361431632837
AT4G20680,0.1022361431632837
AT4G20690,0.8053933188886346
AT4G20700,0.283381138967357
AT4G20703,0.1022361431632837
AT4G20707,0.1022361431632837
AT4G20720,0.3963177893273048
AT4G20735,0.1022361431632837
AT4G20740,0.3511375109978223
AT4G20760,0.3278351269595734
AT4G20770,0.19616731296538512
AT4G20780,0.6653415517486234
AT4G20790,0.1022361431632837
AT4G20800,0.1022361431632837
AT4G20810,0.1022361431632837
AT4G20820,0.5050568878241448
AT4G20830,0.6658856708662839
AT4G20835,0.1022361431632837
AT4G20840,0.5239125413114428
AT4G20850,0.5981730652487363
AT4G20860,0.7648797076798012
AT4G20870,0.493936481871023
AT4G20880,0.4445776960875432
AT4G20890,0.5324403215785405
AT4G20900,0.1022361431632837
AT4G20910,0.3944434839964034
AT4G20920,0.15576488675066869
AT4G20930,0.38110781702986624
AT4G20935,0.1177650415298489
AT4G20940,0.47462873421671764
AT4G20947,0.1022361431632837
AT4G20953,0.4586133903457703
AT4G20960,0.6731338888284057
AT4G20970,0.12031483905419689
AT4G20980,0.617610057366637
AT4G20990,0.1019935489625394
AT4G21000,0.11107072155546849
AT4G21010,0.1022361431632837
AT4G21020,1.6644888296636282
AT4G21030,0.1022361431632837
AT4G21040,0.1022361431632837
AT4G21050,0.1022361431632837
AT4G21060,0.4228007146502482
AT4G21063,0.29008500301338913
AT4G21065,0.28176190028080617
AT4G21070,0.3964168787681438
AT4G21080,0.1022361431632837
AT4G21090,0.6195267069207966
AT4G21100,0.39000580283068703
AT4G21105,1.1629555410148105
AT4G21110,0.5136829374485659
AT4G21120,0.32380338638177897
AT4G21130,0.1022361431632837
AT4G21140,0.3830634935775453
AT4G21150,0.8097050669898449
AT4G21160,0.510112439122255
AT4G21170,0.3328317472782145
AT4G21180,0.3392077120589792
AT4G21190,0.3785490538499989
AT4G21192,1.1475222412755817
AT4G21200,0.26274761529290214
AT4G21210,0.3724928972392602
AT4G21213,0.1022361431632837
AT4G21215,0.3700042914693286
AT4G21220,0.38167499317408393
AT4G21230,0.4241290451890774
AT4G21240,0.1022361431632837
AT4G21250,0.2760358010367072
AT4G21260,0.1022361431632837
AT4G21270,0.3046448345717174
AT4G21280,0.6477096901744794
AT4G21300,0.2481846722299545
AT4G21310,0.30259417137417394
AT4G21320,1.1710412907717083
AT4G21323,0.2963212578995282
AT4G21326,0.35514882941300996
AT4G21330,0.1022361431632837
AT4G21340,0.8342221198443174
AT4G21350,0.4425350807494166
AT4G21362,0.1022361431632837
AT4G21366,0.1022361431632837
AT4G21380,0.1022361431632837
AT4G21390,0.6013717065247235
AT4G21400,0.5307245928625911
AT4G21410,0.62614099748722
AT4G21430,0.34362735352084056
AT4G21440,0.2440986983266062
AT4G21445,0.11002149515599209
AT4G21450,0.8579255452630259
AT4G21460,0.8431534965421822
AT4G21470,0.4096871758540388
AT4G21480,0.3453204675610459
AT4G21490,0.3538495422480402
AT4G21500,0.3124508324113564
AT4G21510,0.3762961652544892
AT4G21515,0.1019935489625394
AT4G21520,0.39073360188492423
AT4G21530,0.35586165973101036
AT4G21534,0.31384619983530726
AT4G21540,0.4099831861606218
AT4G21550,0.34544912524221283
AT4G21560,0.4182115701353034
AT4G21570,0.9339288745111194
AT4G21580,0.7318462763529174
AT4G21585,0.2785650955008012
AT4G21590,0.611489945051478
AT4G21595,0.1022361431632837
AT4G21600,0.5884567592850218
AT4G21610,0.493940294748889
AT4G21620,0.797115694112261
AT4G21630,0.1022361431632837
AT4G21640,0.1022361431632837
AT4G21650,0.38496248374951003
AT4G21660,0.5509726514783083
AT4G21670,0.33302078768617954
AT4G21680,0.4830045651955061
AT4G21690,0.1022361431632837
AT4G21700,0.3094788809231842
AT4G21705,0.27560573554873735
AT4G21710,0.7216577938591181
AT4G21720,0.2577145134097427
AT4G21740,0.610761044186286
AT4G21745,0.4595307794148914
AT4G21750,0.5553929741331511
AT4G21760,1.2908660366871745
AT4G21770,0.43407790602063584
AT4G21780,0.7180413225700131
AT4G21790,0.6106200882123556
AT4G21800,0.6632266546430066
AT4G21810,0.5232508741434412
AT4G21820,0.3255366520783267
AT4G21830,0.6456252962957152
AT4G21840,0.5569957632712786
AT4G21850,0.6115432546056612
AT4G21860,0.5494367463866179
AT4G21865,0.6199633580830071
AT4G21870,0.7136068007307392
AT4G21880,0.4303475430020381
AT4G21890,0.3225137232446179
AT4G21895,0.1030408187582577
AT4G21900,0.47648950264304457
AT4G21902,0.44650247332469795
AT4G21903,0.3514894846563194
AT4G21910,0.7131975032695241
AT4G21920,0.12567130064253407
AT4G21926,0.1019935489625394
AT4G21930,0.10134379978257319
AT4G21940,0.1999480463543544
AT4G21950,0.1022361431632837
AT4G21960,1.1417830174464294
AT4G21970,0.11348041825792049
AT4G21980,0.7997838940068414
AT4G21990,0.5287116758027623
AT4G22000,1.09428692731002
AT4G22010,0.8140260721526793
AT4G22030,0.1019935489625394
AT4G22035,0.1045799493163028
AT4G22050,0.1022361431632837
AT4G22060,0.1068530395602435
AT4G22070,0.35704063015414633
AT4G22080,0.4062517014468585
AT4G22090,0.1019935489625394
AT4G22100,0.28207022642765023
AT4G22105,0.1572834956198113
AT4G22110,0.4921924003068976
AT4G22115,0.1019935489625394
AT4G22120,0.7962943962852765
AT4G22130,1.057623210811264
AT4G22140,0.5459903957492024
AT4G22150,0.5908191977246144
AT4G22160,0.4660257558465795
AT4G22165,0.1022361431632837
AT4G22170,0.1022361431632837
AT4G22180,0.1022361431632837
AT4G22190,0.31083482814658153
AT4G22200,0.1643006734073313
AT4G22210,1.505913921335074
AT4G22212,0.9929883041295327
AT4G22214,0.8120112382588578
AT4G22217,0.7644445100969381
AT4G22220,0.7165949297011944
AT4G22230,1.6089146255061524
AT4G22233,0.39961157201309827
AT4G22235,1.2801919835211875
AT4G22240,0.5111858236525865
AT4G22250,0.49516653046150905
AT4G22260,0.8705792219014612
AT4G22270,0.545814981404884
AT4G22280,0.9206428825277604
AT4G22285,0.6055926752469563
AT4G22290,0.4426779585644239
AT4G22300,0.45175617153558734
AT4G22305,0.3313581923390042
AT4G22310,0.832869770261011
AT4G22320,0.7875258795966232
AT4G22330,0.7520741361609553
AT4G22340,0.31448613251514
AT4G22350,0.671741325325136
AT4G22360,0.5820170271925502
AT4G22370,0.1802852446390261
AT4G22380,0.8374023696138819
AT4G22390,0.4530601280602134
AT4G22400,0.1022361431632837
AT4G22410,0.206436074358305
AT4G22430,0.1022361431632837
AT4G22440,0.1022361431632837
AT4G22460,2.1818270995863225
AT4G22463,0.2408583247358344
AT4G22467,0.2160448667403302
AT4G22470,0.1005546875699398
AT4G22475,0.1701718188185097
AT4G22485,0.1022361431632837
AT4G22490,0.1753920513730475
AT4G22495,0.1230445354029715
AT4G22505,0.1022361431632837
AT4G22510,0.1022361431632837
AT4G22513,0.1022361431632837
AT4G22517,0.1022361431632837
AT4G22520,0.1022361431632837
AT4G22530,0.2647791853810506
AT4G22540,0.3448717986224125
AT4G22550,0.5406753605163879
AT4G22560,0.3319512506661849
AT4G22570,0.7051748958018318
AT4G22580,0.29695672988871724
AT4G22590,0.49416227167575827
AT4G22600,0.125022871216281
AT4G22610,0.8852914093443731
AT4G22620,0.1850467896135341
AT4G22630,0.1022361431632837
AT4G22640,0.7221507531190654
AT4G22650,0.1022361431632837
AT4G22660,0.1154922156133138
AT4G22666,0.8998567579724323
AT4G22670,0.5740527456684621
AT4G22680,0.355382072672223
AT4G22690,0.6292790787276773
AT4G22700,0.1022361431632837
AT4G22710,0.6136235247780943
AT4G22720,0.418156715257053
AT4G22730,1.0103327317992084
AT4G22740,0.2843568135141985
AT4G22745,0.5063528741810983
AT4G22750,0.7381435391458557
AT4G22755,0.3379867215740676
AT4G22756,0.4630311412319885
AT4G22758,0.2523225506869331
AT4G22760,0.3405431290475635
AT4G22770,0.27715403654113263
AT4G22780,0.26768704923447306
AT4G22790,0.4872706579053016
AT4G22810,0.49534279725436425
AT4G22820,0.49598076877203656
AT4G22830,0.27685147930577303
AT4G22840,0.46097915665189143
AT4G22850,0.47955629063103067
AT4G22860,0.33694762178038984
AT4G22870,0.1111406910951261
AT4G22880,0.11603366379718909
AT4G22890,0.507795928077492
AT4G22900,0.4188186668414707
AT4G22910,0.4123948124078246
AT4G22920,0.7295590171121091
AT4G22930,0.6001718167335963
AT4G22940,0.2584684346796091
AT4G22950,1.0135625589951525
AT4G22960,0.33082318561336854
AT4G22970,0.2747554774928055
AT4G22980,0.4154396562647701
AT4G22990,0.7747817972233775
AT4G23000,0.3513391332484797
AT4G23010,0.6352915085551811
AT4G23015,0.2880067801185695
AT4G23020,0.3028150192277373
AT4G23030,0.16874673776533589
AT4G23040,0.2966028261665259
AT4G23050,0.33952191408654964
AT4G23060,0.2833732184406519
AT4G23070,0.4621032038319557
AT4G23080,0.1022361431632837
AT4G23090,0.1022361431632837
AT4G23100,0.6578884186377674
AT4G23110,0.1022361431632837
AT4G23120,0.1022361431632837
AT4G23130,0.1739180808057012
AT4G23140,0.1022361431632837
AT4G23150,0.1022361431632837
AT4G23160,0.2151931609116206
AT4G23170,0.2560086815775966
AT4G23180,0.2589790314765369
AT4G23190,0.45004725348479796
AT4G23200,0.1019935489625394
AT4G23205,0.1851764558506117
AT4G23210,0.1022361431632837
AT4G23220,0.1022361431632837
AT4G23230,0.1242883146453699
AT4G23240,0.1022361431632837
AT4G23250,0.12305027970992549
AT4G23260,0.2697834181609662
AT4G23270,0.6194246145884423
AT4G23271,0.1022361431632837
AT4G23280,0.18434492431525498
AT4G23290,0.1022361431632837
AT4G23300,0.1451832762159001
AT4G23310,0.1022361431632837
AT4G23320,0.1022361431632837
AT4G23330,0.3596328987772969
AT4G23340,0.4238239688058948
AT4G23350,0.1001810529850545
AT4G23355,0.1022361431632837
AT4G23360,0.1022361431632837
AT4G23365,0.1022361431632837
AT4G23370,0.1022361431632837
AT4G23373,0.1022361431632837
AT4G23375,0.1022361431632837
AT4G23380,0.1022361431632837
AT4G23387,0.1019935489625394
AT4G23390,0.1460206725293679
AT4G23400,1.0438263945442217
AT4G23410,0.4778632936614097
AT4G23420,0.45750374716306164
AT4G23430,0.9234428570832534
AT4G23440,0.4143102272999528
AT4G23450,0.5876875709198651
AT4G23460,0.5007311815067285
AT4G23470,0.6930456121391151
AT4G23490,0.35565677881400076
AT4G23493,0.719407960534227
AT4G23496,1.4859128127927808
AT4G23500,0.5521564001697028
AT4G23510,0.5350629544803854
AT4G23515,0.4258388853164113
AT4G23520,0.19886386228871109
AT4G23530,0.31853574811921886
AT4G23540,0.3681598861825375
AT4G23550,0.4616326633111042
AT4G23560,0.6073075117360411
AT4G23570,0.5258056139376253
AT4G23580,0.1022361431632837
AT4G23590,0.5193168496482672
AT4G23600,0.1022361431632837
AT4G23610,0.12653489993538758
AT4G23620,0.8081275520560984
AT4G23630,0.4757644913756849
AT4G23635,0.1022361431632837
AT4G23640,0.5420572038061499
AT4G23650,0.6953487592438439
AT4G23660,0.30281832643860845
AT4G23670,1.77375316576423
AT4G23680,1.507229987027698
AT4G23690,0.9195639453984068
AT4G23700,0.3308465546329987
AT4G23710,0.8012523056293301
AT4G23713,0.161483266091698
AT4G23720,0.4034859875267793
AT4G23730,0.22922933057708827
AT4G23740,0.49580434767732107
AT4G23750,0.5734388250905138
AT4G23760,0.6086622482867632
AT4G23770,0.45858231493919077
AT4G23780,0.1022361431632837
AT4G23790,0.594152339661206
AT4G23800,0.8414523715265596
AT4G23810,0.28570794794233445
AT4G23820,0.2875931990944157
AT4G23840,0.4073960587276402
AT4G23850,0.5054440858946629
AT4G23860,0.3356439943482999
AT4G23870,0.42044053847092916
AT4G23880,0.222594163058601
AT4G23882,0.1133271856274678
AT4G23885,0.8045977249153933
AT4G23890,0.39136167333422744
AT4G23895,0.36087705137320875
AT4G23900,0.42125722828832474
AT4G23910,0.6731583452558821
AT4G23920,0.30751583560161955
AT4G23930,0.3872392411552358
AT4G23940,0.39446146164291396
AT4G23950,0.417916125998174
AT4G23960,0.2015089855854035
AT4G23970,0.1211218664867131
AT4G23980,0.6288681344992901
AT4G23990,0.1859660266942646
AT4G24000,0.1022361431632837
AT4G24010,0.3439194588101734
AT4G24015,0.9243968055696383
AT4G24020,0.3815848861660981
AT4G24026,0.5211511463899058
AT4G24030,0.1285122867269191
AT4G24040,0.2064206730147549
AT4G24050,0.2852516512141322
AT4G24060,0.5581036822445551
AT4G24070,0.1022361431632837
AT4G24080,0.218359825904789
AT4G24090,0.2647323594292051
AT4G24100,0.4183697823263779
AT4G24110,0.5101158409931202
AT4G24120,0.1530671391646412
AT4G24130,1.0116838755481343
AT4G24140,1.0718285942135366
AT4G24150,1.2637987721567878
AT4G24160,0.6282116316340927
AT4G24170,0.28630764559276956
AT4G24175,0.2813370654475389
AT4G24180,0.40994530592938716
AT4G24190,1.013169509902764
AT4G24200,0.34685467515943547
AT4G24204,0.1266710635871283
AT4G24210,0.3727359029959594
AT4G24220,0.9196551820618295
AT4G24230,0.6888629040886947
AT4G24231,0.1022361431632837
AT4G24240,0.5357227973460721
AT4G24250,0.3274705522736177
AT4G24260,0.2662569184740988
AT4G24265,0.8908750665483853
AT4G24270,0.2899928608016781
AT4G24275,0.9819225599850088
AT4G24280,0.6780288498996492
AT4G24290,0.38692598786812493
AT4G24300,0.1670419874540282
AT4G24310,0.7108935559555503
AT4G24320,0.3506127253216867
AT4G24330,0.5532253004906
AT4G24340,0.9958447788920004
AT4G24350,0.5052180089149703
AT4G24370,0.44106198007377984
AT4G24380,0.5544497291997932
AT4G24390,0.4314340699598207
AT4G24400,0.8665326231926667
AT4G24410,0.25724079645966813
AT4G24413,0.2124907512671384
AT4G24415,0.43340974187324754
AT4G24420,2.6027786916174
AT4G24430,0.2645906279337722
AT4G24440,0.614424763109912
AT4G24450,0.2445081467471072
AT4G24460,0.3434602856569766
AT4G24470,0.4372789343630812
AT4G24480,0.3228596990085552
AT4G24490,0.3741084778258925
AT4G24500,0.5062255143085925
AT4G24510,0.3836591061696168
AT4G24520,0.7171812428418118
AT4G24530,0.3783542155076063
AT4G24540,0.2597939476879504
AT4G24550,0.5229291553866469
AT4G24560,0.4856891562365753
AT4G24570,0.5685294985209106
AT4G24580,0.26652493638096647
AT4G24590,0.44230779318111046
AT4G24600,0.1022361431632837
AT4G24610,0.4445440815183507
AT4G24615,0.3505836410778841
AT4G24620,0.7876530534855306
AT4G24630,0.7160120515817732
AT4G24640,0.1022361431632837
AT4G24644,0.1022361431632837
AT4G24650,0.1022361431632837
AT4G24660,0.48655404618988796
AT4G24670,0.6492860509581696
AT4G24680,0.5692601518092979
AT4G24690,0.6819631774344335
AT4G24700,0.15708972632402202
AT4G24710,0.4663925619098372
AT4G24715,0.6341152902879816
AT4G24730,0.48050574759147235
AT4G24740,0.4630825956769712
AT4G24750,0.6606877864056144
AT4G24760,0.535859803973412
AT4G24770,0.6205746704926325
AT4G24780,1.2358081006488013
AT4G24790,0.3004720168125897
AT4G24800,0.38181923968369225
AT4G24805,0.4112742672740868
AT4G24810,0.45904624111996783
AT4G24820,0.4619978157997735
AT4G24830,0.7184619791452831
AT4G24840,0.47017832772283064
AT4G24860,0.16596805030035408
AT4G24880,0.3442301008232443
AT4G24890,0.41030955663598767
AT4G24900,0.3964949359770073
AT4G24910,0.3920824314893641
AT4G24920,1.0446150836473012
AT4G24930,0.3353422968281452
AT4G24940,0.5377190968037194
AT4G24950,0.1099259213969323
AT4G24960,0.5319284208830577
AT4G24970,0.3861579078001637
AT4G24972,0.262857569614077
AT4G24973,0.1022361431632837
AT4G24974,0.1022361431632837
AT4G24975,0.1022361431632837
AT4G24980,0.1022361431632837
AT4G24990,0.6629599136922235
AT4G25000,0.2621748710681577
AT4G25010,0.8264889248977684
AT4G25020,0.2592596097273225
AT4G25030,1.0063048622043884
AT4G25040,0.1022361431632837
AT4G25050,0.6431346685412247
AT4G25070,0.3352757306429481
AT4G25080,0.6082186624617768
AT4G25090,0.48249536632013335
AT4G25100,1.166064708263848
AT4G25110,0.3820529031472789
AT4G25120,0.6040666282144531
AT4G25130,0.7510282248428051
AT4G25140,2.690640674441739
AT4G25150,0.3498572447311721
AT4G25160,0.392394740232608
AT4G25170,1.012920357278312
AT4G25180,0.26883758525765855
AT4G25190,0.2342910411744711
AT4G25200,1.4382884659096946
AT4G25210,0.561766453798276
AT4G25220,0.5282603084503239
AT4G25225,0.4233792130581452
AT4G25230,0.7744936478024254
AT4G25240,0.5566317521972463
AT4G25250,0.6908168113400662
AT4G25260,0.5299280103845995
AT4G25270,0.420724368100291
AT4G25280,0.5002057662828259
AT4G25290,0.37755225341136334
AT4G25300,0.4535735707360167
AT4G25310,0.42364134030826517
AT4G25315,0.6925707177723591
AT4G25320,0.3542271785382496
AT4G25330,0.115454857158334
AT4G25340,1.1213143037552438
AT4G25350,0.28734663620502043
AT4G25360,0.6467077215277236
AT4G25370,0.6299913363037701
AT4G25380,0.31945574617101247
AT4G25390,0.319674738854189
AT4G25400,0.8880915247977998
AT4G25410,0.5924209864819764
AT4G25420,0.29842710201682787
AT4G25430,0.1317644950415971
AT4G25433,0.3338389486366033
AT4G25434,0.6498817972250073
AT4G25435,0.10075254141967468
AT4G25440,0.4409700330397265
AT4G25450,0.37168216980986246
AT4G25470,0.185030273451975
AT4G25480,0.32556013651463245
AT4G25490,0.1072909912283484
AT4G25500,0.4741368367920331
AT4G25510,0.1016524999438922
AT4G25515,0.3083764246673356
AT4G25520,0.3112083563209396
AT4G25530,0.14080193815654457
AT4G25540,0.34272058669013
AT4G25550,0.5622543129742545
AT4G25560,0.7044631331636197
AT4G25570,0.9325433304502173
AT4G25580,0.9361540520415093
AT4G25590,0.1022361431632837
AT4G25600,0.22278832993386743
AT4G25610,0.26027973010398653
AT4G25620,0.32286081045319603
AT4G25630,0.8514183379853257
AT4G25631,0.1805033026820998
AT4G25635,0.1022361431632837
AT4G25640,1.2389715954450595
AT4G25650,0.6124539902188936
AT4G25660,0.7879872706412183
AT4G25670,0.4712012328984472
AT4G25680,0.5510418586031496
AT4G25690,0.6454029837373989
AT4G25700,0.4620192915045402
AT4G25707,0.423684716993121
AT4G25710,1.0188283805022023
AT4G25719,0.174115811452722
AT4G25720,0.975965578849153
AT4G25730,0.8962854118111128
AT4G25740,0.6584190314520275
AT4G25750,0.10134379978257319
AT4G25760,1.1294856922311034
AT4G25770,0.3178793754762943
AT4G25780,0.3993223279343056
AT4G25790,0.9751027044571888
AT4G25800,0.43252763262294414
AT4G25810,0.7562448952730185
AT4G25820,0.9740756917047166
AT4G25830,0.6243025166932868
AT4G25835,0.555867996352167
AT4G25840,0.618904010092972
AT4G25845,0.1837223083357561
AT4G25850,0.4897253716592832
AT4G25860,0.3277758422101849
AT4G25870,0.6226999539122404
AT4G25880,0.5207326722487897
AT4G25885,0.4172479771932957
AT4G25890,0.5710487039380241
AT4G25900,0.9229480481195931
AT4G25910,0.2777106307771385
AT4G25920,0.1019935489625394
AT4G25930,0.1022361431632837
AT4G25940,0.22457148706523503
AT4G25950,0.1022361431632837
AT4G25960,0.3902259826446723
AT4G25970,0.4732098150743067
AT4G25980,0.2320675441518715
AT4G25990,0.48647533162900636
AT4G26000,0.4918842835017446
AT4G26010,0.8462481685390113
AT4G26020,0.263714450461186
AT4G26030,0.10630426957503619
AT4G26040,0.1072331007068067
AT4G26050,0.2552983468203907
AT4G26055,0.4379583763325517
AT4G26060,0.6533578445776765
AT4G26070,0.5482816537273363
AT4G26080,0.3992121112468072
AT4G26090,0.2759385585802236
AT4G26095,0.6477932726656315
AT4G26100,0.517541802783241
AT4G26110,1.1984132588298453
AT4G26120,0.352646878084052
AT4G26130,0.7368145478555552
AT4G26140,0.3954340483491263
AT4G26145,0.1022361431632837
AT4G26150,0.3116415142865089
AT4G26160,0.4103883021587919
AT4G26170,0.318234413899277
AT4G26180,0.2826513677623826
AT4G26190,1.1420410908703573
AT4G26200,0.257073298822949
AT4G26210,0.6462002541950342
AT4G26220,0.7136092820679651
AT4G26230,1.2058586001886265
AT4G26240,0.36033456603885017
AT4G26250,0.11708400403935569
AT4G26255,0.1319092659112302
AT4G26260,0.3199141564125461
AT4G26270,0.5171573266461017
AT4G26280,0.1022361431632837
AT4G26288,0.16644384285378208
AT4G26290,0.1022361431632837
AT4G26300,0.5063966183223672
AT4G26310,0.43646163304159036
AT4G26320,0.8140723670528058
AT4G26330,0.24078247825603039
AT4G26340,0.1022361431632837
AT4G26350,0.1022361431632837
AT4G26365,0.35052875648938847
AT4G26370,0.4301452729956511
AT4G26380,0.18932030698087668
AT4G26390,0.1897096311206069
AT4G26400,0.4822315134664821
AT4G26410,0.6292057010821024
AT4G26415,0.1019935489625394
AT4G26420,0.1022361431632837
AT4G26430,0.4860629228939741
AT4G26440,0.14071069196056218
AT4G26450,0.5171068408608377
AT4G26455,0.3865721005721567
AT4G26460,0.10134379978257319
AT4G26466,0.2248426097103958
AT4G26470,0.38759058167259114
AT4G26480,0.6022245115336091
AT4G26483,0.1022361431632837
AT4G26485,0.1022361431632837
AT4G26488,0.3417333643705258
AT4G26490,0.3692441045447443
AT4G26500,0.6598138210301079
AT4G26510,0.5211862443303883
AT4G26520,0.2309631431104247
AT4G26530,0.1370942521534136
AT4G26540,0.6221731566460489
AT4G26542,1.2653841123376246
AT4G26550,0.4658448556658771
AT4G26555,0.3682527264522586
AT4G26560,0.253691644308378
AT4G26570,0.9414354066756043
AT4G26580,0.3074385855605607
AT4G26582,0.3230762876285572
AT4G26590,0.2364482588535391
AT4G26600,0.5154377690881793
AT4G26610,0.4288240547601212
AT4G26620,0.4954140024270792
AT4G26630,0.9293877483196189
AT4G26640,0.4948960210732652
AT4G26650,0.6969424487461755
AT4G26660,0.5831498444509473
AT4G26670,0.6328278698334306
AT4G26680,0.2300749657342885
AT4G26690,0.7254491780832536
AT4G26700,0.8051579304165287
AT4G26701,0.1022361431632837
AT4G26710,0.8620441621378911
AT4G26720,0.370562004583757
AT4G26730,0.1022361431632837
AT4G26740,1.5873532905429792
AT4G26750,0.5868784903979202
AT4G26760,0.6943308440475553
AT4G26770,0.4037786840390393
AT4G26780,0.7044241822534598
AT4G26790,0.6524882948418556
AT4G26795,0.357873100895317
AT4G26800,0.30356396073460207
AT4G26810,0.5828801015734562
AT4G26820,0.1112072378277862
AT4G26830,0.15981618593600577
AT4G26840,0.6532820048938981
AT4G26850,0.6646839317377375
AT4G26860,0.3538353860133625
AT4G26870,0.4781614546923796
AT4G26880,0.4039881616087156
AT4G26890,0.2728714743215994
AT4G26900,0.4833497036024422
AT4G26910,0.5961961287634234
AT4G26920,0.1137555544746607
AT4G26930,0.1392872411465551
AT4G26940,0.5441779110727902
AT4G26950,0.2797934862819433
AT4G26960,0.6084329128549686
AT4G26965,0.3443633535927474
AT4G26970,0.7259493250122071
AT4G26980,0.3773104484833299
AT4G26990,0.40862724558536756
AT4G27000,0.4771922718910193
AT4G27010,0.5771715276137982
AT4G27020,0.3365081695674338
AT4G27030,0.562532806626414
AT4G27040,0.3958366638800639
AT4G27050,0.3917790432289458
AT4G27060,0.24157899099652425
AT4G27070,0.31084229101314864
AT4G27080,0.6338499811573293
AT4G27090,0.9359198036304703
AT4G27100,0.35307978858531297
AT4G27110,0.1022361431632837
AT4G27120,0.4891456531799311
AT4G27130,0.6960151748842538
AT4G27140,0.7614760625567837
AT4G27150,2.0696733610578706
AT4G27160,0.967438782064
AT4G27170,0.25221371800695513
AT4G27180,0.6999673507541765
AT4G27190,0.2689397462085516
AT4G27220,0.1635613099693513
AT4G27230,0.45463821813919303
AT4G27240,0.2205418623252717
AT4G27250,0.3372671049846862
AT4G27260,0.9643114031988318
AT4G27270,0.39694657176689474
AT4G27280,0.5883861931941088
AT4G27290,0.37774024741308
AT4G27300,0.41274383426105643
AT4G27310,0.2866605894888893
AT4G27320,0.4242506961248984
AT4G27330,0.1022361431632837
AT4G27340,0.23676805995017058
AT4G27350,0.34509356110190403
AT4G27360,0.1022361431632837
AT4G27370,0.3277427037340318
AT4G27380,0.7079241235866169
AT4G27390,0.5273350442413064
AT4G27400,0.5930041250786147
AT4G27410,0.5727439816108842
AT4G27415,0.1022361431632837
AT4G27420,0.1022361431632837
AT4G27430,0.7214082435396497
AT4G27435,0.6968423519443877
AT4G27440,0.6980851461125858
AT4G27450,1.532672940839581
AT4G27460,0.5451889316124783
AT4G27470,0.5277221023676661
AT4G27480,0.3150912575109842
AT4G27490,0.6246903416410727
AT4G27500,0.8817996109971751
AT4G27510,0.2758983708059405
AT4G27520,1.034150464591732
AT4G27530,1.5023044412415287
AT4G27540,0.4827046502008306
AT4G27550,0.17746500846238558
AT4G27560,1.123067553741997
AT4G27565,0.1022361431632837
AT4G27570,0.3264181075010284
AT4G27580,0.1498793952629105
AT4G27585,0.5768826857703003
AT4G27590,0.5766445308862176
AT4G27595,0.9034300223301784
AT4G27600,0.3728179428033943
AT4G27610,0.36926306816888016
AT4G27620,0.32142091980338294
AT4G27630,0.36304436684631264
AT4G27640,0.5568522977602992
AT4G27650,0.4922735853994601
AT4G27652,0.9311279443003789
AT4G27654,0.4173740491163124
AT4G27657,0.3840208556933681
AT4G27660,0.2873658633277404
AT4G27670,0.3168918715960501
AT4G27680,0.3702946010959728
AT4G27690,0.38204231414851775
AT4G27700,0.3782601864922804
AT4G27710,0.3840793876477052
AT4G27720,0.7482273637858669
AT4G27730,0.3693466079910239
AT4G27740,0.4500465846159541
AT4G27745,0.8053282533991655
AT4G27750,0.4967579519072777
AT4G27760,0.6225292542474724
AT4G27765,0.1150943359849568
AT4G27780,0.3657462587189236
AT4G27790,0.1622655931189777
AT4G27800,0.27805402143599656
AT4G27810,0.2063327478622005
AT4G27820,0.5537808087123866
AT4G27830,0.44868597014714434
AT4G27840,0.6422596303855328
AT4G27845,0.4357048572694374
AT4G27850,0.2368898092505915
AT4G27852,0.38931471736121337
AT4G27860,0.5659104347171944
AT4G27870,0.5639780582635114
AT4G27880,0.2921476650240734
AT4G27890,0.2570689467531502
AT4G27900,0.3863881019563726
AT4G27910,0.32828570140891256
AT4G27920,0.1022361431632837
AT4G27940,0.4877198489406237
AT4G27950,0.5309935069887328
AT4G27960,0.9229941652947731
AT4G27970,0.2524369379863088
AT4G27980,0.1372768059532644
AT4G27990,0.3958008390195871
AT4G28000,0.10075254141967468
AT4G28005,0.1628524125570043
AT4G28010,0.3936883876310416
AT4G28020,0.4500543686231062
AT4G28025,0.3361143805349244
AT4G28030,0.2720750972200263
AT4G28040,0.5337803691954255
AT4G28050,0.360584572889489
AT4G28060,0.6679518006715166
AT4G28068,0.1022361431632837
AT4G28070,0.4284108956382349
AT4G28080,0.410398069944045
AT4G28085,0.7180093554583447
AT4G28088,0.2335759806950681
AT4G28090,0.1022361431632837
AT4G28100,0.5778056569265679
AT4G28110,0.4845659092836545
AT4G28130,0.1022361431632837
AT4G28140,0.13942619721510768
AT4G28150,0.3380644358068973
AT4G28160,0.1022361431632837
AT4G28162,0.5348475162818227
AT4G28170,0.2124436400942486
AT4G28180,0.6422760461416048
AT4G28190,0.4752075587718484
AT4G28200,0.7331706139244257
AT4G28210,0.816371303524016
AT4G28220,0.31306787066356184
AT4G28230,0.3536102576926125
AT4G28240,0.8486720718862969
AT4G28250,1.4395373655072772
AT4G28260,0.39125758368813546
AT4G28270,0.8683356002476554
AT4G28280,0.180369607383813
AT4G28290,0.4760431988934297
AT4G28300,0.5721934081472064
AT4G28310,0.5423154627808258
AT4G28320,0.35329663592717186
AT4G28330,0.24239913453267078
AT4G28340,0.11161116238763209
AT4G28350,0.1771883259552908
AT4G28360,0.6395404347172122
AT4G28362,0.1022361431632837
AT4G28365,0.1870965304312746
AT4G28370,0.4282115631165335
AT4G28380,0.2824987788527502
AT4G28390,0.48737129802395196
AT4G28395,0.1022361431632837
AT4G28397,0.1022361431632837
AT4G28400,0.775534814538084
AT4G28405,0.1492973868551416
AT4G28410,0.7241253360060398
AT4G28420,0.11566339610658061
AT4G28430,0.45627593992048654
AT4G28440,0.6327422470568926
AT4G28450,0.766089766087202
AT4G28460,0.2213371068892278
AT4G28470,0.5804435647215535
AT4G28480,0.7291883663627077
AT4G28485,0.2707629965624183
AT4G28490,0.3283509733809395
AT4G28500,0.2332709171075575
AT4G28510,0.7275692815178729
AT4G28520,4.222119358229596
AT4G28530,0.4167071538402941
AT4G28540,0.5450503607448055
AT4G28550,0.35761235636295086
AT4G28556,0.1218517205333958
AT4G28560,0.1964726868816992
AT4G28570,0.2641527849810106
AT4G28580,0.1019935489625394
AT4G28590,0.3165535667859005
AT4G28600,0.28998060786295565
AT4G28610,0.7089288561701036
AT4G28620,0.1215600961666271
AT4G28630,0.357407764994484
AT4G28640,0.46370313915079203
AT4G28650,0.5264899238734678
AT4G28652,0.1022361431632837
AT4G28660,0.6065780339283332
AT4G28670,0.1022361431632837
AT4G28680,0.1022361431632837
AT4G28690,0.3825105539111528
AT4G28700,0.1418487697638103
AT4G28703,0.3781585982913088
AT4G28706,0.3065508955169814
AT4G28710,0.5768220470774308
AT4G28720,0.2571524153038431
AT4G28730,0.4356354930167664
AT4G28740,0.6482665564039458
AT4G28750,0.6114117708989243
AT4G28755,0.1456559053628052
AT4G28760,0.44722012739119854
AT4G28770,0.8736736552798792
AT4G28775,0.1022361431632837
AT4G28780,0.1022361431632837
AT4G28790,0.34968639044343164
AT4G28800,0.1594988539240753
AT4G28811,0.108344182088391
AT4G28815,0.1019935489625394
AT4G28820,0.5437626382845172
AT4G28830,0.6209015083346925
AT4G28840,0.6669738842130173
AT4G28850,0.9619501637061117
AT4G28860,0.3751458356444095
AT4G28870,0.1022361431632837
AT4G28880,0.7291946167211008
AT4G28890,0.4473262392269016
AT4G28910,0.5894917867970839
AT4G28920,0.1022361431632837
AT4G28930,0.3119338183881843
AT4G28940,1.2483205088846092
AT4G28950,0.5563965839091034
AT4G28980,0.38732478897809686
AT4G28990,0.4168585928747955
AT4G29000,0.30937159179264606
AT4G29010,0.5439715085061786
AT4G29020,1.2711392050480106
AT4G29030,0.29372011102382123
AT4G29033,0.1022361431632837
AT4G29035,0.1022361431632837
AT4G29037,0.1373403647454882
AT4G29040,0.6647644494896061
AT4G29050,0.1753943031438285
AT4G29060,0.4686283824877076
AT4G29070,0.35147347630480485
AT4G29080,1.2215140794515895
AT4G29090,0.179826012630099
AT4G29100,0.7021509557284682
AT4G29103,0.1022361431632837
AT4G29110,0.3160384424129528
AT4G29120,0.49018669997784026
AT4G29130,0.7424262240407737
AT4G29140,0.9617894703162089
AT4G29150,0.1527848557798919
AT4G29160,0.5965959636634741
AT4G29170,0.3051358488411916
AT4G29180,0.5251275421233392
AT4G29190,0.3758849951476979
AT4G29200,0.4490615849925411
AT4G29210,0.5336491235948762
AT4G29220,0.5404385216251993
AT4G29230,0.3262679467276277
AT4G29240,0.3539488455035638
AT4G29250,0.1019935489625394
AT4G29260,0.4767412444810377
AT4G29270,1.395694223424696
AT4G29273,0.1022361431632837
AT4G29280,0.1022361431632837
AT4G29283,0.1022361431632837
AT4G29285,0.1022361431632837
AT4G29290,0.1022361431632837
AT4G29300,0.1022361431632837
AT4G29305,0.4218162708686475
AT4G29310,0.4828298659660936
AT4G29330,0.4963318306276464
AT4G29340,0.4209507589750486
AT4G29350,0.9027420329945479
AT4G29360,0.30273294454237615
AT4G29370,0.1434413803315188
AT4G29380,0.4254265396806654
AT4G29390,0.7341930394378364
AT4G29400,0.2344502729332646
AT4G29410,0.7419800744926905
AT4G29420,0.3102864261775601
AT4G29430,0.6740577965110399
AT4G29440,0.42240194643174933
AT4G29450,0.24160536495163998
AT4G29460,0.1284071203743897
AT4G29470,0.1016524999438922
AT4G29480,0.6148480397378209
AT4G29490,0.39699640616515697
AT4G29510,0.6274659719782623
AT4G29520,1.1673365123529655
AT4G29530,0.4661962991683525
AT4G29540,0.2461172890277849
AT4G29548,0.1022361431632837
AT4G29550,0.3315917331657201
AT4G29560,0.3959063393474972
AT4G29570,0.1022361431632837
AT4G29580,0.1022361431632837
AT4G29590,0.38925175729375683
AT4G29600,0.1022361431632837
AT4G29610,0.29770100908252217
AT4G29620,0.1022361431632837
AT4G29630,0.1022361431632837
AT4G29640,0.1022361431632837
AT4G29650,0.1019935489625394
AT4G29654,0.1022361431632837
AT4G29658,0.1022361431632837
AT4G29660,0.5982054240450508
AT4G29670,0.36143715602914284
AT4G29680,0.556675902882968
AT4G29690,0.91919633657715
AT4G29700,0.647604039056829
AT4G29710,0.1598707027916446
AT4G29720,0.5803076843568414
AT4G29730,0.3435091452157941
AT4G29735,0.7563539263188375
AT4G29740,0.4094445730391163
AT4G29750,0.3462673621388427
AT4G29760,0.127431881804221
AT4G29770,0.1551426612179204
AT4G29780,0.3403150673977999
AT4G29790,0.6333569156756007
AT4G29800,0.33716088786251774
AT4G29810,0.7730586396794799
AT4G29820,0.6575122343577617
AT4G29830,0.6526734942657655
AT4G29840,0.8517978183969719
AT4G29850,0.6378136887819729
AT4G29860,0.3982308769745736
AT4G29870,0.4545981454901722
AT4G29880,0.2505408901488139
AT4G29890,0.3627447207744991
AT4G29900,0.6474671483401977
AT4G29905,1.1961398375531427
AT4G29910,0.48931703818739614
AT4G29920,0.3384218391138416
AT4G29930,1.0035360641445634
AT4G29940,0.3777441388881103
AT4G29950,0.4768162219475338
AT4G29960,0.6021435374354374
AT4G29970,0.1022361431632837
AT4G29980,0.1393157230334759
AT4G29990,0.2761414885852942
AT4G30000,0.43629057447735087
AT4G30010,0.9099124588946825
AT4G30020,0.9206289974708174
AT4G30030,0.1022361431632837
AT4G30040,0.1022361431632837
AT4G30050,0.1019935489625394
AT4G30060,0.49417168575818216
AT4G30064,0.1022361431632837
AT4G30067,0.12636057428149
AT4G30070,0.1019935489625394
AT4G30074,0.1022361431632837
AT4G30080,0.33392077679839427
AT4G30090,0.23042943766299429
AT4G30097,0.1022361431632837
AT4G30100,0.4095626090286195
AT4G30110,0.7577135815676481
AT4G30120,0.39662281444782677
AT4G30130,0.8263080087146105
AT4G30140,0.7112668973108031
AT4G30150,0.5463725555375414
AT4G30160,0.5003107840879862
AT4G30170,1.0093403951667903
AT4G30180,0.5570226112192518
AT4G30190,1.1574281202233592
AT4G30200,0.581242125239125
AT4G30210,0.5331767809364991
AT4G30220,0.5872018437415325
AT4G30230,0.2776943279134659
AT4G30240,0.4089558964541706
AT4G30250,0.1022361431632837
AT4G30260,0.392116236856797
AT4G30270,0.7486029020972084
AT4G30280,1.147405794078827
AT4G30290,0.6740858873492971
AT4G30300,0.1022361431632837
AT4G30310,0.47205012821354086
AT4G30320,1.0885131844930853
AT4G30330,0.669429339912385
AT4G30340,0.5000851783657356
AT4G30350,0.4254408424150352
AT4G30360,0.3580561264870086
AT4G30370,0.3999740656558949
AT4G30380,0.1019935489625394
AT4G30390,0.3306777424993912
AT4G30400,0.48369319760328755
AT4G30410,0.3132094726408405
AT4G30420,0.7602200603768858
AT4G30430,0.4804986681682569
AT4G30440,0.7013681271952668
AT4G30450,0.9867329491417149
AT4G30460,0.9467198830967865
AT4G30470,0.7703171874393739
AT4G30480,0.6268567502693474
AT4G30490,0.24545575189234375
AT4G30500,0.7825970571243982
AT4G30510,0.4260484888958238
AT4G30520,0.41244957040723695
AT4G30530,0.9712931683340149
AT4G30540,0.1016524999438922
AT4G30550,0.7610625180510029
AT4G30560,0.34052247356803855
AT4G30570,0.18022888263228534
AT4G30580,0.7125809706305081
AT4G30590,0.1022361431632837
AT4G30600,0.5459302286327146
AT4G30610,0.41650192102983435
AT4G30620,0.5229292744101619
AT4G30630,0.46194868916891785
AT4G30640,0.3808627282027543
AT4G30650,1.2360342597933645
AT4G30660,0.8276136683851623
AT4G30662,0.1977807220096074
AT4G30670,0.9908860513025561
AT4G30680,0.3414943159498318
AT4G30690,0.4386518887904785
AT4G30700,0.3334860211896089
AT4G30710,0.4135393874323681
AT4G30720,0.5892113777285642
AT4G30730,0.1362985931938238
AT4G30740,0.24319421438149968
AT4G30750,0.8898945917905362
AT4G30760,0.5467754467828532
AT4G30770,0.1022361431632837
AT4G30780,0.33577530455037125
AT4G30790,0.47031212075301027
AT4G30800,0.8971980050907751
AT4G30810,0.5412539012097705
AT4G30820,0.2404612739582851
AT4G30825,0.31758966603620997
AT4G30830,0.3085423167675177
AT4G30840,0.46703876568015923
AT4G30845,0.4254258023265703
AT4G30850,0.7271751544669898
AT4G30860,0.4211752056958442
AT4G30870,0.3153628471387409
AT4G30872,0.1022361431632837
AT4G30880,0.11512743698247739
AT4G30890,0.7617206004581589
AT4G30900,0.2365621612882266
AT4G30910,0.32679886201656916
AT4G30920,0.5332357195740418
AT4G30930,0.6804993036113975
AT4G30935,0.2552687468236871
AT4G30940,0.3933063923295762
AT4G30950,0.5953678411540455
AT4G30960,0.8013813399437077
AT4G30970,0.1022361431632837
AT4G30972,0.10134379978257319
AT4G30975,0.6316964990484324
AT4G30980,0.47299091457172393
AT4G30990,1.0006103437735006
AT4G30993,0.6424572034201783
AT4G30996,0.5686068310735806
AT4G31000,0.5603502293565886
AT4G31010,0.36874561942440753
AT4G31020,0.471868136299653
AT4G31030,0.1564792895516008
AT4G31040,0.4117281328528436
AT4G31050,0.45304956199599217
AT4G31060,0.3008171734439551
AT4G31070,0.3824656432565148
AT4G31073,0.1222972479084852
AT4G31075,0.1019935489625394
AT4G31080,0.3957424645435812
AT4G31100,0.3184866882194805
AT4G31110,0.3955128317158244
AT4G31115,0.47718846046386637
AT4G31120,0.5624205429315133
AT4G31130,0.5980736495746406
AT4G31140,0.2777498001653557
AT4G31150,0.3724527733504533
AT4G31160,0.4176716939615199
AT4G31170,0.6966072096670494
AT4G31180,0.4423112306901005
AT4G31196,0.1022361431632837
AT4G31200,0.3501237757447979
AT4G31210,0.5051180087544477
AT4G31230,0.2887605739618151
AT4G31240,0.3049690136547472
AT4G31248,0.33953317305883424
AT4G31250,0.35478391832826006
AT4G31260,0.1153744372925935
AT4G31265,0.1460292288263342
AT4G31270,0.3006179295698956
AT4G31280,0.1022361431632837
AT4G31290,0.8975018325718231
AT4G31300,0.5266250791619784
AT4G31310,0.9324599031991845
AT4G31320,0.871376206886069
AT4G31330,0.9614426051913298
AT4G31340,0.7309655262846597
AT4G31350,0.6722714200011026
AT4G31351,0.216876183249735
AT4G31354,0.1811048752516381
AT4G31355,0.21555924317556088
AT4G31360,0.41135868662497305
AT4G31370,0.3344911052309571
AT4G31380,0.29289639023761027
AT4G31390,0.3163516790395781
AT4G31398,0.2278510136005915
AT4G31400,0.5524510456819709
AT4G31405,0.15313090826653178
AT4G31408,0.3530375661136788
AT4G31410,0.3786991714060466
AT4G31420,0.5112482627225794
AT4G31430,0.6714469920436008
AT4G31440,0.2611035192736554
AT4G31441,0.15012349882023088
AT4G31450,0.4074226719666961
AT4G31460,0.7918116478395241
AT4G31470,0.71952754420478
AT4G31480,0.4692287048851205
AT4G31490,0.6000064388677822
AT4G31500,1.1470128186289152
AT4G31510,0.3920856095150985
AT4G31520,0.2317994920777039
AT4G31530,0.6543994714674733
AT4G31540,0.5179094752106084
AT4G31550,0.6412677476648586
AT4G31560,0.27408013606552856
AT4G31570,0.9930424432575277
AT4G31580,0.5309566232669067
AT4G31590,0.46594220429944966
AT4G31600,0.4093511884920432
AT4G31610,0.1022361431632837
AT4G31615,0.2289211665502945
AT4G31620,0.1022361431632837
AT4G31630,0.1022361431632837
AT4G31640,0.1022361431632837
AT4G31650,0.2256121465158234
AT4G31660,0.118603461728824
AT4G31670,0.4530515554687428
AT4G31680,0.1022361431632837
AT4G31685,0.1022361431632837
AT4G31690,0.1022361431632837
AT4G31700,0.6822820398652789
AT4G31710,0.2427225234644919
AT4G31715,0.1019935489625394
AT4G31720,0.5643882684336428
AT4G31730,0.8699191509630775
AT4G31740,0.1022361431632837
AT4G31750,0.24522449742166408
AT4G31760,0.2567711136592628
AT4G31770,0.5239895278020796
AT4G31780,0.5216526805241883
AT4G31790,0.823817991181243
AT4G31800,0.6300764651050682
AT4G31805,0.17441896438004129
AT4G31810,0.8605215437421108
AT4G31820,0.540602737379941
AT4G31830,1.0993367093250908
AT4G31840,0.6842154738395803
AT4G31850,0.4529396947820696
AT4G31860,0.7159360229304402
AT4G31870,0.35645764979462247
AT4G31875,0.5530184897819486
AT4G31877,0.6607868130298504
AT4G31880,0.8046008679235416
AT4G31890,0.5734072462537471
AT4G31900,0.1394538990694284
AT4G31910,1.1083107620237636
AT4G31920,0.6142924333768999
AT4G31930,0.41936974683664807
AT4G31940,0.9290751643412039
AT4G31950,0.1019935489625394
AT4G31960,0.1022032547073169
AT4G31970,0.2572325372954619
AT4G31980,0.3915144091149163
AT4G31985,0.6870697415247542
AT4G31990,0.9550388693425516
AT4G32000,0.4188669675193506
AT4G32010,0.27804349022563574
AT4G32020,0.5857672793264446
AT4G32030,0.3967687386299854
AT4G32040,0.328789310873921
AT4G32050,0.3508707487027504
AT4G32060,0.7371818492031497
AT4G32070,0.658066193062719
AT4G32080,0.1429293001760769
AT4G32090,0.1022361431632837
AT4G32100,0.1022361431632837
AT4G32105,0.1019935489625394
AT4G32110,0.1164810322697715
AT4G32120,0.33959687944441547
AT4G32130,0.7773869367979553
AT4G32140,0.4353423149672643
AT4G32150,0.7873405382179697
AT4G32160,0.4032560966707546
AT4G32170,0.1022361431632837
AT4G32175,0.37218868730080024
AT4G32180,0.37381411638396334
AT4G32190,0.371100382478103
AT4G32200,0.5338579232788829
AT4G32208,0.8094184637177716
AT4G32210,0.6194959117615375
AT4G32230,0.1022361431632837
AT4G32240,1.0080174448670216
AT4G32250,0.29552579045747984
AT4G32260,0.4983989642142863
AT4G32270,0.44275190540640286
AT4G32272,0.3875468511518633
AT4G32280,0.21139986106758357
AT4G32285,0.46676624819010226
AT4G32290,0.3827721221599591
AT4G32295,0.45201315311940604
AT4G32300,0.29824196446519297
AT4G32320,0.3629133483997391
AT4G32330,0.9884682142158987
AT4G32340,0.33599658384054437
AT4G32342,0.1809621051421757
AT4G32350,0.3197441826353002
AT4G32360,0.4011300672282271
AT4G32370,0.1022361431632837
AT4G32375,0.1022361431632837
AT4G32380,0.1022361431632837
AT4G32390,0.5324662780736844
AT4G32400,0.6629416095465162
AT4G32410,0.7133801186339583
AT4G32420,0.41453786929790226
AT4G32430,0.3492794599006291
AT4G32440,0.37218777139882164
AT4G32445,0.1824019253410171
AT4G32450,0.288173776914189
AT4G32460,0.7318264848178755
AT4G32470,0.7772136127265932
AT4G32480,1.0902927593856953
AT4G32490,0.1336447607130246
AT4G32500,0.1022361431632837
AT4G32510,0.1655612591531596
AT4G32520,0.5625632762686765
AT4G32530,0.7118058019259679
AT4G32535,0.158384737878392
AT4G32540,0.1022361431632837
AT4G32551,0.3600401973043956
AT4G32560,0.47116951409227015
AT4G32570,0.33045485697231713
AT4G32580,0.1414455717136601
AT4G32590,0.5025425185383952
AT4G32600,0.37073679038618224
AT4G32605,0.444912113001253
AT4G32610,0.7467799227837618
AT4G32620,0.2894530118669105
AT4G32630,0.2722562141098683
AT4G32640,0.34849620204117493
AT4G32650,0.7104443670887772
AT4G32660,0.5526274997866121
AT4G32670,0.23085815089247608
AT4G32680,0.5089438207735426
AT4G32690,0.5762484120924437
AT4G32700,0.4210714868082247
AT4G32710,0.3444086991649593
AT4G32714,0.1022361431632837
AT4G32717,0.1022361431632837
AT4G32720,0.6949557182093289
AT4G32730,0.25882189153608803
AT4G32750,0.2890890821178094
AT4G32760,0.5544043932129327
AT4G32770,0.3628910642536483
AT4G32780,0.3481734935906253
AT4G32790,0.4544357595525645
AT4G32800,0.4210070098096491
AT4G32810,0.3364783523382281
AT4G32820,0.4972736780573833
AT4G32830,0.601322722271092
AT4G32840,0.32694512932310205
AT4G32850,0.37306876275048073
AT4G32860,0.7094800093381807
AT4G32870,0.5189553151355432
AT4G32880,0.4778434857120152
AT4G32890,0.37843236059421215
AT4G32900,0.18974144251211061
AT4G32910,0.6839080966334239
AT4G32915,0.5365059312469688
AT4G32920,0.5304537960301223
AT4G32930,0.7128187480139041
AT4G32940,0.7476764230602498
AT4G32950,0.3085892891990411
AT4G32960,0.39038610128762685
AT4G32970,0.4882702818615718
AT4G32980,0.5222687075184772
AT4G32990,0.1023558955724643
AT4G33000,0.3134658535749737
AT4G33010,0.6201456681588547
AT4G33020,0.27617814870325075
AT4G33030,0.7431408176180845
AT4G33040,0.4797882513914131
AT4G33050,0.37476703642300535
AT4G33060,0.46641654049249226
AT4G33070,1.538601293661955
AT4G33080,0.6931520829400382
AT4G33090,0.4390419910455934
AT4G33100,0.6627018202704209
AT4G33110,0.5547783672438646
AT4G33120,1.1206417963110302
AT4G33130,0.5498584782744658
AT4G33140,0.55160265960471
AT4G33145,0.37305241727426586
AT4G33150,0.6476838693275869
AT4G33160,0.45908583827732763
AT4G33170,0.42151861180016736
AT4G33180,0.4447053064284374
AT4G33200,0.49694277520013946
AT4G33210,0.35005385408822015
AT4G33220,0.6886042829457971
AT4G33230,0.120018352344902
AT4G33240,0.5312998845341235
AT4G33250,0.6818420572373545
AT4G33260,0.8432553980420532
AT4G33270,0.8165044633126681
AT4G33280,0.1844819552121104
AT4G33290,0.1019935489625394
AT4G33300,0.4414154265957747
AT4G33310,0.16683947354250017
AT4G33320,0.1360685219268196
AT4G33330,0.38035927373585643
AT4G33350,0.3090856376275142
AT4G33355,0.3001464457404086
AT4G33360,0.8175193825305753
AT4G33370,0.1022361431632837
AT4G33380,0.6795290016446405
AT4G33390,0.1400921839118162
AT4G33400,0.381860593409572
AT4G33410,0.663994097433651
AT4G33420,0.8571089064860874
AT4G33430,0.4390132600562442
AT4G33440,0.2673064267119825
AT4G33450,0.37813246769721987
AT4G33460,0.5089964659414854
AT4G33465,0.1101696448818761
AT4G33467,0.6857887004218564
AT4G33470,0.2666459889840715
AT4G33480,0.3664569952911566
AT4G33490,0.3358345412064876
AT4G33495,0.4760387187615587
AT4G33500,0.43361182913734925
AT4G33510,0.4726502866777278
AT4G33520,0.5110637953377201
AT4G33530,0.34797445386356185
AT4G33540,0.48485313995470714
AT4G33550,1.2070063535023126
AT4G33560,1.683197662377123
AT4G33565,0.7308038644421614
AT4G33580,0.8591865217584334
AT4G33585,0.1022361431632837
AT4G33590,0.3441788888798693
AT4G33600,0.1022361431632837
AT4G33610,1.7654562332402248
AT4G33620,0.2812901885319304
AT4G33625,0.4709688710553934
AT4G33630,0.3193947831436688
AT4G33640,0.6149112270623849
AT4G33650,0.30031626373968656
AT4G33660,0.4154562073316648
AT4G33666,0.8859856075968954
AT4G33670,0.45497390954430506
AT4G33680,0.7128183253697269
AT4G33690,0.621361949521406
AT4G33700,0.5903920455305263
AT4G33710,0.1022361431632837
AT4G33720,1.8145445068446198
AT4G33730,0.7100856326800637
AT4G33735,0.1022361431632837
AT4G33740,0.8514641188481289
AT4G33760,0.4424100068306308
AT4G33770,0.45859999450563677
AT4G33780,0.6182757414075941
AT4G33790,0.6546191418759119
AT4G33800,0.8040220472507342
AT4G33810,0.3465958177319457
AT4G33820,0.2905108494158139
AT4G33830,0.1022361431632837
AT4G33840,0.3304711200100714
AT4G33860,0.1019935489625394
AT4G33865,0.7927327038350076
AT4G33870,0.3289396496050418
AT4G33880,0.6942203449809433
AT4G33885,0.3129659298070967
AT4G33890,0.5753503760172354
AT4G33900,0.1022361431632837
AT4G33905,0.27718838131852197
AT4G33910,0.35389347712119945
AT4G33920,0.3943493817032666
AT4G33925,0.3464212683590211
AT4G33930,0.1019935489625394
AT4G33940,0.309590182248319
AT4G33945,0.6959214446791546
AT4G33950,0.33663484072811073
AT4G33960,0.7373698975957487
AT4G33970,0.1520482458405723
AT4G33980,0.7569298903683261
AT4G33985,0.33649990083000286
AT4G33990,0.3311995140888756
AT4G34000,0.6800897481818271
AT4G34020,0.2731429995828447
AT4G34030,0.4167501197185453
AT4G34035,0.1256972428728409
AT4G34040,0.2997791907858208
AT4G34050,1.3724046126114144
AT4G34060,0.2488174623857575
AT4G34070,0.8239201718313474
AT4G34071,0.1135457185262609
AT4G34080,0.1556869582115497
AT4G34090,0.3453612239486359
AT4G34100,0.6449001296627269
AT4G34110,0.5674109275872654
AT4G34120,0.49309126786300084
AT4G34131,0.7914486054702812
AT4G34135,0.5256092244192918
AT4G34138,0.5529816178206398
AT4G34139,0.10340024154147649
AT4G34140,0.33765456717824377
AT4G34150,0.5782995655241243
AT4G34160,0.9783697601607936
AT4G34170,0.1016524999438922
AT4G34180,1.052257544160621
AT4G34190,0.6657153701970887
AT4G34200,0.6019408076640889
AT4G34210,0.1892152581187377
AT4G34215,0.5170577797610058
AT4G34220,0.28100558016168076
AT4G34230,0.6676328153845261
AT4G34240,0.33092022815060623
AT4G34250,0.5507529361849167
AT4G34260,0.4504570893554858
AT4G34265,0.576306020300615
AT4G34270,0.608971065367873
AT4G34280,0.279877923071247
AT4G34290,0.5452133978117875
AT4G34300,0.1022361431632837
AT4G34310,0.3683918769622553
AT4G34320,0.337980533134153
AT4G34330,0.1022361431632837
AT4G34332,0.1422791221974885
AT4G34340,0.5079946940441707
AT4G34345,0.1907595897693295
AT4G34350,0.7230935493999483
AT4G34360,0.4574623826427363
AT4G34370,0.4567765291124068
AT4G34380,0.2984543460614114
AT4G34390,0.5194333579740777
AT4G34400,0.1433412081115014
AT4G34410,0.4333407299584091
AT4G34412,0.7274567307184314
AT4G34415,0.1022361431632837
AT4G34419,0.4836256406993171
AT4G34420,0.5937564653789481
AT4G34430,0.40587539356946084
AT4G34440,0.1022361431632837
AT4G34450,0.4173583874278175
AT4G34460,0.3869328549987423
AT4G34470,0.1016524999438922
AT4G34480,0.7225874024051812
AT4G34490,0.6691941784103079
AT4G34500,0.6029876883900119
AT4G34510,0.3093121847679049
AT4G34520,0.1022361431632837
AT4G34530,0.13895147660620738
AT4G34540,0.5416922185465887
AT4G34550,0.1254412543310846
AT4G34555,0.5517517020347213
AT4G34560,1.1922009530881272
AT4G34570,0.660120051794754
AT4G34580,0.6232572821824975
AT4G34590,0.48201620275786083
AT4G34600,0.9751465608536587
AT4G34610,0.46093765921019314
AT4G34620,0.7344839317678331
AT4G34630,0.7599025738190328
AT4G34640,0.7256256818229101
AT4G34650,1.174151511718511
AT4G34660,0.4398168941095353
AT4G34670,0.6626195454411099
AT4G34680,0.470970385852205
AT4G34690,0.1019935489625394
AT4G34700,0.7497560455691104
AT4G34710,1.065760738642433
AT4G34720,0.7784168126982718
AT4G34730,0.38285946506381685
AT4G34740,0.41466760064171293
AT4G34750,0.7619705529932832
AT4G34760,1.0154644650444955
AT4G34770,0.6402831345336407
AT4G34780,0.1022361431632837
AT4G34790,0.3435184312169885
AT4G34800,0.5018409022016335
AT4G34810,0.7644556597837832
AT4G34830,0.3040346843985565
AT4G34840,0.5128244050772156
AT4G34850,0.1751843947722159
AT4G34860,0.5521695564145425
AT4G34870,0.8999302052265228
AT4G34880,0.2746827020884774
AT4G34881,2.2191893268997567
AT4G34890,0.7439494655811885
AT4G34900,0.4230390178422307
AT4G34910,0.4799805305143705
AT4G34920,1.124580373540323
AT4G34930,0.4149835108014936
AT4G34940,0.1022361431632837
AT4G34950,0.8442041509920203
AT4G34960,0.7239467640957655
AT4G34970,0.8375070365158384
AT4G34980,0.5264231488726108
AT4G34990,0.6448232949318136
AT4G35000,0.41331440528096597
AT4G35010,0.13818108594375061
AT4G35020,0.8420042630656022
AT4G35025,0.1228679489308606
AT4G35030,0.5817355436445328
AT4G35040,0.6282963688749219
AT4G35050,0.5569257391541129
AT4G35060,1.3785843088060932
AT4G35070,0.2873047762397678
AT4G35080,0.4702253524029303
AT4G35090,0.8383463512817799
AT4G35100,1.0155316789586988
AT4G35110,0.3508095850710164
AT4G35120,0.1022361431632837
AT4G35130,0.32244403801551513
AT4G35140,0.36585647101168206
AT4G35150,0.1022361431632837
AT4G35160,1.114422560669249
AT4G35165,0.14134043424800322
AT4G35170,0.1019935489625394
AT4G35180,0.3802495215346242
AT4G35190,0.5680437768812234
AT4G35200,0.7309263489319844
AT4G35210,0.4443359758724367
AT4G35220,0.78057333211712
AT4G35230,0.5062535461581764
AT4G35240,0.6654450749744224
AT4G35250,0.408017396994037
AT4G35260,0.6374203783948982
AT4G35270,0.4663078487109702
AT4G35280,0.1022361431632837
AT4G35290,0.3065379025462845
AT4G35295,0.1409707963549837
AT4G35300,0.6141649888157708
AT4G35310,0.49653570064224084
AT4G35320,0.6065780367846118
AT4G35335,0.6259427161814769
AT4G35350,0.9409092113663978
AT4G35360,0.6040774781062366
AT4G35370,0.1022361431632837
AT4G35375,0.1022361431632837
AT4G35380,0.3276997509914101
AT4G35390,0.8227427415052706
AT4G35410,0.6826958369411373
AT4G35420,0.5577591504259773
AT4G35430,0.2034962488006439
AT4G35440,0.35042594364484503
AT4G35450,0.6996170907890884
AT4G35460,0.5069773814178297
AT4G35470,0.5741164053241852
AT4G35480,0.33807359583535235
AT4G35485,0.11910879299749759
AT4G35490,0.7328336847109125
AT4G35500,0.42118774949835036
AT4G35510,0.3098681756793648
AT4G35519,0.1022361431632837
AT4G35520,0.3523120442622425
AT4G35530,0.4820578633427922
AT4G35540,0.2219260042746546
AT4G35550,0.6162826841351399
AT4G35560,0.40152811977239333
AT4G35570,1.4504640983897263
AT4G35580,0.2712557385687687
AT4G35590,0.245898814778916
AT4G35600,0.23347525851536022
AT4G35610,0.1022361431632837
AT4G35620,0.6245947664801845
AT4G35630,0.9126360142933165
AT4G35640,0.37902148431018756
AT4G35650,0.1438097514171255
AT4G35655,0.11787817261445968
AT4G35660,0.6496087145137579
AT4G35670,0.1022361431632837
AT4G35680,0.2378798158454415
AT4G35685,0.2494219241987557
AT4G35690,0.2886095866691493
AT4G35700,0.1022361431632837
AT4G35710,0.1430088863153761
AT4G35720,1.0514417249949801
AT4G35725,0.2853998452401387
AT4G35730,0.5726124202827032
AT4G35733,0.1022361431632837
AT4G35740,0.3809629128555948
AT4G35750,0.7456667082052075
AT4G35760,0.49833456903641143
AT4G35770,1.2995848744028176
AT4G35780,0.5440802289889692
AT4G35783,0.2611568960561726
AT4G35785,0.4125608718593423
AT4G35790,0.4488354663666356
AT4G35800,0.7366346641042572
AT4G35810,0.1022361431632837
AT4G35820,0.1019935489625394
AT4G35830,0.745673568112952
AT4G35840,0.425942558018502
AT4G35850,0.7110554093475715
AT4G35860,0.6500207729080201
AT4G35870,0.3796052726282048
AT4G35880,0.45081870011730135
AT4G35890,0.7254936593285293
AT4G35900,0.3149043166586515
AT4G35905,0.4335301043656724
AT4G35910,0.4183282718027459
AT4G35920,0.7104521583417884
AT4G35930,0.4253572215884484
AT4G35940,0.5469070233541247
AT4G35950,0.582823288013293
AT4G35970,0.3651888707803762
AT4G35980,0.48276183245999404
AT4G35985,0.369445988345911
AT4G35987,0.33153403469157994
AT4G36000,0.2937030253340876
AT4G36010,0.3002270049653992
AT4G36020,0.6207702617312849
AT4G36030,0.11650920234828939
AT4G36032,0.2904230978069843
AT4G36040,0.8455757873386758
AT4G36050,0.4686095995637154
AT4G36052,0.1552333846336734
AT4G36060,0.6462690490691639
AT4G36070,0.1019935489625394
AT4G36080,0.43007508025963376
AT4G36090,0.466234290389238
AT4G36100,0.1022361431632837
AT4G36105,0.278861962868401
AT4G36110,0.2910240768666792
AT4G36120,0.3194344160656195
AT4G36130,0.8629562559484287
AT4G36140,0.6706084500905412
AT4G36150,0.39945770639868305
AT4G36160,0.339580384010471
AT4G36170,0.10134379978257319
AT4G36180,0.5008152545760898
AT4G36190,0.45348709092107314
AT4G36195,0.5332237504632189
AT4G36210,0.41720758486626075
AT4G36220,0.5606060797695052
AT4G36230,0.22576865011791
AT4G36240,0.4641334313310667
AT4G36250,0.6771766694348786
AT4G36260,0.41330892442225586
AT4G36270,0.3661349268540899
AT4G36280,0.24855809263183098
AT4G36290,0.34470172274511635
AT4G36350,0.1022361431632837
AT4G36360,0.6381887075554087
AT4G36370,0.1022361431632837
AT4G36380,0.4920851768847999
AT4G36390,0.4603770752183518
AT4G36400,0.42658582296146524
AT4G36410,0.8179455918682189
AT4G36420,1.1312394012349924
AT4G36430,1.3903714461922068
AT4G36440,0.7898792557392423
AT4G36450,0.29949355520731563
AT4G36460,0.1022361431632837
AT4G36470,0.5480917268476451
AT4G36480,0.44083343390033725
AT4G36490,0.1022361431632837
AT4G36500,0.7304047847984603
AT4G36510,0.1738836626551914
AT4G36515,0.5477985393429463
AT4G36520,1.1224687424368969
AT4G36530,0.31394216030931527
AT4G36540,0.4996873234218236
AT4G36550,0.4284950983863905
AT4G36560,0.1022361431632837
AT4G36570,0.5438316340290381
AT4G36580,0.4599348880829946
AT4G36590,0.1219781632629389
AT4G36600,0.4810947306546851
AT4G36610,1.280944287119613
AT4G36620,0.41165399718616796
AT4G36630,0.4414929062790206
AT4G36640,0.8753983518217069
AT4G36648,0.7990362359891341
AT4G36650,0.37719423957722825
AT4G36660,0.9101725276280427
AT4G36670,0.8617743195553126
AT4G36680,0.49757375360326694
AT4G36690,0.5597094211502907
AT4G36700,1.0043333888841461
AT4G36710,0.4659024688929856
AT4G36720,0.2932363772957417
AT4G36730,0.39510071321078877
AT4G36740,0.425756830227702
AT4G36750,0.6128840691940204
AT4G36760,0.5487607113807389
AT4G36770,0.26917256558493485
AT4G36780,0.49038128648938306
AT4G36790,0.34330648147146803
AT4G36791,0.1516015095751759
AT4G36795,0.1022361431632837
AT4G36800,0.9185237190255782
AT4G36808,0.3407093300082942
AT4G36810,0.2936271562703689
AT4G36820,0.26677834542622103
AT4G36830,0.61238653671701
AT4G36840,0.3853543836146662
AT4G36850,0.9926346058043827
AT4G36860,0.5696622132200536
AT4G36870,0.254821749014925
AT4G36880,0.918107044679445
AT4G36890,0.45133373444392977
AT4G36900,0.3488422511790176
AT4G36910,0.7631705075942063
AT4G36920,0.4816068950332746
AT4G36925,0.1019935489625394
AT4G36930,0.4466823684856216
AT4G36940,0.4825779422456131
AT4G36945,0.36542938705252337
AT4G36950,0.1493964893525777
AT4G36960,0.45118977278732036
AT4G36970,0.434259864666746
AT4G36980,0.5544592195261225
AT4G36990,0.9531544729479617
AT4G37000,0.4680927253733755
AT4G37010,1.0905575694510703
AT4G37020,0.532279837487687
AT4G37022,0.1906508073690195
AT4G37030,0.2485089248557052
AT4G37040,0.44406906799163026
AT4G37050,0.2701365948728146
AT4G37060,0.1375934538082115
AT4G37070,1.0568847642195265
AT4G37080,0.29828908656149433
AT4G37090,0.9196877176160358
AT4G37095,0.3235883950252756
AT4G37100,0.4124102368419923
AT4G37110,0.41792236383203424
AT4G37120,0.51858618597145
AT4G37130,0.5046772125665007
AT4G37140,0.1453660432261257
AT4G37150,0.6857933312921536
AT4G37160,1.018989745146721
AT4G37170,0.32040291875791
AT4G37180,0.41099786919438186
AT4G37190,0.5957475586393133
AT4G37200,0.3198885294941383
AT4G37210,0.401767738501583
AT4G37220,0.9703100413900678
AT4G37225,0.3902212563542712
AT4G37230,0.2569429285081064
AT4G37235,0.609672911045192
AT4G37240,0.36398576901494467
AT4G37250,0.30421962906445404
AT4G37260,0.5101975955371053
AT4G37270,0.3355020162273882
AT4G37280,0.6290353656200169
AT4G37290,0.28234134049575277
AT4G37295,0.3629953483235309
AT4G37300,0.7173523895451351
AT4G37310,0.42351828455321333
AT4G37320,0.3487202781072917
AT4G37330,0.3670946500918059
AT4G37340,0.37035928176447086
AT4G37360,0.1022361431632837
AT4G37370,0.4034694633005782
AT4G37380,0.3353071243587155
AT4G37390,0.3294099472001472
AT4G37400,0.4902676691667095
AT4G37409,1.1215363042349473
AT4G37410,1.2829601421646246
AT4G37420,0.1050321435138166
AT4G37430,0.9234061748720683
AT4G37432,0.7788838928682639
AT4G37435,0.1019935489625394
AT4G37440,0.6986392741704386
AT4G37445,0.3642601385456961
AT4G37450,0.6374021679932724
AT4G37460,0.5345696147214684
AT4G37470,0.7776405600191261
AT4G37480,0.33750055872859364
AT4G37483,0.29018772388333147
AT4G37490,0.5074941625910698
AT4G37500,0.1022361431632837
AT4G37510,0.39039198805115943
AT4G37520,0.7202494358940593
AT4G37530,1.0318074392243255
AT4G37540,0.7728291039391508
AT4G37550,0.6536092290852593
AT4G37553,0.2453475183299178
AT4G37560,0.275851250959629
AT4G37580,0.46805819717498187
AT4G37590,0.8201447112562936
AT4G37608,0.7961639488299477
AT4G37610,0.7577927669185223
AT4G37630,0.41286371185132503
AT4G37640,0.6488084933119361
AT4G37650,0.47448844554496605
AT4G37660,0.5183065120061117
AT4G37670,0.2633715709777702
AT4G37680,0.5401328178658489
AT4G37682,0.2489549204961066
AT4G37685,0.3176860568937723
AT4G37690,0.24815316234269758
AT4G37700,0.6259586463152904
AT4G37710,0.296992119702175
AT4G37720,0.1022361431632837
AT4G37730,0.6443521947644969
AT4G37740,0.37944620671983814
AT4G37750,1.1161212019928752
AT4G37760,0.7268791717220057
AT4G37770,0.15289693200518908
AT4G37780,0.35200579069932036
AT4G37790,0.6419721642792386
AT4G37800,2.366596016068682
AT4G37810,0.6830204369677
AT4G37820,0.8139965918776961
AT4G37830,0.7172401676490483
AT4G37840,0.11729547622305139
AT4G37850,0.7695749386449282
AT4G37860,0.186341718615466
AT4G37870,0.5027074812393189
AT4G37880,0.44501388010764
AT4G37890,0.3321127198401343
AT4G37895,0.23365765618388729
AT4G37900,0.213418029006058
AT4G37910,0.8085825187936027
AT4G37920,0.7550018848189878
AT4G37925,0.23075551440602948
AT4G37930,0.8386531932989607
AT4G37940,0.7794321685241534
AT4G37950,0.343932517159099
AT4G37970,0.33669944602226776
AT4G37980,0.1022361431632837
AT4G37990,0.31109116425807487
AT4G38000,0.1022361431632837
AT4G38005,0.1022361431632837
AT4G38010,0.29263398161409826
AT4G38020,0.3670108199213971
AT4G38030,0.1244300935052721
AT4G38040,0.3647293685251607
AT4G38050,0.3440040526201883
AT4G38060,0.752948636853507
AT4G38062,0.49560437071184416
AT4G38065,0.1019935489625394
AT4G38070,0.3668254064070579
AT4G38080,1.347976166589088
AT4G38090,0.4000999293534465
AT4G38092,0.18470684015012478
AT4G38100,0.7598083001933835
AT4G38120,0.4147809303649832
AT4G38130,0.5079560420960891
AT4G38140,0.3160249246259375
AT4G38150,0.4537749262182882
AT4G38160,0.44379287111849247
AT4G38170,0.5065715582161584
AT4G38180,0.4613231042970151
AT4G38190,0.1022361431632837
AT4G38200,0.48099016988149956
AT4G38210,0.6651949623315254
AT4G38213,0.1019935489625394
AT4G38215,0.2284322753419705
AT4G38220,0.7937891926659142
AT4G38225,0.32938853141192276
AT4G38230,0.45425768792392424
AT4G38240,0.514887334763908
AT4G38250,0.6029983869896511
AT4G38260,0.42735326172196475
AT4G38270,0.4416777127980885
AT4G38280,0.8169222263896261
AT4G38290,0.357563501240638
AT4G38300,0.3059595173125015
AT4G38310,0.1714093507012875
AT4G38320,0.6011100094499605
AT4G38330,0.3918182581932388
AT4G38340,0.4530791343434983
AT4G38350,0.651173114101051
AT4G38360,0.5376633719337307
AT4G38370,0.43708038032147756
AT4G38380,0.3235667227803595
AT4G38390,0.3610777862874792
AT4G38400,0.45836628382335487
AT4G38401,0.1022361431632837
AT4G38405,0.1022361431632837
AT4G38410,0.8274714543294017
AT4G38420,0.3475696268499658
AT4G38430,0.4386228353168258
AT4G38440,0.4488336053906999
AT4G38460,0.6754846461652306
AT4G38470,0.8770911540919127
AT4G38480,0.3196438972679796
AT4G38490,0.6143559499361164
AT4G38495,0.5749186827325617
AT4G38500,0.42215823068603897
AT4G38510,0.7908917280409724
AT4G38520,0.515287675637667
AT4G38530,0.3106120182063708
AT4G38540,0.6623633614234351
AT4G38545,0.3032492035291312
AT4G38550,0.6776715128844102
AT4G38552,0.3068208821319479
AT4G38560,0.1761759976555132
AT4G38570,0.6703405591403335
AT4G38580,0.5608870801557684
AT4G38590,0.1673899704616314
AT4G38600,0.8068236078141064
AT4G38620,1.0513523218252234
AT4G38630,0.5611097408229346
AT4G38640,0.6345739311163879
AT4G38650,0.2527898445360103
AT4G38660,0.627815529294583
AT4G38670,0.49055481932337774
AT4G38680,0.7626486676637234
AT4G38690,0.41047562404507737
AT4G38700,0.2023118740890914
AT4G38710,0.640935318527497
AT4G38730,0.272786804990912
AT4G38740,0.6555830312333359
AT4G38760,0.5324803299838232
AT4G38770,0.87352768641609
AT4G38775,0.1022361431632837
AT4G38780,0.3485800885622262
AT4G38781,0.1022361431632837
AT4G38790,0.5107083792242784
AT4G38800,0.4855996654147199
AT4G38810,0.5513850036919812
AT4G38820,0.1022361431632837
AT4G38825,0.1022361431632837
AT4G38830,0.3893244852725927
AT4G38840,0.21718002651348028
AT4G38850,0.1022361431632837
AT4G38860,0.3047415596252008
AT4G38870,0.1022361431632837
AT4G38880,0.1022361431632837
AT4G38890,0.756880837610664
AT4G38900,0.3387250812356368
AT4G38905,0.1022361431632837
AT4G38910,0.2218256163066758
AT4G38920,0.8942994086346236
AT4G38930,0.5039968468607677
AT4G38932,1.1149913531252016
AT4G38940,0.36201565634433985
AT4G38950,0.2283279690596907
AT4G38960,0.3888979774418405
AT4G38970,1.2745977913096977
AT4G38980,0.24052595875503519
AT4G38990,0.1022361431632837
AT4G39000,0.140889015612753
AT4G39010,0.2080243575587149
AT4G39020,0.1022361431632837
AT4G39030,0.781793092922217
AT4G39040,0.6626101177610936
AT4G39050,0.8086525617193233
AT4G39060,0.1022361431632837
AT4G39070,0.5210062586590964
AT4G39080,0.7615033900192412
AT4G39090,0.7965658469789605
AT4G39100,0.7022651195225293
AT4G39110,0.2419066054758836
AT4G39120,0.4747964084472648
AT4G39130,0.29964277687979113
AT4G39140,0.431497596595898
AT4G39150,0.7284388388785695
AT4G39160,0.5056245995558464
AT4G39170,0.5217931119212592
AT4G39180,0.4275542740932421
AT4G39190,0.9095219217362253
AT4G39200,0.7924927190897457
AT4G39210,0.5656980074803336
AT4G39220,0.3961679394039095
AT4G39230,0.3383312370730908
AT4G39235,0.47269877977080244
AT4G39240,0.6002808328446374
AT4G39250,0.1022361431632837
AT4G39260,0.6307835779910262
AT4G39270,0.431891004169379
AT4G39280,0.4346771787083632
AT4G39290,0.1022361431632837
AT4G39300,0.7273266278771033
AT4G39320,1.0634728023569437
AT4G39330,0.8608469103100274
AT4G39340,0.1019935489625394
AT4G39350,0.7191559246180492
AT4G39360,0.17530530640883102
AT4G39361,0.5858381416955288
AT4G39363,0.3790042042452052
AT4G39364,0.42543698592309076
AT4G39366,0.3820953923401532
AT4G39370,0.29378348791273506
AT4G39380,0.33033216370736024
AT4G39390,0.976600938668907
AT4G39400,0.8452833504775843
AT4G39403,0.1680414220227901
AT4G39404,0.25330891888618556
AT4G39410,0.36779203506421454
AT4G39420,0.7004296330695307
AT4G39460,0.5978031043507406
AT4G39470,0.3059605334943116
AT4G39480,0.1022361431632837
AT4G39490,0.1022361431632837
AT4G39500,0.3025475273157132
AT4G39510,0.5477649827887154
AT4G39520,0.7112445529357085
AT4G39530,0.31209201166268463
AT4G39540,0.43531631658242986
AT4G39550,0.4175421020245198
AT4G39560,0.3732252200390379
AT4G39570,0.4533755029675342
AT4G39580,0.3325094086288153
AT4G39590,0.43323848895848815
AT4G39600,0.29295857811682824
AT4G39610,0.1528167511189952
AT4G39620,0.5518148391152101
AT4G39630,0.49539084019826624
AT4G39640,0.30206113444545435
AT4G39650,0.1834740026662011
AT4G39660,0.7114510992110936
AT4G39670,0.4869753244672639
AT4G39675,1.8502638440372734
AT4G39680,0.578983355062975
AT4G39690,0.7138943321422856
AT4G39700,0.38776145070130413
AT4G39710,0.4902910138236437
AT4G39720,0.6578114075210066
AT4G39730,0.8213631277527711
AT4G39740,0.321684295098228
AT4G39745,0.1022361431632837
AT4G39750,0.1022361431632837
AT4G39753,0.1475119809973784
AT4G39756,0.1822519970475127
AT4G39760,0.1022361431632837
AT4G39770,1.2376026063688341
AT4G39780,0.5903099074994501
AT4G39790,0.34668433370243407
AT4G39795,0.6508510314026299
AT4G39800,0.6348271843072824
AT4G39810,0.36668632091901876
AT4G39820,0.3163806065119189
AT4G39830,0.430831006084926
AT4G39838,0.4909589955581606
AT4G39840,1.0360947027651852
AT4G39850,0.5383174623247604
AT4G39860,0.7721456346226225
AT4G39870,0.38978412044751437
AT4G39880,0.4861341449824559
AT4G39890,0.4928541285494604
AT4G39900,0.7358432631638641
AT4G39910,0.5431956857453744
AT4G39917,0.1269224432152833
AT4G39920,0.3164562594159915
AT4G39925,0.3363290269504763
AT4G39930,0.221499487970252
AT4G39940,0.9608017781464961
AT4G39950,1.2424723881910946
AT4G39952,0.34123396548032
AT4G39955,0.9276876344954488
AT4G39960,0.2600129261371367
AT4G39970,0.45373419330087766
AT4G39980,0.6552077813410269
AT4G39990,0.49998115206563765
AT4G40000,0.2792791798009032
AT4G40010,0.7082048910772958
AT4G40011,0.1181265089843995
AT4G40020,0.11836715608873111
AT4G40030,0.6482796885702413
AT4G40040,0.6815620938861415
AT4G40042,0.6906914417745607
AT4G40045,0.49577231718683423
AT4G40050,0.37014913541383
AT4G40060,1.0039734645603584
AT4G40063,0.11879237512821379
AT4G40065,0.7026134207780635
AT4G40070,0.3064227455034919
AT4G40080,0.5656270837542972
AT4G40085,0.41247223493831486
AT4G40090,0.9908801243112066
AT4G40100,0.1022361431632837
AT5G00730,0.1022361431632837
AT5G00735,0.1022361431632837
AT5G00740,0.1022361431632837
AT5G00745,0.1022361431632837
AT5G00750,0.3135973760435322
AT5G00755,0.3003403117615688
AT5G00760,0.2020048112984372
AT5G00765,0.2143730387534868
AT5G00770,0.1019935489625394
AT5G00775,0.1022361431632837
AT5G00780,0.2726612848595399
AT5G00785,0.1788336714103532
AT5G00790,0.1754549988448579
AT5G00795,0.1022361431632837
AT5G00800,0.1022361431632837
AT5G00805,0.1022361431632837
AT5G00810,0.1427925720480517
AT5G00815,0.1719982336278449
AT5G00820,0.24806558079487367
AT5G00825,0.2013102344294276
AT5G00835,0.14399756820530699
AT5G00840,0.1022361431632837
AT5G00845,0.1022361431632837
AT5G00850,0.1022361431632837
AT5G00855,0.11251052711011819
AT5G00860,0.1022361431632837
AT5G00865,0.1133875909295557
AT5G00870,0.1190150182240087
AT5G00875,0.24144517285604628
AT5G00880,0.1022361431632837
AT5G00885,0.1022361431632837
AT5G00895,0.1022361431632837
AT5G00900,0.1022361431632837
AT5G00905,0.1016524999438922
AT5G00910,0.1016524999438922
AT5G00920,0.1022361431632837
AT5G00925,0.1022361431632837
AT5G00930,0.1022361431632837
AT5G00935,0.1022361431632837
AT5G00940,0.1022361431632837
AT5G00950,0.1022361431632837
AT5G00955,0.1022361431632837
AT5G00960,0.1022361431632837
AT5G00965,0.1022361431632837
AT5G00970,0.1022361431632837
AT5G00975,0.1022361431632837
AT5G00980,0.3047204498080558
AT5G00985,0.1663595081608599
AT5G00990,0.1477074853669105
AT5G00995,0.1022361431632837
AT5G01005,0.1019935489625394
AT5G01010,0.9733209714366342
AT5G01015,0.10379990148119429
AT5G01017,0.1019935489625394
AT5G01020,0.5146413567290924
AT5G01030,0.2959877213544923
AT5G01040,0.5796099818620641
AT5G01045,0.33091767278615447
AT5G01050,0.6193559825608156
AT5G01055,0.11920990573219199
AT5G01060,0.7082374866131343
AT5G01065,0.1022361431632837
AT5G01070,0.365997333366727
AT5G01075,0.4433180735453855
AT5G01080,0.1022361431632837
AT5G01090,0.6858066240682501
AT5G01095,0.1359982253245856
AT5G01100,0.37844324042537325
AT5G01105,0.1031199950990629
AT5G01110,0.36870596406128353
AT5G01115,0.1022361431632837
AT5G01120,0.20332941967743878
AT5G01125,0.1022361431632837
AT5G01130,0.1022361431632837
AT5G01135,0.1016524999438922
AT5G01140,0.1022361431632837
AT5G01145,0.1477099171964822
AT5G01150,0.1022361431632837
AT5G01155,0.46380842646357096
AT5G01160,0.4375496638821941
AT5G01165,0.1266151373593356
AT5G01170,0.3522214422381197
AT5G01175,0.5413441801232884
AT5G01180,0.12007820477891598
AT5G01190,0.3745081744459375
AT5G01195,0.1208323212290881
AT5G01200,0.3277701456189516
AT5G01205,0.1483975584083801
AT5G01210,0.8616455952415908
AT5G01215,0.6168588300305555
AT5G01220,0.6468307604909413
AT5G01225,0.16055686105514028
AT5G01230,0.31599640682158736
AT5G01235,0.1022361431632837
AT5G01240,0.32537320180638885
AT5G01245,0.1019935489625394
AT5G01250,0.823741326181917
AT5G01255,0.13620067553861942
AT5G01260,0.47586501150610394
AT5G01265,0.1019935489625394
AT5G01270,0.36839936319143274
AT5G01275,0.1022361431632837
AT5G01280,0.294572786723956
AT5G01285,0.1022361431632837
AT5G01290,0.3616816220567562
AT5G01295,0.1022361431632837
AT5G01300,1.424446137658856
AT5G01305,0.1022361431632837
AT5G01310,0.4235727371166384
AT5G01315,0.1022361431632837
AT5G01320,0.10075254141967468
AT5G01325,0.1022361431632837
AT5G01330,0.6053703082469908
AT5G01340,0.47383524282427514
AT5G01345,0.12025464561748041
AT5G01350,0.6509444023278972
AT5G01360,0.34998006133713233
AT5G01370,0.48778593233881906
AT5G01375,0.13798413922112798
AT5G01380,0.2964919449770747
AT5G01385,0.1022361431632837
AT5G01390,0.2857849139819878
AT5G01395,0.1022361431632837
AT5G01400,0.3356345838072704
AT5G01405,0.1019935489625394
AT5G01410,0.5585690900697184
AT5G01415,0.1022361431632837
AT5G01420,0.2655337304401108
AT5G01425,0.1022361431632837
AT5G01430,0.49655007309392396
AT5G01435,0.11262465763929559
AT5G01440,0.1022361431632837
AT5G01445,0.35482826679260365
AT5G01450,0.4229184460491791
AT5G01455,0.1257086743392671
AT5G01460,0.5827427501199771
AT5G01465,0.1022361431632837
AT5G01470,0.40760227076961053
AT5G01475,0.1229272924294301
AT5G01480,0.3232948981495911
AT5G01485,0.1022361431632837
AT5G01490,0.3278790557560588
AT5G01495,0.1940178246179582
AT5G01500,0.4919738582237294
AT5G01505,0.23300233443791019
AT5G01510,0.4067424064690775
AT5G01515,0.17470507822075798
AT5G01520,0.6351584106361642
AT5G01530,0.563074720760999
AT5G01535,0.2582162795462124
AT5G01540,0.2322185614841849
AT5G01542,0.1019935489625394
AT5G01545,0.1019935489625394
AT5G01550,0.28836789768181
AT5G01555,0.10075254141967468
AT5G01560,0.5197803138010909
AT5G01565,0.1022361431632837
AT5G01570,0.206509117726113
AT5G01575,0.1022361431632837
AT5G01580,0.2266796822086608
AT5G01585,0.1022361431632837
AT5G01590,0.30586055815032187
AT5G01595,0.2319882441475454
AT5G01600,0.8383223605788113
AT5G01605,0.1022361431632837
AT5G01610,0.8165432741734355
AT5G01615,0.1019935489625394
AT5G01620,0.31536378675324783
AT5G01630,0.23945712554686951
AT5G01635,0.1022361431632837
AT5G01640,0.26927830383860163
AT5G01645,0.1355662720282469
AT5G01650,0.5448772736569438
AT5G01655,0.0971360955313682
AT5G01660,0.2474151171973192
AT5G01665,0.1022361431632837
AT5G01670,1.7475483500475815
AT5G01675,0.5806036666273694
AT5G01680,0.149887555998541
AT5G01685,0.1019935489625394
AT5G01690,0.1022361431632837
AT5G01695,0.1022361431632837
AT5G01700,0.3191463290041522
AT5G01705,0.1022361431632837
AT5G01710,0.5874369026451411
AT5G01720,0.6576671467865988
AT5G01725,0.1022361431632837
AT5G01730,0.4067012826321507
AT5G01732,0.3375203662589895
AT5G01735,0.1022361431632837
AT5G01740,0.9855437174865858
AT5G01745,0.1022361431632837
AT5G01747,0.22011071570058818
AT5G01750,0.6697396847673432
AT5G01755,0.1022361431632837
AT5G01760,0.1766261490673371
AT5G01765,0.5898227901973178
AT5G01770,0.2924017337709177
AT5G01775,0.5718660082945493
AT5G01780,0.6818259904796845
AT5G01785,0.3915729149873741
AT5G01790,0.4313362695229615
AT5G01795,0.1022361431632837
AT5G01800,0.8178181256366754
AT5G01805,0.1022361431632837
AT5G01810,0.5163191197362793
AT5G01815,0.3313010802116858
AT5G01820,0.35693395907100656
AT5G01825,0.1022361431632837
AT5G01830,0.48589906898624224
AT5G01835,0.4482847093384328
AT5G01840,0.6943991614927394
AT5G01845,0.1022361431632837
AT5G01850,0.4050928538442749
AT5G01855,0.1022361431632837
AT5G01860,0.14510517744053908
AT5G01865,0.1022361431632837
AT5G01870,1.3809341873284746
AT5G01875,0.1022361431632837
AT5G01880,0.4261244336252656
AT5G01881,0.29601695179448495
AT5G01885,0.1022361431632837
AT5G01890,0.8544902240527171
AT5G01895,0.1211104158112479
AT5G01900,0.3433139527601806
AT5G01910,0.6170645850398946
AT5G01915,0.1022361431632837
AT5G01920,0.4219056109950616
AT5G01925,0.11395489400994
AT5G01930,0.4002530083484259
AT5G01935,0.2821897665996642
AT5G01940,0.6681214269480316
AT5G01945,0.1022361431632837
AT5G01950,0.2361926882966598
AT5G01955,0.1022361431632837
AT5G01960,0.493574801179004
AT5G01965,0.1022361431632837
AT5G01970,0.48598536397389447
AT5G01975,0.1022361431632837
AT5G01980,0.4268628060297077
AT5G01985,0.1022361431632837
AT5G01990,0.4994531020161512
AT5G01995,0.1022361431632837
AT5G02000,0.4475592912063746
AT5G02010,0.2998310440003916
AT5G02015,0.1022361431632837
AT5G02020,1.3750403990294218
AT5G02025,0.1022361431632837
AT5G02030,0.2286888263940435
AT5G02035,0.1022361431632837
AT5G02040,0.47401617867594936
AT5G02045,0.1022361431632837
AT5G02050,0.8272263605366401
AT5G02055,0.4986329560010836
AT5G02060,0.3107008037162967
AT5G02065,0.37433063308391457
AT5G02070,0.34522581975628674
AT5G02075,0.10134379978257319
AT5G02080,0.6956573279100036
AT5G02085,0.1022361431632837
AT5G02090,0.8283602146808358
AT5G02095,0.3151083792702603
AT5G02100,0.8508809792024395
AT5G02105,0.1019935489625394
AT5G02110,0.1022361431632837
AT5G02115,0.1022361431632837
AT5G02120,0.9086780201887203
AT5G02125,0.12371251893542029
AT5G02130,0.31767064251925126
AT5G02135,0.1022361431632837
AT5G02140,0.5210483223928661
AT5G02145,0.1019935489625394
AT5G02150,0.9094532468491582
AT5G02155,0.1022361431632837
AT5G02160,0.3544276028929656
AT5G02170,0.3215068848751831
AT5G02175,0.1022361431632837
AT5G02180,0.4724628621208604
AT5G02185,0.1022361431632837
AT5G02190,0.34677969907764594
AT5G02195,0.3150774821956799
AT5G02200,0.988727725805335
AT5G02205,0.1022361431632837
AT5G02210,0.222426634609541
AT5G02215,0.1016524999438922
AT5G02220,0.3628086457882901
AT5G02225,0.1022361431632837
AT5G02230,0.9216675662327627
AT5G02240,0.5128632849350001
AT5G02245,0.2458643820378604
AT5G02250,0.47527300280038454
AT5G02255,0.1197804691579242
AT5G02260,0.8816310238578462
AT5G02265,0.1022361431632837
AT5G02270,1.1754487054105742
AT5G02275,0.1022361431632837
AT5G02280,0.8471809911501955
AT5G02290,0.33354874661230627
AT5G02295,0.1583321163712605
AT5G02305,0.1022361431632837
AT5G02310,0.7775483274020363
AT5G02315,0.2659357092267567
AT5G02320,0.3102035836734063
AT5G02325,0.2638500380041111
AT5G02330,0.3274594367341981
AT5G02335,0.1019935489625394
AT5G02340,0.43198697982267553
AT5G02345,0.1022361431632837
AT5G02350,0.7105820774687981
AT5G02355,0.1016524999438922
AT5G02360,0.3138410388750008
AT5G02365,0.1022361431632837
AT5G02370,0.41105445130919743
AT5G02375,0.11513149549921649
AT5G02380,0.9048276395616446
AT5G02390,0.31375790105253587
AT5G02395,0.1022361431632837
AT5G02400,0.3089099310687351
AT5G02405,0.1022361431632837
AT5G02410,0.5849871645914485
AT5G02415,0.1698192592937944
AT5G02420,0.5685101011464431
AT5G02425,0.2058500858900979
AT5G02430,0.3952977454225799
AT5G02440,0.45987662466279733
AT5G02445,0.1022361431632837
AT5G02450,1.0539428720923745
AT5G02455,0.1022361431632837
AT5G02460,0.35630371380065406
AT5G02465,0.1022361431632837
AT5G02470,0.7881289992308698
AT5G02480,0.5637934559372345
AT5G02485,0.1704850622929833
AT5G02490,0.5748346343941468
AT5G02495,0.1022361431632837
AT5G02500,1.0148410959404588
AT5G02502,0.9074849949103447
AT5G02510,0.1497889486617312
AT5G02515,0.10626518692089548
AT5G02520,0.4006729025687445
AT5G02525,0.1022361431632837
AT5G02530,0.43884222728024613
AT5G02535,0.15134432556114769
AT5G02540,0.34889016342037416
AT5G02550,0.8388109251509064
AT5G02555,0.5600138254443001
AT5G02560,0.5532643737468292
AT5G02565,0.6003713160928317
AT5G02570,0.10490357641542869
AT5G02575,0.7473146026485125
AT5G02580,0.7565483429066655
AT5G02590,0.6813691921015212
AT5G02595,0.2273731842616962
AT5G02600,0.41752443000343875
AT5G02605,0.13289470055364688
AT5G02610,1.0005409228104027
AT5G02620,0.36530574761362167
AT5G02630,0.43020997535842
AT5G02635,0.1019935489625394
AT5G02640,0.5137885298403311
AT5G02645,0.556038093834296
AT5G02650,0.41816299631603365
AT5G02655,0.1353475249284833
AT5G02660,0.1022361431632837
AT5G02665,0.16655555192392818
AT5G02670,0.3713217478370216
AT5G02675,0.2761970453545722
AT5G02680,0.3119927384087555
AT5G02685,0.1022361431632837
AT5G02690,0.2215894141771333
AT5G02695,0.2669457970033637
AT5G02700,0.1022361431632837
AT5G02705,0.1718142792346113
AT5G02710,0.382807750564265
AT5G02715,0.1022361431632837
AT5G02720,0.1051890965416947
AT5G02725,0.1022361431632837
AT5G02730,0.1699419362418025
AT5G02735,0.1022361431632837
AT5G02740,0.6484946924008941
AT5G02745,0.113399782172745
AT5G02750,0.7184462800570741
AT5G02755,0.3514654750038844
AT5G02760,0.3201023531288666
AT5G02765,0.1022361431632837
AT5G02770,0.5761417431534734
AT5G02775,0.1022361431632837
AT5G02780,0.9813677846757647
AT5G02785,0.1022361431632837
AT5G02790,0.882252548787343
AT5G02795,0.1557236730736834
AT5G02800,0.3863248804461414
AT5G02805,0.1022361431632837
AT5G02810,0.38020387282032236
AT5G02820,0.5079628364950804
AT5G02825,0.1016524999438922
AT5G02830,0.393446500328199
AT5G02835,0.1022361431632837
AT5G02840,0.6406890606337534
AT5G02850,0.43904998358290726
AT5G02855,0.1022361431632837
AT5G02860,0.303973137974753
AT5G02865,0.1022361431632837
AT5G02870,0.9769472586804167
AT5G02875,0.1153917611086777
AT5G02880,0.3064565474154678
AT5G02885,0.1022361431632837
AT5G02890,0.40888107983549493
AT5G02895,0.1383292171387796
AT5G02900,0.15724550212896649
AT5G02905,0.1708666100963237
AT5G02910,0.3044745114973528
AT5G02915,0.10134379978257319
AT5G02920,0.2376834796882087
AT5G02925,0.1277108011362582
AT5G02930,0.1022361431632837
AT5G02935,0.2566693531910975
AT5G02940,0.3335275502646996
AT5G02945,0.1338886969599985
AT5G02950,0.20485184309144538
AT5G02955,0.1022361431632837
AT5G02960,1.0055201759647292
AT5G02965,0.1019935489625394
AT5G02970,0.5870072476275578
AT5G02975,0.1022361431632837
AT5G02980,0.1022361431632837
AT5G02985,0.1022361431632837
AT5G02990,0.1022361431632837
AT5G02995,0.1022361431632837
AT5G03000,0.1022361431632837
AT5G03005,0.1284399230519382
AT5G03010,0.3419730199635672
AT5G03015,0.1022361431632837
AT5G03020,0.2890423350360888
AT5G03025,0.1022361431632837
AT5G03030,0.3512476631278112
AT5G03035,0.1323025792755061
AT5G03040,0.5761364763993106
AT5G03045,0.1357501788834934
AT5G03050,0.6703597073934382
AT5G03055,0.1022361431632837
AT5G03060,0.11282571423070968
AT5G03065,0.1022361431632837
AT5G03070,0.367908842605251
AT5G03075,0.1022361431632837
AT5G03080,0.4808313692081059
AT5G03085,0.4311833008970764
AT5G03090,0.1122576356485851
AT5G03095,0.1022361431632837
AT5G03100,0.3843879379321142
AT5G03105,0.1022361431632837
AT5G03110,0.40503332278276677
AT5G03115,0.1022361431632837
AT5G03120,0.13927341993454959
AT5G03125,0.1022361431632837
AT5G03130,0.1686660109037757
AT5G03135,0.1022361431632837
AT5G03140,0.5620738727315132
AT5G03145,0.1019935489625394
AT5G03150,0.565247208830269
AT5G03155,0.1628869305429189
AT5G03160,0.7244210812684847
AT5G03165,0.31286133718217013
AT5G03170,0.7089339769105879
AT5G03175,0.2341802790144544
AT5G03180,0.6173732678723001
AT5G03185,0.1279520103918719
AT5G03190,0.4733685636361808
AT5G03195,0.1016524999438922
AT5G03200,0.3753967050785
AT5G03204,0.6952131026911313
AT5G03205,0.1135055505327801
AT5G03210,0.3543027205588342
AT5G03215,0.1022361431632837
AT5G03220,0.5030235733450298
AT5G03230,0.41497735014437714
AT5G03235,0.1022361431632837
AT5G03240,1.2601110243124527
AT5G03245,0.1476367436484122
AT5G03250,0.2991960425359178
AT5G03255,0.299798183543452
AT5G03260,0.5636111897248653
AT5G03265,0.1022361431632837
AT5G03270,0.39322851914669443
AT5G03275,0.1022361431632837
AT5G03280,0.3980821403362891
AT5G03285,0.3787173928410294
AT5G03290,0.5940848359623918
AT5G03295,0.1022361431632837
AT5G03300,0.9174549148872799
AT5G03305,0.1022361431632837
AT5G03310,0.1022361431632837
AT5G03315,0.1022361431632837
AT5G03320,0.5101801061720751
AT5G03325,0.1022361431632837
AT5G03330,0.6069166982582781
AT5G03335,0.1022361431632837
AT5G03340,0.6357846709816206
AT5G03345,0.6940232053975914
AT5G03350,0.1019935489625394
AT5G03355,0.21633716834076971
AT5G03360,0.2474775756253911
AT5G03370,0.40343225742070166
AT5G03375,0.1022361431632837
AT5G03380,0.8017749385141362
AT5G03385,0.1022361431632837
AT5G03390,0.6749443500142659
AT5G03395,0.1209257782271804
AT5G03400,0.110236882261517
AT5G03405,0.1022361431632837
AT5G03406,0.3398240439758199
AT5G03415,0.3965255856081295
AT5G03420,0.4767192125116225
AT5G03425,0.1022361431632837
AT5G03430,0.4098072057721228
AT5G03435,0.1398379306071006
AT5G03440,0.35181269560344225
AT5G03450,0.33640289959099956
AT5G03455,0.682250390685871
AT5G03460,0.6506848616351146
AT5G03465,0.113189690665946
AT5G03470,0.4958809736169334
AT5G03475,0.1647349711741446
AT5G03480,0.10075254141967468
AT5G03485,0.1019935489625394
AT5G03490,0.34655665886382
AT5G03495,0.2462214279390462
AT5G03500,0.6444670619343505
AT5G03510,0.3582694189847998
AT5G03515,0.13824498676939448
AT5G03520,0.9405451444122959
AT5G03525,0.11570321599196551
AT5G03530,0.614015824323929
AT5G03535,0.1064196102906942
AT5G03540,0.5624146584077547
AT5G03545,1.3896179587172663
AT5G03550,0.3516556778221922
AT5G03552,0.6065959098948388
AT5G03553,0.817906533505306
AT5G03555,0.7225164779826106
AT5G03560,0.9404342380529646
AT5G03565,0.1022361431632837
AT5G03570,0.4204588146234703
AT5G03575,0.2091770058875308
AT5G03580,0.1144681164886352
AT5G03585,0.4960969618115545
AT5G03590,0.1022361431632837
AT5G03595,0.1022361431632837
AT5G03600,0.1022361431632837
AT5G03605,0.1022361431632837
AT5G03610,0.5477977590306153
AT5G03615,0.3138344856359852
AT5G03620,0.15393109877561478
AT5G03625,0.1022361431632837
AT5G03630,0.7103945688995976
AT5G03635,0.1022361431632837
AT5G03640,0.3431577276240448
AT5G03645,0.1208978872247132
AT5G03650,0.48336190036749455
AT5G03660,0.9898970935664451
AT5G03668,0.1524175667013429
AT5G03670,0.3546333300561987
AT5G03680,0.6391863438367711
AT5G03685,0.1022361431632837
AT5G03690,0.32749438866346914
AT5G03695,0.224360816538715
AT5G03700,0.4670468596796163
AT5G03710,0.10075254141967468
AT5G03715,0.15005764107896719
AT5G03720,0.3469202006467818
AT5G03730,0.39389583621235214
AT5G03735,0.1022361431632837
AT5G03740,0.6245073775211543
AT5G03750,0.1022361431632837
AT5G03755,0.1022361431632837
AT5G03760,0.6095406087385562
AT5G03765,0.1019935489625394
AT5G03770,0.41829174066843644
AT5G03775,0.1022361431632837
AT5G03780,0.2668570413620384
AT5G03785,0.1022361431632837
AT5G03790,0.1476179727205114
AT5G03795,0.29167887855420993
AT5G03800,0.3388112216179016
AT5G03805,0.2524154049209623
AT5G03810,0.1022361431632837
AT5G03815,0.1019935489625394
AT5G03820,0.1019935489625394
AT5G03825,0.2213424913625542
AT5G03830,0.656744350183144
AT5G03835,0.2634571659625258
AT5G03840,0.8548803243851617
AT5G03845,0.1022361431632837
AT5G03850,0.8412199952170814
AT5G03860,1.804161945301373
AT5G03870,0.5229317150976167
AT5G03875,0.2722024969370447
AT5G03880,0.4556142233955446
AT5G03885,0.7179168585665605
AT5G03890,0.3873251703069073
AT5G03900,0.38282035339180226
AT5G03905,0.6828101955525792
AT5G03910,0.3255908019757642
AT5G03915,0.1022361431632837
AT5G03920,0.1022361431632837
AT5G03925,0.1022361431632837
AT5G03930,0.1022361431632837
AT5G03935,0.1022361431632837
AT5G03940,0.420478441821442
AT5G03944,0.1022361431632837
AT5G03945,0.1022361431632837
AT5G03955,0.1019935489625394
AT5G03960,0.5160140215150524
AT5G03965,0.1022361431632837
AT5G03970,0.7072157421655155
AT5G03975,0.10224414253165509
AT5G03980,0.1022361431632837
AT5G03985,0.09912452482494499
AT5G03990,0.4267819568551882
AT5G03995,1.184352525158965
AT5G04000,0.5138995437196784
AT5G04005,0.1022361431632837
AT5G04010,1.029163586299354
AT5G04015,0.1316594940203395
AT5G04020,0.5181502124889964
AT5G04025,0.1022361431632837
AT5G04030,0.1022361431632837
AT5G04035,0.1022361431632837
AT5G04040,0.38975408370893944
AT5G04045,0.1022361431632837
AT5G04047,0.1022361431632837
AT5G04050,0.3182291825846214
AT5G04055,0.1796973669034368
AT5G04060,0.3553048998385763
AT5G04065,0.11956658433725859
AT5G04070,0.36148851163619183
AT5G04075,0.1131152620676594
AT5G04080,1.0665363270098625
AT5G04085,0.1149982237409239
AT5G04090,0.45045485712979216
AT5G04105,0.11447278003558199
AT5G04110,0.3329344106892679
AT5G04115,0.1022361431632837
AT5G04120,0.9531578484470452
AT5G04125,0.1022361431632837
AT5G04130,0.38715260185264566
AT5G04135,0.1022361431632837
AT5G04140,0.714564735690679
AT5G04145,0.1022361431632837
AT5G04150,0.41818174576423006
AT5G04160,0.4697738973702149
AT5G04165,0.1022361431632837
AT5G04170,0.38121237322419455
AT5G04175,0.1022361431632837
AT5G04180,0.1787264712139198
AT5G04185,0.10075254141967468
AT5G04190,0.1022361431632837
AT5G04195,0.1022361431632837
AT5G04200,0.629554078194436
AT5G04205,0.4126948954872518
AT5G04210,0.1535412307292359
AT5G04215,0.1022361431632837
AT5G04220,0.4576577205416094
AT5G04225,0.1022361431632837
AT5G04230,0.19449285732794488
AT5G04238,0.1022361431632837
AT5G04240,0.6912330866198386
AT5G04245,0.3411469092383176
AT5G04250,0.4702889210346608
AT5G04255,0.1016524999438922
AT5G04260,0.36503913840181357
AT5G04267,0.1022361431632837
AT5G04270,0.4408171104134358
AT5G04275,0.25812376972518447
AT5G04280,0.48346444173541814
AT5G04290,0.6456747230383271
AT5G04305,0.1462440337594843
AT5G04310,0.3588064240145037
AT5G04315,0.1016524999438922
AT5G04320,0.4760424580622368
AT5G04325,0.1022361431632837
AT5G04330,0.23482640516873893
AT5G04335,0.1022361431632837
AT5G04340,0.42435366985069645
AT5G04345,0.1022361431632837
AT5G04347,0.1022361431632837
AT5G04350,0.1022361431632837
AT5G04355,0.3298628277584169
AT5G04360,0.4088353747850804
AT5G04365,0.1022361431632837
AT5G04370,0.7910958848834577
AT5G04375,0.145961010711317
AT5G04380,0.1181941558964076
AT5G04385,0.10075254141967468
AT5G04390,0.2580159166435513
AT5G04395,0.1022361431632837
AT5G04400,0.12171872572865
AT5G04405,0.1022361431632837
AT5G04410,0.577034162570942
AT5G04415,0.5450903018038501
AT5G04420,0.4004391438600212
AT5G04425,0.10134379978257319
AT5G04430,0.665621901844865
AT5G04435,0.1022361431632837
AT5G04440,0.5367070917135193
AT5G04445,0.1022361431632837
AT5G04455,0.1303559928067802
AT5G04460,0.46211165677436083
AT5G04465,0.1150045328256001
AT5G04470,0.7426849584896431
AT5G04475,0.1022361431632837
AT5G04480,0.2968213130355865
AT5G04490,0.3689642735229477
AT5G04495,0.1022361431632837
AT5G04500,0.565238506242095
AT5G04505,0.3646488664634596
AT5G04510,0.7741060485151938
AT5G04515,0.1022361431632837
AT5G04520,0.3339741228578622
AT5G04525,0.1022361431632837
AT5G04530,0.2138207783935909
AT5G04540,0.4608989858768694
AT5G04545,0.1022361431632837
AT5G04550,0.5856446898428251
AT5G04560,0.7004624078948677
AT5G04575,0.1022361431632837
AT5G04585,0.1022361431632837
AT5G04590,0.9039302158807523
AT5G04595,0.1022361431632837
AT5G04600,1.0261201985041073
AT5G04605,0.1022361431632837
AT5G04610,0.1022361431632837
AT5G04615,0.28665507819795333
AT5G04620,0.4246683256994198
AT5G04625,0.1022361431632837
AT5G04630,0.1378837368891345
AT5G04635,0.1019935489625394
AT5G04640,0.1022361431632837
AT5G04660,0.1044473636883069
AT5G04665,0.1022361431632837
AT5G04670,0.3208754384157014
AT5G04675,0.1022361431632837
AT5G04680,0.2974275963877565
AT5G04685,0.1377227720967664
AT5G04690,0.2517813042934383
AT5G04695,0.1182817985700117
AT5G04700,0.2983103143625569
AT5G04705,0.1022361431632837
AT5G04710,0.6945986312733421
AT5G04715,0.1022361431632837
AT5G04720,0.5850961411573897
AT5G04725,0.1022361431632837
AT5G04730,0.3608893924620193
AT5G04740,0.9149673324284673
AT5G04745,0.1930631212311284
AT5G04750,1.1486043488452737
AT5G04755,0.1022361431632837
AT5G04760,0.3494708733726501
AT5G04765,0.1720661010892804
AT5G04770,0.5056885301862253
AT5G04775,0.2152417581817195
AT5G04780,0.4551783929576451
AT5G04785,0.1022361431632837
AT5G04790,0.1022361431632837
AT5G04795,0.1022361431632837
AT5G04800,0.6438152975396956
AT5G04810,0.6310916817600289
AT5G04815,0.3027653641315319
AT5G04820,0.2677253006967014
AT5G04825,0.1022361431632837
AT5G04830,1.0299452900440988
AT5G04840,0.3787848981232584
AT5G04845,0.1022361431632837
AT5G04850,0.6090023372115974
AT5G04853,0.1022361431632837
AT5G04855,0.1022361431632837
AT5G04860,0.5336436044462307
AT5G04865,0.1022361431632837
AT5G04870,0.645584229657596
AT5G04885,0.5483770198803453
AT5G04890,0.26428807251915637
AT5G04895,0.5325471959331342
AT5G04900,0.3049696697445448
AT5G04905,0.3153906547241064
AT5G04910,0.5033220323107868
AT5G04915,0.1022361431632837
AT5G04920,0.4340531208169986
AT5G04925,0.1022361431632837
AT5G04930,0.39403644894517464
AT5G04933,0.1019935489625394
AT5G04935,0.1022361431632837
AT5G04937,0.1022361431632837
AT5G04940,0.33476486476853995
AT5G04945,0.1022361431632837
AT5G04950,0.9554500044847387
AT5G04955,0.1022361431632837
AT5G04960,0.7680933851203071
AT5G04970,0.2745944490027391
AT5G04975,0.1022361431632837
AT5G04980,0.32726362145581456
AT5G04985,0.1022361431632837
AT5G04990,0.38984795109408665
AT5G04995,0.1022361431632837
AT5G05000,0.47475759768820724
AT5G05010,0.6924597741642835
AT5G05015,0.1022361431632837
AT5G05020,0.1022361431632837
AT5G05030,0.1022361431632837
AT5G05035,0.1022361431632837
AT5G05040,0.1019935489625394
AT5G05045,0.10075254141967468
AT5G05050,0.1022361431632837
AT5G05055,0.10075254141967468
AT5G05060,1.3049760360467864
AT5G05065,0.1022361431632837
AT5G05070,0.1016524999438922
AT5G05075,0.1022361431632837
AT5G05080,0.6104031116039466
AT5G05085,0.1916646180638463
AT5G05090,0.3046568017597371
AT5G05095,0.1022361431632837
AT5G05100,0.5436661508875964
AT5G05105,0.1022361431632837
AT5G05110,0.6942351098815965
AT5G05113,0.1424317854074602
AT5G05120,0.1022361431632837
AT5G05125,0.1752955440522004
AT5G05130,0.2722429934767365
AT5G05135,0.1019935489625394
AT5G05140,0.38091158935274483
AT5G05150,0.117915187164591
AT5G05155,0.1022361431632837
AT5G05160,0.872463391698862
AT5G05170,0.7095908132729414
AT5G05175,0.11390725241812409
AT5G05180,0.7849452922651234
AT5G05185,0.1022361431632837
AT5G05190,0.341472827040092
AT5G05195,0.1019935489625394
AT5G05200,0.4646414143112169
AT5G05205,0.1022361431632837
AT5G05210,0.8974354066829864
AT5G05215,0.1022361431632837
AT5G05220,0.3475366615699821
AT5G05230,0.33586192588502223
AT5G05235,0.1479354946970763
AT5G05240,0.3505144694205875
AT5G05250,0.6958893443756741
AT5G05255,0.1022361431632837
AT5G05260,0.1764112813152081
AT5G05265,0.1022361431632837
AT5G05270,1.102995955322663
AT5G05275,0.24742006281908271
AT5G05280,0.352210703118507
AT5G05285,0.1022361431632837
AT5G05290,0.138860003468074
AT5G05295,0.1808664320269234
AT5G05300,0.1693758182527807
AT5G05310,0.2760639747930953
AT5G05315,0.1076793704876213
AT5G05320,1.4994012218254689
AT5G05325,0.1022361431632837
AT5G05330,0.3781240720789485
AT5G05335,0.1201942097948198
AT5G05340,1.055335318095204
AT5G05350,0.33373504958386957
AT5G05360,0.47405047597654404
AT5G05365,0.704091580263445
AT5G05370,0.7599873615140984
AT5G05375,0.1016524999438922
AT5G05380,0.33706624293289666
AT5G05385,0.1019935489625394
AT5G05390,0.33665188693345904
AT5G05395,0.17750555418738978
AT5G05400,0.7852159367580203
AT5G05410,0.5044883578057949
AT5G05415,0.10134379978257319
AT5G05420,0.11881683704874531
AT5G05425,0.1108984028394226
AT5G05430,0.1197550371912416
AT5G05435,0.44343500858192786
AT5G05440,0.5702719605814754
AT5G05445,0.10134379978257319
AT5G05450,0.8494841775003673
AT5G05455,0.1022361431632837
AT5G05460,0.31706253328300826
AT5G05465,0.35935588672881547
AT5G05470,0.4396199574994567
AT5G05475,0.1022361431632837
AT5G05480,0.32055499699845613
AT5G05485,0.1022361431632837
AT5G05490,0.1494346030590047
AT5G05495,0.1022361431632837
AT5G05500,1.1604950308862587
AT5G05505,0.1016524999438922
AT5G05510,0.5449589339629585
AT5G05515,0.1022361431632837
AT5G05520,0.8189570219599359
AT5G05525,0.1332435599074947
AT5G05530,0.32331328573641027
AT5G05535,0.1218778312758862
AT5G05540,0.6631138812069384
AT5G05545,0.1821285443429452
AT5G05550,0.38054404660404095
AT5G05555,0.1022361431632837
AT5G05560,0.42439447765577637
AT5G05565,0.1022361431632837
AT5G05570,0.3444176999791904
AT5G05580,0.43141167137904857
AT5G05585,0.1022361431632837
AT5G05590,0.7304386669090628
AT5G05598,0.1016524999438922
AT5G05600,0.46850262509688834
AT5G05605,0.1019935489625394
AT5G05610,0.670512062095612
AT5G05620,0.4289420440799072
AT5G05625,0.1022361431632837
AT5G05630,0.41702869671343756
AT5G05635,0.2248979736156829
AT5G05640,0.7665767788146711
AT5G05645,0.1022361431632837
AT5G05650,0.1022361431632837
AT5G05653,0.1022361431632837
AT5G05657,0.1022361431632837
AT5G05660,0.5166419479752847
AT5G05665,0.1022361431632837
AT5G05670,0.5247011990688253
AT5G05675,0.1206189730313382
AT5G05680,0.5919929844875852
AT5G05685,0.1019935489625394
AT5G05690,0.4192907090505188
AT5G05695,0.1022361431632837
AT5G05700,0.3826423076047615
AT5G05705,0.1022361431632837
AT5G05710,0.7130356621354458
AT5G05720,0.1022361431632837
AT5G05725,0.1022361431632837
AT5G05730,0.41916151694842896
AT5G05735,0.1608468224503024
AT5G05740,0.38407472030308776
AT5G05745,0.1022361431632837
AT5G05750,0.66188979506108
AT5G05755,0.1022361431632837
AT5G05760,0.4705924748833791
AT5G05765,0.1019935489625394
AT5G05770,0.1812751583033743
AT5G05780,0.5595211878531205
AT5G05785,0.1022361431632837
AT5G05790,0.6400875109915442
AT5G05800,0.3632742872079388
AT5G05805,0.1022361431632837
AT5G05810,0.3469806883487496
AT5G05815,0.1019935489625394
AT5G05820,0.46568128390096575
AT5G05825,0.1022361431632837
AT5G05830,0.36711212007176225
AT5G05835,0.1022361431632837
AT5G05840,0.2732495917069859
AT5G05845,0.1022361431632837
AT5G05850,0.2671194887486992
AT5G05855,0.12979060229028838
AT5G05860,0.36922128884317323
AT5G05865,0.1022361431632837
AT5G05870,0.44517099494653445
AT5G05875,0.1022361431632837
AT5G05880,0.48906685889698953
AT5G05885,0.1208341600947733
AT5G05890,0.40519572117392655
AT5G05895,0.11605968543483
AT5G05900,0.46030908131317333
AT5G05905,0.1022361431632837
AT5G05910,0.11084826035547679
AT5G05915,0.1022361431632837
AT5G05920,0.3144468148603413
AT5G05925,0.1022361431632837
AT5G05930,0.3728713731741969
AT5G05935,0.1022361431632837
AT5G05940,0.4983468074757533
AT5G05950,0.6707858763551846
AT5G05955,0.1133668138237833
AT5G05960,1.2922489239126786
AT5G05965,0.3663157472557309
AT5G05970,0.3076598640504658
AT5G05975,0.1016524999438922
AT5G05980,0.4401233103975879
AT5G05987,0.3843798324728649
AT5G05990,0.9333733849099339
AT5G05995,0.199808850652161
AT5G06000,0.39477585749409694
AT5G06005,0.1022361431632837
AT5G06010,0.1202695825038472
AT5G06015,0.1022361431632837
AT5G06020,0.1022361431632837
AT5G06025,0.1022361431632837
AT5G06030,0.1022361431632837
AT5G06035,0.1019935489625394
AT5G06040,0.1022361431632837
AT5G06043,0.3474785300428392
AT5G06045,0.1022361431632837
AT5G06050,0.5058788934966498
AT5G06055,0.1022361431632837
AT5G06060,0.5024156836496008
AT5G06065,0.1022361431632837
AT5G06070,0.11628615170123059
AT5G06075,0.1022361431632837
AT5G06080,0.4965097450857946
AT5G06085,0.1019935489625394
AT5G06090,0.3268250720067596
AT5G06095,0.1022361431632837
AT5G06100,0.3463019079515668
AT5G06105,0.1022361431632837
AT5G06110,0.8487888809563182
AT5G06115,0.1810263005929935
AT5G06120,0.35226232535249924
AT5G06130,0.5893340239988372
AT5G06140,0.7246591204035292
AT5G06145,0.1940878546956597
AT5G06150,0.4952344460132263
AT5G06155,0.1019935489625394
AT5G06160,0.6067798032207203
AT5G06165,0.6115625993916758
AT5G06170,0.1022361431632837
AT5G06175,0.1022361431632837
AT5G06180,0.37230687662463613
AT5G06185,0.1105781286832834
AT5G06190,0.5813952122605086
AT5G06200,0.8701917972832862
AT5G06205,0.1019935489625394
AT5G06210,0.6421989410947999
AT5G06220,0.3853547508932927
AT5G06230,0.339081133400551
AT5G06235,0.1697060011373077
AT5G06240,0.4340252123152589
AT5G06245,0.1454033809420215
AT5G06250,0.43671783076653936
AT5G06255,0.1019935489625394
AT5G06260,0.4696805006291762
AT5G06265,0.768633893480499
AT5G06270,0.323909474883846
AT5G06275,0.13354616446464002
AT5G06280,0.6366183242779168
AT5G06285,0.1143828399748708
AT5G06290,0.4749389371901756
AT5G06295,0.1022361431632837
AT5G06300,0.666640211851332
AT5G06305,0.2882719655276829
AT5G06310,0.4442265680790132
AT5G06320,0.4957259369130407
AT5G06325,0.1022361431632837
AT5G06330,0.6715520298841262
AT5G06335,0.1468738283540169
AT5G06340,0.8480971980784789
AT5G06345,0.1022361431632837
AT5G06350,0.46026953464352105
AT5G06360,0.6641994598755459
AT5G06365,0.1022361431632837
AT5G06370,0.7770202406827653
AT5G06380,0.2435574369920735
AT5G06385,0.1170145548800718
AT5G06390,1.0118250049449875
AT5G06395,0.8468348884318438
AT5G06400,0.2545424689074894
AT5G06405,0.1022361431632837
AT5G06410,0.42545194772917433
AT5G06415,0.1022361431632837
AT5G06420,0.3244522366357778
AT5G06425,0.1022361431632837
AT5G06430,0.39143568534896167
AT5G06435,0.1022361431632837
AT5G06440,0.41118978061346134
AT5G06445,0.1022361431632837
AT5G06450,0.518924974775332
AT5G06455,0.1022361431632837
AT5G06460,0.6132516037942372
AT5G06465,0.1334879283357399
AT5G06470,0.3293922671859956
AT5G06475,0.4640165850275752
AT5G06480,0.43283507603052446
AT5G06490,0.3049366596757588
AT5G06495,0.1022361431632837
AT5G06500,0.1022361431632837
AT5G06505,0.1107582097335101
AT5G06510,0.4076253798991883
AT5G06515,0.1022361431632837
AT5G06520,0.1022361431632837
AT5G06525,0.1022361431632837
AT5G06530,0.3373527853054919
AT5G06535,0.1022361431632837
AT5G06540,0.3604303432187051
AT5G06545,0.1016524999438922
AT5G06550,0.6598385062899927
AT5G06560,0.3767919546745992
AT5G06565,0.2850059140539436
AT5G06570,0.32359937689975704
AT5G06575,0.1137783033928825
AT5G06580,0.3301692119163433
AT5G06585,0.4297709669382094
AT5G06590,0.40123585929090744
AT5G06595,0.1022361431632837
AT5G06600,0.5119010473829111
AT5G06605,0.1022361431632837
AT5G06610,0.7162990573104777
AT5G06615,0.1022361431632837
AT5G06620,0.31991938633308015
AT5G06630,1.5197757268809091
AT5G06635,0.1022361431632837
AT5G06640,1.2838118249048394
AT5G06645,0.2848416672371996
AT5G06650,0.190937098610664
AT5G06655,0.1022361431632837
AT5G06660,0.6036889207181695
AT5G06665,0.4810143180299036
AT5G06670,0.25522661031373606
AT5G06675,0.1022361431632837
AT5G06680,0.5167195157487037
AT5G06690,0.2523638197819786
AT5G06695,0.7128553830786983
AT5G06700,0.5060024329584712
AT5G06705,0.1019935489625394
AT5G06710,0.3730422530473843
AT5G06715,0.1016524999438922
AT5G06720,0.6220674691966879
AT5G06730,0.58758940731849
AT5G06735,0.1022361431632837
AT5G06740,0.3807181274510294
AT5G06745,0.1019935489625394
AT5G06750,0.33138207991103585
AT5G06755,0.1475108293007195
AT5G06760,1.7960233055028743
AT5G06765,0.2857156860824372
AT5G06770,0.34465098541176087
AT5G06775,0.1022361431632837
AT5G06780,0.4808856190786042
AT5G06785,0.1022361431632837
AT5G06790,0.4112135604382682
AT5G06795,0.1022361431632837
AT5G06800,0.8548376223609044
AT5G06810,0.4100306081074775
AT5G06811,0.3492241158010907
AT5G06815,0.1022361431632837
AT5G06820,0.1603540411544846
AT5G06825,0.1632311240312482
AT5G06830,0.5719932609428555
AT5G06835,0.1879562066362629
AT5G06839,0.38155884774629045
AT5G06845,0.5788710457827154
AT5G06850,0.35332726004624115
AT5G06855,0.1022361431632837
AT5G06860,0.7569115321048665
AT5G06865,0.32893621854140354
AT5G06870,0.256465502193399
AT5G06875,0.1019935489625394
AT5G06880,0.1390387278276851
AT5G06885,0.1147827032679683
AT5G06890,0.1022361431632837
AT5G06900,0.5093594403550304
AT5G06905,0.49372787694053644
AT5G06910,0.5821099296336739
AT5G06915,0.1022361431632837
AT5G06920,0.1022361431632837
AT5G06925,0.1019935489625394
AT5G06930,0.4548245904888602
AT5G06935,0.1022361431632837
AT5G06940,0.4695981430863124
AT5G06945,0.1022361431632837
AT5G06950,0.34471186461355335
AT5G06955,0.1022361431632837
AT5G06960,0.328276171802649
AT5G06965,0.1022361431632837
AT5G06970,0.3691785924382295
AT5G06975,0.1022361431632837
AT5G06980,0.7338491101037157
AT5G06985,0.1022361431632837
AT5G06990,0.35225613626051616
AT5G06995,0.1022361431632837
AT5G07000,0.3458863961925507
AT5G07005,0.1022361431632837
AT5G07010,0.6120853791368277
AT5G07015,0.1038773437569587
AT5G07020,0.32213474370781875
AT5G07025,0.6821839329104413
AT5G07030,1.2456369967919907
AT5G07035,0.1583184868652203
AT5G07040,0.44415482759012354
AT5G07050,0.1626275219462939
AT5G07055,0.1019935489625394
AT5G07060,0.1470373229043055
AT5G07065,0.1022361431632837
AT5G07070,0.3488587567214031
AT5G07075,0.1022361431632837
AT5G07080,0.34307500689944687
AT5G07090,0.6543114755279835
AT5G07095,0.4940775548355527
AT5G07100,0.400905618496254
AT5G07105,0.47999204279433805
AT5G07110,0.7566816930274944
AT5G07115,0.3096362845029895
AT5G07120,0.3048814027802809
AT5G07125,0.1622894272339926
AT5G07130,0.4771514580220059
AT5G07140,0.48707447202701726
AT5G07145,0.1022361431632837
AT5G07150,0.3369074075955868
AT5G07152,0.3483672367346597
AT5G07155,0.1022361431632837
AT5G07160,0.102339303437805
AT5G07165,0.24223292292900078
AT5G07170,0.1568098200524088
AT5G07175,0.1439796126812345
AT5G07180,0.4661966553048028
AT5G07185,0.1022361431632837
AT5G07190,1.0551804683812191
AT5G07195,0.1022361431632837
AT5G07200,1.033277955128556
AT5G07205,0.1022361431632837
AT5G07210,0.1288016777513999
AT5G07220,0.8094724002155214
AT5G07225,0.1022361431632837
AT5G07230,0.1022361431632837
AT5G07240,0.2241700158737261
AT5G07250,0.4627808689438859
AT5G07255,0.1022361431632837
AT5G07260,0.1022361431632837
AT5G07265,0.1184319647920664
AT5G07270,0.4504616792192887
AT5G07275,0.1192951825399757
AT5G07280,0.25454670680180946
AT5G07285,0.3465559201731126
AT5G07290,0.4272171627442348
AT5G07295,0.1022361431632837
AT5G07300,0.4651539864209503
AT5G07310,0.1314300423245925
AT5G07320,0.5201718037871508
AT5G07322,0.832651361954214
AT5G07325,0.1371161068541227
AT5G07330,1.7465310101270979
AT5G07335,0.1022361431632837
AT5G07340,0.4939906892032777
AT5G07345,0.1022361431632837
AT5G07350,0.7124995889150967
AT5G07355,0.1022361431632837
AT5G07360,1.1231752214519688
AT5G07365,0.1022361431632837
AT5G07370,0.48511027526152173
AT5G07380,0.2152110457586018
AT5G07385,0.1016524999438922
AT5G07390,0.4025031582205827
AT5G07395,0.1022361431632837
AT5G07400,0.35760571472474606
AT5G07405,0.1022361431632837
AT5G07410,0.2794910659782097
AT5G07415,0.1204642555528571
AT5G07420,0.1022361431632837
AT5G07425,0.1022361431632837
AT5G07430,0.1022361431632837
AT5G07435,0.1022361431632837
AT5G07440,1.2797361172009394
AT5G07445,0.1022361431632837
AT5G07450,0.9278552056254568
AT5G07455,0.1593593809995053
AT5G07460,0.6334882546955101
AT5G07465,0.1022361431632837
AT5G07470,0.594480468691359
AT5G07475,1.2475853473659007
AT5G07480,0.2039676796519169
AT5G07485,0.1019935489625394
AT5G07490,0.1158545511724261
AT5G07495,0.1022361431632837
AT5G07500,0.15113229740588818
AT5G07510,0.1019935489625394
AT5G07515,0.1022361431632837
AT5G07520,0.1022361431632837
AT5G07525,0.10134379978257319
AT5G07530,0.1022361431632837
AT5G07535,0.1022361431632837
AT5G07540,0.1022361431632837
AT5G07545,0.1022361431632837
AT5G07550,0.36695842746424756
AT5G07555,0.16760934961385418
AT5G07560,0.2813336537237835
AT5G07565,0.1022361431632837
AT5G07570,0.6810051834570922
AT5G07571,0.16649104287774288
AT5G07572,0.3364870181923283
AT5G07575,0.1022361431632837
AT5G07580,0.7414049872594232
AT5G07585,0.1022361431632837
AT5G07590,0.43483351629681133
AT5G07595,0.1022361431632837
AT5G07600,0.1022361431632837
AT5G07605,0.1022361431632837
AT5G07610,0.30194254542005283
AT5G07615,0.1022361431632837
AT5G07620,0.3392680717230418
AT5G07625,0.1261655769893002
AT5G07630,0.3860443821951536
AT5G07635,0.11339335452257229
AT5G07640,0.1567466719907269
AT5G07650,0.4914603972943022
AT5G07655,0.1022361431632837
AT5G07660,0.4176869586777199
AT5G07665,0.1022361431632837
AT5G07670,0.4029303390114518
AT5G07680,0.6943534478435479
AT5G07690,0.4116414892450452
AT5G07695,0.1022361431632837
AT5G07700,0.1022361431632837
AT5G07705,0.1022361431632837
AT5G07710,0.34824998865134527
AT5G07715,0.1022361431632837
AT5G07720,0.40040559494705774
AT5G07725,0.36124368655122735
AT5G07730,0.28049026636536567
AT5G07735,0.3001902238288324
AT5G07740,0.5668971444597743
AT5G07745,0.1698976441308265
AT5G07760,0.19321019691081548
AT5G07770,0.5163843240382564
AT5G07775,0.1022361431632837
AT5G07780,0.20977019717502288
AT5G07785,0.1022361431632837
AT5G07790,0.3595733812123811
AT5G07795,0.1022361431632837
AT5G07800,0.6255594441351131
AT5G07805,0.1147661032841314
AT5G07810,0.3136938011492169
AT5G07815,0.1022361431632837
AT5G07820,0.5226632479741923
AT5G07825,0.1016524999438922
AT5G07830,0.7583518832763373
AT5G07835,0.1019935489625394
AT5G07840,0.445891002817703
AT5G07845,0.1449871808166923
AT5G07850,0.1022361431632837
AT5G07855,0.1521127376478102
AT5G07860,0.627360325987514
AT5G07865,0.1022361431632837
AT5G07870,0.7217041628279088
AT5G07875,0.3397940245974028
AT5G07880,0.27139871318974007
AT5G07885,0.174719407578564
AT5G07890,0.29559713895562667
AT5G07895,0.1016524999438922
AT5G07900,0.30347089338517846
AT5G07905,0.1185227059401477
AT5G07910,0.4573342980174454
AT5G07915,0.10075254141967468
AT5G07920,0.4188445702335824
AT5G07925,0.1019935489625394
AT5G07930,0.13806830338540219
AT5G07935,0.1022361431632837
AT5G07940,0.38156266763236096
AT5G07945,0.1022361431632837
AT5G07950,0.38743490845600026
AT5G07955,0.11440918996810459
AT5G07960,0.7002663156478479
AT5G07965,0.120263447790492
AT5G07970,0.43769361940435747
AT5G07975,0.1269416379189623
AT5G07980,0.3144986249505614
AT5G07985,0.1022361431632837
AT5G07990,1.1136696955012053
AT5G07995,1.148396692258983
AT5G08000,0.4248268313980047
AT5G08005,0.16406529754228838
AT5G08010,0.4058347669311482
AT5G08015,0.1022361431632837
AT5G08020,0.4103941835934146
AT5G08025,0.1022361431632837
AT5G08030,0.1016524999438922
AT5G08035,0.1022361431632837
AT5G08040,0.6573780008686037
AT5G08045,0.1022361431632837
AT5G08050,0.8405022001141113
AT5G08055,0.1022361431632837
AT5G08060,0.6118308029106139
AT5G08065,0.1022361431632837
AT5G08070,0.1022361431632837
AT5G08080,0.6491952663131358
AT5G08085,0.1022361431632837
AT5G08090,0.2156886885654945
AT5G08095,0.1022361431632837
AT5G08100,0.5606234445029712
AT5G08105,0.1016524999438922
AT5G08110,0.3865636059661406
AT5G08115,0.1022361431632837
AT5G08120,0.7890744505798248
AT5G08125,0.1019935489625394
AT5G08130,0.4146447645156015
AT5G08135,0.1022361431632837
AT5G08139,0.410120590029229
AT5G08141,0.1019935489625394
AT5G08150,0.1145717275194926
AT5G08160,0.5481989497755118
AT5G08165,0.1022361431632837
AT5G08170,0.4549258680662511
AT5G08175,0.15690486346494797
AT5G08180,0.7438472064262189
AT5G08185,0.28455802627244386
AT5G08190,0.6057390804287903
AT5G08195,0.1022361431632837
AT5G08200,0.4710035598744535
AT5G08205,0.1194130830091799
AT5G08210,0.1118208882256173
AT5G08215,0.1022361431632837
AT5G08225,0.1022361431632837
AT5G08230,0.6221204909837148
AT5G08235,0.1620117290991879
AT5G08240,0.46694548809731273
AT5G08250,0.349643811006122
AT5G08255,0.13925705243172348
AT5G08260,0.8549263469691516
AT5G08265,0.1447009207897673
AT5G08270,0.27998737665258044
AT5G08275,0.1016524999438922
AT5G08280,0.37007523229016204
AT5G08285,0.1100583989847091
AT5G08290,0.6880180548361938
AT5G08300,0.4567752855013205
AT5G08305,0.2551378588414403
AT5G08310,0.4415407194173678
AT5G08315,0.1022361431632837
AT5G08320,0.8001356679614245
AT5G08330,0.6081904959500393
AT5G08335,0.3240278888781602
AT5G08340,0.6365037707582183
AT5G08350,0.6801272203390363
AT5G08360,0.5487657837514508
AT5G08370,0.39877203961775587
AT5G08375,0.1022361431632837
AT5G08380,0.4559620307283224
AT5G08385,0.1865345657292232
AT5G08390,0.4090618087922862
AT5G08391,0.4810734658112183
AT5G08395,0.1022361431632837
AT5G08400,0.44566245946074556
AT5G08410,0.4203197489348679
AT5G08415,0.48903772387429445
AT5G08420,1.1285643015821862
AT5G08425,0.1022361431632837
AT5G08430,0.5153977270193033
AT5G08435,0.1205340150371856
AT5G08440,0.2955090270334156
AT5G08445,0.1032505827199009
AT5G08450,0.5476804901255403
AT5G08455,0.1022361431632837
AT5G08460,0.1080630232404738
AT5G08465,0.1022361431632837
AT5G08470,0.3887729282436558
AT5G08475,0.1022361431632837
AT5G08480,0.2477811644671976
AT5G08485,0.1022361431632837
AT5G08490,0.2726854578975479
AT5G08495,0.8019111343460055
AT5G08500,0.3083859837674811
AT5G08505,0.1022361431632837
AT5G08510,0.45128362374786557
AT5G08515,0.5885554537112284
AT5G08520,0.4659613110220846
AT5G08525,0.4415658157162562
AT5G08530,0.8139360521051473
AT5G08535,0.37789875478394397
AT5G08540,0.386898081204893
AT5G08550,0.43967935640594724
AT5G08560,0.7025298980239694
AT5G08565,0.5316175412514073
AT5G08570,0.5891513534354236
AT5G08575,0.1353341278615231
AT5G08580,0.6316930886240248
AT5G08585,0.1022361431632837
AT5G08590,0.8407794646514253
AT5G08595,0.1022361431632837
AT5G08600,0.44382882061157825
AT5G08605,0.1019935489625394
AT5G08610,0.47817247090989295
AT5G08615,0.1022361431632837
AT5G08620,0.7019042788656294
AT5G08630,0.4187130229684326
AT5G08635,0.1022361431632837
AT5G08640,1.3215659082407383
AT5G08645,0.1022361431632837
AT5G08650,0.5977966943338899
AT5G08655,0.1022361431632837
AT5G08660,0.38257015622659973
AT5G08665,0.1189365641766621
AT5G08670,0.6842704068578551
AT5G08675,0.1022361431632837
AT5G08680,0.5540205128917024
AT5G08685,0.10942914274302
AT5G08690,0.5817588377532248
AT5G08695,0.1022361431632837
AT5G08705,0.1022361431632837
AT5G08710,0.3139471566731168
AT5G08712,0.1074159065236397
AT5G08715,0.1022361431632837
AT5G08717,0.10134379978257319
AT5G08720,0.35179360079805844
AT5G08725,0.1022361431632837
AT5G08730,0.1022361431632837
AT5G08735,0.1022361431632837
AT5G08740,0.3910793769259125
AT5G08745,0.1022361431632837
AT5G08750,0.7257326959160376
AT5G08755,0.1022361431632837
AT5G08760,0.21158318196536569
AT5G08765,0.136642244703084
AT5G08770,0.3958500968457578
AT5G08775,0.1022361431632837
AT5G08780,0.3822493797078003
AT5G08785,0.1019935489625394
AT5G08790,0.7885375761889956
AT5G08805,0.2138329030564381
AT5G08810,0.1022361431632837
AT5G08815,0.11283862297365199
AT5G08820,0.2578326137486689
AT5G08825,0.1022361431632837
AT5G08830,0.2012337205920009
AT5G08835,0.29888005713065036
AT5G08840,0.13476908018466338
AT5G08845,0.1206439465333483
AT5G08850,0.223077599950107
AT5G08855,1.0219673422421969
AT5G08860,0.1022361431632837
AT5G08865,0.1646246827246135
AT5G08870,0.1314793210640982
AT5G08875,0.1019935489625394
AT5G08880,0.1860648453106771
AT5G08885,0.1216597394120186
AT5G08890,0.1019935489625394
AT5G08895,0.1022361431632837
AT5G08900,0.1022361431632837
AT5G08905,0.1022361431632837
AT5G08910,0.1022361431632837
AT5G08915,0.1022361431632837
AT5G08920,0.30095958152322433
AT5G08930,0.1457256090371361
AT5G08935,0.1019935489625394
AT5G08940,0.1022361431632837
AT5G08945,0.10224421536012569
AT5G08950,0.1081364900583225
AT5G08955,0.1022361431632837
AT5G08960,0.1022361431632837
AT5G08965,0.1016524999438922
AT5G08970,0.1022361431632837
AT5G08975,0.1019935489625394
AT5G08980,0.12005589797394929
AT5G08985,0.1022361431632837
AT5G08990,0.1016524999438922
AT5G08995,0.1022361431632837
AT5G09000,0.10768908042595329
AT5G09005,0.1022361431632837
AT5G09010,0.1022361431632837
AT5G09015,0.1022361431632837
AT5G09020,0.4779289036881158
AT5G09025,0.1022361431632837
AT5G09030,0.1641521417273587
AT5G09035,0.1022361431632837
AT5G09040,0.1352659458490585
AT5G09045,0.1022361431632837
AT5G09050,0.1022361431632837
AT5G09055,0.1022361431632837
AT5G09060,0.2154424588731542
AT5G09065,0.3055851557743168
AT5G09070,0.1022361431632837
AT5G09080,0.1022361431632837
AT5G09085,0.1022361431632837
AT5G09090,0.1223130579583716
AT5G09095,0.10134379978257319
AT5G09100,0.1022361431632837
AT5G09105,0.1022361431632837
AT5G09110,0.1022361431632837
AT5G09120,0.1022361431632837
AT5G09125,0.3408652492631617
AT5G09130,0.1022361431632837
AT5G09135,0.1022361431632837
AT5G09140,0.1022361431632837
AT5G09145,0.1022361431632837
AT5G09150,0.1497708143311029
AT5G09155,0.44067447400025567
AT5G09160,0.11111303666915459
AT5G09165,0.1213802033179321
AT5G09170,0.1022361431632837
AT5G09175,0.3040324735104673
AT5G09185,0.1022361431632837
AT5G09190,0.2339816678675325
AT5G09195,0.1531464153194433
AT5G09200,0.1022361431632837
AT5G09205,0.1022361431632837
AT5G09210,0.14948492365549532
AT5G09215,0.291788101621457
AT5G09220,1.1157433839028001
AT5G09225,0.6233060071646064
AT5G09230,0.346405291262813
AT5G09235,0.1686581545339301
AT5G09240,0.42466447316418815
AT5G09245,0.1022361431632837
AT5G09250,0.6262567220099721
AT5G09255,0.1019935489625394
AT5G09260,0.652545618953319
AT5G09265,0.1022361431632837
AT5G09270,0.7355967097632505
AT5G09275,0.4224712151349491
AT5G09280,0.1022361431632837
AT5G09285,0.1871281819711326
AT5G09290,0.4067139243293814
AT5G09295,0.2610895088461195
AT5G09300,0.3845734572637335
AT5G09305,0.26026876728342807
AT5G09310,0.49082728646167095
AT5G09315,0.2800257952125546
AT5G09320,0.1685568913971789
AT5G09325,0.10075254141967468
AT5G09330,0.6575200365783476
AT5G09335,0.16074638682764378
AT5G09340,0.1257667110859588
AT5G09350,0.269411468454728
AT5G09360,0.1822875840442989
AT5G09365,0.1022361431632837
AT5G09370,0.1022361431632837
AT5G09375,0.1022361431632837
AT5G09380,0.5355193917661011
AT5G09385,0.3197999608685818
AT5G09390,0.42200195181671674
AT5G09395,0.2630809622940859
AT5G09400,0.5538141228347712
AT5G09405,0.1019935489625394
AT5G09410,0.5019794008747533
AT5G09415,0.1817352053022116
AT5G09420,0.3756517205996507
AT5G09425,0.1022361431632837
AT5G09430,0.2485784121284491
AT5G09435,0.167382501449453
AT5G09440,0.7958999981247787
AT5G09443,0.4881541725722601
AT5G09445,0.2380905099296262
AT5G09450,0.8358634749883396
AT5G09455,0.1022361431632837
AT5G09460,0.9588106622963302
AT5G09465,0.12563520035359887
AT5G09470,0.1244916715805254
AT5G09475,0.1086130137055186
AT5G09480,1.4353927309589896
AT5G09490,0.1022361431632837
AT5G09495,0.1215007029604012
AT5G09500,0.3793338849858378
AT5G09505,0.4359929702840085
AT5G09510,0.6938719031134166
AT5G09515,0.1022361431632837
AT5G09520,0.9594532216942832
AT5G09530,1.2888345904069016
AT5G09535,0.12461884670202539
AT5G09540,0.24561109997121772
AT5G09545,0.1019935489625394
AT5G09550,0.1022361431632837
AT5G09555,0.1022361431632837
AT5G09560,0.1022361431632837
AT5G09565,0.1022361431632837
AT5G09570,0.4416854704737112
AT5G09580,0.2842859427265572
AT5G09585,0.6058755862750747
AT5G09590,0.8096337857662992
AT5G09595,0.232376628004494
AT5G09600,0.5915567295215121
AT5G09605,0.1022361431632837
AT5G09610,0.1022361431632837
AT5G09615,0.1022361431632837
AT5G09620,0.5533664659024127
AT5G09630,0.362654384324864
AT5G09635,0.338938694696007
AT5G09640,0.4232393573176718
AT5G09645,0.1022361431632837
AT5G09650,1.000127210640222
AT5G09660,0.501709873994982
AT5G09665,0.1022361431632837
AT5G09670,0.39295264280434855
AT5G09675,0.1005546875699398
AT5G09680,0.35809201094624
AT5G09685,0.1022361431632837
AT5G09690,0.376108527778441
AT5G09695,0.1022361431632837
AT5G09700,0.1772560342624762
AT5G09705,0.1022361431632837
AT5G09711,0.1016524999438922
AT5G09715,0.1022361431632837
AT5G09720,0.35779113328338774
AT5G09730,1.8567171714609505
AT5G09735,0.6451752033071219
AT5G09740,0.2660753071583078
AT5G09750,0.2526912055089205
AT5G09760,0.6995144772866065
AT5G09765,0.3619457763917665
AT5G09770,0.7198088094298196
AT5G09775,0.1022361431632837
AT5G09780,0.1019935489625394
AT5G09785,0.1022361431632837
AT5G09790,0.33059673815549684
AT5G09800,0.5176256220190019
AT5G09805,0.1022361431632837
AT5G09810,1.0333669860803045
AT5G09815,0.1022361431632837
AT5G09820,0.3411667027200485
AT5G09825,0.1022361431632837
AT5G09830,0.6319352292938427
AT5G09835,0.1022361431632837
AT5G09840,0.49054593934052415
AT5G09845,0.1382879402629016
AT5G09850,0.6380512686230325
AT5G09855,0.1315951067699322
AT5G09860,0.48120490529162846
AT5G09865,0.1022361431632837
AT5G09870,0.642118413019749
AT5G09875,0.1022361431632837
AT5G09876,0.2240824763275049
AT5G09880,0.5712525834182764
AT5G09885,0.1022361431632837
AT5G09890,0.538609062505579
AT5G09895,0.1104195598618946
AT5G09900,0.6172824259466596
AT5G09910,0.8219032503262662
AT5G09915,0.1483049745057283
AT5G09920,0.6120572970862512
AT5G09925,0.1019935489625394
AT5G09930,0.12706644979769288
AT5G09940,0.1022361431632837
AT5G09945,0.1019935489625394
AT5G09950,0.3822307633182844
AT5G09955,0.1022361431632837
AT5G09960,0.604336933179332
AT5G09965,0.1022361431632837
AT5G09970,0.3285693605182922
AT5G09976,0.538945633266752
AT5G09978,1.3555981186588921
AT5G09980,1.2968234766496862
AT5G09990,0.6016706822781644
AT5G09995,0.4134615368839204
AT5G10000,0.2845539376852757
AT5G10010,0.476293543299421
AT5G10020,0.6605932910785495
AT5G10030,0.3886151864245126
AT5G10040,0.6863947124653793
AT5G10050,0.4873641383919795
AT5G10060,0.5116306252861561
AT5G10070,0.620596242751366
AT5G10080,0.5408956538694141
AT5G10090,0.1894741855598535
AT5G10100,0.844879400678328
AT5G10110,0.5384352581759904
AT5G10120,0.1823693163426843
AT5G10130,1.3384875248231887
AT5G10140,0.28682550766127
AT5G10150,0.3507235877912356
AT5G10160,0.433147178488263
AT5G10170,1.2518068038864805
AT5G10180,1.2762289644850457
AT5G10190,0.3691829678776768
AT5G10200,0.41143041822364884
AT5G10210,0.7741641703268716
AT5G10220,0.1019935489625394
AT5G10230,1.0137251747070357
AT5G10240,0.3902923891479285
AT5G10250,0.1022361431632837
AT5G10260,0.6073052981200129
AT5G10270,0.444695975306958
AT5G10278,0.530328267760685
AT5G10280,1.0055389198309843
AT5G10290,0.4993882463180746
AT5G10300,0.6051965393327978
AT5G10310,0.4168544443154638
AT5G10320,0.5021831631441654
AT5G10330,0.6386343376869148
AT5G10336,0.216961179644192
AT5G10340,0.2836452151614304
AT5G10350,0.5076542000078272
AT5G10360,0.6643946428806635
AT5G10370,0.5501729499401136
AT5G10380,0.3093986064180219
AT5G10390,0.9522435133766751
AT5G10400,1.74681517784735
AT5G10410,0.3793819520570525
AT5G10420,0.1022361431632837
AT5G10430,0.6845006624992638
AT5G10435,0.2517707057622327
AT5G10440,0.6022779247163547
AT5G10450,0.7535673974614179
AT5G10460,0.39322340229025154
AT5G10470,0.4578173013066449
AT5G10480,0.5255827906254362
AT5G10490,0.5211410198435704
AT5G10500,0.1019935489625394
AT5G10510,0.5861967515219045
AT5G10520,0.3883317575318578
AT5G10525,0.1022361431632837
AT5G10530,0.1022361431632837
AT5G10540,0.39683616693373414
AT5G10550,0.6028629964574734
AT5G10560,0.4433150664021187
AT5G10570,0.2217515508151138
AT5G10572,0.3549038648489553
AT5G10580,1.3840016989850712
AT5G10590,0.1022361431632837
AT5G10600,0.3655523532274971
AT5G10605,0.2025486939983585
AT5G10610,0.556591576943807
AT5G10620,0.4276599495261948
AT5G10625,1.0652311659535432
AT5G10630,0.31791872936127663
AT5G10650,0.465515055953097
AT5G10660,0.2859429012170231
AT5G10680,0.21498498820524398
AT5G10690,0.3124532941217809
AT5G10695,0.6298637920230638
AT5G10700,0.24994293052151023
AT5G10710,0.25171714881798085
AT5G10720,0.4467282112422392
AT5G10730,0.4655134271025384
AT5G10740,0.273001235174995
AT5G10745,0.6201953489280846
AT5G10750,0.4732917672956888
AT5G10760,0.1086927812181131
AT5G10770,0.5921152954038833
AT5G10780,0.5798539192139771
AT5G10790,0.44697989498522783
AT5G10800,0.2543305013933737
AT5G10810,0.6471946047240993
AT5G10820,0.5209041605776252
AT5G10830,0.5348595787592696
AT5G10840,0.46491905209990625
AT5G10860,0.7873722935938909
AT5G10870,0.4802462024059594
AT5G10880,0.1022361431632837
AT5G10890,0.1036802560616181
AT5G10900,0.3508024124919177
AT5G10910,0.5619957590268563
AT5G10920,0.766574367393009
AT5G10930,0.5736322418427823
AT5G10940,0.4456215326931244
AT5G10945,0.11703682380786709
AT5G10946,0.35544068107980953
AT5G10950,0.5206655721712687
AT5G10960,0.5953493701513046
AT5G10965,0.4701229641464104
AT5G10970,0.4766472847610161
AT5G10980,0.569351990122795
AT5G10990,0.5391835074150149
AT5G11000,0.4040625868346338
AT5G11010,0.47685099770963646
AT5G11020,0.3490145421461822
AT5G11030,0.3683228710660195
AT5G11040,0.6279853819588734
AT5G11050,0.1022361431632837
AT5G11060,0.43583791597119037
AT5G11070,0.35530862525844475
AT5G11080,0.1022361431632837
AT5G11090,0.7497804184842278
AT5G11100,0.429815327925109
AT5G11110,0.602345744405212
AT5G11130,0.1022361431632837
AT5G11140,0.1597532195505027
AT5G11150,0.4336294501489265
AT5G11160,0.3319530875446979
AT5G11170,0.6720605721443871
AT5G11180,0.2678923409281979
AT5G11190,0.1022361431632837
AT5G11200,0.6314404064021573
AT5G11210,0.1971595489748727
AT5G11220,0.1022361431632837
AT5G11230,0.887651460264515
AT5G11240,0.6173247583038486
AT5G11250,0.4860186675223169
AT5G11260,0.7241253435391661
AT5G11270,0.36478373360525623
AT5G11280,0.7150127045429859
AT5G11290,0.3671983432731777
AT5G11300,0.5342477570879202
AT5G11310,0.2588429173946925
AT5G11320,0.2060726717337168
AT5G11330,0.5195469096752507
AT5G11340,0.6135572158179978
AT5G11350,0.2789993314349112
AT5G11360,0.1743909773048139
AT5G11370,0.1022361431632837
AT5G11380,0.28607949106514297
AT5G11390,0.48405059597195715
AT5G11400,0.1022361431632837
AT5G11410,0.2118682558972584
AT5G11412,0.1022361431632837
AT5G11416,0.1022361431632837
AT5G11420,0.5178074302807001
AT5G11425,0.1022361431632837
AT5G11430,0.3864333998713836
AT5G11440,0.6533713814969881
AT5G11450,0.5441925077277164
AT5G11460,0.4742032108194705
AT5G11470,0.3699482141250609
AT5G11480,0.6073726965863685
AT5G11490,0.4311524748964608
AT5G11500,0.9090889283764363
AT5G11510,0.351583871620413
AT5G11520,0.5835882968344006
AT5G11530,0.5999936584113359
AT5G11540,0.28591575044396206
AT5G11550,0.22837027701918358
AT5G11560,0.6580197175930047
AT5G11565,0.1022361431632837
AT5G11570,0.3625466985590478
AT5G11580,0.4963597326149469
AT5G11590,0.42597393370956116
AT5G11600,0.4648675171947258
AT5G11610,0.37032331449130174
AT5G11620,0.2519760932769216
AT5G11630,0.46368473226297136
AT5G11640,0.6167073595583907
AT5G11650,0.3543968032670548
AT5G11660,0.1022361431632837
AT5G11670,1.142593580548591
AT5G11680,0.6450194404841305
AT5G11690,0.5847067772937277
AT5G11700,0.29019441210780494
AT5G11710,0.38291957938392507
AT5G11720,0.33578577973502044
AT5G11730,0.43795611016686364
AT5G11740,0.9193409756810658
AT5G11750,0.5486742941431098
AT5G11760,0.5600994299092701
AT5G11770,0.6542571575073222
AT5G11780,0.2619646286875732
AT5G11790,0.9616641854410248
AT5G11800,0.5968859033869713
AT5G11810,0.448031805816436
AT5G11820,0.1019935489625394
AT5G11830,0.1022361431632837
AT5G11840,0.26571727185871724
AT5G11850,0.24510870396259976
AT5G11860,0.3732014419254064
AT5G11870,0.5301990528518279
AT5G11880,0.648703365205193
AT5G11890,0.3496264794141064
AT5G11900,0.49136211880765823
AT5G11910,0.6205959611718448
AT5G11920,0.43152134982968177
AT5G11930,0.42523235448286206
AT5G11940,0.1022361431632837
AT5G11950,0.5223988090855453
AT5G11960,0.34932075709922483
AT5G11970,0.7694079927964748
AT5G11975,0.625382083494191
AT5G11977,0.1159306858675246
AT5G11980,0.5709708581854858
AT5G11990,0.4423840841040376
AT5G12000,0.1022361431632837
AT5G12010,0.3588591724228411
AT5G12020,0.2633909811998908
AT5G12030,2.929104872366721
AT5G12040,0.44443105624651635
AT5G12043,0.1019935489625394
AT5G12050,0.4265038717027951
AT5G12060,0.1022361431632837
AT5G12070,0.1022361431632837
AT5G12080,0.5979964512368696
AT5G12090,0.1022361431632837
AT5G12100,0.3847517704183704
AT5G12110,0.7536758969649421
AT5G12120,0.5634489489256367
AT5G12130,0.3033138790375457
AT5G12140,0.9505449943864783
AT5G12150,0.4495211369902363
AT5G12170,0.38546628925561477
AT5G12180,0.1482070337768987
AT5G12190,0.40176875281022895
AT5G12200,0.7742034462259411
AT5G12210,0.6653042938124938
AT5G12220,0.361730015588959
AT5G12230,0.8394538434622149
AT5G12235,0.3809126970163369
AT5G12236,0.1305316180136919
AT5G12240,0.5283685991574325
AT5G12250,0.748595487376579
AT5G12260,0.44449269525499036
AT5G12270,0.7408027446952614
AT5G12280,0.5309847546085411
AT5G12290,0.5222483759279305
AT5G12300,0.5400928646791439
AT5G12310,0.4358598924052417
AT5G12320,0.5235562172572832
AT5G12330,0.6766258808830342
AT5G12340,0.224235468305129
AT5G12350,0.3392208129931465
AT5G12360,0.38594849352092914
AT5G12370,0.48463778323791895
AT5G12380,0.10075254141967468
AT5G12390,0.3774876502064435
AT5G12400,0.6008877118123244
AT5G12410,0.7382277724244939
AT5G12420,1.2242805225430495
AT5G12430,0.31789112083070703
AT5G12440,0.7397941485100046
AT5G12450,0.2511291054984389
AT5G12460,0.1019935489625394
AT5G12470,0.6168232914184044
AT5G12480,0.6902087247080313
AT5G12840,0.5254598618478274
AT5G12850,0.49523045341278227
AT5G12860,1.1346852371575475
AT5G12870,0.4535934435350936
AT5G12880,0.4952725367674168
AT5G12890,0.38832620928342837
AT5G12900,0.5810903009837737
AT5G12910,0.1016524999438922
AT5G12920,0.320839281598429
AT5G12930,0.4981317165095855
AT5G12940,0.4348089123285448
AT5G12950,0.35479580472241495
AT5G12960,0.24001952255509368
AT5G12970,0.3068594414721009
AT5G12980,0.5424572344078349
AT5G12990,0.1574816032710855
AT5G13000,0.6627297496346678
AT5G13010,0.41237544826512185
AT5G13020,0.47044516687859605
AT5G13030,0.6531654325932602
AT5G13050,0.2847828942612911
AT5G13060,0.3251065159528779
AT5G13070,0.5645007778763111
AT5G13080,0.4481675076435394
AT5G13090,0.5525634783188471
AT5G13100,0.6716576629886649
AT5G13110,0.812389176594366
AT5G13120,0.5360059462487463
AT5G13130,0.18533035637154618
AT5G13140,1.3370786543883173
AT5G13150,0.24945470444671272
AT5G13160,0.47632899523800865
AT5G13170,0.46350727933311886
AT5G13180,1.0128747910729108
AT5G13181,0.1039472521868745
AT5G13190,0.6400937970634414
AT5G13200,0.5881282929208328
AT5G13210,0.5270487951537706
AT5G13220,0.5936961615412613
AT5G13225,0.1359882839340037
AT5G13230,0.28230492858400236
AT5G13240,0.5407857839489483
AT5G13250,0.3723415314045941
AT5G13260,0.40538061449220664
AT5G13270,0.5006485606355893
AT5G13280,0.30068322819081983
AT5G13290,0.4410813007613702
AT5G13295,0.1389243318053173
AT5G13300,0.6494951545266399
AT5G13310,0.3148361297829304
AT5G13320,0.1117485547529619
AT5G13330,0.8139024283879337
AT5G13340,0.4452560151068722
AT5G13350,0.1022361431632837
AT5G13360,0.5071166352322538
AT5G13370,1.1669918426857313
AT5G13380,0.1022361431632837
AT5G13390,0.6500573086177381
AT5G13400,0.42931020299980843
AT5G13410,0.228409506887133
AT5G13420,1.0933217089292648
AT5G13430,0.6467387538980773
AT5G13440,0.599841792643196
AT5G13450,0.9754410786774028
AT5G13460,0.5213459519147844
AT5G13470,0.6283637637779905
AT5G13480,1.4898628188464205
AT5G13490,0.849383443349201
AT5G13500,0.5294032692709189
AT5G13510,0.3083813707518712
AT5G13520,0.4551964982220451
AT5G13530,0.5168072120145097
AT5G13550,0.43524381176802207
AT5G13560,0.5061593300499001
AT5G13565,0.1022361431632837
AT5G13570,0.3426878505194806
AT5G13580,0.6726064421895488
AT5G13590,0.4292749441100119
AT5G13600,0.1022361431632837
AT5G13610,0.47953805639895286
AT5G13620,0.1022361431632837
AT5G13630,0.6807251134237099
AT5G13640,0.4249236773153442
AT5G13650,0.3977049536738597
AT5G13660,0.45920268351772175
AT5G13670,0.1481126011102715
AT5G13680,0.6548151658279624
AT5G13690,0.47034415687892717
AT5G13700,0.408294742029144
AT5G13710,0.7824546098200909
AT5G13720,0.4165869678656785
AT5G13730,0.1531412331816053
AT5G13740,0.9661579564228445
AT5G13750,0.6112655943400102
AT5G13760,0.34705785513321097
AT5G13770,0.45040025316439325
AT5G13780,0.6013549997729553
AT5G13790,0.2945134098494705
AT5G13800,0.5843124290617129
AT5G13810,0.5731818062268057
AT5G13820,0.40200513164959395
AT5G13825,0.1022361431632837
AT5G13830,0.3330089435916834
AT5G13840,0.7332152475443684
AT5G13850,0.564292140241033
AT5G13860,0.4074693737938988
AT5G13870,0.7454615608652739
AT5G13880,0.3888798262088249
AT5G13887,0.16893725397074222
AT5G13890,0.6406955203519201
AT5G13900,1.151064931301955
AT5G13910,0.48379715153969505
AT5G13920,0.3037306620857606
AT5G13930,1.542219082403684
AT5G13940,0.2096028630687839
AT5G13950,0.5361570688316638
AT5G13960,0.3274012604450812
AT5G13970,0.3695338799135685
AT5G13980,0.36360871917650883
AT5G13990,0.5382160382867112
AT5G14000,0.6862431058490136
AT5G14010,0.1022361431632837
AT5G14020,0.6036173818995705
AT5G14030,0.8690230596794057
AT5G14040,0.9425469342042443
AT5G14050,0.46534866474748793
AT5G14060,0.4657428272721671
AT5G14070,0.4532660470754941
AT5G14080,0.3813920380133486
AT5G14090,0.5776089169820037
AT5G14100,0.2695082796429725
AT5G14105,0.5950687964303889
AT5G14110,0.687120012948608
AT5G14120,1.057095185007627
AT5G14130,0.5877036038145396
AT5G14140,0.3367225095619388
AT5G14150,0.4977398636113942
AT5G14160,0.3137951416847511
AT5G14170,0.3239096167093506
AT5G14180,1.0871960496903694
AT5G14200,1.366411238894301
AT5G14210,0.5592951228692917
AT5G14220,0.39095891183310205
AT5G14230,0.5297998078860714
AT5G14240,0.5226544035845446
AT5G14250,0.4001763469259123
AT5G14260,0.44447196784376025
AT5G14270,0.37045118790069476
AT5G14275,0.1019935489625394
AT5G14280,0.3081671422239475
AT5G14285,0.2924955925476968
AT5G14290,0.1022361431632837
AT5G14300,0.1022361431632837
AT5G14310,0.5554386489977777
AT5G14320,0.6196816977830542
AT5G14330,1.0462182876043276
AT5G14340,0.8657732329519952
AT5G14345,0.1043668277854047
AT5G14350,0.238065843886697
AT5G14360,0.7553719190207094
AT5G14370,0.2756196977270363
AT5G14380,0.1734153114180077
AT5G14390,0.645875961762069
AT5G14400,0.16176070459665398
AT5G14410,0.3565959063761204
AT5G14420,0.4948224899230338
AT5G14430,0.5506751666626151
AT5G14440,1.00696838594402
AT5G14450,0.843908010455911
AT5G14460,0.34608450740205954
AT5G14470,0.1612936564305904
AT5G14480,0.5416302864981488
AT5G14490,0.1022361431632837
AT5G14500,0.4709360410177258
AT5G14510,0.4141116332534992
AT5G14515,0.1360494277677444
AT5G14520,0.8485080209270415
AT5G14530,0.4555525250746507
AT5G14540,0.7763992614137072
AT5G14545,0.1364418586991461
AT5G14550,0.6274865820446442
AT5G14560,0.1141214269053306
AT5G14565,0.1897678218546268
AT5G14570,0.32091086138876246
AT5G14580,0.553804169957035
AT5G14590,0.8948039831281472
AT5G14600,0.510129388883429
AT5G14602,0.19641226568830578
AT5G14610,0.4587565351347993
AT5G14620,0.4976025472512671
AT5G14640,0.648368138145573
AT5G14650,0.4360683497924608
AT5G14660,0.3524273757111583
AT5G14670,0.2463370595137939
AT5G14680,0.47719234988380643
AT5G14690,0.3285226434576547
AT5G14700,0.6352770408416425
AT5G14710,0.7512740563808321
AT5G14720,0.6440964799758901
AT5G14730,0.36246709749887085
AT5G14740,0.560786243928348
AT5G14750,1.1599100143625667
AT5G14760,0.5486599034340229
AT5G14770,0.2918635964313549
AT5G14780,0.8159473857464807
AT5G14790,0.5546345462428033
AT5G14800,0.6849917008615352
AT5G14820,0.2538866645802395
AT5G14850,0.40341317229275725
AT5G14860,0.1244195182327603
AT5G14870,0.39172178298793847
AT5G14880,0.8028894794969947
AT5G14890,0.3934014357605098
AT5G14895,0.2404274955057515
AT5G14900,0.1022361431632837
AT5G14910,0.4551502087665628
AT5G14920,1.3459426799080978
AT5G14930,1.0086456252584697
AT5G14940,0.3755326835259122
AT5G14950,0.4202335595768463
AT5G14960,0.34397922643620443
AT5G14970,0.3496944226193723
AT5G14980,0.1568104024310301
AT5G14990,0.1095770883666367
AT5G14995,0.1022361431632837
AT5G15000,0.1022361431632837
AT5G15008,0.1022361431632837
AT5G15010,0.41728156406511313
AT5G15020,0.4979441279588673
AT5G15022,0.8554670947030572
AT5G15025,0.5044656648397863
AT5G15030,0.1022361431632837
AT5G15040,0.1022361431632837
AT5G15050,0.37544145671262474
AT5G15060,0.12391110672327661
AT5G15070,0.3125555901037439
AT5G15080,0.37797924793290527
AT5G15090,0.8352721259154618
AT5G15100,0.1022361431632837
AT5G15110,0.1022361431632837
AT5G15120,1.154913504873001
AT5G15130,0.4497169100713652
AT5G15140,0.11850797067691579
AT5G15150,0.7533875030371917
AT5G15160,0.2317974433073415
AT5G15170,0.3031600715611693
AT5G15180,0.9395113624214115
AT5G15190,0.2943776229897921
AT5G15200,0.6652965762681737
AT5G15210,0.4384995492630626
AT5G15220,0.6923320014257641
AT5G15230,0.9620901275978588
AT5G15240,0.31541255518762057
AT5G15250,0.10075254141967468
AT5G15260,0.3820836260915192
AT5G15265,0.8951099455212845
AT5G15270,0.5858440087979281
AT5G15280,0.3060721748540109
AT5G15290,1.4997121063327892
AT5G15300,0.3333364297559115
AT5G15310,0.3255903420622832
AT5G15320,0.6205523508557733
AT5G15330,0.4965473219142276
AT5G15340,0.2209121409616482
AT5G15350,0.5285709480618082
AT5G15360,2.1248271524141455
AT5G15380,0.1019935489625394
AT5G15390,0.4998426225688447
AT5G15400,0.41443030154918536
AT5G15410,0.3746292008656476
AT5G15420,0.6776695478273772
AT5G15430,0.1330389265403714
AT5G15440,0.31960005935148317
AT5G15450,0.3723114160828763
AT5G15460,0.5284795648658097
AT5G15470,0.6492702381654811
AT5G15480,0.1022361431632837
AT5G15490,0.9948556945144489
AT5G15500,0.23195071590735988
AT5G15510,0.5046073593322284
AT5G15520,0.748921275194337
AT5G15530,0.7567587903894377
AT5G15533,0.1022361431632837
AT5G15537,0.1978432291134686
AT5G15540,0.39968026465312834
AT5G15550,0.6271441574087384
AT5G15560,0.1022361431632837
AT5G15570,0.3922109683808911
AT5G15580,0.6182275800425928
AT5G15581,0.11925843177834959
AT5G15600,0.5609854549331782
AT5G15610,0.8905016974130968
AT5G15620,0.1081532932926517
AT5G15630,0.5839357296840081
AT5G15640,0.465123621486633
AT5G15650,0.7920934082152336
AT5G15660,0.1022361431632837
AT5G15670,0.1022361431632837
AT5G15680,0.5597509927872895
AT5G15685,0.1022361431632837
AT5G15690,0.1022361431632837
AT5G15700,0.31015437660494705
AT5G15710,0.46600253229290645
AT5G15720,0.2821512743728459
AT5G15725,0.7976045764309364
AT5G15730,0.3667241571752231
AT5G15740,0.4554338932463149
AT5G15745,0.1022361431632837
AT5G15750,0.7922288958492545
AT5G15760,0.5223730840824854
AT5G15770,0.3169162316204045
AT5G15780,1.5848221960479605
AT5G15790,0.5743749927205671
AT5G15800,0.1211311222212025
AT5G15802,0.4792666036182692
AT5G15810,0.7710953204541035
AT5G15820,0.282379928432849
AT5G15830,0.962171548518997
AT5G15833,0.1019935489625394
AT5G15840,0.3603511051682487
AT5G15843,0.10134379978257319
AT5G15845,0.2133421272609473
AT5G15850,0.2768851326759236
AT5G15853,0.1022361431632837
AT5G15860,0.4316858662549803
AT5G15870,0.5544372785427529
AT5G15880,0.5558708891052394
AT5G15890,0.4121737591899462
AT5G15900,0.3825023032976428
AT5G15910,0.595396114407853
AT5G15920,0.4441725326372363
AT5G15930,0.6975820367448462
AT5G15940,0.3227993667535246
AT5G15950,1.1547430106104768
AT5G15960,1.7642067968354476
AT5G15970,1.3609204591148991
AT5G15980,0.7753614479712858
AT5G16000,0.5446666158982496
AT5G16010,0.648563661988079
AT5G16020,0.1022361431632837
AT5G16023,0.2518296750324668
AT5G16030,0.5021787955798864
AT5G16040,0.5282703861778788
AT5G16050,0.5143329804839829
AT5G16060,0.6189053202427253
AT5G16070,0.5803904037259152
AT5G16080,0.2277028099744525
AT5G16090,0.1022361431632837
AT5G16100,0.1022361431632837
AT5G16110,0.8175402704659962
AT5G16120,0.512181607335187
AT5G16130,0.6120407454533048
AT5G16140,0.3080968964685093
AT5G16150,0.43855455881405825
AT5G16160,0.3096041681464487
AT5G16170,0.44709339693407063
AT5G16180,0.3327974147495056
AT5G16190,0.3497144939550829
AT5G16200,0.26609980944271283
AT5G16210,0.3807598038220299
AT5G16220,0.6621140856126022
AT5G16230,0.4375522055521893
AT5G16235,0.1326087748774575
AT5G16240,0.4266746024856829
AT5G16250,0.7344177592797774
AT5G16260,0.3466826852981124
AT5G16270,0.4953199085160381
AT5G16280,0.3727084530793691
AT5G16285,0.1022361431632837
AT5G16290,0.5018623909827757
AT5G16300,0.4118044420021486
AT5G16310,0.6823379979176445
AT5G16320,0.4044925544626301
AT5G16330,0.2337629386597889
AT5G16340,0.4022678700277913
AT5G16350,0.20617661601416332
AT5G16360,0.45019810911228864
AT5G16370,0.6882664129902091
AT5G16380,0.7242995923370857
AT5G16390,0.5766461047835665
AT5G16400,0.4146026805470751
AT5G16410,0.2494372652378683
AT5G16420,0.2222889557912218
AT5G16430,0.1022361431632837
AT5G16440,0.48822541103234507
AT5G16450,0.5636919273142968
AT5G16453,0.218402372236016
AT5G16460,0.4748048788220623
AT5G16470,0.5168638374028105
AT5G16480,0.6994528737313291
AT5G16486,0.1115378803655608
AT5G16490,0.6848012947307351
AT5G16500,0.0996571795756161
AT5G16510,0.5786296796815456
AT5G16520,0.3037321062737361
AT5G16530,0.42943644390094604
AT5G16540,0.4380649026467103
AT5G16550,0.6312908822712167
AT5G16560,0.407777588264398
AT5G16570,0.2568993427741396
AT5G16580,0.1022361431632837
AT5G16590,0.6386393817374704
AT5G16600,0.7623612610350059
AT5G16610,0.37020068542496676
AT5G16620,0.36626892809089684
AT5G16630,0.49062897740162315
AT5G16640,0.3464077112945017
AT5G16650,0.6735694748617395
AT5G16660,0.8101019893892076
AT5G16680,0.5572783722183136
AT5G16690,0.3248046701782227
AT5G16700,0.1022361431632837
AT5G16710,0.44647417076715
AT5G16715,0.30849447460344787
AT5G16720,0.5984721156395886
AT5G16730,0.6620185243140682
AT5G16740,0.1019935489625394
AT5G16750,0.6099834108251179
AT5G16760,0.508656421528034
AT5G16770,0.5490835917872217
AT5G16780,0.61710615408022
AT5G16790,0.3306755317517489
AT5G16800,0.5681783566519791
AT5G16810,0.4022359088936457
AT5G16820,0.4451247412079032
AT5G16830,0.9161995227275909
AT5G16840,0.4917823345709067
AT5G16850,0.2687041223969771
AT5G16860,0.3075830357883178
AT5G16870,0.460263125336202
AT5G16880,0.7203720051084341
AT5G16890,0.3991710157880021
AT5G16900,0.324100658261206
AT5G16910,0.44935720613555663
AT5G16920,0.1923063588744669
AT5G16930,0.39693602560186814
AT5G16940,0.3015237594424244
AT5G16950,0.45019749262971787
AT5G16960,0.1092405081680397
AT5G16970,1.4726912613779939
AT5G16980,0.13669210391276188
AT5G16990,0.9246801554615631
AT5G17000,0.6991882055700457
AT5G17010,0.8632183096001343
AT5G17020,0.4867347496414701
AT5G17030,0.11732199833419929
AT5G17040,0.7093288646103955
AT5G17050,0.6604119424803294
AT5G17060,0.48768542493138134
AT5G17070,0.5029203505337406
AT5G17080,0.1022361431632837
AT5G17090,0.1289898734208776
AT5G17100,0.6627279000844422
AT5G17110,0.4823938730939366
AT5G17120,0.1022361431632837
AT5G17130,0.1022361431632837
AT5G17140,0.1022361431632837
AT5G17150,0.3324792597641205
AT5G17160,0.9835492308368393
AT5G17165,0.7867567931742064
AT5G17167,0.1022361431632837
AT5G17170,0.2944688995591905
AT5G17180,0.2946028248491138
AT5G17190,0.7130615987132702
AT5G17200,0.10075254141967468
AT5G17210,0.6475208259135334
AT5G17220,0.3180239446627351
AT5G17230,1.0848411124537527
AT5G17240,0.47926633493438175
AT5G17250,0.37443604722423124
AT5G17260,0.27038544614719073
AT5G17270,0.5062620690663158
AT5G17280,0.5360693159754711
AT5G17290,0.7039982743006545
AT5G17300,0.3009377402210787
AT5G17305,0.150571737755607
AT5G17310,0.4598971840374757
AT5G17320,0.1019935489625394
AT5G17330,0.8390337593738058
AT5G17340,0.7962056075601238
AT5G17345,0.1510001835945525
AT5G17350,0.3042435112821195
AT5G17360,0.45894140517541193
AT5G17370,0.39953781673676814
AT5G17380,0.4740571660781243
AT5G17390,0.3172507197972103
AT5G17400,0.5496144419532982
AT5G17410,0.2970655664380366
AT5G17420,0.4260371898162465
AT5G17430,0.37718464538894214
AT5G17440,0.42990098747694655
AT5G17450,0.47638149259886364
AT5G17460,0.9833939389852193
AT5G17470,0.1022361431632837
AT5G17480,0.1205699262124415
AT5G17490,0.3047665078914232
AT5G17500,0.1125317688612779
AT5G17510,0.49666659511701217
AT5G17520,0.37428549979227
AT5G17522,0.17820194381620957
AT5G17523,0.1597928683575301
AT5G17530,0.432117001512186
AT5G17540,0.1568161049302228
AT5G17550,0.49364279283733326
AT5G17560,0.8158298767684973
AT5G17570,0.3915590836000994
AT5G17580,0.3020886986341521
AT5G17590,0.3200394014870155
AT5G17600,0.31008545595379766
AT5G17610,0.5762617865850324
AT5G17620,0.5081328216849508
AT5G17630,0.7832228857890189
AT5G17640,0.4796322332761951
AT5G17650,0.6227117844703827
AT5G17660,0.36413416175972824
AT5G17670,0.6359062368171606
AT5G17680,0.3000075908452686
AT5G17690,0.3253931698767698
AT5G17700,1.0356399720807528
AT5G17710,0.6443931148703235
AT5G17720,0.13548706058243187
AT5G17730,0.1022361431632837
AT5G17740,0.1022361431632837
AT5G17750,0.1022361431632837
AT5G17760,0.5037560210852475
AT5G17770,0.5934420919445036
AT5G17780,0.33131434261140225
AT5G17790,0.4231993579814351
AT5G17800,0.46463645008285726
AT5G17810,0.471731608436552
AT5G17820,1.2909294116397032
AT5G17830,0.1022361431632837
AT5G17840,0.5423251518254644
AT5G17847,0.1022361431632837
AT5G17850,0.4484554427569991
AT5G17860,0.42253497441974486
AT5G17870,0.766984554389536
AT5G17880,0.5941158919352021
AT5G17890,1.2319972553533107
AT5G17900,0.8161980222447818
AT5G17910,0.5315561741361583
AT5G17920,0.9676313033953599
AT5G17930,0.6855416666951022
AT5G17950,0.1022361431632837
AT5G17960,0.2507095109046033
AT5G17970,0.1022361431632837
AT5G17980,0.3837363445145219
AT5G17990,0.6059175848603817
AT5G18000,0.1016524999438922
AT5G18010,0.1330697291130463
AT5G18020,0.1022361431632837
AT5G18030,0.15951726018782159
AT5G18037,0.1022361431632837
AT5G18040,0.42808668612265105
AT5G18050,0.1022361431632837
AT5G18060,0.1106398528985524
AT5G18065,0.3096183396928564
AT5G18070,0.5270897724673265
AT5G18080,0.1803558726627558
AT5G18085,0.1288919393874826
AT5G18090,0.1804627557348814
AT5G18100,0.7011103547299191
AT5G18110,0.49956480870497444
AT5G18120,0.522727770124059
AT5G18130,0.6027495129154568
AT5G18140,0.5142650068731037
AT5G18150,0.8063915218110107
AT5G18160,0.1022361431632837
AT5G18170,0.5094383104452938
AT5G18180,0.3598203474927194
AT5G18190,0.3442537802308827
AT5G18200,0.514171267360517
AT5G18210,0.2577040472956238
AT5G18220,0.2616299691879618
AT5G18230,0.48532794141688096
AT5G18240,0.3994918214951686
AT5G18245,0.5270455065697586
AT5G18250,0.4456337091255773
AT5G18255,0.33246305185419045
AT5G18260,0.5220165229756868
AT5G18270,0.40613154655711126
AT5G18280,0.3720825517644979
AT5G18290,0.39509464733686916
AT5G18300,0.1832124907920914
AT5G18310,0.7933569190307372
AT5G18320,0.2374338364921316
AT5G18330,0.1022361431632837
AT5G18340,0.201600010807107
AT5G18350,0.1664257911762339
AT5G18360,0.31564069274708506
AT5G18370,0.23860267781772282
AT5G18380,0.6005470979245819
AT5G18390,0.4544989311703934
AT5G18400,0.4829813157429257
AT5G18403,0.1022361431632837
AT5G18404,0.3829181905210611
AT5G18407,0.1022361431632837
AT5G18410,0.4170498402976115
AT5G18420,0.590315970161802
AT5G18430,0.1276684591452377
AT5G18440,0.3748069163189234
AT5G18450,1.4139570498830984
AT5G18460,0.29038721083151997
AT5G18470,1.2775709463139835
AT5G18475,0.2536748826119685
AT5G18480,0.5644818352893186
AT5G18490,0.3500014379349569
AT5G18500,0.7452042582099565
AT5G18510,0.20967071328735418
AT5G18520,0.7130289331296298
AT5G18525,0.29898801525202245
AT5G18540,0.6445065655596764
AT5G18550,0.3924131012660177
AT5G18560,0.4730855743353036
AT5G18570,0.2823653448410907
AT5G18580,0.5282718827215558
AT5G18590,0.2103303682558925
AT5G18600,0.1249084930473727
AT5G18610,0.3946325786814702
AT5G18620,0.6487314722761801
AT5G18630,0.3229379290849571
AT5G18636,0.1022361431632837
AT5G18640,0.4936979469820336
AT5G18650,0.6284515782867008
AT5G18660,0.3296387276010699
AT5G18661,0.7043656282197932
AT5G18670,0.6423799432579056
AT5G18680,0.6129023662471667
AT5G18690,0.6999963591302054
AT5G18700,0.462498515023244
AT5G18705,0.1019935489625394
AT5G18710,0.2512382183650504
AT5G18720,0.10134379978257319
AT5G18730,0.4150640617010976
AT5G18735,0.1362270157672381
AT5G18740,0.3019788748325843
AT5G18748,0.1083012349962534
AT5G18750,0.32603551128290986
AT5G18760,0.3262028626227059
AT5G18770,0.6317257043604614
AT5G18780,0.3723507051891821
AT5G18790,0.7188575113131728
AT5G18800,0.5736534144895833
AT5G18810,0.3399835441523271
AT5G18820,0.3034017277188638
AT5G18830,0.27724874122401655
AT5G18840,0.8873364993140359
AT5G18850,0.6374899747607224
AT5G18860,0.6085268979804298
AT5G18870,0.1022361431632837
AT5G18880,0.1022361431632837
AT5G18890,0.1022361431632837
AT5G18900,0.6644089965860327
AT5G18910,0.31957968425260697
AT5G18920,0.7236521736446787
AT5G18930,0.2686540629705275
AT5G18933,0.1022361431632837
AT5G18937,0.1022361431632837
AT5G18940,0.7397397264007393
AT5G18950,0.357808790887857
AT5G18960,0.2767878539436011
AT5G18970,0.8493926269125194
AT5G18980,0.3158250520511015
AT5G18990,0.1022361431632837
AT5G19000,0.5465035640575565
AT5G19010,0.4706044275216783
AT5G19020,0.42920165158170487
AT5G19025,0.2796995157990231
AT5G19030,0.33487852641230703
AT5G19040,0.6199765985358433
AT5G19050,0.4405352084215499
AT5G19060,0.2719308139467145
AT5G19070,0.49177690138553637
AT5G19080,0.3911575220787434
AT5G19090,0.5185430779615792
AT5G19100,1.9016103392088037
AT5G19110,0.539979172777108
AT5G19120,1.073424599826748
AT5G19130,0.43990039797218916
AT5G19140,1.2391059934026023
AT5G19150,0.5889810253921026
AT5G19151,0.24946806448133851
AT5G19160,0.4011272889658265
AT5G19170,0.3258549773635113
AT5G19172,0.1290868376097906
AT5G19175,0.1022361431632837
AT5G19180,0.5152112584458193
AT5G19190,0.9219619004504264
AT5G19200,0.349746812759947
AT5G19210,0.323570367223478
AT5G19220,0.2850222858987055
AT5G19221,0.14523335792060998
AT5G19230,0.7972261424171634
AT5G19240,1.6455190588575084
AT5G19250,1.397234614372742
AT5G19260,0.455232406912407
AT5G19270,0.1022361431632837
AT5G19280,0.31594761123151127
AT5G19290,0.4061374907923613
AT5G19300,0.6940390117451944
AT5G19310,0.28023210530292875
AT5G19315,0.1022361431632837
AT5G19320,0.7034721434003939
AT5G19330,0.46230133073727653
AT5G19340,0.48342395701853613
AT5G19350,0.46651305716619373
AT5G19360,0.1392434197750736
AT5G19370,0.4754948294822272
AT5G19380,0.4112109310157216
AT5G19390,0.5267903985688883
AT5G19400,0.38822424087327956
AT5G19410,0.5867128470015162
AT5G19420,0.34563629600893275
AT5G19430,0.6243960361540115
AT5G19440,0.7818532491989976
AT5G19450,0.3997316391467376
AT5G19460,0.4239102784397514
AT5G19470,0.1022361431632837
AT5G19473,0.1022361431632837
AT5G19480,0.9306400227803582
AT5G19485,0.365555590230499
AT5G19490,0.2290527954633067
AT5G19500,0.2720062838413251
AT5G19510,0.651928728539457
AT5G19520,0.7101911574805695
AT5G19530,1.2131273812979169
AT5G19540,0.3884603237226558
AT5G19550,1.0435913552672755
AT5G19560,0.31352054781864364
AT5G19570,0.5226629841148426
AT5G19580,0.142738977362314
AT5G19590,1.0931711634051804
AT5G19595,0.1022361431632837
AT5G19600,1.0135375152727324
AT5G19610,0.1022361431632837
AT5G19620,0.3423272198941022
AT5G19630,0.37612852014769277
AT5G19633,0.1019935489625394
AT5G19640,0.1019935489625394
AT5G19650,0.24771798826287858
AT5G19660,0.35091291116133194
AT5G19670,0.2546373938529475
AT5G19675,0.1019935489625394
AT5G19680,0.7084204819115607
AT5G19690,0.7424893339657588
AT5G19700,0.1022361431632837
AT5G19710,0.1022361431632837
AT5G19720,0.1154233955568163
AT5G19730,0.7953749214266563
AT5G19740,0.401209640461519
AT5G19750,0.8415932860776836
AT5G19760,0.9114189947400959
AT5G19770,0.8749796740161462
AT5G19780,0.60870879905582
AT5G19790,0.8548695847267965
AT5G19800,1.3679108884866138
AT5G19810,0.3457021088620021
AT5G19820,0.7854039012101666
AT5G19830,0.2159578425937122
AT5G19840,0.3815548155363396
AT5G19850,0.4517418786467123
AT5G19855,0.342507344666662
AT5G19860,0.8670899996244534
AT5G19870,0.5208524458621109
AT5G19875,0.8126512065617615
AT5G19880,0.383098015082327
AT5G19890,0.9939577535183736
AT5G19900,0.5126436397052578
AT5G19910,0.5283128806431813
AT5G19920,0.3951457185227768
AT5G19930,0.5416766262575016
AT5G19940,0.5456614631648846
AT5G19950,0.3021730711898277
AT5G19960,0.3454125393907593
AT5G19970,0.6245691621422731
AT5G19980,0.43121516115899783
AT5G19990,0.8554428700973342
AT5G20000,0.40802442895563695
AT5G20010,0.6684298392575161
AT5G20020,0.72427230021328
AT5G20030,0.3846385752088664
AT5G20040,0.28245200665303016
AT5G20045,0.7185033679101936
AT5G20050,0.4531047139993618
AT5G20060,0.5736417193865222
AT5G20070,0.8025145297965186
AT5G20080,0.746620214039555
AT5G20090,0.532447588007277
AT5G20100,0.1457225492418712
AT5G20110,0.2646461189106664
AT5G20120,0.5384446974929114
AT5G20130,0.4004154848005045
AT5G20140,0.2913889964756838
AT5G20150,1.4827276423903242
AT5G20160,0.7291082086693983
AT5G20165,0.6357755204900517
AT5G20170,0.28215954140422167
AT5G20180,0.6282810278531739
AT5G20190,0.5172329478664477
AT5G20200,0.44236488651724415
AT5G20220,0.3759366833745984
AT5G20225,0.2210348982107443
AT5G20230,0.3531031098829032
AT5G20240,0.4204942639685385
AT5G20250,1.4087298647312432
AT5G20260,0.1618976237855744
AT5G20270,0.39203471703407156
AT5G20280,0.6205752705311169
AT5G20290,0.7945399386786876
AT5G20300,0.2887092857020404
AT5G20310,0.1022361431632837
AT5G20320,0.3248060454424791
AT5G20330,0.1022361431632837
AT5G20340,0.1022361431632837
AT5G20350,0.4983174642867392
AT5G20360,0.4751103954118397
AT5G20370,0.1022361431632837
AT5G20380,0.7477755083459144
AT5G20390,0.1022361431632837
AT5G20400,0.5063083836402376
AT5G20410,0.4127504559062194
AT5G20420,0.2426780782777015
AT5G20430,0.157112845199028
AT5G20440,0.2049339812091357
AT5G20447,0.1022361431632837
AT5G20450,0.4229407572083573
AT5G20460,0.1022361431632837
AT5G20470,0.2762352420464043
AT5G20480,0.607118591469075
AT5G20490,0.6613359747164216
AT5G20500,0.6653518155102898
AT5G20510,0.40682151497241503
AT5G20520,0.4001306332280099
AT5G20540,0.571227442077318
AT5G20550,0.569405256008773
AT5G20560,0.1022361431632837
AT5G20570,0.4848116976614798
AT5G20580,0.30789964164448896
AT5G20590,0.5484039843206797
AT5G20600,0.32588719187366944
AT5G20610,0.4966033951603484
AT5G20620,0.7095711737075943
AT5G20630,0.1514190513998343
AT5G20635,0.3435306192421948
AT5G20640,0.45117900470607686
AT5G20650,0.8177604682341686
AT5G20660,0.6012668817952089
AT5G20670,0.31815915062171624
AT5G20680,0.336201572471155
AT5G20690,0.1022361431632837
AT5G20700,1.5673323882406693
AT5G20710,0.1290123613462165
AT5G20720,0.6267816520632383
AT5G20730,0.6194527378786335
AT5G20740,0.1264468341455861
AT5G20790,1.0746277746389297
AT5G20810,0.370159991656763
AT5G20820,0.6371627401327369
AT5G20830,0.7186775015325806
AT5G20840,0.34134844586850677
AT5G20850,0.3934571428085928
AT5G20852,0.1068778516715434
AT5G20856,0.1070232124623928
AT5G20858,0.1069989891085098
AT5G20860,0.38509538106607355
AT5G20870,0.297701182725158
AT5G20885,0.5919226788526171
AT5G20890,0.7625609993343034
AT5G20900,0.6845223677352126
AT5G20910,0.3292023657228569
AT5G20920,0.6209380420926658
AT5G20930,0.41271540579399923
AT5G20935,0.18294600027479388
AT5G20940,0.2962071425685991
AT5G20950,0.8160095116293729
AT5G20960,0.6696957743224459
AT5G20970,0.22737450533359577
AT5G20980,0.5437763821519362
AT5G20990,0.3841235103545195
AT5G20995,0.1022361431632837
AT5G21010,0.35833786147541913
AT5G21020,0.8372193974454332
AT5G21030,0.1029479912409293
AT5G21040,0.4012220407417937
AT5G21050,0.23301713556225762
AT5G21060,0.5657144658832517
AT5G21070,0.32361326061023
AT5G21080,0.2981176610206403
AT5G21090,0.8941150344183413
AT5G21100,0.2432914769909334
AT5G21105,0.5608462392577022
AT5G21120,0.20946456104338518
AT5G21125,0.1022361431632837
AT5G21130,0.2385331849449146
AT5G21140,0.3115011528239565
AT5G21150,0.1022361431632837
AT5G21160,0.5086216213393813
AT5G21170,0.7749078492218112
AT5G21222,0.2675732883074523
AT5G21274,0.7987667742704243
AT5G21280,0.4872968115420042
AT5G21326,0.31530089885125584
AT5G21430,0.2194972201139848
AT5G21482,0.42843357932791093
AT5G21900,0.3042781484998318
AT5G21910,0.4500776274940679
AT5G21920,0.3651899099023778
AT5G21930,0.38315639584554007
AT5G21940,1.653348390545272
AT5G21950,0.4523339757408974
AT5G21960,0.1022361431632837
AT5G21970,0.40092581425656254
AT5G21990,0.3823925625705553
AT5G22000,1.0916169301144856
AT5G22010,0.41582712154643187
AT5G22020,0.8730868006966859
AT5G22030,0.5456473343077903
AT5G22040,0.3170509158986785
AT5G22050,0.5890496846536999
AT5G22060,0.6233031772117354
AT5G22070,0.5107908637307915
AT5G22080,0.9719566899553351
AT5G22090,0.8945835482318142
AT5G22100,0.42918971930422434
AT5G22110,0.35894637283514585
AT5G22120,0.44096688678650287
AT5G22130,0.4822086651611357
AT5G22140,0.5887998292194427
AT5G22145,0.10075254141967468
AT5G22150,0.22569714508242808
AT5G22160,0.1022361431632837
AT5G22170,0.1022361431632837
AT5G22180,0.1022361431632837
AT5G22190,0.1019935489625394
AT5G22200,0.1367132552403807
AT5G22210,0.8702376800543832
AT5G22220,0.2405032287569123
AT5G22240,0.252179860372932
AT5G22250,0.2822943136688227
AT5G22260,0.1022361431632837
AT5G22270,0.4993955221484708
AT5G22280,0.8992294902255373
AT5G22290,0.6127297624433653
AT5G22300,0.8049730905890568
AT5G22310,0.3382484917516834
AT5G22320,0.9978524993709731
AT5G22330,0.705526582209041
AT5G22340,0.4880982935629353
AT5G22350,0.5218560400956778
AT5G22355,0.5627986848128662
AT5G22360,0.5054217381904098
AT5G22370,0.5602364661201215
AT5G22380,0.1022361431632837
AT5G22390,0.3704125901801665
AT5G22400,0.3940092505378115
AT5G22410,0.633630624194085
AT5G22420,0.10075254141967468
AT5G22430,0.2825068740811433
AT5G22440,0.5119516397172812
AT5G22450,0.6846082191224738
AT5G22460,0.3809848645812276
AT5G22470,1.5528623008962046
AT5G22480,0.4861507146578311
AT5G22490,0.1022361431632837
AT5G22500,0.783808715098862
AT5G22505,0.1022361431632837
AT5G22510,0.3601487989164907
AT5G22520,0.2584495497177868
AT5G22530,0.5550448338433255
AT5G22540,0.2818955261048976
AT5G22545,0.2508913224456085
AT5G22550,0.3477454254189486
AT5G22555,1.2285894297598092
AT5G22560,0.4626640489432882
AT5G22570,0.4423635786175143
AT5G22580,0.6888471827752201
AT5G22590,0.1022361431632837
AT5G22600,0.1019935489625394
AT5G22608,0.5971915413415607
AT5G22610,0.1418288447197296
AT5G22620,0.4523376005296046
AT5G22630,0.7144565722452865
AT5G22640,0.45984105133733455
AT5G22650,0.9713412973348183
AT5G22660,0.3275714710521709
AT5G22670,0.1019935489625394
AT5G22680,0.1016524999438922
AT5G22690,0.3125560527766333
AT5G22700,0.5039403975843192
AT5G22720,0.1022361431632837
AT5G22730,0.3136587781030602
AT5G22740,1.039961050871039
AT5G22750,0.3142962290881209
AT5G22760,0.4277985840461297
AT5G22765,0.10922937441878769
AT5G22770,0.5876924423408556
AT5G22780,0.5528141467406595
AT5G22785,0.1019935489625394
AT5G22788,0.35207239910322985
AT5G22790,0.5666811952594293
AT5G22791,0.1617450739697319
AT5G22794,0.1560375503072344
AT5G22796,0.2007131232189666
AT5G22799,0.125713108275892
AT5G22800,0.3782492480205945
AT5G22810,0.1239072366643128
AT5G22820,0.26719247967245807
AT5G22830,0.45370770975106245
AT5G22840,0.43419006249256487
AT5G22850,0.5620906930017983
AT5G22860,0.5246431533750762
AT5G22870,0.4792672319403947
AT5G22875,0.6078613637362195
AT5G22880,1.0206607865023811
AT5G22890,0.5901968338230612
AT5G22900,0.1022361431632837
AT5G22910,0.1022361431632837
AT5G22920,1.2662122741294952
AT5G22930,0.6629794623638052
AT5G22940,0.47046700436109656
AT5G22950,0.7946522660926668
AT5G22960,0.1022361431632837
AT5G22970,0.1022361431632837
AT5G22980,0.15559383377244068
AT5G22990,0.132952425004017
AT5G23000,0.5563642435176781
AT5G23010,1.4295458852700862
AT5G23020,1.1025839604026777
AT5G23030,0.6960348338310429
AT5G23035,0.1022361431632837
AT5G23040,0.7871022747847856
AT5G23050,0.6298414207473455
AT5G23060,0.403950326758153
AT5G23065,0.14727885352574518
AT5G23070,0.30381739610831665
AT5G23080,0.37345998525776003
AT5G23090,0.42623557520695454
AT5G23100,0.42703202011713354
AT5G23110,0.6425739205570838
AT5G23115,0.1022361431632837
AT5G23120,0.6781232020451766
AT5G23130,0.3367611327072716
AT5G23140,0.5514843543016412
AT5G23150,0.5918981705616939
AT5G23155,0.1846913998181241
AT5G23160,0.3016320460182586
AT5G23170,0.3512349711271816
AT5G23180,0.1843721007809219
AT5G23190,0.7046131411697196
AT5G23200,0.5990833883436029
AT5G23210,0.6048511582236866
AT5G23212,0.1019935489625394
AT5G23220,0.9282214189666956
AT5G23230,0.352858846079524
AT5G23240,0.3270947534483986
AT5G23250,0.8493895258315007
AT5G23260,0.1022361431632837
AT5G23270,0.1226769154608118
AT5G23280,0.7640562594888423
AT5G23290,0.6586536447812377
AT5G23300,0.4311215955099992
AT5G23310,0.396227898170037
AT5G23320,0.3543527665026886
AT5G23330,0.3616608984346326
AT5G23340,0.6468215816826982
AT5G23350,0.661335767594958
AT5G23360,0.9310154740074306
AT5G23370,0.6376627428081543
AT5G23380,0.7879735251530843
AT5G23390,0.26122875424671244
AT5G23395,0.6726891996708941
AT5G23400,0.7420686650420258
AT5G23405,0.8017282704282863
AT5G23410,1.6669181288677528
AT5G23411,0.17233905337469219
AT5G23420,0.8727084856758437
AT5G23430,0.3509706484707689
AT5G23440,0.2538178506651525
AT5G23450,0.609063957277375
AT5G23460,0.5078016759496895
AT5G23470,0.1022361431632837
AT5G23480,0.3177659131473694
AT5G23490,0.26340163900048674
AT5G23510,0.5675186318878795
AT5G23520,0.40453105794583927
AT5G23530,0.862483974930684
AT5G23535,0.6558623975669013
AT5G23540,0.6173745529290109
AT5G23550,0.3590995266275374
AT5G23570,0.5799881771138798
AT5G23575,0.7400553574676305
AT5G23580,0.3628959017548545
AT5G23590,0.6660434499487454
AT5G23600,0.1379078674867401
AT5G23610,0.3888401978822399
AT5G23630,0.6048251649019233
AT5G23650,0.1022361431632837
AT5G23660,0.7722476692466334
AT5G23665,0.1022361431632837
AT5G23670,0.6151091919376575
AT5G23680,0.24945809774167138
AT5G23690,0.4826438701444203
AT5G23700,0.4109199832799108
AT5G23710,0.5544796582564826
AT5G23720,0.40293037465460785
AT5G23730,0.5515615305543486
AT5G23740,0.8158416085225246
AT5G23750,0.6853317687263785
AT5G23760,0.5189710899223767
AT5G23770,0.32818335652473907
AT5G23780,0.3152545212696535
AT5G23790,0.1022361431632837
AT5G23800,0.2495747971701837
AT5G23810,0.5699865029776658
AT5G23820,1.4190969391209967
AT5G23830,0.7684696433303886
AT5G23840,1.5201612388417378
AT5G23850,0.2190216991312182
AT5G23860,0.4547706223106609
AT5G23870,0.33028905759638894
AT5G23880,0.3936741842189971
AT5G23890,0.5027716933684129
AT5G23900,0.6308948315274647
AT5G23903,0.1978555370238655
AT5G23908,0.12126915115879659
AT5G23910,0.5029582023309781
AT5G23920,0.8933717220201168
AT5G23930,0.3962390236139501
AT5G23940,0.3553678581186139
AT5G23950,0.31874018340706933
AT5G23960,0.2604260123020476
AT5G23970,0.1285609627473432
AT5G23980,0.8688400484399631
AT5G23990,0.9298664226508081
AT5G24000,0.31401612120093175
AT5G24010,0.5070511955532883
AT5G24020,0.41203670128671577
AT5G24030,0.8472589584217873
AT5G24040,0.4128606357629222
AT5G24050,0.1177725710978695
AT5G24060,0.6010065775015114
AT5G24070,0.41582422082345
AT5G24080,0.3583865556729013
AT5G24090,0.557740073064621
AT5G24100,0.5558310597678118
AT5G24105,0.6731992958002195
AT5G24110,0.17345100866855168
AT5G24120,0.7836300809872367
AT5G24130,0.7116078372799515
AT5G24140,0.5972989896210529
AT5G24150,0.2238245930092368
AT5G24155,0.2774329358696701
AT5G24160,0.32614030867719257
AT5G24165,0.977105537329088
AT5G24170,0.5757526770618678
AT5G24180,0.2066915682750169
AT5G24190,0.2533997928375818
AT5G24200,0.457872524445709
AT5G24205,0.171782641441239
AT5G24206,0.27181859850640677
AT5G24210,0.45165394827101357
AT5G24215,0.12430628107381869
AT5G24220,0.1930237983696023
AT5G24230,0.5498198972375967
AT5G24240,1.068613702984805
AT5G24260,0.38348632889860107
AT5G24270,0.5724411874687206
AT5G24275,0.2825760855768966
AT5G24280,0.3866580851764137
AT5G24290,0.42666149743295645
AT5G24300,0.3268081401978034
AT5G24310,0.4307887058922134
AT5G24313,0.9734490864325704
AT5G24314,0.5586233169581941
AT5G24316,0.10075254141967468
AT5G24318,0.2972795047178157
AT5G24320,0.4824891051688232
AT5G24330,0.4144032808798692
AT5G24340,0.368518362450941
AT5G24350,0.6180134652349224
AT5G24352,0.2618869027378591
AT5G24355,0.1019935489625394
AT5G24360,0.3651298922173111
AT5G24370,0.1022361431632837
AT5G24380,0.6092470818681299
AT5G24390,0.4589717400096185
AT5G24400,0.5289158561843601
AT5G24410,0.7541220901449788
AT5G24420,0.1171232163142759
AT5G24430,0.3723356157638846
AT5G24440,0.1022361431632837
AT5G24450,0.34817448160208997
AT5G24460,0.5811169942687394
AT5G24470,0.4585099586944962
AT5G24480,0.1022361431632837
AT5G24490,0.7922300840316532
AT5G24500,0.8305769608524309
AT5G24510,0.3525863350105043
AT5G24520,0.5113046463889261
AT5G24530,0.6847806368065347
AT5G24540,0.1022361431632837
AT5G24550,0.1022361431632837
AT5G24560,0.1022361431632837
AT5G24570,0.6275682570946468
AT5G24575,0.1022361431632837
AT5G24580,0.5526096541776578
AT5G24590,0.617828803305299
AT5G24600,0.415714654717302
AT5G24610,0.48537557624962724
AT5G24620,0.6854169011756478
AT5G24630,0.6430310706594687
AT5G24640,0.2320185754899308
AT5G24650,0.4316274365525754
AT5G24655,0.5517519952597825
AT5G24660,1.2639795342169695
AT5G24670,0.5149928380534435
AT5G24680,0.36509978739994964
AT5G24690,0.38908800936990495
AT5G24710,0.5072482926664618
AT5G24735,0.538540576281861
AT5G24740,0.3044930659190188
AT5G24750,0.43184089387733676
AT5G24760,0.6303125942366714
AT5G24770,2.0744587134466417
AT5G24780,2.0638523707164618
AT5G24790,0.13592556648231718
AT5G24800,0.43951586120360386
AT5G24810,0.3870347714599126
AT5G24820,0.1022361431632837
AT5G24825,0.1459349112072064
AT5G24830,0.38876320858232216
AT5G24840,0.6986125520104476
AT5G24850,0.7616721101973664
AT5G24860,0.1022361431632837
AT5G24870,0.37118313892888366
AT5G24879,0.4115816254675393
AT5G24880,0.6292929889099188
AT5G24890,0.838321422503794
AT5G24900,0.2603738322907579
AT5G24910,0.5104656537661179
AT5G24920,0.509095564446007
AT5G24930,0.6070944202064779
AT5G24940,0.2006204110844316
AT5G24950,0.36370602243762873
AT5G24960,0.39275750975899126
AT5G24970,0.3165042729007693
AT5G24980,0.6350816442223859
AT5G24990,0.347953666782811
AT5G25000,0.1019935489625394
AT5G25010,0.27511762915561977
AT5G25020,0.34451662134047234
AT5G25030,0.1022361431632837
AT5G25040,0.1022361431632837
AT5G25050,0.5675116334915632
AT5G25060,0.5226333744614267
AT5G25070,0.524540540574503
AT5G25080,0.3910287340609321
AT5G25090,0.6232627977668992
AT5G25100,0.5868816487006903
AT5G25110,0.3485010044674438
AT5G25120,0.48179448725791046
AT5G25130,0.2410245553896771
AT5G25140,0.4240285438489147
AT5G25150,0.4486995307160512
AT5G25160,0.8137760708435364
AT5G25170,0.6634051173284284
AT5G25180,0.4644254286669376
AT5G25190,0.4885513295684013
AT5G25195,0.1022361431632837
AT5G25200,0.1022361431632837
AT5G25210,0.46085620153563855
AT5G25220,0.5073704472818432
AT5G25230,0.14875571719118
AT5G25240,0.3702370016087112
AT5G25250,0.3453636275342674
AT5G25260,0.1184571889246869
AT5G25265,0.7884056423598771
AT5G25270,0.4574201276350828
AT5G25280,0.8473390569930417
AT5G25290,0.1022361431632837
AT5G25300,0.1056901073746346
AT5G25310,0.1931905695050109
AT5G25320,0.11922173494259329
AT5G25330,0.1019935489625394
AT5G25340,0.22284680518948988
AT5G25350,1.1663783195912312
AT5G25360,0.4967689106290538
AT5G25370,0.24171158716872598
AT5G25380,0.37749881405355
AT5G25390,0.1022361431632837
AT5G25400,0.1019935489625394
AT5G25410,0.1022361431632837
AT5G25415,0.1022361431632837
AT5G25420,0.1022361431632837
AT5G25425,0.1022361431632837
AT5G25430,0.1022361431632837
AT5G25440,0.5075552461227176
AT5G25450,0.612240241536531
AT5G25460,1.058123249406838
AT5G25470,0.8043104302878159
AT5G25475,0.42626131937028716
AT5G25480,0.3798310252536901
AT5G25490,0.49409329733862056
AT5G25500,0.2384567768306483
AT5G25510,0.4475351505788526
AT5G25520,0.4549746805159364
AT5G25530,0.1591183467490347
AT5G25540,0.6194751719093616
AT5G25550,0.1601344307964029
AT5G25560,0.8059490418937035
AT5G25570,0.43926865339282
AT5G25580,0.34855920105137667
AT5G25590,0.4030349340197439
AT5G25600,0.1022361431632837
AT5G25610,1.0362189641841724
AT5G25620,0.5263967700604446
AT5G25630,0.27247606590674445
AT5G25640,0.5714503950733764
AT5G25750,0.1022361431632837
AT5G25754,0.5235025330794334
AT5G25755,0.2007478041236782
AT5G25756,0.11720331967833819
AT5G25757,0.7912154683074368
AT5G25760,0.643837048192283
AT5G25770,0.7910572397660245
AT5G25780,0.617654655705978
AT5G25790,0.31259117673367776
AT5G25800,0.4481481030401294
AT5G25810,0.9281354071157042
AT5G25820,0.7982929176245248
AT5G25830,0.3795660726553618
AT5G25840,0.19552106264320449
AT5G25850,0.13151482667349762
AT5G25860,0.1022361431632837
AT5G25870,0.1022361431632837
AT5G25880,0.43069962712861576
AT5G25890,1.003439526434604
AT5G25900,0.6028433775142337
AT5G25910,0.172363452007339
AT5G25920,0.1640960111097016
AT5G25930,0.4042369861583916
AT5G25940,0.7149661987220837
AT5G25950,0.1022361431632837
AT5G25960,0.1022361431632837
AT5G25970,0.11416748150043889
AT5G25980,0.1022361431632837
AT5G25990,0.1022361431632837
AT5G25995,0.1022361431632837
AT5G26000,0.1231950412416438
AT5G26010,0.7545711168252642
AT5G26030,0.6837467655974545
AT5G26038,0.204856554163388
AT5G26040,0.3935155462805624
AT5G26050,0.1022361431632837
AT5G26060,0.1022361431632837
AT5G26070,0.8890134065408385
AT5G26080,1.1136797261749432
AT5G26090,0.1022361431632837
AT5G26100,0.1022361431632837
AT5G26110,0.49820897481026283
AT5G26120,0.1019935489625394
AT5G26130,0.1022361431632837
AT5G26140,0.33800080535134647
AT5G26146,0.16415398903385078
AT5G26147,0.1022361431632837
AT5G26150,0.1267488527219353
AT5G26160,0.3426791034543796
AT5G26170,0.2385945823942361
AT5G26180,0.5052511728259279
AT5G26190,0.2764640684538291
AT5G26200,0.4546657708604963
AT5G26210,0.49431819793952547
AT5G26220,0.6789000124272184
AT5G26230,0.46487301344120663
AT5G26240,0.3881780879380703
AT5G26250,0.1465757468089576
AT5G26260,2.1815485712003513
AT5G26262,0.1022361431632837
AT5G26270,1.212030204280837
AT5G26280,1.0678591468948568
AT5G26290,1.0271733802048373
AT5G26300,0.7306592639660352
AT5G26310,0.44796708845556166
AT5G26320,0.5649992834477822
AT5G26330,0.7475128061962013
AT5G26340,0.8309741165813882
AT5G26360,0.9099216282397797
AT5G26570,0.44818511969513763
AT5G26580,0.1022361431632837
AT5G26594,0.1022361431632837
AT5G26600,0.47505830956087425
AT5G26610,0.4687613257717981
AT5G26617,0.1022361431632837
AT5G26620,0.23976815803483148
AT5G26622,0.3179135931090046
AT5G26630,0.1804506402761388
AT5G26640,0.1022361431632837
AT5G26650,0.1022361431632837
AT5G26660,0.6902694613924382
AT5G26667,0.8049836495367546
AT5G26670,0.7325884949132876
AT5G26673,0.1326441712758199
AT5G26680,0.6369286249221733
AT5G26690,0.2551930004170165
AT5G26692,0.1022361431632837
AT5G26700,0.1336693819024572
AT5G26710,0.5885823904267933
AT5G26717,0.1022361431632837
AT5G26720,0.47147353242384493
AT5G26730,0.3080189097735784
AT5G26731,0.8725389719556287
AT5G26740,0.7982717991355938
AT5G26742,0.7923479745169403
AT5G26749,0.2141233537561284
AT5G26751,0.7057683877096863
AT5G26760,0.33422018812746696
AT5G26770,0.3864248289862805
AT5G26780,0.7463247499512546
AT5G26790,0.41798678679186535
AT5G26800,0.6009855091656733
AT5G26805,0.4044178994112581
AT5G26810,0.1022361431632837
AT5G26820,0.5125314645509551
AT5G26830,0.9112568136076284
AT5G26840,0.1022361431632837
AT5G26850,0.7287951524570226
AT5G26860,0.932147499517677
AT5G26865,0.2870836811262471
AT5G26880,0.7738913863725525
AT5G26890,0.1022361431632837
AT5G26900,0.1411487794990708
AT5G26910,0.2448197828717208
AT5G26920,0.1548335361718156
AT5G26930,0.348840985816503
AT5G26940,0.5297054353186992
AT5G26950,0.1204520575204755
AT5G26955,0.1022361431632837
AT5G26960,0.40930475721267456
AT5G26970,0.1484738548279859
AT5G26980,0.40741563514060175
AT5G26990,0.5538292909777064
AT5G27000,0.4830176121975702
AT5G27010,0.8131153925727099
AT5G27020,0.185857485019931
AT5G27030,0.41017158916256125
AT5G27050,0.1022361431632837
AT5G27060,0.1958649002854177
AT5G27065,0.1022361431632837
AT5G27070,0.1778831385223441
AT5G27080,0.1022361431632837
AT5G27090,0.1019935489625394
AT5G27093,0.2947185891942274
AT5G27100,0.3356224855149571
AT5G27110,0.3690120686879082
AT5G27120,1.3477453743747718
AT5G27130,0.1708741176922641
AT5G27140,0.1022361431632837
AT5G27150,0.630305160763139
AT5G27170,0.1022361431632837
AT5G27200,1.767833420024226
AT5G27210,0.6148869259259142
AT5G27220,0.44946751819402186
AT5G27230,0.19661961259046248
AT5G27238,0.1022361431632837
AT5G27240,0.39377296165466324
AT5G27247,0.1016524999438922
AT5G27260,0.1979849660442759
AT5G27270,0.5408475366166262
AT5G27280,0.5324984513965871
AT5G27290,0.2164670118774648
AT5G27300,0.2845545720119187
AT5G27310,0.1022361431632837
AT5G27320,0.3077179860636309
AT5G27330,0.8331223907082475
AT5G27340,0.1022361431632837
AT5G27350,0.7703662946322688
AT5G27360,0.19669849419044
AT5G27370,0.1022361431632837
AT5G27380,0.572866224552772
AT5G27390,0.38441102201672006
AT5G27395,1.055265706073869
AT5G27400,0.8189923259143863
AT5G27410,0.4645817689813714
AT5G27420,0.4327640826710213
AT5G27430,1.0703703913677103
AT5G27440,0.1022361431632837
AT5G27450,0.48042180413032387
AT5G27460,0.3259325742496214
AT5G27470,0.7057014139361555
AT5G27490,0.5492571327002038
AT5G27493,0.1022361431632837
AT5G27495,0.1022361431632837
AT5G27510,0.1019935489625394
AT5G27520,0.5772285104064705
AT5G27530,0.1022361431632837
AT5G27540,0.6402489277991656
AT5G27550,0.2680166800375546
AT5G27560,0.3980327504978045
AT5G27570,0.1019935489625394
AT5G27580,0.1357836284775975
AT5G27600,0.5372191384518006
AT5G27606,0.1022361431632837
AT5G27607,0.1022361431632837
AT5G27610,0.2834234714467912
AT5G27620,0.33261157116637713
AT5G27630,0.3424141630507731
AT5G27640,0.5796763628730708
AT5G27650,0.46022760058185214
AT5G27660,0.9269752925157513
AT5G27670,0.7357869109159778
AT5G27680,0.29838076457475116
AT5G27690,0.3122964447643968
AT5G27700,0.7558231625582956
AT5G27710,0.30171991365629425
AT5G27720,0.5956144048886134
AT5G27730,0.834116834639915
AT5G27740,0.772616336667769
AT5G27750,0.46421801463061774
AT5G27760,0.607941652432477
AT5G27765,0.1019935489625394
AT5G27770,0.6844836822876768
AT5G27780,0.1016524999438922
AT5G27790,0.12621736432573372
AT5G27800,0.1022361431632837
AT5G27807,0.32930343164722
AT5G27810,0.286561906724105
AT5G27820,0.8094120894284188
AT5G27830,0.49884672815687947
AT5G27840,0.48205747299995116
AT5G27850,0.801574719336815
AT5G27860,0.5510523945624685
AT5G27870,0.2713886297579793
AT5G27880,0.1022361431632837
AT5G27889,0.1022361431632837
AT5G27890,0.2654039102113433
AT5G27893,0.43410320923210466
AT5G27910,0.2675781121975499
AT5G27920,0.8460523922555707
AT5G27930,0.6319017093803676
AT5G27940,0.2416248802543822
AT5G27944,0.1022361431632837
AT5G27945,0.12915134173414028
AT5G27950,0.6373564038790079
AT5G27960,0.1022361431632837
AT5G27970,0.4733207787668736
AT5G27980,0.10617164893979869
AT5G27990,0.5781924549296221
AT5G28000,0.2812098002157384
AT5G28010,0.34277770977136846
AT5G28020,0.6407494681965107
AT5G28030,0.2853732757269714
AT5G28040,0.43974007794896613
AT5G28050,0.9198556655467929
AT5G28060,0.8197268744717681
AT5G28080,0.45919754260852563
AT5G28090,0.313452980627817
AT5G28150,0.5646668951698335
AT5G28160,0.1022361431632837
AT5G28180,0.1022361431632837
AT5G28190,0.1022361431632837
AT5G28210,0.1019935489625394
AT5G28220,0.40314490603966646
AT5G28235,0.1334559526626078
AT5G28237,0.1022361431632837
AT5G28262,0.3662795988535851
AT5G28288,0.1022361431632837
AT5G28290,0.30627836453455837
AT5G28295,0.1022361431632837
AT5G28300,0.49729026655398323
AT5G28310,0.11475282315488938
AT5G28320,0.2673441847431897
AT5G28340,0.23242867041082219
AT5G28345,0.1230724075249024
AT5G28350,0.9006452938348137
AT5G28370,0.1724423258120148
AT5G28380,0.2473308484128977
AT5G28390,0.38879732275131607
AT5G28400,0.40598643271238366
AT5G28410,0.1016524999438922
AT5G28420,0.1016524999438922
AT5G28442,0.57881599155596
AT5G28450,0.1022361431632837
AT5G28460,0.7437841382755843
AT5G28462,0.1022361431632837
AT5G28463,0.1435849384672802
AT5G28470,0.1636529825111812
AT5G28490,0.6530231900871328
AT5G28491,0.1022361431632837
AT5G28500,0.3431866053180951
AT5G28510,0.5348850042932536
AT5G28520,0.2548854470547703
AT5G28530,0.366253839892157
AT5G28540,0.7601658361634989
AT5G28550,0.1022361431632837
AT5G28560,0.1022361431632837
AT5G28590,0.1022361431632837
AT5G28610,0.4669811184246023
AT5G28615,0.1022361431632837
AT5G28620,0.1022361431632837
AT5G28630,0.45464215523574447
AT5G28640,0.8710709217044472
AT5G28646,0.3577530732749808
AT5G28650,0.5840852154360014
AT5G28660,0.13946771476983721
AT5G28680,0.1022361431632837
AT5G28690,0.1022361431632837
AT5G28720,0.1022361431632837
AT5G28730,0.1022361431632837
AT5G28740,0.42909372577809535
AT5G28750,0.35738085920607643
AT5G28770,0.7021920492551597
AT5G28780,0.1127333245190283
AT5G28810,0.1022361431632837
AT5G28820,0.1022361431632837
AT5G28823,0.1022361431632837
AT5G28824,0.1022361431632837
AT5G28830,0.6234436574826564
AT5G28840,0.5007014959590892
AT5G28850,0.30213039114270535
AT5G28885,0.1022361431632837
AT5G28900,0.373330006369638
AT5G28910,0.253292631328135
AT5G28919,1.5329486556326128
AT5G28920,0.1022361431632837
AT5G28950,0.1022361431632837
AT5G28960,0.30492918721233664
AT5G29000,0.431859333239606
AT5G29050,0.1022361431632837
AT5G29054,0.1022361431632837
AT5G29070,0.1022361431632837
AT5G29210,0.1022361431632837
AT5G29560,0.1016524999438922
AT5G29613,0.1022361431632837
AT5G29624,0.106992038263739
AT5G30341,0.1022361431632837
AT5G30360,0.15047897845283958
AT5G30490,0.7779043661141105
AT5G30495,0.9055451436389166
AT5G30500,0.275149554244533
AT5G30510,0.5577266041065667
AT5G30520,0.1022361431632837
AT5G31412,0.1022361431632837
AT5G32017,0.1022361431632837
AT5G32440,0.5799796820165868
AT5G32450,0.43394555456316386
AT5G32460,0.492400394550375
AT5G32470,0.3068549203387725
AT5G32590,0.1019935489625394
AT5G32613,0.1022361431632837
AT5G32619,0.1022361431632837
AT5G32670,0.1022361431632837
AT5G33210,0.1022361431632837
AT5G33280,0.4421168852513499
AT5G33290,0.4618428786553678
AT5G33300,0.7448036317093951
AT5G33320,0.7162845830851765
AT5G33330,0.11930574130865951
AT5G33340,0.10637856363991689
AT5G33355,2.94649295917139
AT5G33370,0.1022361431632837
AT5G33390,0.1022361431632837
AT5G33393,0.1022361431632837
AT5G33399,0.1022361431632837
AT5G33406,0.1019935489625394
AT5G33439,0.1022361431632837
AT5G33806,0.1022361431632837
AT5G33898,0.1022361431632837
AT5G34581,0.1324990608874144
AT5G34780,0.1022361431632837
AT5G34828,0.1022361431632837
AT5G34829,0.1022361431632837
AT5G34830,0.1022361431632837
AT5G34850,0.9857318615836828
AT5G34869,0.1022361431632837
AT5G34870,0.1022361431632837
AT5G34871,0.8517522330036684
AT5G34881,0.1022361431632837
AT5G34882,0.1022361431632837
AT5G34883,0.1022361431632837
AT5G34885,0.1022361431632837
AT5G34887,0.1022361431632837
AT5G34905,0.1022361431632837
AT5G34908,0.1022361431632837
AT5G34930,0.2718871844702244
AT5G34940,0.4452401004163732
AT5G35050,0.1022361431632837
AT5G35067,0.1022361431632837
AT5G35069,0.1022361431632837
AT5G35080,0.5986107757121918
AT5G35090,0.1022361431632837
AT5G35100,0.4424187411727972
AT5G35110,0.3849088910454177
AT5G35120,0.11567884978586469
AT5G35160,0.6350214011405184
AT5G35170,0.31110433187563247
AT5G35180,0.45825508272198645
AT5G35190,1.050320816805729
AT5G35195,0.1022361431632837
AT5G35200,0.5271475456650492
AT5G35210,0.6494759133235284
AT5G35220,0.23908524742577458
AT5G35230,0.1022361431632837
AT5G35300,0.1022361431632837
AT5G35320,0.8577384900193823
AT5G35330,0.32575860157666225
AT5G35338,0.1022361431632837
AT5G35360,0.7073792204305795
AT5G35370,0.3954347751597085
AT5G35375,0.1563531053671357
AT5G35380,0.1187840054122492
AT5G35390,0.1019935489625394
AT5G35400,0.3531217562138185
AT5G35405,0.1022361431632837
AT5G35407,0.14409168378600432
AT5G35410,0.28324323939447826
AT5G35430,0.375139056199005
AT5G35450,0.8888983317758004
AT5G35460,0.8117413137724392
AT5G35475,0.1022361431632837
AT5G35480,0.1022361431632837
AT5G35490,0.1450027627670654
AT5G35510,0.11982781121251608
AT5G35520,0.3888505062366458
AT5G35525,0.5587119223877333
AT5G35530,0.6119380114350221
AT5G35540,0.1022361431632837
AT5G35550,0.1088896285400736
AT5G35560,0.37585233222605496
AT5G35570,0.3668451551575145
AT5G35580,0.4324485124887706
AT5G35590,0.6875624312513722
AT5G35600,0.11217332309116271
AT5G35603,0.1022361431632837
AT5G35604,0.1022361431632837
AT5G35605,0.1312782872548915
AT5G35610,0.1022361431632837
AT5G35620,0.843145836364529
AT5G35630,0.6131378624456556
AT5G35640,0.1022361431632837
AT5G35660,2.9751296554679936
AT5G35670,0.6815032707222298
AT5G35680,0.9214698747525969
AT5G35688,0.1022361431632837
AT5G35690,0.4608595306879202
AT5G35695,0.1022361431632837
AT5G35698,0.1022361431632837
AT5G35700,0.7323629626872696
AT5G35715,0.1022361431632837
AT5G35730,0.6910654950360475
AT5G35732,0.5498139194892374
AT5G35735,0.6211523828175047
AT5G35737,0.1022361431632837
AT5G35740,0.4808264156740658
AT5G35750,0.33850028663586457
AT5G35753,0.36232569835196593
AT5G35760,0.3736192059540505
AT5G35770,0.32642546859370547
AT5G35790,0.3868851355022069
AT5G35810,0.1022361431632837
AT5G35830,0.1022361431632837
AT5G35840,0.34095526414833943
AT5G35870,0.4285401167483403
AT5G35890,0.44303275275684684
AT5G35900,0.1022361431632837
AT5G35910,0.38648454946170463
AT5G35913,0.1022361431632837
AT5G35917,0.1019935489625394
AT5G35920,0.1022361431632837
AT5G35926,0.6627934502781476
AT5G35927,0.13691318120588608
AT5G35930,0.39142188754448476
AT5G35940,0.7297995524755222
AT5G35945,0.1022361431632837
AT5G35950,0.1022361431632837
AT5G35960,0.5492073478209333
AT5G35970,0.3748999857906405
AT5G35980,0.3514033526383249
AT5G35995,0.39391100134357304
AT5G36000,0.1896076831842141
AT5G36001,0.1395241270540216
AT5G36002,0.1591552209748987
AT5G36080,0.1022361431632837
AT5G36100,0.2906652633888146
AT5G36110,0.393871106085961
AT5G36120,0.2735661957913905
AT5G36130,0.637372718604473
AT5G36140,0.38218429404634346
AT5G36150,0.2340195974546929
AT5G36160,0.5343183601306851
AT5G36170,0.36415280739734746
AT5G36180,1.1139202523432243
AT5G36190,0.11433022337456651
AT5G36200,0.1019935489625394
AT5G36210,0.44387704314728615
AT5G36220,0.3390128897645287
AT5G36225,0.1022361431632837
AT5G36228,0.15866606840527958
AT5G36230,0.8285041614038882
AT5G36240,0.789674327315191
AT5G36250,0.44051244600439354
AT5G36260,0.43339101558103243
AT5G36280,0.1686623536256025
AT5G36290,0.49946932190250304
AT5G36300,0.1022361431632837
AT5G36310,0.1022361431632837
AT5G36320,0.1022361431632837
AT5G36330,0.1022361431632837
AT5G36350,0.1022361431632837
AT5G36360,0.1022361431632837
AT5G36370,0.1022361431632837
AT5G36380,0.1022361431632837
AT5G36450,0.1022361431632837
AT5G36460,0.1022361431632837
AT5G36480,0.1022361431632837
AT5G36490,0.1022361431632837
AT5G36500,0.1022361431632837
AT5G36520,0.1022361431632837
AT5G36540,0.1022361431632837
AT5G36550,0.1022361431632837
AT5G36657,0.1022361431632837
AT5G36658,0.1022361431632837
AT5G36659,0.1022361431632837
AT5G36661,0.1022361431632837
AT5G36662,0.1022361431632837
AT5G36670,0.2712412996033355
AT5G36680,0.1022361431632837
AT5G36690,0.1104737005808131
AT5G36700,0.3406319856949198
AT5G36710,0.8534020541981844
AT5G36720,0.1022361431632837
AT5G36722,0.1022361431632837
AT5G36730,0.1019935489625394
AT5G36740,0.2917461072463568
AT5G36770,0.1022361431632837
AT5G36790,0.1906705003729851
AT5G36800,0.4485816772261951
AT5G36810,0.1019935489625394
AT5G36870,0.6844292912752121
AT5G36880,0.6012168462576877
AT5G36890,0.4850127129360625
AT5G36900,0.1022361431632837
AT5G36907,2.073874726747569
AT5G36910,0.1022361431632837
AT5G36920,0.33942126915892934
AT5G36925,0.8000091228309538
AT5G36930,0.3921180892000218
AT5G36940,0.43823065757713486
AT5G36950,0.40965322018989814
AT5G36960,0.46271038410004006
AT5G36970,0.3431181632290588
AT5G36980,0.1022361431632837
AT5G37000,0.7442602077237619
AT5G37010,0.38997241280651596
AT5G37020,0.44242705783206315
AT5G37030,0.1022361431632837
AT5G37040,0.1022361431632837
AT5G37050,0.1137972787169133
AT5G37055,0.5322103042295948
AT5G37060,0.1022361431632837
AT5G37070,0.6916035206661628
AT5G37130,0.46436157319294397
AT5G37140,0.1022361431632837
AT5G37150,0.1612597395784297
AT5G37160,0.1022361431632837
AT5G37165,0.1022361431632837
AT5G37170,0.1022361431632837
AT5G37180,0.4288337007741886
AT5G37190,0.41245970636224283
AT5G37200,0.1022361431632837
AT5G37210,0.3640474774765129
AT5G37220,0.1022361431632837
AT5G37230,0.1697685474632343
AT5G37240,0.15017075196234397
AT5G37247,0.42972933260087265
AT5G37250,0.13426814915399898
AT5G37260,0.7805442669399044
AT5G37270,0.1022361431632837
AT5G37280,0.1022361431632837
AT5G37290,0.4652911834791662
AT5G37300,0.1022361431632837
AT5G37310,0.6042636358077509
AT5G37320,0.1022361431632837
AT5G37340,0.5082145970564494
AT5G37350,0.7349964199306738
AT5G37360,0.3767367570298966
AT5G37370,0.5921049591356726
AT5G37380,0.36403855528535745
AT5G37400,0.2665533509237613
AT5G37410,0.2256141630402748
AT5G37415,0.1022361431632837
AT5G37420,0.1022361431632837
AT5G37430,0.1022361431632837
AT5G37440,0.42975864067679104
AT5G37450,0.3235838039355998
AT5G37460,0.174388581254705
AT5G37470,0.2184225516537384
AT5G37473,0.1022361431632837
AT5G37474,0.1019935489625394
AT5G37475,0.5755470600772108
AT5G37478,0.5722907737135331
AT5G37480,0.633946421697315
AT5G37485,0.2997289433575427
AT5G37490,0.1759220261407018
AT5G37500,0.4046173000375602
AT5G37510,0.5780908079918889
AT5G37520,0.1022361431632837
AT5G37530,0.40070962446603964
AT5G37540,0.8527089023750156
AT5G37550,0.6073992696575652
AT5G37560,0.1022361431632837
AT5G37570,0.3189981653904836
AT5G37590,0.4167300376064794
AT5G37600,1.0451543029669847
AT5G37610,0.1019935489625394
AT5G37620,0.1571994066710607
AT5G37630,0.4738863352529512
AT5G37640,0.2470796163391135
AT5G37650,0.1022361431632837
AT5G37660,0.3864654121565894
AT5G37670,0.2996322263737099
AT5G37680,0.26126410063263455
AT5G37690,1.7207214498370345
AT5G37710,0.5869042253622649
AT5G37715,0.1236702096686932
AT5G37720,0.3323541234754884
AT5G37730,0.10134379978257319
AT5G37740,0.9283576700591631
AT5G37750,0.3936399499773341
AT5G37760,0.1022361431632837
AT5G37770,0.8301121577591627
AT5G37780,0.8641492959711952
AT5G37790,0.46950754812160733
AT5G37793,0.1689262564925599
AT5G37800,0.3073046706406491
AT5G37810,0.1022361431632837
AT5G37820,0.29237848426634727
AT5G37830,0.4795421171301042
AT5G37840,0.1167943005748033
AT5G37850,0.9100711557639536
AT5G37860,0.1022361431632837
AT5G37870,0.1022361431632837
AT5G37890,0.958915635945595
AT5G37900,0.1022361431632837
AT5G37910,0.1022361431632837
AT5G37920,0.1022361431632837
AT5G37930,0.3994255491679868
AT5G37940,0.3529861889000468
AT5G37950,0.3965904529011641
AT5G37960,0.2649787625124744
AT5G37970,0.1864753057187708
AT5G37980,0.9545234907251421
AT5G37990,2.1829696656462008
AT5G38000,0.7470965892365637
AT5G38005,0.7297199154403846
AT5G38010,0.9310112447033296
AT5G38020,2.4900593342292816
AT5G38030,0.9709157810693703
AT5G38040,0.3256942270476871
AT5G38050,0.5442285015296238
AT5G38060,0.19929140767169448
AT5G38070,0.3064008900514287
AT5G38080,0.1076591035206304
AT5G38090,0.1022361431632837
AT5G38100,0.4911245139147133
AT5G38110,0.667573497238128
AT5G38120,0.1022361431632837
AT5G38130,0.1022361431632837
AT5G38140,0.3709215008502812
AT5G38150,0.34888296117498396
AT5G38160,0.1022361431632837
AT5G38170,0.1022361431632837
AT5G38180,0.1022361431632837
AT5G38190,0.1261108450529927
AT5G38195,0.1022361431632837
AT5G38197,0.1022361431632837
AT5G38200,0.9765261558636171
AT5G38210,0.46722886404969427
AT5G38212,0.3623679625365448
AT5G38220,0.4376207421278798
AT5G38240,0.1113976428712803
AT5G38250,0.13288795098257838
AT5G38260,0.1850164987670223
AT5G38270,0.1077208977208307
AT5G38280,0.3952391900977882
AT5G38290,0.26127210736630635
AT5G38300,0.47632467470328677
AT5G38310,0.3692407627368866
AT5G38317,0.1022361431632837
AT5G38320,0.28566458277696705
AT5G38330,0.1022361431632837
AT5G38340,0.2712085236654604
AT5G38344,0.33106275174722744
AT5G38350,0.2928463605416034
AT5G38360,0.4999040752203574
AT5G38378,0.1022361431632837
AT5G38380,0.47081186498579286
AT5G38386,0.1335236067535549
AT5G38390,0.1019935489625394
AT5G38391,0.1022361431632837
AT5G38392,0.1022361431632837
AT5G38396,0.1019935489625394
AT5G38397,0.1022361431632837
AT5G38400,0.1019935489625394
AT5G38410,2.2166268913439726
AT5G38420,1.5414372532821108
AT5G38430,1.4196245068632487
AT5G38435,0.6752137564133036
AT5G38440,0.1022361431632837
AT5G38450,0.3389676641248735
AT5G38460,0.4239202655291935
AT5G38470,0.4458777085287242
AT5G38480,0.7533651542586961
AT5G38490,0.1022361431632837
AT5G38500,0.1022361431632837
AT5G38510,0.3052464521366203
AT5G38520,0.47428936446602954
AT5G38530,0.520224625201829
AT5G38540,0.9594529185780893
AT5G38550,0.5313317308612553
AT5G38560,0.5071152206110696
AT5G38565,0.1626786600265553
AT5G38570,0.1022361431632837
AT5G38580,0.1022361431632837
AT5G38590,1.0508008766764856
AT5G38600,0.5243626767047662
AT5G38610,0.5961416211779875
AT5G38620,0.1022361431632837
AT5G38630,0.5545177866492466
AT5G38640,0.46349885090486587
AT5G38650,0.5153457142138136
AT5G38660,0.5640912779469408
AT5G38670,0.1022361431632837
AT5G38680,0.1584508197292354
AT5G38690,0.8898684567110974
AT5G38700,0.3873190507273499
AT5G38710,0.3221567338758492
AT5G38720,0.8280956299162976
AT5G38730,0.44949023551253864
AT5G38740,0.1019935489625394
AT5G38743,0.1151485444177553
AT5G38747,0.1907531095584902
AT5G38750,0.16971728188577848
AT5G38760,0.1022361431632837
AT5G38770,0.3492954508364512
AT5G38780,0.3162113569735721
AT5G38790,0.5581983896230673
AT5G38800,0.2970757644900966
AT5G38810,0.1022361431632837
AT5G38820,0.3468129819887314
AT5G38830,0.8150496866253697
AT5G38840,0.4264760505046959
AT5G38850,0.3071971687090044
AT5G38860,0.4439485543228659
AT5G38865,0.19783832723105202
AT5G38880,0.6052656758038105
AT5G38890,0.486161911344975
AT5G38895,0.5219802011882282
AT5G38900,0.7313914408957932
AT5G38910,0.47640000474443156
AT5G38920,0.1022361431632837
AT5G38930,0.1022361431632837
AT5G38940,1.161765617264535
AT5G38950,0.1022361431632837
AT5G38960,0.1022361431632837
AT5G38970,0.40194980562649757
AT5G38980,0.7048875289897811
AT5G38990,0.1411140030737828
AT5G39000,0.21597883154279218
AT5G39010,0.1022361431632837
AT5G39020,0.2960439946778059
AT5G39024,0.1022361431632837
AT5G39030,0.1022361431632837
AT5G39040,0.354885305895457
AT5G39050,0.3963024224208126
AT5G39080,0.3392196938136015
AT5G39090,0.5196289260845853
AT5G39100,0.9575176677354069
AT5G39110,0.2835566451474287
AT5G39120,0.3926872741884522
AT5G39130,0.2863752340440119
AT5G39140,0.1051703481124141
AT5G39150,0.5878545131028866
AT5G39160,0.9958093560044026
AT5G39170,0.1022361431632837
AT5G39180,0.2371644683305011
AT5G39190,1.7191173265413122
AT5G39200,0.1206162685932615
AT5G39210,0.1022361431632837
AT5G39220,0.29911799357184143
AT5G39230,0.1022361431632837
AT5G39240,0.6643654804967579
AT5G39250,0.48415200822516263
AT5G39260,0.1022361431632837
AT5G39270,0.1022361431632837
AT5G39280,0.1022361431632837
AT5G39290,0.1022361431632837
AT5G39300,0.1022361431632837
AT5G39310,0.1022361431632837
AT5G39320,0.6532284827744752
AT5G39330,0.2831914767613033
AT5G39340,0.8442981048327296
AT5G39350,0.305732176854411
AT5G39360,0.37812547969293875
AT5G39365,0.1022361431632837
AT5G39370,0.1022361431632837
AT5G39380,0.34827080058292886
AT5G39390,0.1022361431632837
AT5G39400,0.1022361431632837
AT5G39410,0.4539345431105962
AT5G39420,0.2262904660717725
AT5G39430,0.1022361431632837
AT5G39440,0.1022361431632837
AT5G39450,0.5046456371321153
AT5G39460,0.1019935489625394
AT5G39470,0.1022361431632837
AT5G39471,0.3641618004429748
AT5G39480,0.145259755636016
AT5G39490,0.1163697235191197
AT5G39493,0.1591015266954017
AT5G39500,0.553716767061734
AT5G39510,0.8269432968197092
AT5G39520,0.3409876954615567
AT5G39530,0.49013603129768263
AT5G39540,0.1022361431632837
AT5G39550,0.4078211874439274
AT5G39560,0.1022361431632837
AT5G39570,0.7411053571390713
AT5G39580,0.5336997926569476
AT5G39590,0.6555756309070342
AT5G39600,0.44064494346460736
AT5G39610,0.4749390240348206
AT5G39620,0.1022361431632837
AT5G39630,0.1016524999438922
AT5G39635,0.182130332719314
AT5G39640,0.1022361431632837
AT5G39645,0.1022361431632837
AT5G39650,0.1022361431632837
AT5G39660,0.46781499022096507
AT5G39670,0.6357586339384761
AT5G39680,0.3768453609231115
AT5G39690,0.1016524999438922
AT5G39693,0.185989888941678
AT5G39700,0.1022361431632837
AT5G39710,0.3682622080530037
AT5G39715,0.1022361431632837
AT5G39720,0.7734740894471734
AT5G39730,1.1494260819258884
AT5G39740,1.3264199443971552
AT5G39750,0.1022361431632837
AT5G39760,0.36907791013117014
AT5G39770,0.2611323075445814
AT5G39775,0.1022361431632837
AT5G39785,0.311002779642527
AT5G39790,0.5393771397294946
AT5G39800,0.922847267515869
AT5G39810,0.1022361431632837
AT5G39820,0.5465090058236568
AT5G39830,0.348198608541764
AT5G39840,0.3917144447111521
AT5G39850,0.8016805933011955
AT5G39860,0.11928830007317459
AT5G39865,0.2772632073260545
AT5G39870,0.1884941139195051
AT5G39880,0.1019935489625394
AT5G39890,0.978094324055852
AT5G39900,0.4358304091954837
AT5G39910,0.1022361431632837
AT5G39920,0.1022361431632837
AT5G39930,0.27336415402731706
AT5G39940,0.3741981625498166
AT5G39950,0.608763407596546
AT5G39960,0.5207369948418379
AT5G39970,0.4586407351332421
AT5G39980,0.3936945868682715
AT5G39990,0.4473806802357889
AT5G40000,0.1686102659236588
AT5G40010,0.4060838137891144
AT5G40020,0.6966857904977917
AT5G40030,0.4218374499389305
AT5G40040,0.2858108482300413
AT5G40050,0.1022361431632837
AT5G40060,0.2963323976170874
AT5G40070,0.1022361431632837
AT5G40080,0.4964907483017156
AT5G40090,0.4162912966431475
AT5G40100,0.44090283158766475
AT5G40120,0.1022361431632837
AT5G40140,0.37628828548769444
AT5G40150,0.3870797141740627
AT5G40153,0.1073499767942375
AT5G40155,0.1019935489625394
AT5G40160,0.6859709994339559
AT5G40170,0.3807711710238261
AT5G40180,0.2425419593594389
AT5G40190,0.5857479633266549
AT5G40200,0.46281668817184374
AT5G40210,0.37518899382574955
AT5G40220,0.1022361431632837
AT5G40230,0.49366848340861325
AT5G40240,0.7586162657461952
AT5G40250,0.7548806811283294
AT5G40260,0.1135957093079063
AT5G40270,0.42307253550767454
AT5G40275,0.1022361431632837
AT5G40280,0.3574374888179481
AT5G40290,0.1368094245573377
AT5G40300,0.6808835340898527
AT5G40310,0.1022361431632837
AT5G40315,0.1022361431632837
AT5G40316,0.2662104678426676
AT5G40320,0.4901614667162532
AT5G40330,0.317076318525911
AT5G40340,0.8535010518824745
AT5G40348,0.1022361431632837
AT5G40350,0.1022361431632837
AT5G40360,0.1022361431632837
AT5G40370,0.8816098883843826
AT5G40380,0.28745882040085347
AT5G40382,0.7507565347276027
AT5G40384,0.1022361431632837
AT5G40390,0.8254809821682035
AT5G40395,0.3050243293261522
AT5G40400,0.3267321014297234
AT5G40405,0.42915389514221197
AT5G40410,0.36578779217188995
AT5G40420,3.153019208712532
AT5G40430,0.1022361431632837
AT5G40440,0.38578596794587916
AT5G40450,1.3802405302202547
AT5G40460,0.4491948470218377
AT5G40470,0.5034856427010299
AT5G40480,0.42848966004169053
AT5G40490,0.46470892952757814
AT5G40500,0.2632209037143012
AT5G40510,0.749852000541821
AT5G40520,0.4168252518969887
AT5G40530,0.94868025349078
AT5G40540,0.44676212730813253
AT5G40550,0.45221398985125927
AT5G40560,0.1022361431632837
AT5G40570,0.48789816082976634
AT5G40580,0.4562004991928652
AT5G40590,0.7167205149873308
AT5G40595,0.1022361431632837
AT5G40600,0.29270870699552304
AT5G40610,0.591320937857043
AT5G40620,0.2324373120957553
AT5G40630,0.6019120141531914
AT5G40640,0.37552447408006095
AT5G40645,0.2201613921427953
AT5G40650,0.6038402202545097
AT5G40660,0.7133487940501595
AT5G40670,1.010954458571916
AT5G40680,0.1163351764167857
AT5G40690,0.8062497076284892
AT5G40700,0.615723425109384
AT5G40710,0.49327089352130327
AT5G40720,0.2811586107079968
AT5G40730,1.202289103837424
AT5G40740,0.351474455092219
AT5G40750,0.1022361431632837
AT5G40760,0.7058263157698932
AT5G40770,0.534386338417276
AT5G40780,0.9767354493335834
AT5G40790,0.1022361431632837
AT5G40800,0.2831834746255511
AT5G40810,0.6164992666623572
AT5G40820,0.2349593981630701
AT5G40830,0.6564890450294099
AT5G40840,0.31456227526460817
AT5G40850,1.1045037322774691
AT5G40855,0.1120068797330689
AT5G40860,0.6488567430132268
AT5G40870,0.3430939331210988
AT5G40880,0.34571419224124955
AT5G40890,0.7742203940950411
AT5G40900,0.21801244886033028
AT5G40910,0.5382358080754962
AT5G40930,0.9332425773175591
AT5G40940,0.1427503553278922
AT5G40950,0.7668305251696887
AT5G40960,0.6320215160786898
AT5G40970,0.7871177546505126
AT5G40980,0.9392276826017285
AT5G40981,0.1019935489625394
AT5G40990,0.3203899462452099
AT5G41000,0.4295987730554677
AT5G41010,0.7256950518827281
AT5G41020,0.6179033993687018
AT5G41025,0.12478547916597349
AT5G41030,0.1216763187204087
AT5G41040,1.3317308774585865
AT5G41050,0.23249519977221078
AT5G41060,0.6607436168493475
AT5G41070,0.5839883015412386
AT5G41071,0.11258805107683689
AT5G41080,1.0608288208449277
AT5G41090,0.1016524999438922
AT5G41100,0.286799157032561
AT5G41109,0.1022729276478695
AT5G41110,0.358105725262307
AT5G41120,0.22893323981373162
AT5G41130,0.3683459850710872
AT5G41140,0.7299956417167505
AT5G41150,0.2890322818149381
AT5G41160,0.2970413265869381
AT5G41170,0.35422236502287213
AT5G41180,0.4266560751184804
AT5G41190,0.5944704997269983
AT5G41200,0.1022361431632837
AT5G41210,0.792584104323689
AT5G41220,0.7248181452448355
AT5G41240,0.7453926198903242
AT5G41250,0.1022361431632837
AT5G41260,0.42308951799315353
AT5G41265,0.1022361431632837
AT5G41270,0.3461151047410135
AT5G41280,0.8333758405879799
AT5G41290,0.798181976938603
AT5G41300,0.4355615421174988
AT5G41310,0.1788001162777203
AT5G41315,0.4113475949856482
AT5G41320,0.40696976331810397
AT5G41330,0.30837537801772785
AT5G41340,0.7249883860951075
AT5G41350,0.520705080716338
AT5G41360,0.40165432909249416
AT5G41370,0.3761301675272136
AT5G41380,0.4688995079936561
AT5G41390,0.234593147993413
AT5G41400,0.605150227991056
AT5G41401,0.1022361431632837
AT5G41410,0.4910570473724357
AT5G41420,0.1154943430553882
AT5G41430,0.1085728023368029
AT5G41440,0.1022361431632837
AT5G41450,0.1022361431632837
AT5G41460,0.44967771265472023
AT5G41470,0.3377483189137254
AT5G41471,0.8660414020835334
AT5G41480,0.49955867809434007
AT5G41490,0.1022361431632837
AT5G41500,0.1022361431632837
AT5G41510,0.1022361431632837
AT5G41520,0.7577809885098357
AT5G41530,0.1022361431632837
AT5G41540,0.1314880012783167
AT5G41550,0.2724847836753902
AT5G41560,0.6305681871395601
AT5G41570,0.6437420963477685
AT5G41580,0.36237626590663163
AT5G41590,0.8963242263777684
AT5G41600,1.036280461399655
AT5G41610,0.4276127895780534
AT5G41612,0.3315031665391892
AT5G41620,0.3899821977679817
AT5G41630,0.1022361431632837
AT5G41640,0.1022361431632837
AT5G41650,0.5830811665736241
AT5G41660,0.371018242694182
AT5G41663,0.2945383654854679
AT5G41670,0.795121943618688
AT5G41675,0.1022361431632837
AT5G41680,0.2604379158882344
AT5G41685,0.693679547071101
AT5G41690,0.2491861754042114
AT5G41700,1.0482468300279804
AT5G41720,0.1019935489625394
AT5G41730,0.3313379995715055
AT5G41740,0.2557241929597796
AT5G41750,0.232397296493476
AT5G41760,0.892145439068135
AT5G41761,0.2602724644777266
AT5G41763,0.296422443332203
AT5G41765,0.40485233934446796
AT5G41770,0.33490763474017937
AT5G41780,0.1383157348154841
AT5G41790,1.009938934052954
AT5G41800,0.44910702378480943
AT5G41810,0.4345664556066
AT5G41820,0.1601225615738647
AT5G41830,0.1022361431632837
AT5G41840,0.1207689087361144
AT5G41850,0.256281911513524
AT5G41860,0.44268934210345234
AT5G41870,0.407647636661263
AT5G41880,0.4864847981697001
AT5G41890,0.1349474889413149
AT5G41900,0.19883800212490538
AT5G41905,0.3190506098809588
AT5G41908,0.1022361431632837
AT5G41910,0.7848823291092883
AT5G41920,0.2654762066652242
AT5G41940,0.4108436091318486
AT5G41950,0.3706152919657155
AT5G41960,0.6550685986110072
AT5G41970,0.4967108492217096
AT5G41980,0.319300378942471
AT5G41990,0.8490499927366196
AT5G42000,0.6317416194513463
AT5G42010,0.34248971357683133
AT5G42020,0.7889670704106968
AT5G42030,0.9488491183849795
AT5G42040,0.3861761258077909
AT5G42050,0.856016456642795
AT5G42053,0.1027183061021589
AT5G42060,0.8031592359198683
AT5G42070,0.38134619963716976
AT5G42080,0.5483376313223587
AT5G42090,1.0516946393328155
AT5G42092,0.9020197201315421
AT5G42100,0.6113173706477093
AT5G42110,0.510405130168281
AT5G42120,0.2080312166644006
AT5G42130,0.4196760554806845
AT5G42140,0.3505685100946413
AT5G42146,0.9452402006751165
AT5G42150,0.7375551053743546
AT5G42170,0.37833039989496764
AT5G42180,1.38161037691899
AT5G42190,0.523324773242313
AT5G42200,0.3527545818442881
AT5G42210,0.242896168237639
AT5G42220,0.4775875249125703
AT5G42223,0.1164195612152657
AT5G42230,0.1022361431632837
AT5G42232,0.1022361431632837
AT5G42235,0.1639567591058816
AT5G42240,0.2397793773090358
AT5G42242,0.1022361431632837
AT5G42250,0.8513048416666741
AT5G42260,0.1022361431632837
AT5G42270,0.7338608874416829
AT5G42280,0.4346757377559312
AT5G42290,0.12964990214488759
AT5G42300,0.9541362990324602
AT5G42310,0.3017201689889522
AT5G42320,0.9021843409861272
AT5G42325,0.1525583222310889
AT5G42330,0.34530116215263473
AT5G42340,0.1019935489625394
AT5G42350,0.3046536827590563
AT5G42360,0.38610085439667763
AT5G42370,0.409732930297049
AT5G42380,0.3399924634928993
AT5G42390,0.5188250655723754
AT5G42400,0.41239705961274087
AT5G42410,0.1277004692739282
AT5G42420,0.6178696250511198
AT5G42430,0.1198008132747761
AT5G42440,0.3581050468894767
AT5G42450,0.4592311352734083
AT5G42460,0.7094031809714962
AT5G42470,0.42572556754456037
AT5G42480,0.31784593909560055
AT5G42490,0.1497303270029282
AT5G42500,1.1589054889774608
AT5G42504,0.1022361431632837
AT5G42510,0.944226899949774
AT5G42520,0.5949652686520828
AT5G42530,0.6966601652143264
AT5G42540,0.5822282312037875
AT5G42560,0.2806960145961843
AT5G42567,0.1022361431632837
AT5G42570,0.6200412866032692
AT5G42580,0.3603334164432164
AT5G42590,0.8377812615717894
AT5G42600,0.9684738968288209
AT5G42610,0.37008900151267377
AT5G42620,0.33045326300008604
AT5G42630,0.6444475306797177
AT5G42635,0.1022361431632837
AT5G42640,0.21900558091258
AT5G42650,0.3445202281260357
AT5G42655,0.5671900366418078
AT5G42660,0.5374966664736522
AT5G42670,0.42984463351676305
AT5G42680,0.26804565753313836
AT5G42690,0.5708159363834828
AT5G42700,0.40123113523525145
AT5G42710,0.4173902621827051
AT5G42720,0.8215336228601227
AT5G42740,0.5664820557514507
AT5G42750,0.4962072349356545
AT5G42760,0.37637809308536196
AT5G42765,0.4075603812233467
AT5G42770,0.522700449408657
AT5G42780,0.29134132505393795
AT5G42785,0.9414507989775842
AT5G42790,0.5678191581389671
AT5G42797,0.1022361431632837
AT5G42800,0.22135374950846198
AT5G42810,0.6895240798380575
AT5G42820,0.6944750403151709
AT5G42825,2.2257944094017934
AT5G42830,0.25012807167850626
AT5G42840,0.4652297620016216
AT5G42850,0.7299004124038424
AT5G42860,0.6593583957222369
AT5G42870,0.42716291127475414
AT5G42880,0.37984208435244976
AT5G42890,0.8927748451965885
AT5G42895,0.1184929767791155
AT5G42900,0.6130652497819665
AT5G42905,0.1022361431632837
AT5G42910,0.1022361431632837
AT5G42920,0.47374926331951367
AT5G42930,0.28506924917124177
AT5G42940,0.6446493122582408
AT5G42950,0.9398911387740101
AT5G42955,0.1022361431632837
AT5G42957,0.1022361431632837
AT5G42960,0.5515635341204488
AT5G42965,0.16489295924396
AT5G42970,0.4709659465311329
AT5G42980,1.1256210622925606
AT5G42990,0.5925033711870564
AT5G43000,0.1022361431632837
AT5G43010,0.5312111396860908
AT5G43020,0.370057075564239
AT5G43030,0.5389836518145763
AT5G43040,0.6645612636209653
AT5G43050,0.4841061218193867
AT5G43060,0.7394124302006513
AT5G43064,0.1022361431632837
AT5G43066,0.115296211967079
AT5G43068,0.1471754777431931
AT5G43070,0.405077103984251
AT5G43080,0.5255104536633127
AT5G43090,0.1022361431632837
AT5G43100,0.4440229541686339
AT5G43110,0.1022361431632837
AT5G43120,0.3666910827650401
AT5G43130,0.4387285246992153
AT5G43140,0.3129688331033914
AT5G43150,1.0201000902443538
AT5G43155,0.2529876296168326
AT5G43160,0.42753870783285
AT5G43170,0.4760853367964334
AT5G43175,0.2938038423552332
AT5G43180,1.005896386809151
AT5G43185,0.1022361431632837
AT5G43190,0.5685418047940582
AT5G43200,0.1019935489625394
AT5G43210,0.6903051022405595
AT5G43211,0.1022361431632837
AT5G43230,0.2622280970245236
AT5G43240,0.145199103923285
AT5G43250,0.40943520204151124
AT5G43260,0.7228532060030263
AT5G43270,0.6525980379149239
AT5G43280,0.3926681819242642
AT5G43285,0.1022361431632837
AT5G43290,0.1334040648240706
AT5G43300,0.1726700193873294
AT5G43310,0.7371746805635077
AT5G43320,0.7807264116400269
AT5G43330,0.5324130516824321
AT5G43340,0.1182257335869311
AT5G43350,1.6569371057100346
AT5G43360,0.294353550505483
AT5G43370,1.40016765949663
AT5G43380,0.705112903077026
AT5G43390,0.1022361431632837
AT5G43400,0.3869006423393462
AT5G43401,0.1022361431632837
AT5G43403,0.9050649836251036
AT5G43410,0.1022361431632837
AT5G43420,0.8033954542303634
AT5G43430,0.535540143144277
AT5G43440,0.31329966653244967
AT5G43450,0.49365431948732885
AT5G43460,0.6994434774794724
AT5G43470,0.406113354526245
AT5G43480,0.1022361431632837
AT5G43490,0.17700861384722488
AT5G43500,0.7036293559644236
AT5G43510,0.1019935489625394
AT5G43513,0.1022361431632837
AT5G43518,0.1022361431632837
AT5G43520,1.0030142576004464
AT5G43525,0.1022361431632837
AT5G43530,0.3398258068670562
AT5G43540,1.0828238654983617
AT5G43550,0.1022361431632837
AT5G43560,0.46820883925643864
AT5G43570,1.7394160914584054
AT5G43580,2.273876714168439
AT5G43590,0.35590342010615406
AT5G43600,0.5379039787881148
AT5G43603,0.1301805617438842
AT5G43610,0.124690221189891
AT5G43620,0.5648812370063014
AT5G43630,0.6113991798594011
AT5G43640,0.1717577819053313
AT5G43650,0.2070598422678601
AT5G43660,0.2168897399790929
AT5G43670,0.47533233156223026
AT5G43680,0.34730716971827474
AT5G43690,0.40665961978961557
AT5G43695,0.1022361431632837
AT5G43700,1.1102521597368127
AT5G43710,0.5983012217134858
AT5G43720,0.6856381461595282
AT5G43725,0.5311145225447738
AT5G43730,0.6185487600674999
AT5G43740,0.3218943451867754
AT5G43745,0.5126631840910055
AT5G43750,0.45003557000191297
AT5G43755,0.1016524999438922
AT5G43760,0.5670236844083569
AT5G43770,1.2281214789772332
AT5G43780,1.1249216491731626
AT5G43790,0.3691492269309848
AT5G43810,0.7013278289002933
AT5G43820,0.24857966710565718
AT5G43822,0.23211360049090823
AT5G43830,0.6983905343474075
AT5G43840,0.1686182931656076
AT5G43850,0.4584593486574735
AT5G43860,0.3659419932140908
AT5G43870,0.3904195570592483
AT5G43880,0.5427552201192954
AT5G43890,0.3461970028114328
AT5G43900,0.4634110831490774
AT5G43910,0.488484476646324
AT5G43920,0.3842946913398132
AT5G43930,0.3978927089238734
AT5G43935,0.1022361431632837
AT5G43940,0.6146528063148553
AT5G43950,0.3908612003609604
AT5G43960,0.5329973566157526
AT5G43970,0.5428446930349997
AT5G43980,0.2970691146851715
AT5G43990,0.3487492026804683
AT5G44000,0.5122166500537557
AT5G44005,0.4789597682379991
AT5G44010,0.9728328593131559
AT5G44020,1.5093611311284745
AT5G44030,0.4999166127939497
AT5G44040,0.7155828817229044
AT5G44050,0.44533819199056457
AT5G44060,0.3763581964263431
AT5G44063,0.2909863258208526
AT5G44065,0.1016524999438922
AT5G44070,0.5872066345544104
AT5G44080,0.18638878274859366
AT5G44090,0.4384698857093914
AT5G44100,0.5347635750920839
AT5G44110,0.757825229190846
AT5G44120,3.9780671026493595
AT5G44130,1.5718348795053172
AT5G44140,0.1048148379643595
AT5G44150,0.3344438577020925
AT5G44160,0.3620448323653542
AT5G44170,0.43638845508757484
AT5G44180,0.5648706678256346
AT5G44190,0.3797325092113844
AT5G44200,0.5960589207446805
AT5G44210,0.2323131293087508
AT5G44220,0.21959308991678939
AT5G44230,0.4501946592288423
AT5G44240,0.38614964685510356
AT5G44250,0.5028654021167209
AT5G44260,0.8248787850218214
AT5G44265,0.1022361431632837
AT5G44270,0.1678387115259054
AT5G44280,0.301676743432704
AT5G44286,0.3088280337212389
AT5G44290,0.44583466158861806
AT5G44300,0.1022361431632837
AT5G44306,0.7724799823863651
AT5G44310,1.7797330123512292
AT5G44316,0.1022361431632837
AT5G44320,0.5534400461344375
AT5G44330,0.1022361431632837
AT5G44340,0.692528998641941
AT5G44345,0.1022361431632837
AT5G44350,0.5246532970279469
AT5G44360,0.2798392428575111
AT5G44370,0.35540500084774074
AT5G44380,0.7089880092655885
AT5G44390,0.4464608783020022
AT5G44400,1.9578321506950742
AT5G44410,0.5722395474422522
AT5G44420,0.11114640809693478
AT5G44430,0.10134379978257319
AT5G44440,0.6670107926465232
AT5G44450,0.5137446175932655
AT5G44460,0.5514006490171741
AT5G44470,0.1022361431632837
AT5G44480,0.9126986546898601
AT5G44490,0.41766659060438
AT5G44495,0.1022361431632837
AT5G44500,0.615995884320433
AT5G44510,0.367912652479997
AT5G44520,0.3766464830321951
AT5G44530,0.5139526765319788
AT5G44540,0.1183189022029888
AT5G44550,1.5017040468382976
AT5G44560,0.8929092941786191
AT5G44562,0.1697954858815228
AT5G44563,0.2208714794126907
AT5G44565,0.6829703930637945
AT5G44566,0.1019935489625394
AT5G44567,0.8751720463294943
AT5G44568,0.5168448866863603
AT5G44569,0.7439690838023741
AT5G44570,0.1937533731440738
AT5G44572,1.147148497069602
AT5G44574,1.1365402026870142
AT5G44575,0.8434397408053165
AT5G44578,1.551318201523862
AT5G44580,0.6477856354574014
AT5G44582,0.9098581649532868
AT5G44585,2.0056305876352156
AT5G44590,0.1022361431632837
AT5G44600,0.37408532117613336
AT5G44610,1.2389046739342742
AT5G44620,0.1022361431632837
AT5G44630,0.1022361431632837
AT5G44635,0.5601267829726199
AT5G44640,0.1022361431632837
AT5G44650,0.5127518097890265
AT5G44660,0.3336750436615132
AT5G44670,0.5543880445300546
AT5G44680,0.431296848239966
AT5G44690,0.1022361431632837
AT5G44700,0.2826816522755618
AT5G44710,0.6323608831267438
AT5G44720,1.0275521760134778
AT5G44730,1.0293227306932942
AT5G44740,0.3257980817915833
AT5G44750,0.3793444891820684
AT5G44760,0.1628895874093979
AT5G44770,0.25911567874710006
AT5G44780,0.7172926842158885
AT5G44785,0.6125585805604248
AT5G44790,0.4908007008385349
AT5G44800,0.5695246009031586
AT5G44820,0.564566833650817
AT5G44830,0.1022361431632837
AT5G44840,0.1022361431632837
AT5G44850,0.1022361431632837
AT5G44860,0.4773399638011182
AT5G44870,0.34284558125661757
AT5G44900,0.42037939092766113
AT5G44910,0.5893370927098242
AT5G44920,0.8730121572181675
AT5G44930,0.43589221122048283
AT5G44940,0.1313926621082258
AT5G44950,0.1022361431632837
AT5G44960,0.1022361431632837
AT5G44970,0.1022361431632837
AT5G44973,0.1019935489625394
AT5G44980,0.5150127327746035
AT5G44990,0.2499124292396705
AT5G45000,0.38379937125899927
AT5G45010,0.6536815656910269
AT5G45020,0.4738105509559414
AT5G45030,0.4638005553948057
AT5G45040,0.2855983980991778
AT5G45050,0.5060738079164624
AT5G45060,0.2865101672288428
AT5G45070,1.151741394787805
AT5G45080,0.3573905187576239
AT5G45090,0.1959947536066308
AT5G45095,0.4894409893353201
AT5G45100,1.007080997828779
AT5G45110,0.6692240992213656
AT5G45113,0.2885649619570765
AT5G45115,0.739301557169868
AT5G45120,0.1408889713830913
AT5G45130,0.7266040078060303
AT5G45140,0.45781199342167195
AT5G45150,0.3742011934848479
AT5G45160,0.40180540998750713
AT5G45170,0.45427400823612213
AT5G45180,0.1022361431632837
AT5G45190,0.4715437061830993
AT5G45200,0.2819845265928517
AT5G45210,0.43238833986286557
AT5G45220,0.5337868263071802
AT5G45230,0.1022361431632837
AT5G45240,0.2829187908306524
AT5G45250,0.30841750058018025
AT5G45260,0.5582575568496855
AT5G45275,0.27526029583203565
AT5G45277,0.1022361431632837
AT5G45280,0.8261130072108801
AT5G45290,0.7714871843663949
AT5G45300,0.2880740529284769
AT5G45307,0.1138313270264368
AT5G45310,0.8042504449502826
AT5G45320,0.3411947212121533
AT5G45330,0.39718305340208204
AT5G45340,0.4353599005987858
AT5G45350,0.6936754619620717
AT5G45360,0.4904813465200323
AT5G45370,0.3520082630493571
AT5G45380,0.2665374628102083
AT5G45390,0.4085739903926262
AT5G45400,0.3066590974848439
AT5G45410,0.6117753858305386
AT5G45420,0.8801950536009737
AT5G45430,0.75665122159388
AT5G45440,0.4303684188478856
AT5G45450,0.1785607834962453
AT5G45455,0.1712249657995619
AT5G45460,0.3482871766768346
AT5G45469,0.1022361431632837
AT5G45470,0.6484322934441149
AT5G45472,0.8803528419096326
AT5G45475,0.6067252155331349
AT5G45480,0.9483313242397914
AT5G45490,0.7197052356588057
AT5G45500,0.6835999355526252
AT5G45510,0.697787289862164
AT5G45520,0.1761437814604049
AT5G45530,0.1298606556867538
AT5G45540,0.2796926680355659
AT5G45550,0.6871631725370733
AT5G45560,0.4399309614621481
AT5G45570,0.1022361431632837
AT5G45573,0.3481406754836201
AT5G45580,0.2673534095417664
AT5G45590,0.7142081149219575
AT5G45600,0.9608780302937412
AT5G45610,0.5376431919302447
AT5G45620,0.8117117682873167
AT5G45630,0.7689750281031639
AT5G45640,0.1022361431632837
AT5G45650,0.2925295970491239
AT5G45660,0.4337150395438143
AT5G45670,0.8273257670220255
AT5G45680,0.3352370856651304
AT5G45690,2.499898605320576
AT5G45700,0.2741036654981783
AT5G45710,0.47086715985215133
AT5G45720,0.31227785918631124
AT5G45730,0.293169033414155
AT5G45740,0.2494679943149148
AT5G45750,0.5849491748591423
AT5G45760,0.5187569345034144
AT5G45770,0.2249036793266907
AT5G45775,0.7501961610146952
AT5G45780,0.4308169904649954
AT5G45790,0.5122299400610935
AT5G45800,0.526702120511638
AT5G45810,0.29653417539564675
AT5G45820,0.1054838805234853
AT5G45830,0.6536622353729025
AT5G45840,0.49944816242031
AT5G45850,0.2453307202156506
AT5G45860,0.2096431372609057
AT5G45870,0.36863165527556696
AT5G45875,0.1022361431632837
AT5G45880,0.21399991448548328
AT5G45890,0.1022361431632837
AT5G45900,0.314930013077959
AT5G45910,0.1019935489625394
AT5G45920,0.6660625320838554
AT5G45930,0.384298736619819
AT5G45940,0.8749692183482796
AT5G45950,0.17570248007183378
AT5G45960,0.2394501004072267
AT5G45970,0.5258964592755183
AT5G45980,0.1022361431632837
AT5G45990,0.1389331216973105
AT5G46000,0.1022361431632837
AT5G46010,0.1016524999438922
AT5G46020,1.2983731584469596
AT5G46025,0.1022361431632837
AT5G46030,1.042482855723723
AT5G46040,0.4268928536276625
AT5G46050,0.43482263552409867
AT5G46060,0.3315967236072464
AT5G46070,0.5983706580056017
AT5G46080,0.328217334622516
AT5G46085,0.20971533815715382
AT5G46090,0.6283464588846689
AT5G46100,0.3230577767419349
AT5G46110,0.7874270453653216
AT5G46115,0.46476353613943
AT5G46130,0.20550646845132248
AT5G46140,0.35331955640103274
AT5G46150,0.4789976992651063
AT5G46160,0.5633027794105114
AT5G46170,0.3370769624970518
AT5G46180,0.3936661175667968
AT5G46190,0.46419647913614825
AT5G46200,0.1019935489625394
AT5G46210,0.45206421220743587
AT5G46220,0.217746397881305
AT5G46230,0.7914833102841297
AT5G46240,0.2140064862423946
AT5G46250,1.226518888760715
AT5G46260,0.21397744561315848
AT5G46270,0.2983895989892051
AT5G46280,0.8155236773280925
AT5G46290,0.6299457472706478
AT5G46295,0.2226261051977739
AT5G46297,0.1022361431632837
AT5G46300,0.1022361431632837
AT5G46310,0.1022361431632837
AT5G46315,0.13356051035157568
AT5G46320,0.1022361431632837
AT5G46330,0.2884340980947294
AT5G46340,0.7505880463480398
AT5G46350,0.2878481096974836
AT5G46360,0.2567686176040097
AT5G46370,0.1779977624697282
AT5G46380,0.14865331986557728
AT5G46390,0.4046990254994449
AT5G46395,0.1016524999438922
AT5G46400,0.3778728016433053
AT5G46410,0.37464397315747433
AT5G46420,0.6413341147513882
AT5G46430,0.6164924812446704
AT5G46440,0.2444026368115786
AT5G46450,0.3299462059686564
AT5G46460,0.3102465705015537
AT5G46470,0.4456914878097779
AT5G46490,0.1916235579936006
AT5G46500,0.1585612220764461
AT5G46510,0.635938679980306
AT5G46520,0.5738779399969174
AT5G46530,0.7754696911488196
AT5G46540,0.128349411511685
AT5G46550,0.42758235084594437
AT5G46560,0.5642665231098825
AT5G46570,0.6750488832664763
AT5G46580,0.2767967173114146
AT5G46590,0.3048170340106688
AT5G46595,0.1069504058933531
AT5G46600,0.4653387183904334
AT5G46610,0.1933154869938901
AT5G46620,0.5567670169220271
AT5G46630,0.5218172044184886
AT5G46640,0.5677833292546653
AT5G46650,0.4055207645753135
AT5G46660,0.2734398452323344
AT5G46670,0.2209950590524884
AT5G46680,0.2592922983844846
AT5G46690,0.1016524999438922
AT5G46700,0.8712379810604232
AT5G46710,0.4719940171788861
AT5G46720,0.2583934094395462
AT5G46730,0.4843757208608368
AT5G46740,0.5040241360288489
AT5G46750,0.9009643752153881
AT5G46760,0.35848487844503213
AT5G46770,0.1637465390897482
AT5G46780,0.5534088758103687
AT5G46790,0.6652620477984251
AT5G46795,0.1907365681675477
AT5G46800,0.5392543712373797
AT5G46810,0.1150553961595705
AT5G46820,0.1022361431632837
AT5G46825,0.1022361431632837
AT5G46830,0.1019935489625394
AT5G46840,0.8600721817369567
AT5G46845,0.2206770436117123
AT5G46850,0.5969245533427173
AT5G46860,0.5340472866097941
AT5G46870,0.49248582933407625
AT5G46871,0.1019935489625394
AT5G46873,0.1022361431632837
AT5G46874,0.1733155556795975
AT5G46877,0.1022361431632837
AT5G46880,0.1470347704212715
AT5G46890,1.7518977084272624
AT5G46900,1.495827299554283
AT5G46910,0.3788516548396681
AT5G46915,0.2014081615380411
AT5G46920,0.3587481726014099
AT5G46930,0.1022361431632837
AT5G46940,0.3835590346782038
AT5G46950,0.22566292416219338
AT5G46960,0.4061923146920936
AT5G46970,0.1022361431632837
AT5G46980,0.1022361431632837
AT5G46990,0.1022361431632837
AT5G47000,0.3902092602407622
AT5G47010,0.7628234985720994
AT5G47020,0.3564765273395593
AT5G47030,0.7243393071261468
AT5G47040,0.5843779614816955
AT5G47050,0.38019316923533075
AT5G47060,0.8517701119488965
AT5G47070,0.393385325911555
AT5G47075,0.1022361431632837
AT5G47077,0.1022361431632837
AT5G47080,0.8154359929543988
AT5G47090,0.6732918834542185
AT5G47100,0.48429318683444933
AT5G47110,0.9990972915158554
AT5G47120,0.6836249492226709
AT5G47130,0.3266031837391174
AT5G47140,0.3991564702824757
AT5G47150,0.1019935489625394
AT5G47160,0.43947752687924924
AT5G47170,0.2955122764318745
AT5G47175,0.1131489638031855
AT5G47180,0.44879607997204085
AT5G47190,0.6265255329868097
AT5G47200,0.5999106215805128
AT5G47210,1.1169892276898241
AT5G47220,0.30538439343904455
AT5G47229,0.1022361431632837
AT5G47230,0.43435550710087184
AT5G47240,0.9556586243040717
AT5G47250,0.46768675934411674
AT5G47260,0.5378620195088363
AT5G47280,0.1022361431632837
AT5G47290,0.1022361431632837
AT5G47300,0.1022361431632837
AT5G47310,0.7690059653303098
AT5G47320,0.8605598578221798
AT5G47330,0.1520510679185781
AT5G47340,0.1022361431632837
AT5G47350,0.4079785788158848
AT5G47360,0.3071812577803848
AT5G47370,0.5820988996570404
AT5G47380,0.12132071058404881
AT5G47390,0.3782381813225594
AT5G47400,0.3773349389614708
AT5G47420,0.46954638143034877
AT5G47430,0.5647407935885678
AT5G47435,0.863885176188393
AT5G47440,0.35339225847483235
AT5G47450,1.7341243877889623
AT5G47455,0.42649985528426826
AT5G47460,0.33403134373580057
AT5G47470,0.13209256407566228
AT5G47480,0.40240794955051973
AT5G47490,0.3802102708770712
AT5G47500,0.6278350702552546
AT5G47510,0.5791170807472307
AT5G47520,0.48131579569842076
AT5G47530,0.5049098678676182
AT5G47540,0.3828895044128203
AT5G47550,0.7208797820132016
AT5G47560,0.45435720323824474
AT5G47570,0.48399849248868954
AT5G47580,0.3639571828793457
AT5G47590,0.2663855514900897
AT5G47600,0.3027840296628463
AT5G47610,0.3818735204782916
AT5G47620,0.4215287010028822
AT5G47630,0.5431545497751284
AT5G47635,0.6231187165866944
AT5G47640,0.44794456462734056
AT5G47650,0.40231315893366243
AT5G47660,0.2996287728868118
AT5G47670,0.12051586258833959
AT5G47680,0.7912542671054988
AT5G47690,0.5513919473996625
AT5G47700,0.6515717177704916
AT5G47710,0.32700985770099233
AT5G47720,0.6736081221950598
AT5G47730,0.6785842390775642
AT5G47740,0.5684115639192142
AT5G47750,0.4901429767851333
AT5G47760,0.47180282214415126
AT5G47770,0.7811635785881494
AT5G47780,0.9781626734494948
AT5G47790,0.4450523687866301
AT5G47800,0.4187023650296456
AT5G47810,0.8552702442465699
AT5G47820,0.5513922418667778
AT5G47830,0.3901329512024596
AT5G47840,0.47956798281385216
AT5G47850,0.1280615182874551
AT5G47860,0.32948065594563525
AT5G47870,0.6089223508567694
AT5G47880,0.37438280659058787
AT5G47890,0.763482117908679
AT5G47900,0.2231037869226096
AT5G47910,0.5515735532317201
AT5G47920,0.47979935728622164
AT5G47930,0.8206965698984776
AT5G47940,0.5154664996105881
AT5G47950,0.6511431693549893
AT5G47960,0.45995108051566613
AT5G47970,0.5588965960628074
AT5G47980,0.43586072394053477
AT5G47990,1.329898312659671
AT5G48000,1.4053682960281924
AT5G48010,1.2908837229292491
AT5G48020,0.47185222623495027
AT5G48030,0.798498103020194
AT5G48040,0.4432307277970939
AT5G48050,0.1896667498365231
AT5G48060,0.4659527295580878
AT5G48070,1.1520884755479348
AT5G48090,0.361745281916023
AT5G48100,0.458924377667104
AT5G48110,0.9163330017974133
AT5G48120,0.4200290597702112
AT5G48130,0.3125901974224638
AT5G48140,0.1022361431632837
AT5G48150,0.5250303448451719
AT5G48160,1.33534707326354
AT5G48170,0.3470005450697904
AT5G48175,0.3690610578871869
AT5G48180,0.9423273359751051
AT5G48190,0.1016524999438922
AT5G48200,0.1022361431632837
AT5G48205,0.1022361431632837
AT5G48210,0.1022361431632837
AT5G48220,0.2955321209201354
AT5G48230,0.6359208318008971
AT5G48240,0.7687687096356035
AT5G48250,0.29406206684382746
AT5G48270,0.1022361431632837
AT5G48280,0.1322463990210532
AT5G48290,0.5693731823389577
AT5G48300,0.6811283340035756
AT5G48310,0.5464478540695391
AT5G48320,0.3808822861570249
AT5G48330,0.4336735932687022
AT5G48335,0.45740309006730007
AT5G48340,0.5438131357165822
AT5G48350,0.21193649143577348
AT5G48360,0.5602321829268843
AT5G48370,0.3367649328202631
AT5G48375,0.1022361431632837
AT5G48380,0.6027338263261361
AT5G48385,0.48628812845738256
AT5G48390,0.257263380699705
AT5G48400,0.2306678909312749
AT5G48410,0.398048914739687
AT5G48412,1.1839755799116567
AT5G48420,0.1022361431632837
AT5G48430,0.4672402149531564
AT5G48440,0.4633954623420293
AT5G48450,0.5517534090119209
AT5G48460,0.7506746879026907
AT5G48465,0.1022361431632837
AT5G48470,0.3903531968165803
AT5G48480,0.9038351473581274
AT5G48485,1.756426290188672
AT5G48490,0.1019935489625394
AT5G48500,0.6605365124626342
AT5G48510,0.1753494179839161
AT5G48515,0.1022361431632837
AT5G48520,0.3783348351487443
AT5G48530,0.929956585689642
AT5G48540,0.599057164972333
AT5G48543,0.23607702851389578
AT5G48545,0.507817855967523
AT5G48550,0.1022361431632837
AT5G48560,0.550899910543744
AT5G48570,0.5589706689635593
AT5G48575,0.1022361431632837
AT5G48580,0.7005439679206846
AT5G48590,0.4168648467288055
AT5G48595,0.1022361431632837
AT5G48600,0.6260512934066489
AT5G48605,0.1019935489625394
AT5G48610,0.5259159263036156
AT5G48620,0.4867634204249114
AT5G48630,0.5386732600533679
AT5G48640,0.7032787242617512
AT5G48650,0.3910046658528027
AT5G48655,0.36273812555144147
AT5G48657,0.6758364412586515
AT5G48660,0.7518763401257116
AT5G48670,0.378630079475321
AT5G48680,0.6006328437390837
AT5G48690,0.3066710911220198
AT5G48700,0.2104657696230281
AT5G48710,0.1016524999438922
AT5G48720,0.5634442492031456
AT5G48730,0.3692294265272701
AT5G48740,0.3901186696793132
AT5G48750,0.1022361431632837
AT5G48760,0.9086022575971859
AT5G48770,0.1726859197893825
AT5G48775,0.5074744077006008
AT5G48780,0.407391172866448
AT5G48790,0.4880253673560078
AT5G48800,0.7735337833900904
AT5G48810,0.6459583657488888
AT5G48820,0.4254119341797034
AT5G48830,0.278908843474826
AT5G48840,0.4172675118473151
AT5G48850,0.4777117003736424
AT5G48860,0.1022361431632837
AT5G48870,1.020017382756316
AT5G48880,1.2750315516737087
AT5G48890,0.1470068400191658
AT5G48900,0.5364109544947621
AT5G48905,0.1022361431632837
AT5G48910,0.3675108401241144
AT5G48920,0.6080817633197118
AT5G48930,1.06582336833249
AT5G48940,0.6447562556563392
AT5G48945,0.1019935489625394
AT5G48950,0.2254017722317356
AT5G48953,0.11935292321073909
AT5G48960,0.37666153316267953
AT5G48970,0.40361289487816143
AT5G48980,0.1826012473536671
AT5G48990,0.36410282566244306
AT5G49000,0.32021073914035236
AT5G49010,0.4384186731361296
AT5G49015,0.25243399003575795
AT5G49020,0.4578534218634679
AT5G49030,0.5260854037465493
AT5G49040,0.1022361431632837
AT5G49050,0.1001810529850545
AT5G49060,0.3974532624544327
AT5G49070,0.1022361431632837
AT5G49100,0.6989895663178834
AT5G49110,0.4866773949649232
AT5G49120,0.287809901642198
AT5G49130,0.1016524999438922
AT5G49138,0.2323012133293294
AT5G49140,0.2095813380466678
AT5G49150,0.18578645426403279
AT5G49152,0.1872907905217495
AT5G49160,0.6797552470372423
AT5G49170,0.2056634194502155
AT5G49180,0.1022361431632837
AT5G49190,0.2816633166812136
AT5G49200,0.13175362164567828
AT5G49210,0.5843462529555952
AT5G49215,0.38914331701190386
AT5G49220,0.371805192145386
AT5G49230,0.4064125858028713
AT5G49240,0.1303387915158939
AT5G49250,0.8623143723522181
AT5G49260,0.1022361431632837
AT5G49270,0.48174007345420194
AT5G49280,0.6583723600002607
AT5G49290,0.3126216834473594
AT5G49300,0.7846078961189455
AT5G49305,0.2417687632727527
AT5G49310,0.1022361431632837
AT5G49320,0.437079719836122
AT5G49330,0.10860853512898909
AT5G49340,0.3403562077230775
AT5G49350,0.5481488882676204
AT5G49360,1.0071448783761463
AT5G49390,0.3046275167351979
AT5G49400,0.6979979238488431
AT5G49410,0.35381167298546196
AT5G49420,0.1022361431632837
AT5G49430,0.3848691259928677
AT5G49440,0.5726323175789436
AT5G49450,1.246155215265908
AT5G49460,0.5308317592282767
AT5G49470,0.36381157425151056
AT5G49480,0.7892655815697104
AT5G49490,0.1022361431632837
AT5G49500,0.3432323314128436
AT5G49510,0.6856480290984333
AT5G49520,0.48820947284210714
AT5G49525,0.2789746978057514
AT5G49530,0.5371600393515286
AT5G49540,0.6317837300206692
AT5G49550,0.5274461786291095
AT5G49555,0.43588608362160697
AT5G49560,0.4693336482323328
AT5G49570,0.3789943359725707
AT5G49580,0.3488377822951384
AT5G49590,0.10134379978257319
AT5G49600,0.1022361431632837
AT5G49610,0.361058614730766
AT5G49615,0.1019935489625394
AT5G49620,0.3242157548218484
AT5G49630,1.0294020883685489
AT5G49640,0.49827627160021226
AT5G49645,0.5873665348965548
AT5G49650,0.4345768548236374
AT5G49660,0.35510093388087033
AT5G49665,0.4138519562810901
AT5G49680,0.5941401934770645
AT5G49690,0.4782482715820412
AT5G49700,0.5061389588732904
AT5G49710,0.7797076539133287
AT5G49720,0.8568859277069638
AT5G49730,0.4673224381352049
AT5G49740,0.2671637484686822
AT5G49750,0.1022361431632837
AT5G49760,0.6022841492356583
AT5G49770,0.44275864905559437
AT5G49780,0.362912437292627
AT5G49800,0.5603790201392385
AT5G49810,0.5032204809342478
AT5G49820,0.552344200245691
AT5G49830,0.3651832035556356
AT5G49840,0.283450669122575
AT5G49850,0.5366497621275843
AT5G49860,0.2260199104829485
AT5G49870,0.6433514698695729
AT5G49880,0.38880577845288955
AT5G49890,0.6145656153778282
AT5G49900,0.41359065944899404
AT5G49910,0.6138533584028691
AT5G49920,0.1817205625049535
AT5G49930,0.4266218901393299
AT5G49940,0.6226191184837324
AT5G49945,0.4309196340730671
AT5G49950,0.45499849337830156
AT5G49960,0.38563447913953436
AT5G49970,0.6877086132966774
AT5G49980,0.4414863065761302
AT5G49990,1.3732203655378694
AT5G50000,0.6806820846151933
AT5G50010,0.876606282087527
AT5G50020,0.5082277527097243
AT5G50030,0.1207235735216873
AT5G50040,0.1022361431632837
AT5G50050,0.1019935489625394
AT5G50060,0.1716459098917245
AT5G50070,0.1022361431632837
AT5G50080,0.1022361431632837
AT5G50090,0.6649532547383061
AT5G50100,0.5298336606231678
AT5G50110,0.37018989135468805
AT5G50115,0.2529683766866402
AT5G50120,0.49821408242997145
AT5G50130,0.5363412685155557
AT5G50140,0.1022361431632837
AT5G50150,0.5070622886767688
AT5G50160,0.2058422489404028
AT5G50170,0.5728101078608949
AT5G50175,0.3539558611157653
AT5G50180,0.9595347951463453
AT5G50190,0.1109819363193571
AT5G50200,1.3044619900739005
AT5G50210,0.443249771664164
AT5G50220,0.1022361431632837
AT5G50230,0.2970866943134799
AT5G50240,0.7085746835885798
AT5G50250,0.41554285518069456
AT5G50260,0.44896929148159204
AT5G50270,0.51302622612686
AT5G50280,0.3055874599877235
AT5G50290,1.6281874246567853
AT5G50300,0.4991196959618117
AT5G50310,0.9138139622948811
AT5G50320,0.6059841577458143
AT5G50330,0.4467537319814062
AT5G50335,0.2420427006281795
AT5G50340,0.20173545241081647
AT5G50345,0.1341429506095393
AT5G50350,0.42383291858192107
AT5G50360,0.9263218324462466
AT5G50361,0.1022361431632837
AT5G50365,0.1022361431632837
AT5G50370,0.5521408298588308
AT5G50375,0.6903762033174843
AT5G50380,0.45111346702989
AT5G50390,0.41135250581801
AT5G50400,0.42563433357881036
AT5G50410,0.44050327442610476
AT5G50420,0.4510495775365119
AT5G50423,0.1022361431632837
AT5G50430,0.5823930582929296
AT5G50440,0.2504208152945916
AT5G50443,0.47797932135981186
AT5G50450,0.34103391363482877
AT5G50460,0.780585724909379
AT5G50470,0.10134379978257319
AT5G50480,0.1022361431632837
AT5G50490,0.1192810902227059
AT5G50500,0.1022361431632837
AT5G50510,0.1022361431632837
AT5G50520,0.5177613289199418
AT5G50530,0.36953105301849287
AT5G50540,0.3528268014640361
AT5G50550,0.9416909379595126
AT5G50560,1.239993059508505
AT5G50562,0.12797439653901388
AT5G50565,1.142377111962534
AT5G50570,0.3121882263206641
AT5G50580,0.169252685139202
AT5G50590,0.6853909935043174
AT5G50600,3.117818691281686
AT5G50610,0.1489127866251238
AT5G50640,0.1889301018975476
AT5G50665,1.2638635229457993
AT5G50670,0.597019181648557
AT5G50680,0.9704986097212388
AT5G50700,0.6266702550247469
AT5G50710,0.36179031921889476
AT5G50717,0.1022361431632837
AT5G50720,0.6761135935574721
AT5G50740,0.7554895614247672
AT5G50750,0.2320651473258627
AT5G50760,0.8235329310934894
AT5G50770,0.5922088226943427
AT5G50780,0.2620821100070129
AT5G50790,0.1022361431632837
AT5G50800,0.7503603347681815
AT5G50810,0.732853241900496
AT5G50820,0.754849242716175
AT5G50830,0.1019935489625394
AT5G50840,0.5730410886099626
AT5G50850,1.0299103332088713
AT5G50860,0.4187181206653216
AT5G50870,0.4944458239757741
AT5G50890,0.556033523003328
AT5G50900,0.5489850356017085
AT5G50910,0.1022361431632837
AT5G50915,0.1732737757646316
AT5G50920,0.5479107174756808
AT5G50930,0.37595919656350385
AT5G50940,0.1782576800035492
AT5G50950,0.6217532107370737
AT5G50960,0.44803069536821216
AT5G50970,0.5149896125019578
AT5G50990,0.3604386592248321
AT5G51000,0.1264933125628924
AT5G51010,0.5260343933774241
AT5G51020,0.3163522470534536
AT5G51030,0.2218739886048084
AT5G51040,0.9642652487402337
AT5G51050,0.38664150477501136
AT5G51060,0.4535344167930674
AT5G51070,0.3067971177192369
AT5G51080,0.3814922612913798
AT5G51090,0.1154904052549252
AT5G51100,0.7067408466506722
AT5G51105,0.1022361431632837
AT5G51110,0.5798878108496353
AT5G51120,0.5361126263431204
AT5G51130,0.5271133513248772
AT5G51140,0.5254619815544535
AT5G51150,0.47727585286145563
AT5G51160,0.3202817547818121
AT5G51170,0.337778930859234
AT5G51174,0.34191960905083035
AT5G51180,0.4021055232889458
AT5G51190,0.2294934443297623
AT5G51195,0.1022361431632837
AT5G51200,0.49311378181473714
AT5G51210,0.5291900905824934
AT5G51220,0.841967960035172
AT5G51230,0.3929977532102667
AT5G51250,0.1019935489625394
AT5G51260,0.31409298156917387
AT5G51270,0.2603323232851194
AT5G51280,0.4165836821573514
AT5G51290,0.367141975413004
AT5G51300,0.4529541542229929
AT5G51310,0.4263689269409956
AT5G51330,0.280473864503151
AT5G51340,0.3890831264795679
AT5G51350,0.5798694054822857
AT5G51360,0.1022361431632837
AT5G51370,0.3626645807230338
AT5G51380,0.3556486318404495
AT5G51390,0.5651751986765243
AT5G51400,0.6499260741570643
AT5G51410,0.4306163060936441
AT5G51420,0.1022361431632837
AT5G51430,0.4839776992140665
AT5G51440,0.49747355862689907
AT5G51450,0.48784897397283616
AT5G51451,0.4014505067944979
AT5G51460,0.4941866406059608
AT5G51465,0.25309636716207407
AT5G51470,0.6439921245577958
AT5G51480,0.144080122447164
AT5G51490,0.3962459432002774
AT5G51500,0.3798307528878438
AT5G51510,0.4033043901203852
AT5G51520,0.3669327423358541
AT5G51530,0.1562679161765855
AT5G51540,0.47282077275956685
AT5G51545,0.3020638626006311
AT5G51550,1.3074444448933435
AT5G51560,0.34545836650106704
AT5G51570,0.3797783393018235
AT5G51580,0.6057688508506949
AT5G51585,0.2422162019902728
AT5G51590,0.3874534066548573
AT5G51600,0.43086887940148233
AT5G51610,0.1019935489625394
AT5G51620,1.5787423402292076
AT5G51630,0.9067331486934675
AT5G51640,0.46022238282547456
AT5G51650,0.1016524999438922
AT5G51660,0.4687839188543849
AT5G51670,0.3583796220834359
AT5G51680,0.5912575910815066
AT5G51690,0.4104564447946923
AT5G51700,0.33090449316284165
AT5G51710,0.31729595827041956
AT5G51720,0.1819673890982497
AT5G51730,0.559055214744217
AT5G51740,0.47062235995543433
AT5G51750,0.6521272393511736
AT5G51760,1.0371733612155705
AT5G51770,0.3582520104093909
AT5G51780,0.7281372045423333
AT5G51790,0.42463666021508084
AT5G51795,0.6184297673086042
AT5G51800,0.17636418759757438
AT5G51810,0.3596571671962878
AT5G51820,0.263959187441985
AT5G51830,0.4278198768083301
AT5G51840,0.6776956126626198
AT5G51845,0.1022361431632837
AT5G51850,0.1477462916218924
AT5G51860,0.1391888719385291
AT5G51870,0.4439737056352643
AT5G51880,0.5839754167454043
AT5G51890,0.500274178067379
AT5G51900,0.1022361431632837
AT5G51910,0.2774537522532036
AT5G51915,0.1328278912685166
AT5G51920,0.3921232528275601
AT5G51930,0.4502028101449047
AT5G51940,0.8183851968393921
AT5G51950,0.14930437178864808
AT5G51960,0.7360820233080121
AT5G51970,0.6608641373396089
AT5G51980,0.6004041167988519
AT5G51990,0.1019935489625394
AT5G52000,0.1022361431632837
AT5G52010,0.4065163199206121
AT5G52020,0.4794503807218894
AT5G52030,0.36460838229017656
AT5G52040,0.6587762582880647
AT5G52045,0.1281406378653135
AT5G52050,0.2501192219010594
AT5G52060,0.8089957821568309
AT5G52070,0.8157245298460402
AT5G52080,0.1022361431632837
AT5G52090,0.1022361431632837
AT5G52100,0.1593985993131049
AT5G52110,0.38661572943731787
AT5G52115,0.1022361431632837
AT5G52120,0.6282445794942169
AT5G52130,0.1022361431632837
AT5G52140,0.1022361431632837
AT5G52150,0.1022361431632837
AT5G52155,0.1022361431632837
AT5G52160,0.329665086898219
AT5G52170,0.6238726931369868
AT5G52180,0.526883438478057
AT5G52190,0.3974237266605759
AT5G52200,0.9447982976779855
AT5G52210,0.6666065293903933
AT5G52220,0.5954758998128705
AT5G52230,0.27114769032502006
AT5G52240,0.71188554269657
AT5G52250,0.5136805249425834
AT5G52260,0.4261321469370377
AT5G52270,0.4039788855369449
AT5G52280,0.9289237229697516
AT5G52290,0.1456116054618106
AT5G52300,0.8764396970023697
AT5G52310,0.640552903581563
AT5G52320,0.4441068892096808
AT5G52330,0.3585608824830498
AT5G52340,0.1431856278982846
AT5G52350,0.1019935489625394
AT5G52360,0.1022361431632837
AT5G52370,0.5281809351536384
AT5G52380,0.6802632659223886
AT5G52390,0.559112247814177
AT5G52400,0.1777763366985728
AT5G52410,0.4087151962256205
AT5G52420,0.9286192988657147
AT5G52430,0.6713598104630718
AT5G52440,0.4155348017431735
AT5G52450,0.2744668388887145
AT5G52460,0.1022361431632837
AT5G52470,0.6890004556899991
AT5G52471,0.1953939343216813
AT5G52480,0.1022361431632837
AT5G52490,0.1022361431632837
AT5G52500,0.131776401463622
AT5G52510,0.5446296727830807
AT5G52520,0.366030314924138
AT5G52530,0.36133577126806715
AT5G52540,0.875600734981567
AT5G52545,0.34629294696295054
AT5G52547,0.5219109980335285
AT5G52550,0.4820027946340913
AT5G52560,0.316930293985659
AT5G52570,0.2112494551147286
AT5G52580,0.363536285468693
AT5G52600,0.2557565413366617
AT5G52605,0.1022361431632837
AT5G52610,0.1022361431632837
AT5G52620,0.1057393248834279
AT5G52630,0.4030199554260058
AT5G52640,1.415666069134697
AT5G52650,0.6430461016804734
AT5G52655,0.09671034565749329
AT5G52660,0.2738291855348264
AT5G52670,0.798499981905653
AT5G52680,0.2695742093944475
AT5G52690,0.2862742886361711
AT5G52700,0.1022361431632837
AT5G52710,0.4144873830301884
AT5G52720,0.24404627901997
AT5G52730,0.1022361431632837
AT5G52740,0.1022361431632837
AT5G52750,0.3783665031588867
AT5G52760,0.2315685505026808
AT5G52770,0.1022361431632837
AT5G52780,0.33791744456779
AT5G52790,0.6062101113685087
AT5G52797,0.1257375148049592
AT5G52800,0.3155327583114654
AT5G52810,0.4786509373863387
AT5G52820,0.538107240978478
AT5G52830,0.5365137443648129
AT5G52840,0.52630594522785
AT5G52850,0.3598684243967726
AT5G52860,0.2657963730612518
AT5G52870,0.7052888254012722
AT5G52880,0.39961165839817553
AT5G52882,0.8914535469726788
AT5G52890,0.2209145154975595
AT5G52900,0.4142741293054627
AT5G52910,0.3669276329939498
AT5G52920,0.5847047564669823
AT5G52930,0.1019935489625394
AT5G52940,0.1153661929014056
AT5G52950,0.3749419195161403
AT5G52960,0.4819915377336187
AT5G52965,0.1019935489625394
AT5G52970,0.49391900884784795
AT5G52975,0.10075254141967468
AT5G52980,0.5108365456846228
AT5G52990,0.8594838426478919
AT5G53000,0.503372453050752
AT5G53010,0.3686277256650778
AT5G53020,0.42783289030926663
AT5G53030,0.17872513528561032
AT5G53040,0.1022361431632837
AT5G53045,0.4565521733685427
AT5G53048,0.3679138464149041
AT5G53050,0.3362563845588813
AT5G53060,0.29230355895041704
AT5G53070,0.8874675683691886
AT5G53080,0.32278728404969126
AT5G53090,0.38408320067782775
AT5G53100,0.20166799182517658
AT5G53110,0.7392279984735061
AT5G53120,0.6380473760847785
AT5G53130,0.2990602303949221
AT5G53140,0.7439906858862535
AT5G53150,0.5611607558506769
AT5G53160,0.7595160474450378
AT5G53170,0.5346731500210234
AT5G53180,0.42394919026286926
AT5G53190,0.5023661997067266
AT5G53200,0.2873907998762459
AT5G53210,0.1601454644845805
AT5G53220,0.2938408344907669
AT5G53230,0.1022361431632837
AT5G53240,0.1019935489625394
AT5G53250,0.9336563701992406
AT5G53260,0.7237294755806973
AT5G53270,0.2107158322983761
AT5G53280,0.9409582102064825
AT5G53290,0.45094222056923383
AT5G53300,0.570543069924752
AT5G53310,0.4788834738057175
AT5G53320,0.5214322326554908
AT5G53330,0.5872656859261471
AT5G53340,0.3047184972653322
AT5G53350,0.6033821089918295
AT5G53360,0.49930147587274737
AT5G53370,0.9220412660044806
AT5G53380,0.1022361431632837
AT5G53390,0.1022361431632837
AT5G53400,0.8240395911131008
AT5G53410,0.1022361431632837
AT5G53420,0.5614171625447026
AT5G53430,0.4728112115171116
AT5G53440,0.5307701263360364
AT5G53450,0.7982148993158613
AT5G53460,0.8033026005681569
AT5G53470,0.38183878384062575
AT5G53480,0.6462788917447262
AT5G53486,0.3965969413405453
AT5G53490,0.3989599791501451
AT5G53500,0.26236674282211536
AT5G53510,0.1022361431632837
AT5G53520,0.1022361431632837
AT5G53530,0.697765082072194
AT5G53540,0.45952612415014266
AT5G53550,0.47038971732426715
AT5G53560,0.9233176751893271
AT5G53570,0.415760445977184
AT5G53580,0.6738370023567013
AT5G53590,0.7636832840918697
AT5G53592,0.1264257799653331
AT5G53600,0.1448623943894025
AT5G53610,0.1019935489625394
AT5G53620,0.4218494304846352
AT5G53635,0.1022361431632837
AT5G53637,0.1022361431632837
AT5G53640,0.1022361431632837
AT5G53650,0.6411011989725819
AT5G53660,0.1466786922531416
AT5G53670,0.1022361431632837
AT5G53680,0.1022361431632837
AT5G53700,0.2394553224535563
AT5G53710,0.27944442725676244
AT5G53720,0.1022361431632837
AT5G53730,0.583951348571383
AT5G53740,0.30536890689042173
AT5G53742,0.1022361431632837
AT5G53750,0.3556279658719053
AT5G53760,0.6167841639835527
AT5G53770,0.6996895813017978
AT5G53780,0.1022361431632837
AT5G53790,0.1022361431632837
AT5G53800,0.6162792198227303
AT5G53810,0.450727362109285
AT5G53820,0.9529415771815033
AT5G53830,0.7719835319474917
AT5G53840,0.1019935489625394
AT5G53850,0.44332081588300287
AT5G53860,0.3877844566688262
AT5G53870,0.11027255614707039
AT5G53880,1.632104054276593
AT5G53890,0.32718163944804945
AT5G53895,1.2150883913610517
AT5G53900,0.6293711247144738
AT5G53902,0.1763950023378548
AT5G53905,0.1203536059982043
AT5G53910,0.1022361431632837
AT5G53920,0.4966760807467001
AT5G53930,0.5845962304992501
AT5G53940,0.6418796016584056
AT5G53950,0.1200348125362114
AT5G53960,0.1022361431632837
AT5G53970,0.5040318857990467
AT5G53980,0.8480689091755338
AT5G53990,0.4387353478391041
AT5G54000,0.8486455284085652
AT5G54010,0.1022361431632837
AT5G54020,0.6297796865694109
AT5G54030,0.4184583641948477
AT5G54035,0.11877467881236718
AT5G54040,0.9367080186858665
AT5G54043,0.1022361431632837
AT5G54050,0.39407770065125847
AT5G54060,0.3096286174051364
AT5G54062,0.1673831710494676
AT5G54067,0.1022361431632837
AT5G54070,0.5552250171303007
AT5G54075,0.40462336214669725
AT5G54080,0.6351767243806213
AT5G54090,0.2881810736626367
AT5G54095,0.3240402553327312
AT5G54100,0.42683943110338396
AT5G54110,0.5237558561502891
AT5G54130,0.8450579975320365
AT5G54140,0.4071571844965887
AT5G54145,1.0893179864910105
AT5G54148,0.1301147097370126
AT5G54150,0.1022361431632837
AT5G54160,1.0058567098763471
AT5G54165,0.4173960701877779
AT5G54170,0.457949788043015
AT5G54180,0.5481975917635005
AT5G54190,0.13770324071790369
AT5G54200,0.3686254129279085
AT5G54210,0.1022361431632837
AT5G54215,0.1022361431632837
AT5G54220,0.1022361431632837
AT5G54225,0.1022361431632837
AT5G54230,0.703711181655644
AT5G54240,0.3980764652508915
AT5G54250,0.3553198650254592
AT5G54260,0.3049765432326842
AT5G54270,1.2206690417788357
AT5G54280,0.5532265430263635
AT5G54290,0.30513764814134364
AT5G54300,0.3872828922485736
AT5G54310,0.5731585277667446
AT5G54320,0.1022361431632837
AT5G54330,0.1022361431632837
AT5G54340,0.1022361431632837
AT5G54350,0.1022361431632837
AT5G54360,0.1022361431632837
AT5G54370,1.7075488501385667
AT5G54380,0.6573305276506969
AT5G54390,1.0092512512318417
AT5G54400,0.3974806541205864
AT5G54410,0.1019935489625394
AT5G54420,0.1022361431632837
AT5G54430,0.6684629561054791
AT5G54440,0.4254309468343467
AT5G54450,0.1022361431632837
AT5G54460,0.1022361431632837
AT5G54470,0.3675005844920818
AT5G54480,0.1022361431632837
AT5G54490,0.8162619825775634
AT5G54500,0.7350004726007535
AT5G54510,0.6898100198217492
AT5G54520,0.4553169041958553
AT5G54530,0.3909469740471721
AT5G54540,0.5655408859556307
AT5G54550,0.1019935489625394
AT5G54560,0.1019935489625394
AT5G54569,0.2757530664651949
AT5G54570,0.214828054486093
AT5G54580,0.7438762105118426
AT5G54585,0.4352449060935234
AT5G54590,0.38540721993316407
AT5G54600,0.8028112428830971
AT5G54610,0.1022361431632837
AT5G54620,0.3085108749657675
AT5G54630,0.1861669605109205
AT5G54640,0.6890938598991712
AT5G54650,0.3770988152164394
AT5G54660,0.4755011121704885
AT5G54670,0.5661313071952803
AT5G54680,0.5279035654671411
AT5G54690,0.5456744530979488
AT5G54700,0.3044142532617429
AT5G54710,0.2273382929522223
AT5G54720,0.3268404857529823
AT5G54730,0.3893475927338566
AT5G54740,3.713673067338033
AT5G54745,0.107597381550393
AT5G54750,0.6624759970037986
AT5G54760,0.746674672742933
AT5G54770,1.3176472994578594
AT5G54780,0.46159767112922456
AT5G54790,0.96515453997837
AT5G54800,0.8398019539360899
AT5G54810,0.764063943684494
AT5G54820,0.1022361431632837
AT5G54830,0.37917685992580863
AT5G54840,0.746507722797658
AT5G54850,0.48326410331433084
AT5G54855,0.5985005940606662
AT5G54860,0.4330622342470792
AT5G54870,0.4168603071607413
AT5G54880,0.335837096232458
AT5G54890,0.36776357754342515
AT5G54900,0.6193993109585305
AT5G54910,0.4817739588877919
AT5G54920,0.5682614966747425
AT5G54930,0.3326192781014895
AT5G54940,0.6220908514794896
AT5G54950,0.1119488418044617
AT5G54960,0.885589613400749
AT5G54970,0.7508519402505418
AT5G54980,0.7113054831692133
AT5G54990,0.1022361431632837
AT5G55000,0.3663554672846175
AT5G55010,0.12781049780883358
AT5G55020,0.1956239978447622
AT5G55040,0.30480670411239796
AT5G55050,0.5886938453303419
AT5G55060,0.35660778922142866
AT5G55070,0.6122962202088214
AT5G55080,0.1019935489625394
AT5G55090,0.3350333494824155
AT5G55100,0.45329609528702036
AT5G55110,0.5586762779759417
AT5G55120,0.685678900672307
AT5G55125,0.6717512768659295
AT5G55130,0.3982299745973813
AT5G55131,0.1022361431632837
AT5G55132,0.1022361431632837
AT5G55135,0.8382227867523216
AT5G55140,0.4786135759716095
AT5G55150,0.1542918363391675
AT5G55160,0.5825870986691606
AT5G55170,0.32497987275899315
AT5G55180,1.0778241954875134
AT5G55190,0.5073075775501885
AT5G55200,0.31917661084953475
AT5G55210,0.42815686941430664
AT5G55220,0.44590313966269196
AT5G55230,0.3904046622553068
AT5G55240,2.6652178214162543
AT5G55250,0.606104775412261
AT5G55260,1.063547423587191
AT5G55270,0.1706532777016167
AT5G55280,0.473777757133913
AT5G55290,0.5970062712591697
AT5G55300,0.8084623743974354
AT5G55310,0.49522784816821064
AT5G55320,0.1287175551068876
AT5G55330,0.1022361431632837
AT5G55340,0.28577784421133523
AT5G55350,0.3390363537692116
AT5G55360,0.2453445582817711
AT5G55370,0.621790073923753
AT5G55380,0.3263457653171632
AT5G55390,0.3881279664620319
AT5G55400,0.29758016749021343
AT5G55410,1.1621770818801935
AT5G55430,0.1061150198826297
AT5G55440,0.1022361431632837
AT5G55450,0.15237042812910678
AT5G55460,0.168373030664867
AT5G55470,0.7298837558551589
AT5G55480,0.6516087470249379
AT5G55490,0.2780861811667682
AT5G55500,0.4340031081223428
AT5G55507,0.2344536778083383
AT5G55508,0.1022361431632837
AT5G55510,0.4987918746524471
AT5G55520,0.43027443939103915
AT5G55530,0.4344448316202596
AT5G55540,0.38240753720525605
AT5G55550,0.709517067793631
AT5G55560,0.37809281022436747
AT5G55565,0.1022361431632837
AT5G55570,0.2349368517591368
AT5G55580,0.23336879837004498
AT5G55590,0.5067530055654395
AT5G55600,0.43503431771643153
AT5G55610,0.5503191771888698
AT5G55620,0.3855976066494256
AT5G55630,0.4643342539356067
AT5G55640,0.7787101810709525
AT5G55650,0.5480418738026759
AT5G55660,0.9781105478227341
AT5G55670,0.5629123363016784
AT5G55680,0.37726345568695346
AT5G55690,0.1022361431632837
AT5G55700,0.44673332088502227
AT5G55710,0.5365259963443524
AT5G55720,0.134847080448801
AT5G55730,0.5143453551951869
AT5G55740,0.3099887206865243
AT5G55750,0.8066808081778438
AT5G55760,0.47991939434936337
AT5G55770,0.393489680859422
AT5G55780,0.6836284405492334
AT5G55790,1.275215088111102
AT5G55800,0.1490009991838211
AT5G55810,0.630016638153861
AT5G55820,0.5217584816491674
AT5G55830,0.2789878432018567
AT5G55835,0.1141070566990357
AT5G55840,0.3111561552480277
AT5G55850,0.8187253890063837
AT5G55855,0.1022361431632837
AT5G55856,0.1019935489625394
AT5G55860,0.4378979836079433
AT5G55870,0.1022361431632837
AT5G55880,0.1837432140781938
AT5G55893,0.1856004288352286
AT5G55900,0.33079072942012744
AT5G55910,0.4906004007320688
AT5G55920,0.9757299894374065
AT5G55930,0.2605044781700444
AT5G55940,0.5840974001688579
AT5G55950,0.36679343183967045
AT5G55960,0.5204404323401493
AT5G55970,0.564345142754096
AT5G55980,0.1397066657485022
AT5G55990,0.5069446757712394
AT5G56000,0.6626050204955242
AT5G56010,0.80539926288334
AT5G56020,0.5621543809142692
AT5G56030,1.3462585406813632
AT5G56040,0.7338839863642701
AT5G56050,0.5257607163870717
AT5G56060,0.1169479189156204
AT5G56070,0.1022361431632837
AT5G56075,0.1019935489625394
AT5G56080,1.2587425703117539
AT5G56090,0.491252954856941
AT5G56100,1.1232861579011229
AT5G56110,0.1019935489625394
AT5G56120,0.7648588086438332
AT5G56130,0.5683699887052277
AT5G56140,0.774518669255828
AT5G56150,0.7234546919772109
AT5G56160,0.4029138808355613
AT5G56170,0.6573109221311737
AT5G56180,0.5124773539035954
AT5G56190,0.3970289857992544
AT5G56200,0.341048111360932
AT5G56210,0.31386660102365277
AT5G56220,0.4293756108362333
AT5G56230,0.4873419046406724
AT5G56240,0.4976761301410053
AT5G56250,0.7970688495507302
AT5G56260,0.6599596584294626
AT5G56270,0.2348895156502578
AT5G56280,0.4294850297582229
AT5G56290,0.30489249557039133
AT5G56300,0.1019935489625394
AT5G56310,0.3142452265290439
AT5G56320,0.9640891329417302
AT5G56325,0.1022361431632837
AT5G56330,0.1019935489625394
AT5G56340,0.36951513289733373
AT5G56350,0.630840779507267
AT5G56360,1.0920591970287286
AT5G56368,0.1325524884081945
AT5G56369,0.1022361431632837
AT5G56370,0.6590760912125844
AT5G56380,0.8046848285022117
AT5G56390,0.1022361431632837
AT5G56400,0.1022361431632837
AT5G56410,0.1022361431632837
AT5G56420,0.36812785154689887
AT5G56430,0.1022361431632837
AT5G56440,0.1022361431632837
AT5G56450,0.28237483358657467
AT5G56452,0.1022361431632837
AT5G56460,0.5708782422439493
AT5G56470,0.1022361431632837
AT5G56480,0.1022361431632837
AT5G56490,0.1022361431632837
AT5G56500,0.5912024638234539
AT5G56510,0.23029185064971439
AT5G56520,0.3623002503213284
AT5G56530,0.7814954427571316
AT5G56540,1.227929480507362
AT5G56550,1.7423872711932544
AT5G56555,0.1022361431632837
AT5G56560,0.1022361431632837
AT5G56570,0.1022361431632837
AT5G56580,0.5912419292887099
AT5G56590,0.4177277895592806
AT5G56600,0.6273351873283461
AT5G56610,0.426862856384177
AT5G56620,0.3526122151965238
AT5G56630,0.551980370533615
AT5G56640,0.1149236974181614
AT5G56650,0.6906621446423904
AT5G56660,0.4658519762382438
AT5G56670,0.7538788271230428
AT5G56680,0.5718052454938647
AT5G56690,0.1022361431632837
AT5G56700,0.2860561761729711
AT5G56710,0.9654355575011677
AT5G56720,0.3599390663096189
AT5G56730,0.4180292123371866
AT5G56740,0.3793251307774348
AT5G56750,0.6146759437155667
AT5G56760,1.1823038833049535
AT5G56770,0.1022361431632837
AT5G56780,0.5849418974202251
AT5G56790,0.32680792454163093
AT5G56795,0.8710912827998523
AT5G56800,0.1022361431632837
AT5G56810,0.3276022015189581
AT5G56820,0.1022361431632837
AT5G56840,0.3021638075900116
AT5G56850,0.1883598868967283
AT5G56860,0.2522542662334486
AT5G56870,1.0998343181819834
AT5G56880,0.1019935489625394
AT5G56890,0.4275821767215544
AT5G56900,0.3513856075779269
AT5G56910,0.9701706671929338
AT5G56920,0.1022361431632837
AT5G56930,0.4812032833268295
AT5G56940,0.46237204797824516
AT5G56950,1.3006094851501329
AT5G56960,0.1599551151099941
AT5G56970,0.3192218574342266
AT5G56980,1.1747674977423372
AT5G56985,0.22325893845179498
AT5G56990,0.2743568897653473
AT5G57000,0.5843133022190828
AT5G57010,0.4064182329831537
AT5G57015,0.2771034663956614
AT5G57020,0.6347330380184848
AT5G57030,0.4653114491997983
AT5G57035,0.4664319175164662
AT5G57040,0.5773797487375188
AT5G57050,0.34223783623579357
AT5G57060,0.6876215018342731
AT5G57070,0.7418756702258869
AT5G57080,0.4213743710439167
AT5G57090,0.6245591142898631
AT5G57100,0.7069232798979528
AT5G57110,0.5601055196648652
AT5G57120,1.235568158946708
AT5G57123,0.3495359950804043
AT5G57130,0.45564863563926533
AT5G57140,0.3620042555565537
AT5G57150,1.064139671197458
AT5G57160,0.3660445604364913
AT5G57170,0.3905144933163443
AT5G57180,0.5904771831912374
AT5G57190,0.3291101367592223
AT5G57200,0.2700891546379241
AT5G57210,0.2803297466484933
AT5G57220,0.2488053126607811
AT5G57230,0.4127624630468869
AT5G57240,0.3908732970140822
AT5G57250,0.4761700451955668
AT5G57260,0.5457769123110767
AT5G57270,0.5748653602620462
AT5G57280,0.5707558725815454
AT5G57290,0.6978756148692513
AT5G57300,0.4899427623565341
AT5G57320,0.2538021381303821
AT5G57330,0.8388859840458973
AT5G57340,0.7825863955650842
AT5G57345,0.4531635511974104
AT5G57350,0.39702235356403964
AT5G57360,0.6501601913086836
AT5G57370,0.39405059515065444
AT5G57380,0.15774398548402288
AT5G57390,0.5883237980513721
AT5G57400,0.2282185033175128
AT5G57410,0.35074847907476836
AT5G57420,0.4479871799505275
AT5G57440,0.7827836053560835
AT5G57450,0.311549243357134
AT5G57460,0.5783100321444402
AT5G57480,0.502011951628184
AT5G57490,0.4874579793275624
AT5G57500,0.32907483622401973
AT5G57510,0.283107532988571
AT5G57520,0.19744091729284868
AT5G57530,0.6722685372100027
AT5G57535,0.1022361431632837
AT5G57540,0.5178227413980907
AT5G57550,2.0369898806322153
AT5G57560,0.7693474396903287
AT5G57565,0.3805409430831755
AT5G57567,0.2966792332080274
AT5G57569,0.155955117107086
AT5G57570,0.1912300696897217
AT5G57580,0.34849868814850804
AT5G57590,0.4060997610145158
AT5G57610,0.3603021386080318
AT5G57620,0.4917756637462135
AT5G57625,1.1183608893321604
AT5G57630,0.9591922512968795
AT5G57640,0.2017276340686091
AT5G57650,0.1022361431632837
AT5G57655,0.5680746931313206
AT5G57660,0.4428559203162302
AT5G57670,0.3379925089762816
AT5G57685,0.742467376166044
AT5G57690,0.223204163765513
AT5G57700,0.4216945275358107
AT5G57710,0.5574472392866383
AT5G57720,0.1022361431632837
AT5G57735,0.1022361431632837
AT5G57740,0.6437043943322804
AT5G57750,0.1022361431632837
AT5G57760,0.2328204066718642
AT5G57770,0.40955170065012514
AT5G57780,0.40022631932387176
AT5G57785,1.7314653802029354
AT5G57790,1.2550231659472968
AT5G57800,0.45763555370921094
AT5G57810,0.2411472280428755
AT5G57815,0.5790254069124261
AT5G57820,0.2328745303431327
AT5G57830,0.4919866230637217
AT5G57840,0.5944572615843116
AT5G57850,0.5460726728377034
AT5G57860,0.5995524669533469
AT5G57870,0.6219131248285104
AT5G57880,0.29518675126118776
AT5G57887,1.0891312194404772
AT5G57890,0.6287961200934586
AT5G57900,0.4965635900151424
AT5G57910,0.6653153545318711
AT5G57920,0.3504686217830763
AT5G57930,0.5729711414572684
AT5G57940,0.5141493154890402
AT5G57950,0.4245936591851712
AT5G57960,0.30222199916454767
AT5G57970,0.37694748684632207
AT5G57980,0.5952448359466898
AT5G57990,0.5705187676306547
AT5G58000,0.8456204706109186
AT5G58003,0.223612645653777
AT5G58005,0.4814483405093548
AT5G58010,0.9674873539398645
AT5G58020,0.2683540765860868
AT5G58030,0.742348068207368
AT5G58040,0.5553835860562599
AT5G58050,0.1022361431632837
AT5G58060,0.7942141123974549
AT5G58070,0.8229055557874836
AT5G58080,0.1402280042772237
AT5G58090,0.5538305159092518
AT5G58100,0.4072155729374596
AT5G58110,0.5116142537618442
AT5G58120,0.3768748442621875
AT5G58130,0.8302172944025386
AT5G58140,0.6658586970566871
AT5G58150,0.7969170484128241
AT5G58160,0.5501388872375698
AT5G58170,0.1022361431632837
AT5G58180,0.5596883067518307
AT5G58190,0.28137777245937196
AT5G58200,0.6263248103250133
AT5G58210,0.5781150698304076
AT5G58220,0.4746572511612177
AT5G58230,0.47242063038887117
AT5G58240,0.517213910845763
AT5G58250,0.39033319038008785
AT5G58260,0.2506361124575086
AT5G58270,0.29069986138983067
AT5G58280,0.3996443907899273
AT5G58290,0.6396906999560317
AT5G58300,0.5910585802844245
AT5G58310,0.18139984574238968
AT5G58320,0.619287317804091
AT5G58330,0.7380743508541949
AT5G58340,0.3556006584917345
AT5G58350,0.43063384225517803
AT5G58360,0.48560567177098984
AT5G58370,0.7403915710635074
AT5G58375,0.796207846931396
AT5G58380,0.6987850080655421
AT5G58390,0.210107589216588
AT5G58400,0.1022361431632837
AT5G58410,0.7205965110299382
AT5G58412,0.1022361431632837
AT5G58420,0.6858376391992533
AT5G58430,0.490577705175838
AT5G58440,0.5222428765671226
AT5G58450,0.3765816886001102
AT5G58460,0.1019935489625394
AT5G58465,0.1016524999438922
AT5G58470,0.3759703359849443
AT5G58480,0.42184675146869544
AT5G58490,0.6403620728510278
AT5G58495,0.11827886536892519
AT5G58500,0.43167124156295045
AT5G58510,0.5698793611039968
AT5G58520,0.5392579862360314
AT5G58530,0.2866740052094481
AT5G58540,0.3442438742893215
AT5G58550,0.3398478188926727
AT5G58560,0.5218569557541546
AT5G58570,0.38844229464725444
AT5G58575,0.9651196410145386
AT5G58580,0.3069569962398469
AT5G58590,0.9575628483011083
AT5G58595,0.28046880279905473
AT5G58600,0.37194368905165226
AT5G58610,0.3803346949859223
AT5G58620,0.5383335573613452
AT5G58630,0.2328675976076886
AT5G58640,0.5742826165209103
AT5G58650,0.5485170276033665
AT5G58660,0.4052326326233138
AT5G58670,0.3518054447033552
AT5G58680,0.2945652288638008
AT5G58690,0.32083218333745406
AT5G58700,0.7060321821534732
AT5G58710,0.7896776970186847
AT5G58720,0.37972498289996204
AT5G58730,0.5297713543973211
AT5G58740,0.6575227036323095
AT5G58750,0.3933482246680084
AT5G58760,0.45190594849724647
AT5G58770,0.7867495121530746
AT5G58780,0.7105572271813391
AT5G58782,0.12793387537221507
AT5G58784,0.4740081382650292
AT5G58787,0.6452826290867638
AT5G58790,0.43016410642401415
AT5G58800,0.8130690898418443
AT5G58820,0.1022361431632837
AT5G58830,0.1022361431632837
AT5G58840,0.4784760819739956
AT5G58850,0.1022361431632837
AT5G58860,1.2590095912485775
AT5G58870,0.2933308770816995
AT5G58880,0.1022361431632837
AT5G58890,0.1022361431632837
AT5G58900,1.0315711049414131
AT5G58910,0.4580528049869584
AT5G58920,0.5110489031173473
AT5G58930,0.7851081678400399
AT5G58940,0.34618771867715525
AT5G58950,0.6084087641695453
AT5G58960,0.4714952251846273
AT5G58970,0.5184079881435449
AT5G58980,0.5282529329552972
AT5G58990,0.7770026042867368
AT5G59000,0.6232623369296497
AT5G59010,0.3576881342560294
AT5G59020,0.3526866823189821
AT5G59030,0.5931982138373193
AT5G59040,0.1022361431632837
AT5G59050,0.397771904859438
AT5G59060,0.21343934172825568
AT5G59070,0.1678815468599764
AT5G59080,0.6747650748384786
AT5G59090,1.0104122114728589
AT5G59100,0.09912452482494499
AT5G59105,0.1022361431632837
AT5G59110,0.1022361431632837
AT5G59120,0.1022361431632837
AT5G59130,0.13202430046299268
AT5G59140,0.7370476888817479
AT5G59150,0.6989074782044099
AT5G59160,0.6137689575796395
AT5G59170,1.6885201737757614
AT5G59180,0.6291455335396938
AT5G59190,0.2529086747958813
AT5G59200,0.2615488354928352
AT5G59210,0.6902541603721889
AT5G59220,0.3848011619855262
AT5G59230,0.1669788851479813
AT5G59240,0.5474899752519925
AT5G59250,0.37203238467489474
AT5G59260,0.2470776563939724
AT5G59270,0.2561794710604847
AT5G59280,0.1022361431632837
AT5G59290,0.6778735456021325
AT5G59300,0.6562990506485017
AT5G59305,0.5314172109971645
AT5G59310,0.4239831310673438
AT5G59320,1.7423512842344684
AT5G59330,0.1061778371800068
AT5G59340,0.322328456576812
AT5G59350,1.070189487919365
AT5G59360,0.696300289538874
AT5G59370,0.2610197679977186
AT5G59380,0.6347164452963977
AT5G59390,0.1145336983970338
AT5G59400,0.44133479931069763
AT5G59410,0.594060455181481
AT5G59420,0.47993692159268986
AT5G59430,0.3305279290580405
AT5G59440,0.558803807791556
AT5G59450,0.6887895281601184
AT5G59460,0.470020433559598
AT5G59470,0.8094651389331476
AT5G59480,0.9010480523230812
AT5G59490,0.4942331277628685
AT5G59500,0.6560154950601679
AT5G59505,0.1022361431632837
AT5G59510,0.6320248435934246
AT5G59520,1.0932816142044617
AT5G59530,0.8187554883058512
AT5G59540,0.9454725760268684
AT5G59550,0.3941974259719464
AT5G59560,0.7648647548592298
AT5G59570,0.3849513681580409
AT5G59580,0.1022361431632837
AT5G59590,0.6780770731301652
AT5G59600,0.1181950706971342
AT5G59610,0.6908970743668625
AT5G59613,0.8676738010174785
AT5G59616,0.1022361431632837
AT5G59650,0.4212371448698249
AT5G59660,0.2177095668991868
AT5G59662,0.3042310693655234
AT5G59670,0.502610038401718
AT5G59680,0.4126967863162419
AT5G59690,0.6272738479954447
AT5G59700,0.3091519253733902
AT5G59710,0.4222962572695451
AT5G59720,0.5462941292389334
AT5G59730,0.9260811017426616
AT5G59732,0.9589205201627614
AT5G59740,0.5725645479115118
AT5G59750,0.30923059902958416
AT5G59760,0.5013932416251476
AT5G59770,0.730745086605336
AT5G59780,0.9916513631330004
AT5G59790,0.3051192194271254
AT5G59800,0.4276218678076345
AT5G59810,0.1022361431632837
AT5G59820,0.5566494351742419
AT5G59830,0.3578193961506624
AT5G59840,0.526824784663223
AT5G59845,0.766547815797463
AT5G59850,0.606718159724382
AT5G59860,0.28357802420483313
AT5G59865,0.42527099090465714
AT5G59870,0.5178987888057152
AT5G59880,0.4834582002912011
AT5G59890,0.961251212102038
AT5G59895,0.1019935489625394
AT5G59900,0.2941533927342796
AT5G59910,0.6690594960547029
AT5G59920,0.3841186705839441
AT5G59930,0.2432073618439133
AT5G59940,0.5825923959470536
AT5G59950,0.39276039774838756
AT5G59960,0.6036556186296318
AT5G59970,0.5885930486429765
AT5G59980,0.48468010129476397
AT5G59990,0.6779023616768887
AT5G60000,0.1022361431632837
AT5G60010,0.12483755424729778
AT5G60020,0.4254111510140554
AT5G60022,0.10075254141967468
AT5G60030,0.8929369958283544
AT5G60040,0.4193093358984016
AT5G60050,0.3647972303305973
AT5G60060,0.48939942575205186
AT5G60070,0.1022361431632837
AT5G60080,0.1022361431632837
AT5G60090,0.1022361431632837
AT5G60100,0.6070627690115585
AT5G60110,0.1397040529509749
AT5G60120,0.7891759610270309
AT5G60130,0.1022361431632837
AT5G60140,0.1022361431632837
AT5G60142,0.4953111671502184
AT5G60150,0.44400331118775793
AT5G60160,0.5337982933517327
AT5G60170,0.5234963054609286
AT5G60180,0.16361182903530772
AT5G60190,0.5204514776219504
AT5G60200,0.4083532824217099
AT5G60210,0.5316546898209772
AT5G60215,0.11618358405185279
AT5G60220,0.8053079935112494
AT5G60230,0.37573207458652813
AT5G60240,0.1022361431632837
AT5G60250,0.2327423060430778
AT5G60260,0.1804517148227443
AT5G60265,0.1640824382773334
AT5G60270,0.4898438992871273
AT5G60280,0.253584878992814
AT5G60285,0.1262119974671259
AT5G60290,0.13299171364564
AT5G60300,0.5578311393682557
AT5G60310,0.19762358214999878
AT5G60320,0.1109580347858453
AT5G60335,0.3759375992556801
AT5G60340,0.7389233804437574
AT5G60350,0.344721602938697
AT5G60360,1.1914098175204264
AT5G60370,0.4777872702166729
AT5G60380,0.1022361431632837
AT5G60390,0.7742309930231133
AT5G60400,0.9366136312862243
AT5G60408,0.1022361431632837
AT5G60410,0.4845753224817526
AT5G60430,0.5491837605570538
AT5G60440,0.2234803795301853
AT5G60450,0.3843159458379452
AT5G60460,0.9916093982019096
AT5G60470,0.1763611215371273
AT5G60480,0.09912452482494499
AT5G60490,0.6477559835674046
AT5G60500,0.1022361431632837
AT5G60510,0.5767517900605271
AT5G60520,0.5790614069442517
AT5G60530,1.2068065063858269
AT5G60540,0.5973763813225307
AT5G60550,0.36984180531536115
AT5G60553,0.1022361431632837
AT5G60560,0.1022361431632837
AT5G60570,0.5571049789340111
AT5G60580,0.39492558394050004
AT5G60590,0.27166783374704373
AT5G60600,0.5098831029853238
AT5G60610,0.4940794165875221
AT5G60615,0.1022361431632837
AT5G60620,0.553702709005474
AT5G60630,0.5868017270194799
AT5G60640,1.1455185783049777
AT5G60650,0.5991743917993916
AT5G60660,1.022793097087718
AT5G60670,0.9130837475879097
AT5G60680,1.016304740219995
AT5G60690,0.6515261995502171
AT5G60700,0.374730696376055
AT5G60710,0.2775410430025673
AT5G60720,0.5240993189345285
AT5G60730,0.4436980325382893
AT5G60740,0.1190249570678761
AT5G60750,0.3682311024644339
AT5G60760,0.6122609557593202
AT5G60770,0.1415333840890196
AT5G60780,0.1248350010293024
AT5G60790,0.713477771742066
AT5G60800,0.51507131576451
AT5G60805,0.1022361431632837
AT5G60810,0.366261179726888
AT5G60820,0.38285508512008604
AT5G60830,0.1022361431632837
AT5G60840,0.6062242469108655
AT5G60850,0.5917734422194061
AT5G60860,0.47368219423457614
AT5G60870,0.40883261253518355
AT5G60880,0.1973823944451574
AT5G60890,1.173880762198702
AT5G60900,0.24900302425127568
AT5G60910,0.1409766115258242
AT5G60920,0.7897608254385329
AT5G60930,0.5348806696696077
AT5G60940,0.43042711809573875
AT5G60945,0.1022361431632837
AT5G60950,0.5437388037234532
AT5G60960,0.7224584292677876
AT5G60964,0.1022361431632837
AT5G60970,0.1394332582444848
AT5G60980,0.44101609224341765
AT5G60990,0.5826457059606992
AT5G61000,0.5949715882446165
AT5G61010,0.46082730663648397
AT5G61020,1.182925895794195
AT5G61030,0.7829230875452505
AT5G61040,0.3701789042412613
AT5G61050,0.1022361431632837
AT5G61060,0.39715251210434765
AT5G61070,0.2123095974947592
AT5G61090,0.1022361431632837
AT5G61100,0.1341412940190122
AT5G61110,0.1022361431632837
AT5G61120,0.1022361431632837
AT5G61130,0.5690605889853133
AT5G61140,0.6380886716805625
AT5G61150,0.5913411015568196
AT5G61160,0.1079617148498916
AT5G61170,0.6639567248683256
AT5G61180,0.2412846554009405
AT5G61190,0.36782003479709435
AT5G61200,0.3806444341409131
AT5G61210,0.6300461183831865
AT5G61220,0.5695997835327282
AT5G61230,0.4537398117737168
AT5G61240,0.7812906748564203
AT5G61250,0.42601650016314785
AT5G61260,0.4162765551468087
AT5G61270,0.1819999606034797
AT5G61280,0.3047805735773073
AT5G61290,0.5540784020931636
AT5G61300,0.38369839826786845
AT5G61310,0.8590693950404886
AT5G61320,0.1661065748030504
AT5G61330,0.53523478721196
AT5G61340,1.2182020617094054
AT5G61350,0.3537967881518749
AT5G61360,0.5253747113325524
AT5G61370,0.3857449127912275
AT5G61380,0.39540406146414586
AT5G61390,0.3746357952197746
AT5G61400,0.2942213760308211
AT5G61410,0.7607421664924585
AT5G61412,0.2776908960982246
AT5G61420,1.1171356542099034
AT5G61430,0.7228945675334205
AT5G61440,0.8015368939616864
AT5G61450,0.5673986178048945
AT5G61455,0.364733454051052
AT5G61460,0.3401358231570287
AT5G61470,0.1022361431632837
AT5G61480,0.536454279399964
AT5G61490,0.5255424657647715
AT5G61495,0.1022361431632837
AT5G61500,0.3340445767210867
AT5G61510,0.43041734553319866
AT5G61520,0.1152921457699775
AT5G61530,0.6311080464764363
AT5G61540,0.4044914376742219
AT5G61550,0.3631247255074479
AT5G61560,0.3530936197168593
AT5G61570,0.3923717752281727
AT5G61580,0.4797473755635332
AT5G61590,1.6215129703245348
AT5G61600,0.6513825448033748
AT5G61605,0.2393646717955018
AT5G61610,0.19205257715746318
AT5G61620,0.11492858496656899
AT5G61630,0.12588387928855438
AT5G61640,0.3876564701403514
AT5G61650,0.6879127056654478
AT5G61660,0.17183069655617209
AT5G61670,0.6804779243820318
AT5G61680,0.1022361431632837
AT5G61690,0.1022361431632837
AT5G61700,0.1019935489625394
AT5G61710,0.1022361431632837
AT5G61720,0.1195194558905682
AT5G61730,0.11787448182456449
AT5G61740,0.1566659768687041
AT5G61750,0.1877218708150494
AT5G61760,0.45472837797896737
AT5G61770,0.9033354273113304
AT5G61780,0.5736122301256039
AT5G61790,0.7723741375781359
AT5G61800,0.3402570114558595
AT5G61810,0.3425135636911245
AT5G61820,0.9246288856746798
AT5G61830,0.31883804629716095
AT5G61835,0.1022361431632837
AT5G61840,0.5722467662165186
AT5G61850,0.1282034737251047
AT5G61865,0.34085855283191857
AT5G61880,0.7947593882151535
AT5G61890,0.2561756707792535
AT5G61900,0.42612909109350516
AT5G61910,0.33993497399809525
AT5G61920,0.2163752382106388
AT5G61930,0.31056324725210704
AT5G61940,0.2754419222303871
AT5G61950,0.30911289774527095
AT5G61960,0.5165269094740356
AT5G61970,0.5176286724256386
AT5G61980,0.2337418100535536
AT5G61990,0.4015029016482047
AT5G61997,0.1022361431632837
AT5G62000,0.6348713577150416
AT5G62020,0.3883013365892118
AT5G62030,0.3929494329624209
AT5G62040,0.1022361431632837
AT5G62050,0.5720151042652668
AT5G62060,0.1022361431632837
AT5G62065,0.1022361431632837
AT5G62070,0.5293101959697786
AT5G62080,0.1022361431632837
AT5G62090,0.3797779512853431
AT5G62100,0.3677811698227931
AT5G62110,0.1022361431632837
AT5G62120,0.1022361431632837
AT5G62130,0.5964378694307644
AT5G62140,0.2745634055025546
AT5G62150,0.6829821690517273
AT5G62160,0.30259532499986397
AT5G62162,0.2222327095393049
AT5G62165,1.7277117971462426
AT5G62170,0.3901036639824924
AT5G62180,0.31870046860137247
AT5G62190,0.6709197545907835
AT5G62200,0.540803773453578
AT5G62210,1.7410392420205323
AT5G62220,0.47909251735275793
AT5G62230,0.1394491771791469
AT5G62240,0.1162407546456896
AT5G62250,0.1376963852238263
AT5G62260,0.35681704816736737
AT5G62270,0.7046519322204856
AT5G62280,0.42949903478853146
AT5G62290,0.6052323319305619
AT5G62300,0.7255310439809208
AT5G62310,0.3714862559458109
AT5G62320,0.1357778790265792
AT5G62330,0.9172729950460071
AT5G62340,1.0926869234626753
AT5G62350,1.1369281482357263
AT5G62360,0.458245562896891
AT5G62370,0.3473277738814726
AT5G62380,0.47716633042624745
AT5G62390,0.5508742972759353
AT5G62400,0.1016524999438922
AT5G62410,0.4356972271020566
AT5G62420,0.5458901639052374
AT5G62430,0.53427061142862
AT5G62440,0.8212182848167203
AT5G62460,0.42149848631044506
AT5G62470,0.3338758735900055
AT5G62480,0.8771088554490254
AT5G62490,2.3086958067491903
AT5G62500,0.7191713399473676
AT5G62510,0.1241076368558247
AT5G62520,0.7033879849038017
AT5G62530,0.6517337532371393
AT5G62540,0.6862984363516116
AT5G62550,1.0201007137598248
AT5G62560,0.6321946513602847
AT5G62570,0.3850595672981579
AT5G62573,0.2188144936151455
AT5G62575,0.8332486450175316
AT5G62580,0.5041985990802439
AT5G62600,0.34019134981833665
AT5G62610,0.5893863045641989
AT5G62620,0.32128563616691364
AT5G62623,0.1022361431632837
AT5G62627,0.1022361431632837
AT5G62630,0.9823262483438971
AT5G62640,0.3945644656294779
AT5G62650,0.34142309905493384
AT5G62660,0.1022361431632837
AT5G62670,0.4059652743245871
AT5G62680,0.7754774001590483
AT5G62690,0.543459704731482
AT5G62700,0.5923374734651259
AT5G62710,0.5567938228930912
AT5G62720,1.0433394981095883
AT5G62730,0.1611657994065036
AT5G62740,0.5881337274497394
AT5G62750,0.1734157061874344
AT5G62760,0.3293386009119595
AT5G62770,0.3904465493906378
AT5G62780,0.1352146102529564
AT5G62790,0.36048300634597435
AT5G62800,0.5877711186674284
AT5G62810,0.8899432748201112
AT5G62820,0.29381092611029336
AT5G62830,0.1022361431632837
AT5G62840,0.5006097364796205
AT5G62848,0.1022361431632837
AT5G62850,0.1153493594742803
AT5G62860,0.1022361431632837
AT5G62865,0.532491986351356
AT5G62880,0.6225360118563166
AT5G62890,0.5685638699470719
AT5G62900,0.748165017553138
AT5G62910,0.23369362914519531
AT5G62920,0.9340567237550871
AT5G62930,0.7461320903946873
AT5G62940,0.5380272409203612
AT5G62950,0.6209755638342843
AT5G62960,0.6009711447476194
AT5G62970,0.1022361431632837
AT5G62980,1.0899128947505707
AT5G62990,0.3562540951873408
AT5G62998,0.111759558793917
AT5G63000,0.7064497235682144
AT5G63010,0.6121447323057587
AT5G63020,0.31800441267706436
AT5G63030,1.4909277227641613
AT5G63040,0.37729414076987255
AT5G63050,0.4283691382015472
AT5G63060,0.34330412725130677
AT5G63063,0.1022361431632837
AT5G63070,0.2049391460373111
AT5G63080,0.4916503426940613
AT5G63085,0.1022361431632837
AT5G63087,0.1297543304014641
AT5G63090,0.3268491591392402
AT5G63100,0.2947044250431283
AT5G63110,0.2991401786063247
AT5G63120,0.37624127527726176
AT5G63130,0.3531290651003942
AT5G63135,0.6844458571646991
AT5G63140,0.4791341906195168
AT5G63150,0.8804677782026851
AT5G63160,1.1276885076848433
AT5G63170,0.1022361431632837
AT5G63180,0.2477336537754446
AT5G63190,0.9196960547003128
AT5G63195,0.1956090955709438
AT5G63200,0.46037925776001865
AT5G63220,0.633161343767546
AT5G63225,0.1022361431632837
AT5G63230,0.1022361431632837
AT5G63240,0.1788956407830287
AT5G63250,0.1023373615673517
AT5G63260,0.4169695720703409
AT5G63270,0.7847482859220317
AT5G63280,0.6596575653851644
AT5G63290,0.3453545055842099
AT5G63300,0.30278510701631267
AT5G63310,0.4114349883297246
AT5G63320,0.6604489114429164
AT5G63340,0.1022361431632837
AT5G63350,0.48321215972534826
AT5G63370,0.43461034752277194
AT5G63375,0.1022361431632837
AT5G63380,0.5415094646880398
AT5G63390,0.2225944266782963
AT5G63400,0.9410532918510088
AT5G63410,0.483334437537564
AT5G63420,0.46755694905206896
AT5G63440,0.33952874128260396
AT5G63450,0.5867351238883964
AT5G63460,0.3063356299051634
AT5G63470,0.4696517653697496
AT5G63480,0.34803228397320385
AT5G63490,0.37989856191716675
AT5G63500,0.6728636571203508
AT5G63510,0.3552589338659198
AT5G63520,0.4037906425115102
AT5G63530,0.7646777142855568
AT5G63540,0.348055191875323
AT5G63550,0.49814432806551345
AT5G63560,0.9772196033378293
AT5G63570,0.43556642837173865
AT5G63580,0.5221092736922528
AT5G63590,1.314767418249076
AT5G63595,1.1325536820395599
AT5G63600,1.370370293855136
AT5G63610,0.45257715982626845
AT5G63620,0.5368735008090803
AT5G63625,0.8237608668125883
AT5G63630,0.3964100814150849
AT5G63640,0.5029285772159781
AT5G63650,0.5917774867130641
AT5G63660,1.2120097914404249
AT5G63670,0.546797326600398
AT5G63680,0.5432736070759354
AT5G63690,0.24963232457940568
AT5G63700,0.36769648959607937
AT5G63710,0.4528843466796514
AT5G63715,0.1182460039248409
AT5G63720,0.1484184808229961
AT5G63730,0.1022361431632837
AT5G63740,0.194276556199023
AT5G63750,0.1437233350451515
AT5G63760,1.0705596020101562
AT5G63770,0.4016073719576836
AT5G63780,0.6748816908431785
AT5G63790,0.46721170763198283
AT5G63800,0.34883896226860145
AT5G63810,0.46253254202897726
AT5G63820,0.23597181046941912
AT5G63830,0.32504530278208116
AT5G63840,0.491622244632304
AT5G63850,0.8828822211216334
AT5G63860,0.8882752980742712
AT5G63870,0.6855904457492532
AT5G63880,0.6504032031486546
AT5G63890,0.45415997325371826
AT5G63900,0.1022361431632837
AT5G63905,0.527633634766689
AT5G63910,0.5717400446710924
AT5G63920,0.3428717750079588
AT5G63930,0.3802167483973061
AT5G63940,0.5656221000854835
AT5G63950,0.3695409021891087
AT5G63960,0.5160769058010455
AT5G63970,0.4095582485869755
AT5G63980,0.7840867974141632
AT5G63990,0.7412481963853044
AT5G64000,0.4655487178118389
AT5G64010,0.30438480810770385
AT5G64020,0.6905798112285416
AT5G64030,0.7604497771083399
AT5G64040,0.7502138045467146
AT5G64050,0.3060011470240702
AT5G64060,0.44344849599654956
AT5G64070,0.5970349285178507
AT5G64080,0.8433358683404082
AT5G64090,0.4303033493314232
AT5G64100,1.104866194363232
AT5G64110,0.47126249757782945
AT5G64120,1.481564518076496
AT5G64130,0.5297298840794504
AT5G64140,0.7342157815652861
AT5G64150,0.3971128103201774
AT5G64160,0.6985614626133221
AT5G64170,0.45750566675564097
AT5G64180,0.44951804623615577
AT5G64190,0.2134161304286856
AT5G64200,0.3704110348138041
AT5G64210,0.784036792041739
AT5G64220,0.37298359424210703
AT5G64230,0.3185071151621933
AT5G64240,0.5827815461881453
AT5G64250,0.3904916322693155
AT5G64260,0.8226315340824102
AT5G64270,0.729848187610034
AT5G64280,0.44168416686607986
AT5G64290,0.5991257799991573
AT5G64300,0.6128848040478796
AT5G64310,0.6673015034106449
AT5G64320,0.44048274209438376
AT5G64330,0.5217578872485384
AT5G64340,0.7881692997183216
AT5G64350,0.6913623687278405
AT5G64360,0.3828065629887526
AT5G64370,0.83962456139418
AT5G64380,0.4211677744938707
AT5G64390,0.5689082970879275
AT5G64395,0.1022361431632837
AT5G64400,0.7711635807800463
AT5G64401,0.1022361431632837
AT5G64410,0.2941616958232616
AT5G64420,0.570681936769844
AT5G64430,0.42692230586766156
AT5G64440,0.5890761808803999
AT5G64450,0.1965725636913633
AT5G64460,0.4794120345885522
AT5G64470,0.3217945784948764
AT5G64480,0.4626130998351161
AT5G64490,0.14177108149042858
AT5G64500,0.6333370627423043
AT5G64510,0.6865622797296623
AT5G64520,0.385163584183833
AT5G64530,0.6002936433741116
AT5G64540,0.1076081924937906
AT5G64550,0.5017996787129706
AT5G64560,0.3234630392495344
AT5G64570,0.6349345862149943
AT5G64572,0.6960449173705311
AT5G64580,0.43889644557947843
AT5G64590,0.1019935489625394
AT5G64600,0.579769316482078
AT5G64610,0.4227571533714849
AT5G64620,0.827860675507556
AT5G64630,0.24555036691186727
AT5G64640,0.2846683525732907
AT5G64650,0.5939196763255568
AT5G64660,0.4565017765501203
AT5G64667,0.1624512066712523
AT5G64670,0.8129119234688245
AT5G64680,0.8405738213301515
AT5G64687,0.7714365381100403
AT5G64690,0.5004470439839467
AT5G64700,0.5851172102218836
AT5G64710,0.289986545203541
AT5G64720,0.11839788598426339
AT5G64730,0.42324312077257875
AT5G64735,0.1022361431632837
AT5G64740,0.7373176615768815
AT5G64750,0.6001025397933388
AT5G64760,0.9374076229988058
AT5G64770,0.2067898663706817
AT5G64780,0.4803809045896819
AT5G64790,0.13316231626733238
AT5G64800,0.1204418209330642
AT5G64810,0.6789387869685233
AT5G64813,0.4405809028518892
AT5G64816,0.5061981634296179
AT5G64820,0.1814866411177467
AT5G64830,0.29910371937047114
AT5G64840,0.6694874529607893
AT5G64850,0.6605908266123682
AT5G64860,0.3176954959934957
AT5G64870,0.1966878951380737
AT5G64880,0.4129665162954764
AT5G64890,0.5770410985871084
AT5G64900,0.4590651252734962
AT5G64905,0.4659474912789223
AT5G64910,0.31195884986307937
AT5G64920,0.5007847207649424
AT5G64930,0.4384056944634857
AT5G64940,0.7621343816118302
AT5G64950,0.4261991654327712
AT5G64960,0.5573122662789738
AT5G64970,0.5439733293658742
AT5G64980,0.2633025548181142
AT5G64990,0.4263881241316943
AT5G65000,0.7490247649917773
AT5G65005,0.1022361431632837
AT5G65010,0.417404060499154
AT5G65015,0.1022361431632837
AT5G65020,1.6947197536012453
AT5G65030,0.2879112837473387
AT5G65040,0.6972337893597285
AT5G65050,1.1368093523701144
AT5G65060,0.5844333964373803
AT5G65070,0.8104837076926917
AT5G65080,0.5238489612512656
AT5G65090,0.43225575346781936
AT5G65100,0.2476011564868684
AT5G65110,0.5358563095838024
AT5G65120,0.4361063151177888
AT5G65130,0.1308444947759994
AT5G65140,0.5839406409022599
AT5G65158,0.7607568838939068
AT5G65160,0.31660536438108
AT5G65165,0.7213416896125319
AT5G65170,0.3031359452967071
AT5G65180,0.35542445943914297
AT5G65200,0.37895654079218943
AT5G65205,0.3422853796350231
AT5G65207,1.4441141763324956
AT5G65210,1.130301544314113
AT5G65220,0.7922201963471588
AT5G65225,0.1165957921886872
AT5G65230,0.5863479550668584
AT5G65240,0.5609458610895718
AT5G65250,0.5721694560532462
AT5G65260,0.45356647150643936
AT5G65270,0.35536069843787654
AT5G65274,0.1022361431632837
AT5G65280,0.7633320533958637
AT5G65290,0.4054865798034969
AT5G65300,0.38259312477422236
AT5G65310,0.8867223454015919
AT5G65320,0.2797984291873609
AT5G65330,0.35169450974049976
AT5G65340,0.3601649315715812
AT5G65350,0.2267299297115587
AT5G65360,0.5869808151047553
AT5G65370,0.1022361431632837
AT5G65380,0.5002058161879369
AT5G65390,0.744133394335331
AT5G65400,0.4009079945686597
AT5G65410,0.2745622331848844
AT5G65420,0.5438287449473943
AT5G65430,0.6934487993440623
AT5G65440,0.3993063250481838
AT5G65445,0.1022361431632837
AT5G65450,0.39619014967845195
AT5G65460,0.35963312714330437
AT5G65470,0.7749317088012839
AT5G65480,1.0716939264234977
AT5G65490,0.3202254767980043
AT5G65495,0.5209887087032324
AT5G65500,0.2777486617915508
AT5G65510,0.30378943008704007
AT5G65520,0.6817851547863363
AT5G65530,0.6289989592980432
AT5G65540,0.3048366680410076
AT5G65550,0.4909105878535853
AT5G65560,0.31623953789781134
AT5G65570,0.4017432775734577
AT5G65575,0.5735075819124207
AT5G65580,0.1368953430731629
AT5G65590,0.4669355610941176
AT5G65600,0.3254478905463069
AT5G65609,0.1942570856600339
AT5G65610,0.2391899316964779
AT5G65613,0.2484385596551032
AT5G65620,0.4217088334121619
AT5G65630,0.6192331153452106
AT5G65640,1.447934483409092
AT5G65650,0.6960464307470067
AT5G65660,1.1464052728992242
AT5G65670,1.0262239966960465
AT5G65683,0.5037435479711481
AT5G65685,0.6787468056642482
AT5G65687,0.3904293377100029
AT5G65690,0.3655385370109216
AT5G65700,0.8064739750414279
AT5G65710,0.4460861460194675
AT5G65720,0.46082487672483397
AT5G65730,0.1019935489625394
AT5G65740,0.6282186482291878
AT5G65750,0.7361665677176003
AT5G65760,0.36978280069941327
AT5G65770,0.5409940740799696
AT5G65780,0.8420075642841047
AT5G65790,0.7709090781769583
AT5G65800,0.3953154504743253
AT5G65810,0.6117988570291593
AT5G65820,0.2444132151975304
AT5G65830,0.31104319664966346
AT5G65840,0.3915020957276931
AT5G65850,0.5087009759313812
AT5G65860,0.5670033232471041
AT5G65870,0.6595385099627058
AT5G65880,0.5676974640839066
AT5G65890,0.2252712033986834
AT5G65900,0.5754591280635222
AT5G65910,0.638169126162155
AT5G65920,0.38162927017371984
AT5G65925,0.5261481740828129
AT5G65930,0.6518150154617481
AT5G65940,0.3976465973226355
AT5G65950,0.41838179100960315
AT5G65960,0.4843656875671253
AT5G65970,0.8774677446703552
AT5G65980,0.4634201150253399
AT5G65990,0.3628747703829806
AT5G66000,0.39463595665895884
AT5G66005,0.37711495815735463
AT5G66010,0.2814413907132902
AT5G66020,0.1022361431632837
AT5G66030,0.6750129418708619
AT5G66040,0.8837171142846847
AT5G66045,0.1022361431632837
AT5G66050,0.515372380187582
AT5G66052,0.899224846565365
AT5G66053,0.1022361431632837
AT5G66055,0.29622751973423445
AT5G66060,0.40535653748101674
AT5G66070,0.43641592924011086
AT5G66080,0.44453770869080134
AT5G66090,0.48917970717774373
AT5G66100,0.3913910752612282
AT5G66110,0.7246887270824949
AT5G66120,0.6145470128026442
AT5G66130,0.3184267797827649
AT5G66140,0.5323601208478057
AT5G66150,0.2650605137394007
AT5G66160,0.3403642153310956
AT5G66170,1.2797196716511592
AT5G66180,0.3198062361136221
AT5G66190,0.45645480296843943
AT5G66200,0.6113941987173456
AT5G66210,0.3200532701697547
AT5G66220,0.1022361431632837
AT5G66230,0.5318072844650721
AT5G66240,0.7349057137834729
AT5G66250,0.42586520494605984
AT5G66260,0.2008357860307746
AT5G66270,0.36365005511547827
AT5G66280,0.68353873864552
AT5G66290,0.6644802273250999
AT5G66300,0.3689933799094119
AT5G66310,0.5896259101793826
AT5G66320,0.5179933685369158
AT5G66330,0.4076304767896066
AT5G66335,0.291200066853691
AT5G66340,0.1022361431632837
AT5G66350,0.23943391280504742
AT5G66360,0.3502143595346235
AT5G66370,0.1016524999438922
AT5G66380,0.5974324758447473
AT5G66390,1.5954571533339474
AT5G66400,3.2784070316077387
AT5G66410,0.3416527428738665
AT5G66420,0.3967325384322298
AT5G66430,0.2714938674167472
AT5G66440,1.0290143458556429
AT5G66450,0.2952944893332002
AT5G66460,0.9532715331871079
AT5G66470,0.4328953665369682
AT5G66480,0.4233184119648845
AT5G66490,0.8145186542063161
AT5G66500,0.2779372542233124
AT5G66510,0.6309900336137841
AT5G66520,0.1022361431632837
AT5G66530,0.7092708980821454
AT5G66540,0.7599571231663805
AT5G66550,0.5207137977881581
AT5G66558,0.4589169816233592
AT5G66560,0.5149130603270088
AT5G66562,0.2643393035665143
AT5G66564,0.25184807494341077
AT5G66567,0.167216693416826
AT5G66570,0.9296735560243045
AT5G66580,0.610711266554312
AT5G66590,0.9309233781604352
AT5G66595,0.5472092011405313
AT5G66600,0.3811184637155154
AT5G66607,0.2401023111617358
AT5G66610,0.3227322691017519
AT5G66620,0.30849373536887437
AT5G66630,0.2962262434577057
AT5G66631,0.22657984846946538
AT5G66640,0.2845831001807094
AT5G66650,0.5338795456255734
AT5G66658,0.3383547750534524
AT5G66660,0.1022361431632837
AT5G66670,0.279421885328443
AT5G66675,0.4169636310333168
AT5G66680,0.5759119487141073
AT5G66690,1.050929109262917
AT5G66700,0.37148798211192713
AT5G66710,0.3486350785464839
AT5G66720,0.5582316872659976
AT5G66730,0.8437463842051123
AT5G66740,0.2756998434562085
AT5G66750,0.4594114304032941
AT5G66760,1.199701581363628
AT5G66770,0.4360050664610917
AT5G66780,1.7996779319697156
AT5G66790,0.27283191612602153
AT5G66800,0.40988369905149025
AT5G66810,0.39469619350256396
AT5G66815,0.9778410142550219
AT5G66816,0.44918441095906425
AT5G66820,0.575204084307374
AT5G66830,0.3380304924447617
AT5G66840,0.5873073057592492
AT5G66850,0.4329588657793273
AT5G66860,0.9229539871831052
AT5G66870,0.3751443748139405
AT5G66880,0.4954408270443067
AT5G66890,0.1022361431632837
AT5G66900,0.2703078473935446
AT5G66910,0.3432640025771252
AT5G66920,0.6705897677050954
AT5G66930,0.5992923716037558
AT5G66940,0.1323070674671999
AT5G66950,0.49167208687454544
AT5G66960,0.3366214010533251
AT5G66970,0.1022361431632837
AT5G66980,0.3322340170732093
AT5G66985,0.9007662883772647
AT5G66990,0.1022361431632837
AT5G67000,0.1022361431632837
AT5G67010,0.1387178719690887
AT5G67020,0.2148141508814142
AT5G67030,0.5131405231602638
AT5G67040,0.1022361431632837
AT5G67050,0.2556735691462944
AT5G67060,0.12033876772042719
AT5G67070,0.5376285096212523
AT5G67080,0.3335793606297258
AT5G67090,0.3182794928196129
AT5G67100,0.5502055619960197
AT5G67110,0.3136854346568329
AT5G67120,0.1022361431632837
AT5G67130,0.5457512162047704
AT5G67140,0.3580401309305823
AT5G67150,0.4842162135374583
AT5G67160,0.36740568545902413
AT5G67170,0.6866173399871267
AT5G67180,0.2196671888292432
AT5G67190,0.4332064621096581
AT5G67200,0.303604217689106
AT5G67210,0.7948912784408841
AT5G67220,0.7643072499565207
AT5G67230,0.4272398414309186
AT5G67240,0.6239096103125762
AT5G67245,0.38252803144795783
AT5G67250,0.30048571971653926
AT5G67260,0.7108165782241815
AT5G67265,0.1019935489625394
AT5G67270,0.3749316485987374
AT5G67280,0.28685441985036586
AT5G67290,0.2956030178463406
AT5G67300,1.257973770314023
AT5G67310,0.1830057437238451
AT5G67320,0.7783003374011686
AT5G67330,0.4183597725487509
AT5G67340,0.47651561488458166
AT5G67350,0.2931259747723622
AT5G67360,0.6196174310945546
AT5G67370,0.5323004454508646
AT5G67380,0.6427861323094237
AT5G67385,0.4008030088090076
AT5G67390,0.959373196490456
AT5G67400,0.9009672073982575
AT5G67410,0.358146241539449
AT5G67411,0.26258917288854
AT5G67420,0.7037674031229084
AT5G67430,0.476250975823219
AT5G67440,0.3446446548134031
AT5G67450,0.4617235709413442
AT5G67460,0.4666802496735052
AT5G67470,0.7749021019626352
AT5G67480,0.7840748522379852
AT5G67488,0.905538920057375
AT5G67490,0.589693560891176
AT5G67500,0.8230033013812581
AT5G67510,0.7641069203828956
AT5G67520,0.4465810981496193
AT5G67530,0.6228525621609896
AT5G67540,0.3884526435505604
AT5G67550,0.33130207762880504
AT5G67560,0.6027176232326894
AT5G67570,0.3511930238482566
AT5G67580,0.5121466256716096
AT5G67590,0.5898047103649078
AT5G67600,0.7416478886380862
AT5G67610,0.5471314181298341
AT5G67620,0.36739799527752565
AT5G67630,0.5100511141364928
AT5G67640,0.5344991431550987
ATCG00010,0.39573531195333644
ATCG00020,1.493839788769968
ATCG00030,0.8790799708491963
ATCG00040,1.1994473686120972
ATCG00050,0.568934102148079
ATCG00060,0.233600957633738
ATCG00065,0.5527928076232841
ATCG00070,0.6194758880092913
ATCG00080,0.7704801535519141
ATCG00090,0.6484351433453239
ATCG00100,0.4405355684596666
ATCG00110,0.47770425054484994
ATCG00120,0.6285862542655993
ATCG00130,0.7983518638976782
ATCG00140,1.3142496481884127
ATCG00150,0.5428064302661921
ATCG00160,0.6327148377268856
ATCG00170,0.902317594253375
ATCG00180,0.838121742540452
ATCG00190,0.5504226451970325
ATCG00200,0.3023960571678292
ATCG00210,0.1566820772953818
ATCG00220,1.3849520953200163
ATCG00230,0.2169451690720336
ATCG00240,0.4943238494453943
ATCG00250,0.1148866000922748
ATCG00260,0.2617986178331394
ATCG00270,0.5183762713795071
ATCG00280,1.1281175262707597
ATCG00290,0.26085595367995207
ATCG00300,0.6290271302035731
ATCG00310,0.3123281059106071
ATCG00320,0.49929405787126324
ATCG00330,0.865130041181431
ATCG00340,1.1484966024357417
ATCG00350,1.0164848482110898
ATCG00360,0.7733321848939253
ATCG00370,0.22983553157805942
ATCG00380,1.1798949477282505
ATCG00390,1.2713337197372032
ATCG00400,0.6968971862837513
ATCG00410,0.2982214721305667
ATCG00420,0.3458556410626324
ATCG00430,0.4305063663701671
ATCG00440,0.5346276613708802
ATCG00450,0.39331115667466243
ATCG00460,0.1807220851882771
ATCG00470,0.9006486876531168
ATCG00480,0.8374247519380353
ATCG00490,1.2671901082973558
ATCG00500,0.9743255709524943
ATCG00510,0.7344615517835318
ATCG00520,0.5828925905917882
ATCG00530,0.7776585932788757
ATCG00540,0.9934875257170654
ATCG00550,0.6315919769127911
ATCG00560,0.35093634293995235
ATCG00570,0.2719524953696917
ATCG00580,0.5099733021503163
ATCG00590,0.39700655043122385
ATCG00600,0.2903988758769036
ATCG00610,0.2589166867765645
ATCG00620,0.23649328375457998
ATCG00630,0.39603512280726044
ATCG00640,0.6601308307218922
ATCG00650,1.2052346841169106
ATCG00660,0.7855173575116777
ATCG00670,1.0481952928004938
ATCG00680,1.25342537969119
ATCG00690,0.39134932258029537
ATCG00700,0.43255410828202034
ATCG00710,0.4917451180059347
ATCG00720,0.7973653724414879
ATCG00730,0.5102453204554358
ATCG00740,1.5195712415523215
ATCG00750,0.7214963859224411
ATCG00760,0.706148603222613
ATCG00770,0.8573648225925068
ATCG00780,1.0099996473094268
ATCG00790,1.2750505764018563
ATCG00800,1.8133973829507637
ATCG00810,1.2775542425717845
ATCG00820,0.9777927613338018
ATCG00830,1.2416273587964315
ATCG00840,0.4399653593387391
ATCG00850,0.6406110715428233
ATCG00860,0.6471435996638415
ATCG00870,0.5714227418970739
ATCG00880,0.2085848104866851
ATCG00890,0.8482552742149758
ATCG00900,0.6686464164005554
ATCG00905,0.9111242548003864
ATCG00910,0.1125956690704187
ATCG00920,1.3467820847942473
ATCG00930,0.7001376313337708
ATCG00940,1.155069492552661
ATCG00950,0.7928287222127253
ATCG00960,2.0015321065574816
ATCG00970,1.222169334378259
ATCG00980,0.2988551097722244
ATCG00990,0.192293661637023
ATCG01000,0.7026843185943978
ATCG01010,1.2780624288441587
ATCG01020,1.8773514017864317
ATCG01030,0.210848183484668
ATCG01040,0.6810641984081136
ATCG01050,0.5110563872825862
ATCG01060,0.35235143966578797
ATCG01070,0.4370944363041945
ATCG01080,0.5229461510965319
ATCG01090,0.9460143086458948
ATCG01100,0.6624295460390104
ATCG01110,0.4045738625319689
ATCG01120,0.4694345552082063
ATCG01130,1.7820221331092376
ATCG01200,0.5197597539624649
ATMG00010,0.2291159708124845
ATMG00020,0.15675329050195508
ATMG00030,0.5677652284699564
ATMG00040,0.2062087649657542
ATMG00050,0.1022361431632837
ATMG00060,0.5262227478659389
ATMG00070,0.7651240114712645
ATMG00080,1.0879519749403974
ATMG00090,1.5333393103054065
ATMG00100,0.3700567985765444
ATMG00110,0.5857061853659742
ATMG00120,0.2772100029295927
ATMG00130,0.18232512312253749
ATMG00140,0.31242397558031276
ATMG00150,0.2677638022842554
ATMG00160,1.4286134026077881
ATMG00170,0.24735398675074288
ATMG00180,0.9317117541354405
ATMG00200,0.15309539997022448
ATMG00210,0.2394986881885674
ATMG00220,0.1022361431632837
ATMG00240,0.24816828613021688
ATMG00260,0.1735112660742035
ATMG00270,0.9540588078047254
ATMG00280,0.1314201538934469
ATMG00285,0.6568646093443652
ATMG00290,1.2696365221932426
ATMG00300,0.34001360892038757
ATMG00310,0.20027423204741068
ATMG00320,0.1839331399892274
ATMG00370,0.3447293132509765
ATMG00400,0.36497868966397673
ATMG00410,1.0823884358970042
ATMG00440,0.1001810529850545
ATMG00450,0.20873990097832348
ATMG00470,0.21801952542680988
ATMG00490,0.1022361431632837
ATMG00500,0.1022361431632837
ATMG00510,0.9593859748803498
ATMG00513,1.1388278190287293
ATMG00516,1.1046032777271582
ATMG00520,0.541701494924107
ATMG00530,0.3639742608365178
ATMG00550,0.1315350816324662
ATMG00560,1.6535069377293707
ATMG00570,2.1678835463936506
ATMG00580,1.555639034787497
ATMG00590,0.1022361431632837
ATMG00600,0.2362974852649537
ATMG00610,0.12790044973034329
ATMG00630,0.24120520089257852
ATMG00640,0.9613177863801141
ATMG00650,0.5928908181680888
ATMG00660,1.0326921189833524
ATMG00665,0.1022361431632837
ATMG00670,0.4665444519922528
ATMG00680,0.10999166862167939
ATMG00690,1.2628687980170739
ATMG00710,0.165379242087977
ATMG00720,0.12593837684165948
ATMG00730,1.1224384233341338
ATMG00740,0.1466071705796526
ATMG00750,0.1391197453927362
ATMG00760,0.13576369165497548
ATMG00770,0.12867174253729569
ATMG00810,0.9965351613426717
ATMG00820,0.3251845329353238
ATMG00830,0.9374742572562815
ATMG00840,0.3009097682075865
ATMG00850,0.2281874710329746
ATMG00860,0.3166751539792386
ATMG00870,0.21831185178558118
ATMG00880,0.2166314348417272
ATMG00890,0.1690154820029992
ATMG00910,0.4527702668474772
ATMG00920,0.1383737984996532
ATMG00940,0.2659456404778132
ATMG00960,0.492768084313975
ATMG00970,0.2846632342254612
ATMG00990,0.2165381325971676
ATMG01000,0.7179054195774924
ATMG01010,0.3046444601886334
ATMG01020,0.23817434875583368
ATMG01030,0.1022361431632837
ATMG01040,0.3094988951111559
ATMG01050,0.2159940821844635
ATMG01060,0.40778033586875895
ATMG01080,2.7700251710214405
ATMG01090,0.9800473898885056
ATMG01100,0.1803256199051238
ATMG01110,0.15945873519107182
ATMG01120,0.9309234557894275
ATMG01130,0.5027543657336871
ATMG01170,1.2230760135554313
ATMG01180,0.1150316968238017
ATMG01190,0.8919834218057126
ATMG01200,0.3598099714206642
ATMG01210,0.36857605875960436
ATMG01220,0.3425714204930591
ATMG01230,0.17123098316864868
ATMG01240,0.2585615350529681
ATMG01250,0.1441703497416261
ATMG01260,0.2442037577239701
ATMG01270,0.2368819471760285
ATMG01275,0.51720788828709
ATMG01280,0.822686116167889
ATMG01290,0.14971776190814629
ATMG01300,0.1019935489625394
ATMG01310,0.123112913269111
ATMG01320,1.1782026339997214
ATMG01330,0.5123570963508448
ATMG01350,0.2416305968226634
ATMG01360,1.4258589610106158
ATMG01370,0.4329806207260176
ATMG01380,1.031879614279211
ATMG01390,1.2455712135202477
ATMG01400,0.27260822806739693
ATMG01410,0.3174252502198863
ATMG09450,0.5201896936293725
ATMG09740,0.41718618354706516
ATMG09960,0.1141971069543609
ATMG09980,0.1692514763385229
