term_id,term_name,methods_tested,methods_significant,significant_fraction,wilcoxon_tested,gprofiler_tested,wilcoxon_gene_set_size,wilcoxon_effect_difference,wilcoxon_p_value,wilcoxon_adjusted_p_value,wilcoxon_significant,gprofiler_term_size,gprofiler_intersection_size,gprofiler_p_value,gprofiler_significant
GO:0071456,cellular response to hypoxia,2,2,1.0,True,True,240.0,0.0114113581548961,0.0037678068954797,0.0210008908928381,True,222.0,14.0,0.0013702423002668,True
GO:0009699,phenylpropanoid biosynthetic process,2,2,1.0,True,True,26.0,-0.0640172729360852,0.0015885601483995,0.0105593431166756,True,105.0,9.0,0.0023723251961712,True
GO:0009873,ethylene-activated signaling pathway,2,2,1.0,True,True,66.0,0.0167853723566616,0.0002933704439687,0.0026481225915759,True,163.0,10.0,0.0125365805674949,True
GO:0035556,intracellular signal transduction,2,2,1.0,True,True,152.0,-0.0110978718212292,0.0008305134048692,0.006369350924561,True,442.0,18.0,0.0149791662123829,True
GO:0006979,response to oxidative stress,2,2,1.0,True,True,318.0,-0.0037851444432348,0.0014282611734514,0.0097608693644299,True,402.0,16.0,0.0290565812798276,True
GO:0006364,rRNA processing,1,1,1.0,True,False,117.0,0.0635189173900456,1.8614532502758964e-22,6.255886452459663e-20,True,,,,
GO:0000463,"maturation of LSU-rRNA from tricistronic rRNA transcript (SSU-rRNA, 5.8S rRNA, LSU-rRNA)",1,1,1.0,True,False,23.0,0.1045839089448961,2.1133338255278657e-13,1.95963682003493e-11,True,,,,
GO:0042254,ribosome biogenesis,1,1,1.0,True,False,49.0,0.0726561845106042,6.312425065675119e-13,5.3655613058238517e-11,True,,,,
GO:0042221,response to chemical,1,1,1.0,False,True,,,,,,2619.0,96.0,2.202166241040921e-10,True
GO:0002183,cytoplasmic translational initiation,1,1,1.0,True,False,28.0,0.0718539227923569,4.1022319528565534e-12,2.7895177279424566e-10,True,,,,
GO:0001732,formation of cytoplasmic translation initiation complex,1,1,1.0,True,False,23.0,0.082314010781927,7.343837229130888e-11,4.406302337478533e-09,True,,,,
GO:0009834,plant-type secondary cell wall biogenesis,1,1,1.0,True,False,80.0,-0.0471454267255533,1.1787490636620392e-10,6.679578027418223e-09,True,,,,
GO:0006260,DNA replication,1,1,1.0,True,False,76.0,0.0358771065490917,2.211155106318356e-10,1.1870411623393282e-08,True,,,,
GO:0050896,response to stimulus,1,1,1.0,False,True,,,,,,5155.0,145.0,1.919900242736444e-08,True
GO:0042273,ribosomal large subunit biogenesis,1,1,1.0,True,False,27.0,0.0798550102131556,2.036234550176785e-09,9.030257570349221e-08,True,,,,
GO:0042026,protein refolding,1,1,1.0,True,False,34.0,0.0820611587235504,2.2235841898543444e-09,9.33180744741605e-08,True,,,,
GO:0045492,xylan biosynthetic process,1,1,1.0,True,False,38.0,-0.0421950849223224,2.287207707700012e-09,9.33180744741605e-08,True,,,,
GO:0007018,microtubule-based movement,1,1,1.0,True,False,63.0,0.0361476784999036,8.488135620673179e-09,3.092106547530944e-07,True,,,,
GO:0000462,"maturation of SSU-rRNA from tricistronic rRNA transcript (SSU-rRNA, 5.8S rRNA, LSU-rRNA)",1,1,1.0,True,False,19.0,0.1040205986362355,9.643427642533506e-09,3.3918262742704055e-07,True,,,,
GO:0042274,ribosomal small subunit biogenesis,1,1,1.0,True,False,18.0,0.0924163095265447,1.0620174290449126e-08,3.610859258752703e-07,True,,,,
GO:0045292,"mRNA cis splicing, via spliceosome",1,1,1.0,True,False,41.0,0.0426962967132676,1.3725903813728922e-08,4.516265125807581e-07,True,,,,
GO:0010196,nonphotochemical quenching,1,1,1.0,True,False,24.0,-0.0626660333617202,1.4569496162819266e-08,4.644026901898641e-07,True,,,,
GO:0000381,"regulation of alternative mRNA splicing, via spliceosome",1,1,1.0,True,False,31.0,0.0539001178911631,4.782922094321148e-08,1.4348766282963444e-06,True,,,,
GO:0006606,protein import into nucleus,1,1,1.0,True,False,49.0,0.0490401653980682,9.119206791359153e-08,2.657597407767524e-06,True,,,,
GO:0006913,nucleocytoplasmic transport,1,1,1.0,True,False,25.0,0.0546485831322993,1.4106852833141886e-07,3.888916186433708e-06,True,,,,
GO:0030490,maturation of SSU-rRNA,1,1,1.0,True,False,16.0,0.0707898774073364,1.3870526220186184e-07,3.888916186433708e-06,True,,,,
GO:0009645,response to low light intensity stimulus,1,1,1.0,True,False,21.0,-0.0767010458094268,2.6626713434584535e-07,6.789811925819056e-06,True,,,,
GO:0006418,tRNA aminoacylation for protein translation,1,1,1.0,True,False,44.0,0.0606549908793788,3.651516874153524e-07,9.08426149179657e-06,True,,,,
GO:0009768,"photosynthesis, light harvesting in photosystem I",1,1,1.0,True,False,20.0,-0.09643097291299,4.0212092345865803e-07,9.53868237041468e-06,True,,,,
GO:0009451,RNA modification,1,1,1.0,True,False,227.0,0.0101791418875273,6.154926406535013e-07,1.3951166521479364e-05,True,,,,
GO:0009765,"photosynthesis, light harvesting",1,1,1.0,True,False,23.0,-0.0943657667830493,1.1781233645658837e-06,2.5567783656536192e-05,True,,,,
GO:0006310,DNA recombination,1,1,1.0,True,False,51.0,0.0293222077897976,1.2401189718014608e-06,2.635252815078104e-05,True,,,,
GO:0010345,suberin biosynthetic process,1,1,1.0,True,False,20.0,-0.1311549331055211,2.3476025800024647e-06,4.604912753081758e-05,True,,,,
GO:0000911,cytokinesis by cell plate formation,1,1,1.0,True,False,42.0,0.0270535167563917,4.431751240553577e-06,7.93050221993798e-05,True,,,,
GO:0007043,cell-cell junction assembly,1,1,1.0,False,True,,,,,,5.0,4.0,8.041080061884993e-05,True
GO:0009636,response to toxic substance,1,1,1.0,False,True,,,,,,286.0,19.0,9.126854134507115e-05,True
GO:0000724,double-strand break repair via homologous recombination,1,1,1.0,True,False,83.0,0.0187607779795782,6.312381836462224e-06,0.000111010852986,True,,,,
GO:0034329,cell junction assembly,1,1,1.0,False,True,,,,,,6.0,4.0,0.0001433444925681,True
GO:0070887,cellular response to chemical stimulus,1,1,1.0,False,True,,,,,,1473.0,51.0,0.0001433444925681,True
GO:0001101,response to acid chemical,1,1,1.0,False,True,,,,,,429.0,23.0,0.0001548182180961,True
GO:0006261,DNA-templated DNA replication,1,1,1.0,True,False,22.0,0.0482189081296934,9.7555055334976e-06,0.000165413088207,True,,,,
GO:0000373,Group II intron splicing,1,1,1.0,True,False,34.0,0.0343423405247216,1.2905473594873007e-05,0.0002089457629646,True,,,,
GO:1901700,response to oxygen-containing compound,1,1,1.0,False,True,,,,,,1517.0,51.0,0.0002221160665653,True
GO:0000470,maturation of LSU-rRNA,1,1,1.0,True,False,14.0,0.0677920342734769,1.6685129163869986e-05,0.0002613626819545,True,,,,
GO:0006265,DNA topological change,1,1,1.0,True,False,13.0,0.0766938897878569,1.674110796339516e-05,0.0002613626819545,True,,,,
GO:0010207,photosystem II assembly,1,1,1.0,True,False,27.0,-0.0630194799197444,1.877101400094436e-05,0.0002857676758352,True,,,,
GO:0000387,spliceosomal snRNP assembly,1,1,1.0,True,False,20.0,0.0606489352985783,2.0520030523602983e-05,0.000307800457854,True,,,,
GO:0016554,cytidine to uridine editing,1,1,1.0,True,False,23.0,0.0464974622086489,2.241621230648571e-05,0.0003313700949654,True,,,,
GO:0009719,response to endogenous stimulus,1,1,1.0,False,True,,,,,,1426.0,48.0,0.0003753856903806,True
GO:0009628,response to abiotic stimulus,1,1,1.0,False,True,,,,,,2000.0,61.0,0.0003850455747617,True
GO:0098754,detoxification,1,1,1.0,False,True,,,,,,249.0,16.0,0.0003850455747617,True
GO:0030150,protein import into mitochondrial matrix,1,1,1.0,True,False,29.0,0.0705382606787619,2.7892110950206037e-05,0.0004053535933404,True,,,,
GO:0007005,mitochondrion organization,1,1,1.0,True,False,45.0,0.0206944601335143,3.17143196607921e-05,0.0004492861951945,True,,,,
GO:0035196,miRNA processing,1,1,1.0,True,False,20.0,0.0533788311737537,3.290768329721039e-05,0.0004598059857966,True,,,,
GO:0000447,"endonucleolytic cleavage in ITS1 to separate SSU-rRNA from 5.8S rRNA and LSU-rRNA from tricistronic rRNA transcript (SSU-rRNA, 5.8S rRNA, LSU-rRNA)",1,1,1.0,True,False,11.0,0.0831745220497594,3.6992271753266246e-05,0.0005030948958444,True,,,,
GO:0080156,mitochondrial mRNA modification,1,1,1.0,True,False,47.0,0.024969934153747,3.785634418042142e-05,0.0005080719876846,True,,,,
GO:0051592,response to calcium ion,1,1,1.0,True,False,23.0,-0.0338052133043287,4.455897021992546e-05,0.000568126870304,True,,,,
GO:0010417,glucuronoxylan biosynthetic process,1,1,1.0,True,False,12.0,-0.096231897824859,4.8723389730352666e-05,0.0006135537966044,True,,,,
GO:0000723,telomere maintenance,1,1,1.0,True,False,21.0,0.0411329134391189,5.08699930848083e-05,0.0006327730847134,True,,,,
GO:0000056,ribosomal small subunit export from nucleus,1,1,1.0,True,False,10.0,0.0844868861939801,6.578281133611961e-05,0.0007893937360334,True,,,,
GO:0045216,cell-cell junction organization,1,1,1.0,False,True,,,,,,10.0,4.0,0.0008302458739553,True
GO:2000652,regulation of secondary cell wall biogenesis,1,1,1.0,True,False,28.0,-0.0348397956282078,7.131837189637846e-05,0.0008361464291299,True,,,,
GO:0032543,mitochondrial translation,1,1,1.0,True,False,30.0,0.0416184678816489,8.464600103667982e-05,0.0009701002366001,True,,,,
GO:0010088,phloem development,1,1,1.0,True,False,36.0,-0.0439541740243032,8.81930066258276e-05,0.0009995207417593,True,,,,
GO:0000380,"alternative mRNA splicing, via spliceosome",1,1,1.0,True,False,13.0,0.0679279883232411,9.882424342601393e-05,0.0011077003109289,True,,,,
GO:0006400,tRNA modification,1,1,1.0,True,False,35.0,0.0336178709816727,0.0001039999256363,0.0011406443456889,True,,,,
GO:0034330,cell junction organization,1,1,1.0,False,True,,,,,,11.0,4.0,0.0012227002739552,True
GO:0006487,protein N-linked glycosylation,1,1,1.0,True,False,31.0,0.0465268420478463,0.0001149641835773,0.0012343522868308,True,,,,
GO:0030048,actin filament-based movement,1,1,1.0,True,False,19.0,0.0428568973548203,0.0001245569951753,0.0013234180737376,True,,,,
GO:0036294,cellular response to decreased oxygen levels,1,1,1.0,False,True,,,,,,224.0,14.0,0.0013862468672307,True
GO:0071453,cellular response to oxygen levels,1,1,1.0,False,True,,,,,,224.0,14.0,0.0013862468672307,True
GO:0031167,rRNA methylation,1,1,1.0,True,False,10.0,0.081596204111239,0.0001370300177499,0.0014409342072678,True,,,,
GO:0000028,ribosomal small subunit assembly,1,1,1.0,True,False,14.0,0.0654751520603796,0.0001419976654911,0.0014779348857242,True,,,,
GO:0009819,drought recovery,1,1,1.0,True,False,13.0,-0.0768938690432167,0.0001475372338655,0.0014988580438844,True,,,,
GO:0007062,sister chromatid cohesion,1,1,1.0,True,False,16.0,0.0387016253198555,0.0001523490628512,0.0015234906285121,True,,,,
GO:0000956,nuclear-transcribed mRNA catabolic process,1,1,1.0,True,False,16.0,0.0486641064015751,0.0001557367893953,0.0015422478173135,True,,,,
GO:0070542,response to fatty acid,1,1,1.0,False,True,,,,,,201.0,13.0,0.0016435368065351,True
GO:0001906,cell killing,1,1,1.0,False,True,,,,,,40.0,6.0,0.0017648229344564,True
GO:0031640,killing of cells of another organism,1,1,1.0,False,True,,,,,,40.0,6.0,0.0017648229344564,True
GO:0141060,disruption of anatomical structure in another organism,1,1,1.0,False,True,,,,,,40.0,6.0,0.0017648229344564,True
GO:0141061,disruption of cell in another organism,1,1,1.0,False,True,,,,,,40.0,6.0,0.0017648229344564,True
GO:0000055,ribosomal large subunit export from nucleus,1,1,1.0,True,False,11.0,0.0546485831322993,0.0001833922677278,0.0017986549334843,True,,,,
GO:0051276,chromosome organization,1,1,1.0,True,False,14.0,0.059259589564164,0.0002003668660785,0.0019464209847632,True,,,,
GO:0009404,toxin metabolic process,1,1,1.0,False,True,,,,,,59.0,7.0,0.0019469266662994,True
GO:0045595,regulation of cell differentiation,1,1,1.0,True,False,25.0,-0.0499485515361416,0.0002041078950853,0.0019640571036516,True,,,,
GO:0031053,primary miRNA processing,1,1,1.0,True,False,10.0,0.0658726604386964,0.0002255858581513,0.0021109869294897,True,,,,
GO:0016579,protein deubiquitination,1,1,1.0,True,False,54.0,0.0160738416706535,0.0002419542332656,0.0022435756175542,True,,,,
GO:0036293,response to decreased oxygen levels,1,1,1.0,False,True,,,,,,252.0,14.0,0.0032770098508438,True
GO:0051131,chaperone-mediated protein complex assembly,1,1,1.0,True,False,13.0,0.1056261369151133,0.0003696752522905,0.0032788587594469,True,,,,
GO:0070482,response to oxygen levels,1,1,1.0,False,True,,,,,,253.0,14.0,0.0033238157638927,True
GO:0043484,regulation of RNA splicing,1,1,1.0,True,False,16.0,0.0460674613278806,0.0004558457886122,0.0040082991757287,True,,,,
GO:0019684,"photosynthesis, light reaction",1,1,1.0,True,False,10.0,-0.0666524426283397,0.0005198362202318,0.0045319055097137,True,,,,
GO:0044550,secondary metabolite biosynthetic process,1,1,1.0,False,True,,,,,,144.0,10.0,0.004769044626295,True
GO:0016117,carotenoid biosynthetic process,1,1,1.0,True,False,17.0,-0.0389923431937454,0.0005722038187745,0.0049046041609246,True,,,,
GO:0051555,flavonol biosynthetic process,1,1,1.0,True,False,25.0,-0.0679856557489166,0.0005795718227653,0.0049263604935055,True,,,,
GO:0000423,mitophagy,1,1,1.0,True,False,21.0,-0.0504238427212135,0.0006033931523323,0.0050864546725534,True,,,,
GO:0009085,L-lysine biosynthetic process,1,1,1.0,True,False,11.0,0.071831392410591,0.0006555320021979,0.0054806773954252,True,,,,
GO:0006164,purine nucleotide biosynthetic process,1,1,1.0,True,False,17.0,0.0703955489128731,0.0006921628665459,0.0056935977732006,True,,,,
GO:0006611,protein export from nucleus,1,1,1.0,True,False,15.0,0.0537947840843735,0.0006902247074279,0.0056935977732006,True,,,,
GO:0000027,ribosomal large subunit assembly,1,1,1.0,True,False,10.0,0.0801484417356479,0.0007188706000554,0.0058659840964528,True,,,,
GO:0009926,auxin polar transport,1,1,1.0,True,False,43.0,0.0290509460048748,0.0007248599282906,0.0058679137052096,True,,,,
GO:0000122,negative regulation of transcription by RNA polymerase II,1,1,1.0,True,False,52.0,0.0182572133558535,0.0007825714239642,0.0062321656021797,True,,,,
GO:0008033,tRNA processing,1,1,1.0,True,False,35.0,0.0339123817368051,0.0007898017294406,0.0062321656021797,True,,,,
GO:0010192,mucilage biosynthetic process,1,1,1.0,True,False,14.0,-0.0496242592439074,0.0007992660559096,0.0062321656021797,True,,,,
GO:0051923,sulfation,1,1,1.0,True,False,17.0,-0.0179371277117382,0.0008251232084311,0.006369350924561,True,,,,
GO:0007064,mitotic sister chromatid cohesion,1,1,1.0,True,False,15.0,0.0597748381959187,0.000844958806555,0.0064317759901947,True,,,,
GO:0000290,deadenylation-dependent decapping of nuclear-transcribed mRNA,1,1,1.0,True,False,15.0,0.0359188024060215,0.0008838249822293,0.0066777887546217,True,,,,
GO:0006406,mRNA export from nucleus,1,1,1.0,True,False,26.0,0.029164864217037,0.0009139986916101,0.0068549901870759,True,,,,
GO:0006402,mRNA catabolic process,1,1,1.0,True,False,34.0,0.0303587731924982,0.0009745135565892,0.0072555023921246,True,,,,
GO:0006526,L-arginine biosynthetic process,1,1,1.0,True,False,12.0,0.0458504001080046,0.0011075480897721,0.0080692789397686,True,,,,
GO:0002098,tRNA wobble uridine modification,1,1,1.0,True,False,16.0,0.0456852562328658,0.0012258474877342,0.0088053833625983,True,,,,
GO:0030705,cytoskeleton-dependent intracellular transport,1,1,1.0,True,False,27.0,0.0319436777719096,0.0012405541201512,0.0088487077101698,True,,,,
GO:0009294,DNA-mediated transformation,1,1,1.0,True,False,27.0,0.0267703492042867,0.0013870797936522,0.0096905574625017,True,,,,
GO:0000338,protein deneddylation,1,1,1.0,True,False,12.0,0.0535490285213871,0.0014308050168143,0.0097608693644299,True,,,,
GO:0009094,L-phenylalanine biosynthetic process,1,1,1.0,True,False,13.0,-0.0374838836527324,0.0015254892900218,0.0102368360251467,True,,,,
GO:0016973,poly(A)+ mRNA export from nucleus,1,1,1.0,True,False,17.0,0.0546485831322993,0.0015164388585649,0.0102368360251467,True,,,,
GO:0006334,nucleosome assembly,1,1,1.0,True,False,36.0,0.0173084184121532,0.0015942537646745,0.0105593431166756,True,,,,
GO:0016444,somatic cell DNA recombination,1,1,1.0,True,False,10.0,0.0555791276465539,0.0016483228837714,0.0108470280093345,True,,,,
GO:0030307,positive regulation of cell growth,1,1,1.0,True,False,16.0,0.0469409826546014,0.0017639809896589,0.0115337218554623,True,,,,
GO:0045491,xylan metabolic process,1,1,1.0,True,False,14.0,-0.0375585072195545,0.0019147306110026,0.0123609191343211,True,,,,
GO:0051321,meiotic cell cycle,1,1,1.0,True,False,36.0,0.0159142115080609,0.0019638889794647,0.012519792244088,True,,,,
GO:0007035,vacuolar acidification,1,1,1.0,True,False,11.0,-0.0454753434110717,0.0022472329063472,0.014062439045854,True,,,,
GO:1901141,regulation of lignin biosynthetic process,1,1,1.0,True,False,12.0,-0.0430007147387975,0.0022456074443865,0.014062439045854,True,,,,
GO:0009643,photosynthetic acclimation,1,1,1.0,True,False,11.0,-0.0539108058873896,0.0022737890613113,0.0141418587959607,True,,,,
GO:0033993,response to lipid,1,1,1.0,False,True,,,,,,921.0,30.0,0.0143585158156465,True
GO:0051716,cellular response to stimulus,1,1,1.0,False,True,,,,,,2546.0,65.0,0.014733607300258,True
GO:0048481,plant ovule development,1,1,1.0,True,False,52.0,0.0151257978989635,0.0024173260481424,0.0148534492114776,True,,,,
GO:0010233,phloem transport,1,1,1.0,True,False,12.0,-0.0468792842073641,0.0025084341639874,0.0153209751333366,True,,,,
GO:0106074,aminoacyl-tRNA metabolism involved in translational fidelity,1,1,1.0,True,False,13.0,0.0476395245141085,0.0025387959070203,0.0154141180069092,True,,,,
GO:0007034,vacuolar transport,1,1,1.0,True,False,32.0,-0.0358602722322532,0.0026416207839792,0.0159435100571527,True,,,,
GO:0006995,cellular response to nitrogen starvation,1,1,1.0,True,False,44.0,-0.0215813789436255,0.0026729862196792,0.0160379173180756,True,,,,
GO:0001522,pseudouridine synthesis,1,1,1.0,True,False,23.0,0.0353767476376944,0.0027359359666979,0.0163196180469702,True,,,,
GO:0034063,cytoplasmic stress granule assembly,1,1,1.0,True,False,22.0,0.0434109568527042,0.0028460066163418,0.0167799234027089,True,,,,
GO:0072344,rescue of stalled cytosolic ribosome,1,1,1.0,True,False,13.0,0.0630470441013302,0.0028434602074376,0.0167799234027089,True,,,,
GO:0009299,mRNA transcription,1,1,1.0,True,False,14.0,-0.0515118107534118,0.0031757450844848,0.0186164367021527,True,,,,
GO:0006415,translational termination,1,1,1.0,True,False,15.0,0.0276920233292236,0.003266780079433,0.0190406610344099,True,,,,
GO:0051726,regulation of cell cycle,1,1,1.0,True,False,55.0,0.0251194298382393,0.0034325456335743,0.0198931621945785,True,,,,
GO:0032870,cellular response to hormone stimulus,1,1,1.0,False,True,,,,,,903.0,29.0,0.0199294756110968,True
GO:0071495,cellular response to endogenous stimulus,1,1,1.0,False,True,,,,,,904.0,29.0,0.0199294756110968,True
GO:0000045,autophagosome assembly,1,1,1.0,True,False,35.0,-0.0325945435983823,0.003489987607406,0.0199988053907538,True,,,,
GO:0031087,deadenylation-independent decapping of nuclear-transcribed mRNA,1,1,1.0,True,False,11.0,0.0200141554578248,0.0036337913932039,0.0204563726942842,True,,,,
GO:0071577,zinc ion transmembrane transport,1,1,1.0,True,False,22.0,-0.0405015507703896,0.0036500586572154,0.0204563726942842,True,,,,
GO:2000024,regulation of leaf development,1,1,1.0,True,False,21.0,0.0288740416650036,0.003618359098301,0.0204563726942842,True,,,,
GO:1902476,chloride transmembrane transport,1,1,1.0,True,False,12.0,-0.042147384830473,0.0038966990566665,0.0214845029070264,True,,,,
GO:0007178,cell surface receptor protein serine/threonine kinase signaling pathway,1,1,1.0,True,False,61.0,-0.0099615699783743,0.0042007191678338,0.0229385782718264,True,,,,
GO:0007059,chromosome segregation,1,1,1.0,True,False,20.0,0.0208455175927411,0.004364419739492,0.0235540112924968,True,,,,
GO:0009615,response to virus,1,1,1.0,True,False,52.0,0.0129237512014387,0.0044354751189958,0.0238114980072406,True,,,,
GO:0007131,reciprocal meiotic recombination,1,1,1.0,True,False,33.0,0.0264125748025404,0.0047039417997664,0.0251205268888053,True,,,,
GO:0045037,protein import into chloroplast stroma,1,1,1.0,True,False,41.0,0.0239793530993193,0.0047813428574742,0.0252128892153572,True,,,,
GO:0006360,transcription by RNA polymerase I,1,1,1.0,True,False,15.0,0.0198001865925746,0.0052187869822452,0.0271589934790315,True,,,,
GO:0000289,nuclear-transcribed mRNA poly(A) tail shortening,1,1,1.0,True,False,18.0,0.0219469054290674,0.0053369237592474,0.0273616874255524,True,,,,
GO:0034976,response to endoplasmic reticulum stress,1,1,1.0,True,False,35.0,0.0235097206462636,0.0053318853199156,0.0273616874255524,True,,,,
GO:0035999,tetrahydrofolate interconversion,1,1,1.0,True,False,16.0,-0.0318258797881298,0.0053382115663577,0.0273616874255524,True,,,,
GO:0010206,photosystem II repair,1,1,1.0,True,False,15.0,-0.0392599844922331,0.0053662984545264,0.027368122118085,True,,,,
GO:0080001,mucilage extrusion from seed coat,1,1,1.0,True,False,17.0,-0.0223734276220031,0.0054335912851463,0.0275734483126829,True,,,,
GO:0007052,mitotic spindle organization,1,1,1.0,True,False,12.0,0.0714745403702811,0.0055510953934828,0.0277052008713686,True,,,,
GO:0042761,very long-chain fatty acid biosynthetic process,1,1,1.0,True,False,28.0,-0.0160160587014664,0.0055453331044365,0.0277052008713686,True,,,,
GO:0080027,response to herbivore,1,1,1.0,True,False,26.0,-0.020281131639109,0.0055682021359123,0.0277052008713686,True,,,,
GO:0009696,salicylic acid metabolic process,1,1,1.0,True,False,21.0,-0.0341286781110876,0.0057096090368364,0.0282708796969571,True,,,,
GO:0070141,response to UV-A,1,1,1.0,False,True,,,,,,4.0,2.0,0.0290565812798276,True
GO:0071395,cellular response to jasmonic acid stimulus,1,1,1.0,False,True,,,,,,100.0,7.0,0.0290565812798276,True
GO:0071492,cellular response to UV-A,1,1,1.0,False,True,,,,,,4.0,2.0,0.0290565812798276,True
GO:0090693,plant organ senescence,1,1,1.0,False,True,,,,,,159.0,9.0,0.0290565812798276,True
GO:0170062,nutrient storage,1,1,1.0,False,True,,,,,,14.0,3.0,0.0290565812798276,True
GO:0010091,trichome branching,1,1,1.0,True,False,31.0,0.0109947496125459,0.0063057539190752,0.0300605143160942,True,,,,
GO:0010268,brassinosteroid homeostasis,1,1,1.0,True,False,28.0,-0.0172799715606087,0.0063362848803532,0.0300605143160942,True,,,,
GO:0006298,mismatch repair,1,1,1.0,True,False,16.0,0.0253763020785921,0.0064675596327988,0.0304005107163815,True,,,,
GO:0006302,double-strand break repair,1,1,1.0,True,False,34.0,0.013381011267806,0.0065668031224638,0.0307254091051059,True,,,,
GO:0015860,purine nucleoside transmembrane transport,1,1,1.0,True,False,22.0,-0.0201067378489136,0.0070439144170656,0.0326581486609407,True,,,,
GO:0071398,cellular response to fatty acid,1,1,1.0,False,True,,,,,,104.0,7.0,0.0330191496972746,True
GO:0160109,plant gross anatomical part developmental process,1,1,1.0,True,False,111.0,0.0034621597096245,0.0071804025317568,0.0331403193773394,True,,,,
GO:0009880,embryonic pattern specification,1,1,1.0,True,False,13.0,0.0352132964794192,0.0074407444160986,0.0341872040739666,True,,,,
GO:2001141,regulation of RNA biosynthetic process,1,1,1.0,False,True,,,,,,1695.0,45.0,0.0342867223954048,True
GO:0000245,spliceosomal complex assembly,1,1,1.0,True,False,16.0,0.0322529439846778,0.0076406132787145,0.0349480966111605,True,,,,
GO:0044027,negative regulation of gene expression via chromosomal CpG island methylation,1,1,1.0,True,False,19.0,0.0171763669406763,0.0081226072023847,0.0369868720822875,True,,,,
GO:0009561,megagametogenesis,1,1,1.0,True,False,36.0,0.0062725322759008,0.0086006802952289,0.0389897506717043,True,,,,
GO:0006367,transcription initiation at RNA polymerase II promoter,1,1,1.0,True,False,41.0,0.0134769612060449,0.010195500239563,0.0452509454689398,True,,,,
GO:0031124,mRNA 3'-end processing,1,1,1.0,True,False,16.0,0.0226894862162777,0.0102147689447505,0.0452509454689398,True,,,,
GO:0006368,transcription elongation by RNA polymerase II,1,1,1.0,True,False,17.0,0.0642215131297724,0.0109287098542081,0.0475734529065148,True,,,,
GO:0009694,jasmonic acid metabolic process,1,1,1.0,True,False,25.0,-0.0187263593973369,0.0115366003268885,0.0498615776840099,True,,,,
GO:0006412,translation,2,1,0.5,True,True,346.0,0.0658729496887418,1.1260543125750226e-56,1.148575398826523e-53,True,709.0,3.0,0.9999999213864,False
GO:0000398,"mRNA splicing, via spliceosome",2,1,0.5,True,True,170.0,0.0582144593699119,3.6744354385047214e-35,1.8739620736374078e-32,True,169.0,1.0,0.9999999213864,False
GO:0006457,protein folding,2,1,0.5,True,True,211.0,0.0492111684514293,2.453288804886142e-22,6.255886452459663e-20,True,138.0,2.0,0.8634887903992601,False
GO:0006338,chromatin remodeling,2,1,0.5,True,True,164.0,0.0414913223836516,5.790536135186024e-19,1.181269371577949e-16,True,252.0,1.0,0.9999999213864,False
GO:0008380,RNA splicing,2,1,0.5,True,True,88.0,0.0403107506844355,5.947621491763634e-17,1.0110956535998175e-14,True,296.0,1.0,0.9999999213864,False
GO:0002181,cytoplasmic translation,2,1,0.5,True,True,69.0,0.070756100755638,2.5798309469687387e-16,3.759182237011591e-14,True,39.0,1.0,0.7130279968635349,False
GO:0006413,translational initiation,2,1,0.5,True,True,75.0,0.0543742239730461,3.3559314243777586e-15,4.278812566081642e-13,True,100.0,1.0,0.9551117364584476,False
GO:0006396,RNA processing,2,1,0.5,True,True,182.0,0.0212095230435964,1.2302011168319024e-14,1.3942279324094897e-12,True,945.0,2.0,0.9999999213864,False
GO:0006397,mRNA processing,2,1,0.5,True,True,114.0,0.0246855567158591,2.007093896920381e-13,1.95963682003493e-11,True,403.0,1.0,0.9999999213864,False
GO:0040029,epigenetic regulation of gene expression,2,1,0.5,True,True,115.0,0.0326502315353124,1.0170826297756037e-12,7.980186787470119e-11,True,125.0,1.0,0.9948773707065716,False
GO:0009793,embryo development ending in seed dormancy,2,1,0.5,True,True,331.0,0.0160432578935771,1.59853196915203e-12,1.1646447203821934e-10,True,372.0,8.0,0.571640850273839,False
GO:0098869,cellular oxidant detoxification,2,1,0.5,True,True,138.0,-0.0330006573848832,7.305828127838805e-12,4.657465431497237e-10,True,146.0,5.0,0.3340074504705265,False
GO:0031507,heterochromatin formation,2,1,0.5,True,True,39.0,0.0503697563706622,3.2076748922626436e-10,1.6359141950539483e-08,True,61.0,1.0,0.8346564699043453,False
GO:0006281,DNA repair,2,1,0.5,True,True,190.0,0.0191994883007362,4.13881610705012e-10,2.01028210913863e-08,True,301.0,1.0,0.9999999213864,False
GO:0080188,gene silencing by siRNA-directed DNA methylation,2,1,0.5,True,True,55.0,0.0335244809852721,1.5976467615695535e-09,7.407271349095203e-08,True,36.0,1.0,0.6859527588704029,False
GO:0009553,embryo sac development,2,1,0.5,True,True,78.0,0.040167009540533,3.44388589147951e-09,1.3510629266573464e-07,True,131.0,1.0,0.9987520849642846,False
GO:0055085,transmembrane transport,2,1,0.5,True,True,846.0,-0.0025805570487957,4.765559564970433e-09,1.8003225023221637e-07,True,1051.0,21.0,0.5288713402222597,False
GO:0006950,response to stress,2,1,0.5,True,True,201.0,-0.0030032184132912,0.0128479143193992,0.0534892759419885,False,3210.0,99.0,4.5297562965786534e-07,True
GO:0019748,secondary metabolic process,2,1,0.5,True,True,23.0,-0.0040961950248554,0.4389430478771325,0.6186829227761214,False,245.0,21.0,4.5297562965786534e-07,True
GO:0007165,signal transduction,2,1,0.5,True,True,731.0,-0.0017654443185291,3.904278688160159e-08,1.2067770490676852e-06,True,1464.0,34.0,0.2039377847110388,False
GO:0042546,cell wall biogenesis,2,1,0.5,True,True,65.0,-0.0420030356187675,1.839213403151646e-07,4.936835976880734e-06,True,222.0,1.0,0.9999999213864,False
GO:0006414,translational elongation,2,1,0.5,True,True,41.0,0.0592645346994799,2.118028241886585e-07,5.539458478780298e-06,True,73.0,1.0,0.8810066129556338,False
GO:0015979,photosynthesis,2,1,0.5,True,True,77.0,-0.0445361847366659,3.772126399406258e-07,9.160878398558055e-06,True,272.0,2.0,0.9999999213864,False
GO:0042744,hydrogen peroxide catabolic process,2,1,0.5,True,True,95.0,-0.0312719192175553,5.247304938291321e-07,1.2164206902402608e-05,True,84.0,5.0,0.1195613434624006,False
GO:0006325,chromatin organization,2,1,0.5,True,True,69.0,0.0276266963267499,8.208458439166446e-07,1.8201364365108205e-05,True,327.0,1.0,0.9999999213864,False
GO:0031047,regulatory ncRNA-mediated gene silencing,2,1,0.5,True,True,43.0,0.02757130144569,1.4087795235774288e-06,2.8739102280979548e-05,True,172.0,5.0,0.4285385821501005,False
GO:0046274,lignin catabolic process,2,1,0.5,True,True,18.0,-0.0746551038702026,1.39335214982481e-06,2.8739102280979548e-05,True,17.0,1.0,0.5194082812512565,False
GO:0010089,xylem development,2,1,0.5,True,True,41.0,-0.0675019176039786,2.0227575152019166e-06,4.045515030403833e-05,True,45.0,1.0,0.7496831367869746,False
GO:0051301,cell division,2,1,0.5,True,True,97.0,0.0239055706285561,2.683134919531626e-06,5.163769090419356e-05,True,400.0,4.0,0.9999999213864,False
GO:0009644,response to high light intensity,2,1,0.5,True,True,66.0,-0.0344167176058074,3.1039961174723264e-06,5.863103777447728e-05,True,61.0,3.0,0.2926883109826597,False
GO:0016070,RNA metabolic process,2,1,0.5,True,True,48.0,0.0395819290818088,3.243009301422187e-06,6.014308159001146e-05,True,3079.0,48.0,0.92376167938622,False
GO:0019761,glucosinolate biosynthetic process,2,1,0.5,True,True,30.0,-0.1009032225332656,3.375395546711545e-06,6.14804188865317e-05,True,46.0,1.0,0.7522715166513668,False
GO:0006974,DNA damage response,2,1,0.5,True,True,70.0,0.0292629488017263,6.829363239492669e-06,0.0001180669576997,True,335.0,1.0,0.9999999213864,False
GO:0009414,response to water deprivation,2,1,0.5,True,True,403.0,-0.0013893464178763,0.2558596827156214,0.4327974732503049,False,393.0,22.0,0.0001433444925681,True
GO:0009415,response to water,2,1,0.5,True,True,12.0,0.0315769818047604,0.2185288095282157,0.3890041635580804,False,403.0,22.0,0.0001623212238344,True
GO:0009698,phenylpropanoid metabolic process,2,1,0.5,True,True,12.0,-0.023899414865505,0.1117663006469406,0.2489118486023569,False,150.0,13.0,0.0001623212238344,True
GO:0045814,"negative regulation of gene expression, epigenetic",2,1,0.5,True,True,44.0,0.0236095014675337,9.892351353560329e-06,0.000165413088207,True,90.0,1.0,0.9299988513552064,False
GO:0034605,cellular response to heat,2,1,0.5,True,True,78.0,0.0308554676686024,1.1361387246586386e-05,0.0001869131450244,True,50.0,3.0,0.220954774297665,False
GO:0015995,chlorophyll biosynthetic process,2,1,0.5,True,True,43.0,-0.0591040962008662,1.691170295000191e-05,0.0002613626819545,True,62.0,2.0,0.5540562752140596,False
GO:0009725,response to hormone,2,1,0.5,True,True,44.0,0.0,0.9661742107303538,0.9825500448105292,False,1425.0,48.0,0.0003753856903806,True
GO:0006833,water transport,2,1,0.5,True,True,36.0,-0.0828908194684573,2.821578934036142e-05,0.0004053535933404,True,29.0,1.0,0.6384801514350774,False
GO:0048364,root development,2,1,0.5,True,True,214.0,0.0124139802132304,3.6283708359142215e-05,0.0005001267908962,True,582.0,5.0,0.9999999213864,False
GO:0010344,seed oilbody biogenesis,2,1,0.5,True,True,14.0,0.02184242018714,0.4236162915996083,0.6051661308565833,False,9.0,4.0,0.0005330246430116,True
GO:0010016,shoot system morphogenesis,2,1,0.5,True,True,12.0,0.0700698529489268,4.200075241743528e-05,0.0005508911709867,True,163.0,4.0,0.571640850273839,False
GO:0045168,cell-cell signaling involved in cell fate commitment,2,1,0.5,True,True,32.0,-0.0293399346421159,4.266706128231026e-05,0.0005508911709867,True,30.0,1.0,0.6493027896542783,False
GO:0048366,leaf development,2,1,0.5,True,True,130.0,0.0136579669308015,4.239449586312715e-05,0.0005508911709867,True,367.0,13.0,0.1009223573061342,False
GO:0005975,carbohydrate metabolic process,2,1,0.5,True,True,463.0,-0.0016369091405971,5.6560042795222085e-05,0.0006950752247123,True,914.0,13.0,0.9299988513552064,False
GO:0048589,developmental growth,2,1,0.5,True,True,13.0,0.0745422675634184,5.9805589871202e-05,0.0007262107341503,True,437.0,6.0,0.9108441056416068,False
GO:0003333,amino acid transmembrane transport,2,1,0.5,True,True,59.0,-0.0230914468666877,6.826866000504243e-05,0.0008096980605249,True,29.0,1.0,0.6384801514350774,False
GO:0009809,lignin biosynthetic process,2,1,0.5,True,True,43.0,-0.0857178777371178,8.165270526660382e-05,0.0009464290837719,True,48.0,3.0,0.2082890054802154,False
GO:0010228,vegetative to reproductive phase transition of meristem,2,1,0.5,True,True,119.0,0.016525856459218,0.000102659563952,0.0011381821220768,True,228.0,2.0,0.9999999213864,False
GO:0009813,flavonoid biosynthetic process,2,1,0.5,True,True,28.0,-0.0547915205512462,0.0001084872358652,0.0011772019210913,True,60.0,3.0,0.2856931786422741,False
GO:0050826,response to freezing,2,1,0.5,True,True,24.0,0.0134166928725458,0.4121591856397428,0.5941918837909878,False,22.0,5.0,0.0013614077213858,True
GO:0009753,response to jasmonic acid,2,1,0.5,True,True,164.0,-1.209736578105001e-05,0.496215556657643,0.6739545509864127,False,197.0,13.0,0.0014413133318804,True
GO:0009555,pollen development,2,1,0.5,True,True,264.0,0.0055608728580736,0.0001484163357179,0.0014988580438844,True,289.0,5.0,0.7553875175643586,False
GO:0009827,plant-type cell wall modification,2,1,0.5,True,True,69.0,-0.0096792879405292,0.0001456596328093,0.0014988580438844,True,33.0,1.0,0.6719599375589773,False
GO:0000160,phosphorelay signal transduction system,2,1,0.5,True,True,58.0,0.0027986283916496,0.1824918458739384,0.3479283790493779,False,199.0,13.0,0.0015390400468476,True
GO:0006470,protein dephosphorylation,2,1,0.5,True,True,21.0,-0.0475959984779581,0.000224441145961,0.0021109869294897,True,103.0,1.0,0.963232409383616,False
GO:0008643,carbohydrate transport,2,1,0.5,True,True,38.0,-0.0178381403859633,0.0002245379161999,0.0021109869294897,True,121.0,3.0,0.6065499703562719,False
GO:0010555,response to mannitol,2,1,0.5,True,True,26.0,-0.04112888972553,0.000285845218158,0.0026032332367968,True,22.0,1.0,0.5859388768856314,False
GO:0032502,developmental process,2,1,0.5,True,True,33.0,0.0236252595602135,0.0002841142612357,0.0026032332367968,True,2847.0,63.0,0.1288626045964135,False
GO:0007623,circadian rhythm,2,1,0.5,True,True,116.0,-0.0236293195282506,0.0003207642762727,0.0028699961561245,True,138.0,4.0,0.4868092199136812,False
GO:0001666,response to hypoxia,2,1,0.5,True,True,47.0,0.0118236656569777,0.1457319157854932,0.3002960688913194,False,248.0,14.0,0.0029312609905551,True
GO:0009407,toxin catabolic process,2,1,0.5,True,True,46.0,-0.001610122903385,0.8550339188692228,0.9198454458677152,False,45.0,6.0,0.0030865666938254,True
GO:0071369,cellular response to ethylene stimulus,2,1,0.5,True,True,10.0,0.0135304133298738,0.5224695863846793,0.6939049194171523,False,170.0,11.0,0.0044248307176853,True
GO:0042545,cell wall modification,2,1,0.5,True,True,79.0,-0.0071487831223331,0.0005294283938769,0.0045764149301229,True,114.0,6.0,0.1161443400917897,False
GO:0090698,post-embryonic plant morphogenesis,2,1,0.5,True,True,11.0,-0.0728176215236202,0.0007555135268889,0.0060679039167459,True,173.0,2.0,0.9349636230918352,False
GO:0006351,DNA-templated transcription,2,1,0.5,True,True,286.0,0.0026415332393858,0.0008004055822407,0.0062321656021797,True,1853.0,46.0,0.0788857400490562,False
GO:0010104,regulation of ethylene-activated signaling pathway,2,1,0.5,True,True,18.0,0.0331569533427943,0.0010221375828307,0.0075549299600535,True,28.0,1.0,0.63088669013877,False
GO:0035194,regulatory ncRNA-mediated post-transcriptional gene silencing,2,1,0.5,True,True,16.0,0.0444696232415569,0.0010587187472969,0.0077690152679347,True,79.0,4.0,0.2082890054802154,False
GO:0010449,root meristem growth,2,1,0.5,True,True,16.0,0.04845014682779,0.0011493332699875,0.0083143257828887,True,46.0,1.0,0.7522715166513668,False
GO:0009965,leaf morphogenesis,2,1,0.5,True,True,56.0,0.0268383071244476,0.0013213363506972,0.0093594658174386,True,93.0,2.0,0.6983315007283434,False
GO:0071897,DNA biosynthetic process,2,1,0.5,True,True,19.0,0.0345340477395068,0.001344602395276,0.0094585823667691,True,43.0,1.0,0.738141447876422,False
GO:0010162,seed dormancy process,2,1,0.5,True,True,27.0,0.0444097007879524,0.0014295666619863,0.0097608693644299,True,47.0,2.0,0.4590489938131555,False
GO:0015770,sucrose transport,2,1,0.5,True,True,18.0,-0.0223592555675219,0.0014354219653573,0.0097608693644299,True,16.0,1.0,0.5123800016022472,False
GO:0042631,cellular response to water deprivation,2,1,0.5,True,True,44.0,-0.0240698232177725,0.0018414865590336,0.011963798026843,True,37.0,2.0,0.3590848040073952,False
GO:0003006,developmental process involved in reproduction,2,1,0.5,True,True,10.0,0.0446935002742645,0.0019409198710923,0.0124511840787058,True,1332.0,34.0,0.1129958579671625,False
GO:0048868,pollen tube development,2,1,0.5,True,True,41.0,0.0083291564303844,0.0020640384062035,0.0130765166107303,True,161.0,5.0,0.3776700291423732,False
GO:0010182,sugar mediated signaling pathway,2,1,0.5,True,True,34.0,0.0290159784065549,0.0023939321772603,0.0147988534594278,True,36.0,1.0,0.6859527588704029,False
GO:0006749,glutathione metabolic process,2,1,0.5,True,True,49.0,-0.0032818063338757,0.5614507131107473,0.721988821425233,False,44.0,5.0,0.0196821289418579,True
GO:0006357,regulation of transcription by RNA polymerase II,2,1,0.5,True,True,517.0,0.0014369805688581,0.0034862480408877,0.0199988053907538,True,217.0,2.0,0.9948773707065716,False
GO:0099402,plant organ development,2,1,0.5,True,True,56.0,0.0218161521437355,0.0035871840273909,0.0204409369158589,True,1073.0,22.0,0.4934962496325853,False
GO:0048316,seed development,2,1,0.5,True,True,80.0,0.0178988114095661,0.0038170232044538,0.0211595851551245,True,558.0,15.0,0.2318604654482952,False
GO:0009409,response to cold,2,1,0.5,True,True,382.0,-0.0025950838169194,0.2373813596184927,0.4124854971224235,False,386.0,16.0,0.0223532679472849,True
GO:0030001,metal ion transport,2,1,0.5,True,True,37.0,-0.0239395183451972,0.0042054060165015,0.0229385782718264,True,253.0,6.0,0.5288713402222597,False
GO:0042908,xenobiotic transport,2,1,0.5,True,True,26.0,0.0197197494227762,0.0043195616899231,0.02343591980703,True,63.0,4.0,0.1476869056570539,False
GO:0009867,jasmonic acid mediated signaling pathway,2,1,0.5,True,True,76.0,0.0011800088442465,0.0307811512053693,0.0984224897475758,False,95.0,7.0,0.0247368464066362,True
GO:0010150,leaf senescence,2,1,0.5,True,True,130.0,-0.0011564891042309,0.3674345027476886,0.5560581495588166,False,152.0,9.0,0.0247368464066362,True
GO:0044042,glucan metabolic process,2,1,0.5,True,True,33.0,-0.0515355583025965,0.0047413822101424,0.0251885929913819,True,193.0,2.0,0.9720137697507436,False
GO:0009791,post-embryonic development,2,1,0.5,True,True,60.0,0.0252138264529978,0.0047953926546855,0.0252128892153572,True,1485.0,33.0,0.2721645495156779,False
GO:0006629,lipid metabolic process,2,1,0.5,True,True,188.0,-0.003670786695512,0.0051029971489342,0.0266926004713485,True,922.0,15.0,0.8010960528745389,False
GO:0010411,xyloglucan metabolic process,2,1,0.5,True,True,48.0,-0.0277714213255148,0.0054821591616964,0.0276821898263878,True,45.0,1.0,0.7496831367869746,False
GO:0042127,regulation of cell population proliferation,2,1,0.5,True,True,24.0,0.0465302803978337,0.0058077602050603,0.0286179488365293,True,76.0,3.0,0.3776700291423732,False
GO:0009755,hormone-mediated signaling pathway,2,1,0.5,True,True,37.0,-0.0109462765880637,0.1360659339452223,0.2873402603964354,False,845.0,27.0,0.0288600951172828,True
GO:0019915,lipid storage,2,1,0.5,True,True,15.0,0.0207880373460055,0.6826910022059824,0.8106458931898743,False,14.0,3.0,0.0290565812798276,True
GO:0009646,response to absence of light,2,1,0.5,True,True,51.0,-0.0050041611391984,0.5264418841604804,0.6973645738229741,False,51.0,5.0,0.0292942018436027,True
GO:0010218,response to far red light,2,1,0.5,True,True,62.0,-0.0174344607732544,0.0059816003353609,0.0293328477984048,True,42.0,3.0,0.1737613144206115,False
GO:1902475,L-alpha-amino acid transmembrane transport,2,1,0.5,True,True,11.0,-0.0314706616704294,0.0060471992895661,0.0295126472505141,True,8.0,1.0,0.3549343415787025,False
GO:0016441,post-transcriptional gene silencing,2,1,0.5,True,True,12.0,0.0469674092934077,0.0060766698804744,0.0295152537051615,True,97.0,4.0,0.2895631156618661,False
GO:0002213,defense response to insect,2,1,0.5,True,True,36.0,0.0009889195824331,0.645543006018614,0.7868703146089148,False,31.0,4.0,0.0299209968203363,True
GO:0009266,response to temperature stimulus,2,1,0.5,True,True,50.0,0.0129833333239594,0.0715267323651902,0.1814857388370499,False,605.0,21.0,0.0299209968203363,True
GO:0006099,tricarboxylic acid cycle,2,1,0.5,True,True,54.0,-0.0134288318735643,0.0063320133419144,0.0300605143160942,True,56.0,2.0,0.5194082812512565,False
GO:0015914,phospholipid transport,2,1,0.5,True,True,21.0,0.030629023244378,0.0062498873542859,0.0300605143160942,True,18.0,1.0,0.5288713402222597,False
GO:0016036,cellular response to phosphate starvation,2,1,0.5,True,True,89.0,0.0242976457278089,0.0063049966252951,0.0300605143160942,True,69.0,1.0,0.8704527556672177,False
GO:0010082,regulation of root meristem growth,2,1,0.5,True,True,43.0,0.0184254278034635,0.0064511111834088,0.0304005107163815,True,34.0,1.0,0.6761511526013188,False
GO:0006857,oligopeptide transport,2,1,0.5,True,True,23.0,-0.0555453292649225,0.0068378743249632,0.0318476338422947,True,43.0,1.0,0.738141447876422,False
GO:0006355,regulation of DNA-templated transcription,2,1,0.5,True,True,1987.0,0.0002527080676377,0.4068550594982614,0.5920002292271421,False,1695.0,45.0,0.0342867223954048,True
GO:0009723,response to ethylene,2,1,0.5,True,True,113.0,0.0033678978803565,0.1781516988031773,0.3422123027857644,False,235.0,11.0,0.0380910860392004,True
GO:0010928,regulation of auxin mediated signaling pathway,2,1,0.5,True,True,28.0,0.0125958141313449,0.0087343487248029,0.039420511943801,True,44.0,1.0,0.7463623797860771,False
GO:0010105,negative regulation of ethylene-activated signaling pathway,2,1,0.5,True,True,21.0,0.0392297863190857,0.0096322674055168,0.0432815539807365,True,19.0,1.0,0.5435319430601824,False
GO:0006879,intracellular iron ion homeostasis,2,1,0.5,True,True,41.0,-0.021342119813221,0.0097854327075345,0.043776935796865,True,28.0,1.0,0.63088669013877,False
GO:0046488,phosphatidylinositol metabolic process,2,1,0.5,True,True,16.0,0.0225289229355374,0.010248008238554,0.0452509454689398,True,70.0,2.0,0.6034768894253039,False
GO:0007389,pattern specification process,2,1,0.5,True,True,11.0,0.0196873222085568,0.010584108569923,0.0465335807815581,True,177.0,1.0,0.9999999213864,False
GO:0008284,positive regulation of cell population proliferation,2,1,0.5,True,True,26.0,0.0205951115976845,0.0106836298037539,0.0467695381966912,True,21.0,1.0,0.5715222310044438,False
GO:0006812,monoatomic cation transport,2,1,0.5,True,True,83.0,-0.0030263926670488,0.0109605504245401,0.0475734529065148,True,373.0,7.0,0.6846791643657854,False
GO:0009825,multidimensional cell growth,2,1,0.5,True,True,33.0,-0.0017270864530838,0.7486965732974964,0.8580567469252206,False,36.0,4.0,0.0479223639707409,True
GO:0006970,response to osmotic stress,2,1,0.5,True,True,179.0,-0.0059004232517506,0.2041047443624207,0.3748334336079397,False,512.0,18.0,0.0491053471651433,True
GO:0050821,protein stabilization,2,0,0.0,True,True,37.0,0.0384924037476869,0.0117244221075104,0.0504595381842223,False,16.0,2.0,0.1698027179383449,False
GO:0000070,mitotic sister chromatid segregation,1,0,0.0,True,False,10.0,0.0140436871135536,0.0117966095160813,0.0505568979260628,False,,,,
GO:0015918,sterol transport,2,0,0.0,True,True,11.0,-0.1229886740098293,0.0121487215747831,0.0518481004446814,False,15.0,2.0,0.1587774004419004,False
GO:0006814,sodium ion transport,2,0,0.0,True,True,13.0,-0.0343212271348921,0.0122847350804625,0.0521343350984066,False,20.0,1.0,0.5552178268598311,False
GO:0045324,late endosome to vacuole transport,1,0,0.0,True,False,21.0,-0.041160983131064,0.0123180144693294,0.0521343350984066,False,,,,
GO:0048608,reproductive structure development,2,0,0.0,True,True,28.0,0.0258138525095494,0.0125166366038675,0.0527560716361357,False,1151.0,29.0,0.1555715253967282,False
GO:0007004,telomere maintenance via telomerase,1,0,0.0,True,False,12.0,0.0371234558476614,0.0128193756955348,0.0534892759419885,False,,,,
GO:0009631,cold acclimation,2,0,0.0,True,True,74.0,0.0169773668442047,0.0128183947479522,0.0534892759419885,False,51.0,3.0,0.2309207316033108,False
GO:0007129,homologous chromosome pairing at meiosis,1,0,0.0,True,False,21.0,0.0271828759362975,0.0131975617315898,0.0544733607900983,False,,,,
GO:0010039,response to iron ion,1,0,0.0,True,False,29.0,-0.0271746399168921,0.0132445034077886,0.0544733607900983,False,,,,
GO:0045892,negative regulation of DNA-templated transcription,2,0,0.0,True,True,239.0,0.0017564768903451,0.0131507377028179,0.0544733607900983,False,192.0,6.0,0.3365236545195714,False
GO:0009908,flower development,2,0,0.0,True,True,88.0,0.0052241563990512,0.0134653665440479,0.0547603248100521,False,474.0,12.0,0.3390274897768064,False
GO:0045454,cell redox homeostasis,1,0,0.0,True,False,55.0,-0.0088999780810054,0.0134422075593771,0.0547603248100521,False,,,,
GO:0051382,kinetochore assembly,1,0,0.0,True,False,18.0,0.021435558512554,0.0134753348307089,0.0547603248100521,False,,,,
GO:0009910,negative regulation of flower development,1,0,0.0,True,False,51.0,0.0128081357135919,0.0136611308676222,0.0548685652886343,False,,,,
GO:0035442,dipeptide transmembrane transport,2,0,0.0,True,True,17.0,-0.0393832240133161,0.0137171413221585,0.0548685652886343,False,16.0,1.0,0.5123800016022472,False
GO:0042938,dipeptide transport,2,0,0.0,True,True,17.0,-0.0393832240133161,0.0137171413221585,0.0548685652886343,False,16.0,1.0,0.5123800016022472,False
GO:0042939,tripeptide transport,2,0,0.0,True,True,17.0,-0.0393832240133161,0.0137171413221585,0.0548685652886343,False,20.0,1.0,0.5552178268598311,False
GO:0048731,system development,2,0,0.0,True,True,59.0,0.0004186972677092,0.3142981085525446,0.5024828694727201,False,1891.0,48.0,0.055642286712355,False
GO:0042753,positive regulation of circadian rhythm,1,0,0.0,True,False,12.0,-0.0594518175221421,0.0140000842821995,0.0557815858118888,False,,,,
GO:0031647,regulation of protein stability,2,0,0.0,True,True,28.0,0.0170818826488464,0.0140906745666168,0.0559240780464949,False,25.0,3.0,0.0878963679450477,False
GO:0000184,"nuclear-transcribed mRNA catabolic process, nonsense-mediated decay",1,0,0.0,True,False,10.0,0.0256838664704486,0.0143340298444155,0.0562335016973224,False,,,,
GO:0034755,iron ion transmembrane transport,1,0,0.0,True,False,28.0,-0.0196202810694198,0.0142978204100227,0.0562335016973224,False,,,,
GO:0046777,protein autophosphorylation,2,0,0.0,True,True,115.0,-0.0051500921391536,0.0142598771500106,0.0562335016973224,False,110.0,1.0,0.9738471777547086,False
GO:0006790,sulfur compound metabolic process,2,0,0.0,True,True,13.0,-0.0282034763072843,0.0346219682920452,0.1063686977647174,False,287.0,12.0,0.0569324261775703,False
GO:0009642,response to light intensity,2,0,0.0,True,True,24.0,-0.015323344066152,0.0207273488573735,0.0729030890845551,False,148.0,8.0,0.0569324261775703,False
GO:0046622,positive regulation of organ growth,1,0,0.0,False,True,,,,,,6.0,2.0,0.0569324261775703,False
GO:0071486,cellular response to high light intensity,1,0,0.0,False,True,,,,,,6.0,2.0,0.0569324261775703,False
GO:0031425,chloroplast RNA processing,1,0,0.0,True,False,18.0,0.0183892261780401,0.0146448124495276,0.0572326003774642,False,,,,
GO:0051225,spindle assembly,1,0,0.0,True,False,35.0,0.0093191237608794,0.0151160628136032,0.0588487941598292,False,,,,
GO:0009684,indoleacetic acid biosynthetic process,2,0,0.0,True,True,11.0,-0.1128250450306768,0.0152642735631695,0.0591998442373874,False,12.0,1.0,0.4518151453730634,False
GO:0048564,photosystem I assembly,1,0,0.0,True,False,28.0,-0.0184472346207844,0.0154259190736802,0.0596001418755828,False,,,,
GO:1901259,chloroplast rRNA processing,1,0,0.0,True,False,24.0,0.0227031179846994,0.015847364370877,0.0609974024841305,False,,,,
GO:0006633,fatty acid biosynthetic process,1,0,0.0,True,False,81.0,0.0130067470785396,0.0161292670881396,0.0618490692853476,False,,,,
GO:0051252,regulation of RNA metabolic process,1,0,0.0,False,True,,,,,,1763.0,45.0,0.0621982966001059,False
GO:0009408,response to heat,2,0,0.0,True,True,218.0,0.0047246891830063,0.0164108332635899,0.0626930708946131,False,236.0,7.0,0.3365236545195714,False
GO:0006282,regulation of DNA repair,1,0,0.0,True,False,15.0,0.0175521742403803,0.0165473156151486,0.062978589281536,False,,,,
GO:0048467,gynoecium development,1,0,0.0,True,False,20.0,0.0294970634965777,0.0166900323906584,0.0632856246783331,False,,,,
GO:0006289,nucleotide-excision repair,1,0,0.0,True,False,40.0,0.0118271654617542,0.0171239467712682,0.0646904655803468,False,,,,
GO:0006644,phospholipid metabolic process,2,0,0.0,True,True,16.0,-0.0116277986065136,0.017285160275751,0.0650585368312399,False,202.0,3.0,0.8543205332994613,False
GO:0002239,response to oomycetes,2,0,0.0,True,True,25.0,0.0255998778304668,0.0174404372281699,0.0651633378631906,False,69.0,1.0,0.8704527556672177,False
GO:0120009,intermembrane lipid transfer,1,0,0.0,True,False,29.0,-0.0206630572494005,0.0174407757222068,0.0651633378631906,False,,,,
GO:0006098,pentose-phosphate shunt,1,0,0.0,True,False,24.0,-0.0311968618098098,0.0176548082855709,0.0655963485596738,False,,,,
GO:0006270,DNA replication initiation,1,0,0.0,True,False,22.0,0.0183803626563133,0.0176852900528532,0.0655963485596738,False,,,,
GO:0048367,shoot system development,2,0,0.0,True,True,91.0,0.0,0.4078159767235476,0.5925531285726761,False,878.0,26.0,0.0658488138180932,False
GO:0046854,phosphatidylinositol phosphate biosynthetic process,2,0,0.0,True,True,31.0,0.0155384602369301,0.0180865936186909,0.0668417590255968,False,17.0,1.0,0.5194082812512565,False
GO:0010256,endomembrane system organization,1,0,0.0,True,False,18.0,-0.0152322871751896,0.018240444005377,0.0671669779259371,False,,,,
GO:0019722,calcium-mediated signaling,2,0,0.0,True,True,84.0,0.0,0.0185249997767758,0.0679694236414077,False,54.0,1.0,0.792022141616846,False
GO:0002758,innate immune response-activating signaling pathway,1,0,0.0,True,False,14.0,0.0207778228746395,0.0187050309077685,0.068383983963885,False,,,,
GO:0030042,actin filament depolymerization,1,0,0.0,True,False,17.0,-0.0545086009967787,0.0189581622486898,0.0690618767630846,False,,,,
GO:0006097,glyoxylate cycle,1,0,0.0,False,True,,,,,,7.0,2.0,0.0690768464830677,False
GO:0033554,cellular response to stress,2,0,0.0,True,True,14.0,0.0423988850395598,0.0217362399001052,0.0754114445513854,False,1022.0,29.0,0.0690768464830677,False
GO:0043617,cellular response to sucrose starvation,1,0,0.0,False,True,,,,,,7.0,2.0,0.0690768464830677,False
GO:0046618,xenobiotic export from cell,1,0,0.0,False,True,,,,,,42.0,4.0,0.0690768464830677,False
GO:0050898,nitrile metabolic process,1,0,0.0,False,True,,,,,,7.0,2.0,0.0690768464830677,False
GO:0080028,nitrile biosynthetic process,1,0,0.0,False,True,,,,,,7.0,2.0,0.0690768464830677,False
GO:0080037,negative regulation of cytokinin-activated signaling pathway,1,0,0.0,False,True,,,,,,7.0,2.0,0.0690768464830677,False
GO:1990961,xenobiotic detoxification by transmembrane export across the plasma membrane,2,0,0.0,True,True,50.0,0.0126773020114874,0.4147002618341344,0.595766573339179,False,42.0,4.0,0.0690768464830677,False
GO:0030422,siRNA processing,1,0,0.0,True,False,26.0,0.0192178442310316,0.0191421353174565,0.0694839075580272,False,,,,
GO:0009850,auxin metabolic process,2,0,0.0,True,True,16.0,-0.023722703338479,0.0193023429735998,0.0696669462083635,False,71.0,2.0,0.6065499703562719,False
GO:0048229,gametophyte development,2,0,0.0,True,True,25.0,0.0405693402560623,0.0193291625264381,0.0696669462083635,False,385.0,5.0,0.9303062541697896,False
GO:0006189,'de novo' IMP biosynthetic process,1,0,0.0,True,False,12.0,0.0329542619880676,0.019469247413211,0.0699247618361805,False,,,,
GO:0006259,DNA metabolic process,2,0,0.0,True,True,29.0,0.0113616475170897,0.0196127976748791,0.0701931706258832,False,501.0,2.0,0.9999999213864,False
GO:0055075,potassium ion homeostasis,1,0,0.0,True,False,11.0,-0.0289070533546048,0.0196932438717535,0.070234645976184,False,,,,
GO:0015695,organic cation transport,1,0,0.0,False,True,,,,,,22.0,3.0,0.0708085663340743,False
GO:0009845,seed germination,2,0,0.0,True,True,104.0,0.0135526226325651,0.0201457272746308,0.0713724876013215,False,170.0,6.0,0.2663762772878721,False
GO:0009932,cell tip growth,2,0,0.0,True,True,10.0,-0.0286382102938585,0.0201522317933143,0.0713724876013215,False,138.0,2.0,0.8634887903992601,False
GO:0006096,glycolytic process,1,0,0.0,True,False,58.0,-0.0079083203402642,0.0206212151663318,0.072780759410583,False,,,,
GO:0006384,transcription initiation at RNA polymerase III promoter,1,0,0.0,True,False,13.0,0.0120170806240131,0.021276590359131,0.074396471730542,False,,,,
GO:0030026,intracellular manganese ion homeostasis,1,0,0.0,True,False,16.0,-0.0247772247592057,0.0212978134758022,0.074396471730542,False,,,,
GO:0001558,regulation of cell growth,2,0,0.0,True,True,12.0,0.0547876920279908,0.021593517830701,0.0751719733355462,False,82.0,2.0,0.655621811531671,False
GO:0030148,sphingolipid biosynthetic process,1,0,0.0,True,False,24.0,-0.0236376809277022,0.0219788485330553,0.0759946627244624,False,,,,
GO:0051259,protein complex oligomerization,2,0,0.0,True,True,17.0,0.0358761735920066,0.0721396120039009,0.182586611027243,False,44.0,4.0,0.0777196423729071,False
GO:0009611,response to wounding,2,0,0.0,True,True,250.0,-0.0015080087490844,0.0227568834012432,0.0784189900988786,False,216.0,8.0,0.1698027179383449,False
GO:0009651,response to salt stress,2,0,0.0,True,True,401.0,0.0038146832759059,0.1371395363777622,0.2878237183236986,False,425.0,15.0,0.0788066272879362,False
GO:0009773,photosynthetic electron transport in photosystem I,1,0,0.0,True,False,16.0,-0.0304018630556983,0.0240870459093185,0.082445593380889,False,,,,
GO:0030488,tRNA methylation,1,0,0.0,True,False,16.0,0.0337303826891493,0.0240065089837259,0.082445593380889,False,,,,
GO:0006897,endocytosis,1,0,0.0,True,False,24.0,0.0229560246021995,0.0245558096456608,0.083489752795247,False,,,,
GO:1905421,regulation of plant organ morphogenesis,1,0,0.0,True,False,10.0,0.0548450424957472,0.0244828639714909,0.083489752795247,False,,,,
GO:0009686,gibberellin biosynthetic process,2,0,0.0,True,True,27.0,0.0015698233252489,0.9547168521843435,0.9757627146573452,False,24.0,3.0,0.0845591041261987,False
GO:0046487,glyoxylate metabolic process,1,0,0.0,False,True,,,,,,8.0,2.0,0.0845591041261987,False
GO:0071490,cellular response to far red light,1,0,0.0,False,True,,,,,,8.0,2.0,0.0845591041261987,False
GO:0000103,sulfate assimilation,1,0,0.0,True,False,21.0,-0.0282034763072843,0.0251371646581455,0.085182418442885,False,,,,
GO:0000712,resolution of meiotic recombination intermediates,1,0,0.0,True,False,16.0,0.0270141245423644,0.0254748058724126,0.0860407350657645,False,,,,
GO:0098838,folate transmembrane transport,1,0,0.0,True,False,10.0,-0.0177638465904474,0.0256980134692373,0.0865081641538682,False,,,,
GO:0009718,anthocyanin-containing compound biosynthetic process,2,0,0.0,True,True,19.0,0.0012627140593773,0.8919427586956855,0.9418029129084878,False,25.0,3.0,0.0878963679450477,False
GO:0009736,cytokinin-activated signaling pathway,2,0,0.0,True,True,69.0,0.0,0.1977591083721984,0.3674212942434288,False,73.0,5.0,0.0878963679450477,False
GO:0010227,floral organ abscission,2,0,0.0,True,True,27.0,-0.001685176941105,0.136345770619485,0.2873402603964354,False,25.0,3.0,0.0878963679450477,False
GO:0042430,indole-containing compound metabolic process,1,0,0.0,False,True,,,,,,73.0,5.0,0.0878963679450477,False
GO:0050832,defense response to fungus,2,0,0.0,True,True,286.0,0.0,0.3847537457152429,0.5712501028086575,False,316.0,12.0,0.0878963679450477,False
GO:0051260,protein homooligomerization,2,0,0.0,True,True,24.0,-0.009122653408194,0.1100101510587764,0.2466161628130811,False,25.0,3.0,0.0878963679450477,False
GO:0009416,response to light stimulus,2,0,0.0,True,True,217.0,-0.0034063704283392,0.0264121347691224,0.0886196627121872,False,714.0,17.0,0.3365236545195714,False
GO:0010074,maintenance of meristem identity,1,0,0.0,True,False,12.0,0.0202468179040511,0.0271926667838094,0.090642222612698,False,,,,
GO:2000377,regulation of reactive oxygen species metabolic process,2,0,0.0,True,True,30.0,-0.0246434441710089,0.0271440367100107,0.090642222612698,False,52.0,2.0,0.4982139574567899,False
GO:0006120,"mitochondrial electron transport, NADH to ubiquinone",1,0,0.0,True,False,14.0,-0.018999412722642,0.0274081765480425,0.091062997000011,False,,,,
GO:0045490,pectin catabolic process,1,0,0.0,True,False,108.0,-0.0003782385210217,0.0279752361939671,0.0926452627202809,False,,,,
GO:0006508,proteolysis,2,0,0.0,True,True,380.0,-2.778418583250004e-05,0.0281715289018935,0.0926934176771981,False,429.0,6.0,0.9023738695770068,False
GO:0070370,cellular heat acclimation,1,0,0.0,True,False,11.0,0.0617837452098615,0.0281403031089497,0.0926934176771981,False,,,,
GO:0009061,anaerobic respiration,1,0,0.0,False,True,,,,,,9.0,2.0,0.0936087443619604,False
GO:0009685,gibberellin metabolic process,1,0,0.0,False,True,,,,,,26.0,3.0,0.0936087443619604,False
GO:0010117,photoprotection,2,0,0.0,True,True,13.0,-0.0372105716017687,0.0922242614334573,0.2177517283845519,False,9.0,2.0,0.0936087443619604,False
GO:0019219,regulation of nucleobase-containing compound metabolic process,1,0,0.0,False,True,,,,,,1835.0,45.0,0.0936087443619604,False
GO:0048609,multicellular organismal reproductive process,1,0,0.0,False,True,,,,,,171.0,8.0,0.0936087443619604,False
GO:0071368,cellular response to cytokinin stimulus,1,0,0.0,False,True,,,,,,76.0,5.0,0.0936087443619604,False
GO:0009423,chorismate biosynthetic process,1,0,0.0,True,False,10.0,-0.0305643538183617,0.028889251846833,0.0947493147388093,False,,,,
GO:0006821,chloride transport,1,0,0.0,True,False,11.0,-0.0689185465025185,0.0291189237055229,0.0948923392320556,False,,,,
GO:0098655,monoatomic cation transmembrane transport,2,0,0.0,True,True,44.0,-0.0292099908366509,0.0290468010279506,0.0948923392320556,False,309.0,3.0,0.9999999213864,False
GO:0009808,lignin metabolic process,2,0,0.0,True,True,12.0,-0.0398591411413287,0.0293970344263097,0.0954935513211336,False,71.0,4.0,0.1698027179383449,False
GO:0061723,glycophagy,1,0,0.0,True,False,10.0,-0.0150529491558333,0.0295978653414468,0.0958407068199232,False,,,,
GO:0017148,negative regulation of translation,1,0,0.0,True,False,27.0,0.0248279696791024,0.0299613383088049,0.0967106489714591,False,,,,
GO:0010431,seed maturation,2,0,0.0,True,True,29.0,0.013335318466169,0.1437401614483817,0.298379718866383,False,77.0,5.0,0.0977736935461175,False
GO:1900055,regulation of leaf senescence,2,0,0.0,True,True,18.0,0.0011114616525767,0.9979929137922148,0.9987999442294004,False,50.0,4.0,0.0980955351654543,False
GO:0010305,leaf vascular tissue pattern formation,1,0,0.0,True,False,30.0,0.0230206347262594,0.0305818533266647,0.0980990294963094,False,,,,
GO:0010608,post-transcriptional regulation of gene expression,2,0,0.0,True,True,36.0,0.0021941172897539,0.0305838150782611,0.0980990294963094,False,239.0,4.0,0.7814239756341591,False
GO:0009682,induced systemic resistance,2,0,0.0,True,True,32.0,-0.0205521126676541,0.1322320791330049,0.2809931681576353,False,27.0,3.0,0.0986248567229714,False
GO:0015850,organic hydroxy compound transport,1,0,0.0,False,True,,,,,,27.0,3.0,0.0986248567229714,False
GO:0010114,response to red light,2,0,0.0,True,True,78.0,-0.0211074366453185,0.0311275875271357,0.0992191852427451,False,64.0,4.0,0.15240400865654,False
GO:0007020,microtubule nucleation,1,0,0.0,True,False,13.0,0.0107678638524548,0.0323571654961501,0.1019273731366334,False,,,,
GO:0007080,mitotic metaphase chromosome alignment,1,0,0.0,True,False,14.0,0.0301342617639018,0.03237693029046,0.1019273731366334,False,,,,
GO:0010468,regulation of gene expression,2,0,0.0,True,True,172.0,0.0027862393094346,0.0321888035872918,0.1019273731366334,False,2132.0,50.0,0.1161443400917897,False
GO:0043039,tRNA aminoacylation,1,0,0.0,True,False,10.0,0.0742481028626969,0.0320852109698358,0.1019273731366334,False,,,,
GO:0009789,positive regulation of abscisic acid-activated signaling pathway,1,0,0.0,True,False,54.0,-0.004999005531665,0.0324981692648609,0.101994254308179,False,,,,
GO:0009073,aromatic amino acid biosynthetic process,1,0,0.0,True,False,13.0,-0.0257116889118811,0.0329385770748527,0.103059351583895,False,,,,
GO:0065007,biological regulation,1,0,0.0,False,True,,,,,,4414.0,94.0,0.1033667685239295,False
GO:0008285,negative regulation of cell population proliferation,2,0,0.0,True,True,42.0,0.0211815422663778,0.0337604578583016,0.1047883440828336,False,36.0,1.0,0.6859527588704029,False
GO:0010214,seed coat development,1,0,0.0,True,False,39.0,-0.0033250064929325,0.0338608194961848,0.1047883440828336,False,,,,
GO:0016567,protein ubiquitination,2,0,0.0,True,True,660.0,-0.0004246951426542,0.0339932000735521,0.1047883440828336,False,520.0,5.0,0.9999999213864,False
GO:0071421,manganese ion transmembrane transport,1,0,0.0,True,False,26.0,-0.017231247908459,0.033628189069903,0.1047883440828336,False,,,,
GO:1901348,positive regulation of secondary cell wall biogenesis,1,0,0.0,True,False,10.0,-0.0471312178451754,0.0340048449915862,0.1047883440828336,False,,,,
GO:0009864,"induced systemic resistance, jasmonic acid mediated signaling pathway",2,0,0.0,True,True,17.0,0.0230547721696807,0.2038458719063425,0.3748334336079397,False,10.0,2.0,0.1063263708710411,False
GO:0035195,miRNA-mediated post-transcriptional gene silencing,1,0,0.0,False,True,,,,,,52.0,4.0,0.1063263708710411,False
GO:0006779,porphyrin-containing compound biosynthetic process,2,0,0.0,True,True,16.0,-0.0357133830664862,0.0351920976030791,0.1077956142797018,False,69.0,2.0,0.6032272860000533,False
GO:0071806,protein transmembrane transport,1,0,0.0,True,False,21.0,0.0073277363195102,0.035587722652569,0.1086810691785042,False,,,,
GO:0010467,gene expression,2,0,0.0,True,True,16.0,0.0305833200545561,0.0357028472276595,0.1087071766334707,False,3841.0,58.0,0.9861965054922658,False
GO:0010099,regulation of photomorphogenesis,1,0,0.0,True,False,23.0,0.0288740416650036,0.0359744797175634,0.109208241999746,False,,,,
GO:0009624,response to nematode,1,0,0.0,True,False,91.0,-0.0058509142137093,0.036471444873803,0.110388349469671,False,,,,
GO:0009889,regulation of biosynthetic process,1,0,0.0,False,True,,,,,,2275.0,53.0,0.1117407402136871,False
GO:0032501,multicellular organismal process,1,0,0.0,False,True,,,,,,2583.0,59.0,0.1117407402136871,False
GO:0071483,cellular response to blue light,1,0,0.0,False,True,,,,,,29.0,3.0,0.1126427562703357,False
GO:0080022,primary root development,1,0,0.0,True,False,45.0,-0.0084906524262646,0.037765239387013,0.1139661070258974,False,,,,
GO:0070475,rRNA base methylation,1,0,0.0,True,False,21.0,0.0159309990863386,0.038050150122199,0.1141689899945721,False,,,,
GO:2000280,regulation of root development,1,0,0.0,True,False,70.0,-0.0057427578849156,0.0380563299981907,0.1141689899945721,False,,,,
GO:0034219,carbohydrate transmembrane transport,2,0,0.0,True,True,42.0,-0.0027306677358782,0.0387161613738025,0.1153010393726169,False,48.0,3.0,0.2082890054802154,False
GO:0034599,cellular response to oxidative stress,2,0,0.0,True,True,61.0,-0.0162130871945084,0.0387592922930208,0.1153010393726169,False,67.0,2.0,0.5880968978512623,False
GO:0090627,plant epidermal cell differentiation,2,0,0.0,True,True,16.0,0.0319517592171585,0.0387728004949094,0.1153010393726169,False,169.0,1.0,0.9999999213864,False
GO:0006352,DNA-templated transcription initiation,1,0,0.0,True,False,35.0,0.0129045629246337,0.0389360278764808,0.1154498500988675,False,,,,
GO:0060966,regulation of gene silencing by regulatory ncRNA,1,0,0.0,True,False,12.0,0.0185788814298122,0.039906811516992,0.1179853557893678,False,,,,
GO:0000304,response to singlet oxygen,1,0,0.0,False,True,,,,,,11.0,2.0,0.1195613434624006,False
GO:0009737,response to abscisic acid,2,0,0.0,True,True,468.0,0.0007474196639362,0.552673652399716,0.7156723148757367,False,561.0,17.0,0.1195613434624006,False
GO:0010254,nectary development,1,0,0.0,False,True,,,,,,1.0,1.0,0.1195613434624006,False
GO:0015838,amino-acid betaine transport,1,0,0.0,False,True,,,,,,1.0,1.0,0.1195613434624006,False
GO:0015879,carnitine transport,1,0,0.0,False,True,,,,,,1.0,1.0,0.1195613434624006,False
GO:0034205,amyloid-beta formation,1,0,0.0,False,True,,,,,,1.0,1.0,0.1195613434624006,False
GO:0042982,amyloid precursor protein metabolic process,1,0,0.0,False,True,,,,,,1.0,1.0,0.1195613434624006,False
GO:0042987,amyloid precursor protein catabolic process,1,0,0.0,False,True,,,,,,1.0,1.0,0.1195613434624006,False
GO:0050435,amyloid-beta metabolic process,1,0,0.0,False,True,,,,,,1.0,1.0,0.1195613434624006,False
GO:0060416,response to growth hormone,1,0,0.0,False,True,,,,,,1.0,1.0,0.1195613434624006,False
GO:0070778,L-aspartate transmembrane transport,1,0,0.0,False,True,,,,,,1.0,1.0,0.1195613434624006,False
GO:0071484,cellular response to light intensity,1,0,0.0,False,True,,,,,,11.0,2.0,0.1195613434624006,False
GO:0071491,cellular response to red light,1,0,0.0,False,True,,,,,,12.0,2.0,0.1195613434624006,False
GO:0090437,socket cell differentiation,1,0,0.0,False,True,,,,,,1.0,1.0,0.1195613434624006,False
GO:1901810,beta-carotene metabolic process,1,0,0.0,False,True,,,,,,1.0,1.0,0.1195613434624006,False
GO:1901811,beta-carotene catabolic process,1,0,0.0,False,True,,,,,,1.0,1.0,0.1195613434624006,False
GO:1902003,regulation of amyloid-beta formation,1,0,0.0,False,True,,,,,,1.0,1.0,0.1195613434624006,False
GO:1902004,positive regulation of amyloid-beta formation,1,0,0.0,False,True,,,,,,1.0,1.0,0.1195613434624006,False
GO:1902603,carnitine transmembrane transport,1,0,0.0,False,True,,,,,,1.0,1.0,0.1195613434624006,False
GO:1902991,regulation of amyloid precursor protein catabolic process,1,0,0.0,False,True,,,,,,1.0,1.0,0.1195613434624006,False
GO:1902993,positive regulation of amyloid precursor protein catabolic process,1,0,0.0,False,True,,,,,,1.0,1.0,0.1195613434624006,False
GO:1904277,negative regulation of wax biosynthetic process,1,0,0.0,False,True,,,,,,1.0,1.0,0.1195613434624006,False
GO:2000068,regulation of defense response to insect,1,0,0.0,False,True,,,,,,12.0,2.0,0.1195613434624006,False
GO:0071470,cellular response to osmotic stress,2,0,0.0,True,True,13.0,-0.0188639545946988,0.0407591531297541,0.1201570410183504,False,55.0,1.0,0.7985238442649816,False
GO:0048235,pollen sperm cell differentiation,2,0,0.0,True,True,36.0,0.0045043072821074,0.0415689004525004,0.122191004211961,False,18.0,2.0,0.1819197416273389,False
GO:0098542,defense response to other organism,2,0,0.0,True,True,174.0,-0.0013482876293276,0.0418089450620752,0.1225434596647033,False,341.0,7.0,0.6256846831463695,False
GO:0048573,"photoperiodism, flowering",2,0,0.0,True,True,57.0,0.0124492828546991,0.0419902336643655,0.1227221728872575,False,142.0,2.0,0.8713245299044023,False
GO:0010556,regulation of macromolecule biosynthetic process,1,0,0.0,False,True,,,,,,2164.0,50.0,0.1227895207065716,False
GO:0032922,circadian regulation of gene expression,1,0,0.0,True,False,16.0,-0.030283436832896,0.0422651166472758,0.1231221276945895,False,,,,
GO:0097352,autophagosome maturation,1,0,0.0,True,False,14.0,-0.0432745235330713,0.0423684968831381,0.1231221276945895,False,,,,
GO:0000963,mitochondrial RNA processing,1,0,0.0,True,False,31.0,0.018566273534519,0.0427897109513832,0.12399291241594,False,,,,
GO:0090110,COPII-coated vesicle cargo loading,1,0,0.0,True,False,13.0,0.0261679885712769,0.043149101582017,0.1246801235514373,False,,,,
GO:0001578,microtubule bundle formation,1,0,0.0,True,False,10.0,0.0242675922973653,0.0435489636896993,0.1254800648686252,False,,,,
GO:0032511,late endosome to vacuole transport via multivesicular body sorting pathway,1,0,0.0,True,False,10.0,-0.060627558878025,0.0437186436516382,0.1256141310554114,False,,,,
GO:0006575,modified amino acid metabolic process,1,0,0.0,False,True,,,,,,89.0,5.0,0.1258097349176693,False
GO:0044419,biological process involved in interspecies interaction between organisms,1,0,0.0,False,True,,,,,,1123.0,29.0,0.1258097349176693,False
GO:0140547,acquisition of seed longevity,2,0,0.0,True,True,11.0,-0.0404176943902841,0.0439233874628052,0.1258479078990487,False,6.0,1.0,0.3157013094313516,False
GO:0015706,nitrate transmembrane transport,1,0,0.0,True,False,31.0,-0.0051496784284319,0.0446954271802845,0.1273445131952242,False,,,,
GO:0045995,regulation of embryonic development,1,0,0.0,True,False,16.0,0.0143323581593667,0.044591938821034,0.1273445131952242,False,,,,
GO:0005983,starch catabolic process,1,0,0.0,True,False,23.0,0.0169345736453157,0.0451742845963673,0.127993806356374,False,,,,
GO:0045893,positive regulation of DNA-templated transcription,2,0,0.0,True,True,395.0,0.0031323672495259,0.0450779812054104,0.127993806356374,False,292.0,5.0,0.7582645826921879,False
GO:2000028,"regulation of photoperiodism, flowering",2,0,0.0,True,True,80.0,0.0081395383335408,0.0456898644949767,0.1290960160245879,False,89.0,2.0,0.6805155556025269,False
GO:0097305,response to alcohol,1,0,0.0,False,True,,,,,,569.0,17.0,0.1298397098383192,False
GO:0006075,(1->3)-beta-D-glucan biosynthetic process,1,0,0.0,True,False,12.0,0.0360189553128505,0.0463386199086743,0.129913630267247,False,,,,
GO:0009554,megasporogenesis,1,0,0.0,True,False,14.0,-0.0154493527418958,0.0463409831335775,0.129913630267247,False,,,,
GO:1901332,negative regulation of lateral root development,1,0,0.0,True,False,10.0,-0.0382697405963373,0.0463613347228214,0.129913630267247,False,,,,
GO:0071333,cellular response to glucose stimulus,2,0,0.0,True,True,15.0,0.0306677840128953,0.0474275307367776,0.132537209182228,False,19.0,1.0,0.5435319430601824,False
GO:0010274,hydrotropism,1,0,0.0,True,False,14.0,-0.0425766811008022,0.0476996728088411,0.1329335143852949,False,,,,
GO:0031099,regeneration,1,0,0.0,False,True,,,,,,13.0,2.0,0.133020151869955,False
GO:0080036,regulation of cytokinin-activated signaling pathway,1,0,0.0,False,True,,,,,,13.0,2.0,0.133020151869955,False
GO:0009650,UV protection,1,0,0.0,True,False,11.0,0.0440992956290422,0.0482334664534334,0.1340548658923763,False,,,,
GO:0046688,response to copper ion,2,0,0.0,True,True,15.0,-0.0426551093505468,0.049226840414403,0.1364439598442692,False,17.0,1.0,0.5194082812512565,False
GO:0009938,negative regulation of gibberellic acid mediated signaling pathway,1,0,0.0,True,False,12.0,0.0249916585104808,0.0494549967706077,0.1367048691220052,False,,,,
GO:0006012,galactose metabolic process,1,0,0.0,True,False,22.0,-0.0086413014098172,0.0496904216907374,0.136984405742033,False,,,,
GO:0009617,response to bacterium,2,0,0.0,True,True,207.0,-0.0028469246104078,0.0513682374889506,0.141118060074069,False,426.0,11.0,0.3394748558466001,False
GO:0009648,photoperiodism,2,0,0.0,True,True,15.0,-0.0576584587039901,0.0514665866152487,0.141118060074069,False,152.0,2.0,0.8948044486990248,False
GO:1904823,purine nucleobase transmembrane transport,1,0,0.0,True,False,24.0,-0.0080808579418755,0.0520670265850217,0.1423816812780755,False,,,,
GO:0072334,UDP-galactose transmembrane transport,1,0,0.0,True,False,12.0,0.0387922503138914,0.052228956644981,0.1424426090317664,False,,,,
GO:0009838,abscission,1,0,0.0,False,True,,,,,,35.0,3.0,0.1426178698081166,False
GO:0034337,RNA folding,1,0,0.0,True,False,12.0,0.0451141740596627,0.0535796051358891,0.1457365259696185,False,,,,
GO:0006952,defense response,2,0,0.0,True,True,449.0,-0.0004200534352162,0.0543343310080783,0.1473963234793615,False,1249.0,30.0,0.1864418789204464,False
GO:0007275,multicellular organism development,1,0,0.0,False,True,,,,,,2403.0,54.0,0.1476869056570539,False
GO:0034644,cellular response to UV,1,0,0.0,False,True,,,,,,14.0,2.0,0.1483752064863471,False
GO:0048639,positive regulation of developmental growth,1,0,0.0,False,True,,,,,,14.0,2.0,0.1483752064863471,False
GO:0019430,removal of superoxide radicals,1,0,0.0,True,False,15.0,0.0150976618864648,0.0559494645491876,0.151375209125123,False,,,,
GO:0010581,regulation of starch biosynthetic process,1,0,0.0,True,False,15.0,0.022910487973939,0.0563310280020775,0.1520043612754472,False,,,,
GO:0009933,meristem structural organization,1,0,0.0,True,False,21.0,0.0119450804955747,0.0570135141863706,0.1527548880282804,False,,,,
GO:0030865,cortical cytoskeleton organization,2,0,0.0,True,True,15.0,-0.0427235181621588,0.057046426058824,0.1527548880282804,False,47.0,1.0,0.7553875175643586,False
GO:0043161,proteasome-mediated ubiquitin-dependent protein catabolic process,1,0,0.0,True,False,163.0,0.0020428874975786,0.057058443469387,0.1527548880282804,False,,,,
GO:0048015,phosphatidylinositol-mediated signaling,1,0,0.0,True,False,15.0,-0.0160055814830234,0.057506925469085,0.1535525235038397,False,,,,
GO:0009735,response to cytokinin,2,0,0.0,True,True,67.0,-0.0117629437759716,0.0581091379833744,0.1547554066397961,False,113.0,5.0,0.207553804652293,False
GO:0048827,phyllome development,2,0,0.0,True,True,13.0,-0.0015429102202677,0.8819177184597762,0.9376743866648912,False,497.0,15.0,0.1555715253967282,False
GO:0061458,reproductive system development,1,0,0.0,False,True,,,,,,1152.0,29.0,0.1555715253967282,False
GO:0007031,peroxisome organization,1,0,0.0,True,False,22.0,0.0200918819877786,0.0587628829478786,0.1560889078303026,False,,,,
GO:0009088,L-threonine biosynthetic process,1,0,0.0,True,False,10.0,0.0564797652137986,0.0593904566118932,0.1573461447899508,False,,,,
GO:0019760,glucosinolate metabolic process,2,0,0.0,True,True,39.0,-0.0030026227842469,0.5143722083245821,0.6876273296082225,False,97.0,5.0,0.1585976509424179,False
GO:0006521,regulation of amino acid metabolic process,1,0,0.0,False,True,,,,,,15.0,2.0,0.1587774004419004,False
GO:0015740,C4-dicarboxylate transport,1,0,0.0,False,True,,,,,,15.0,2.0,0.1587774004419004,False
GO:0016145,S-glycoside catabolic process,1,0,0.0,False,True,,,,,,15.0,2.0,0.1587774004419004,False
GO:0019762,glucosinolate catabolic process,2,0,0.0,True,True,28.0,0.0061391738784106,0.1397265945030729,0.2926511835587976,False,15.0,2.0,0.1587774004419004,False
GO:0010120,camalexin biosynthetic process,2,0,0.0,True,True,15.0,0.0462452195751898,0.0602104310968865,0.1591052842456588,False,13.0,1.0,0.4701408018093052,False
GO:0043207,response to external biotic stimulus,1,0,0.0,False,True,,,,,,1111.0,28.0,0.15950779284126,False
GO:0051707,response to other organism,2,0,0.0,True,True,88.0,-0.0013335722255995,0.2724131114014989,0.4547649322905547,False,1111.0,28.0,0.15950779284126,False
GO:0010053,root epidermal cell differentiation,1,0,0.0,True,False,21.0,-0.0183334290091447,0.0613030759818274,0.1615739987117933,False,,,,
GO:0043547,positive regulation of GTPase activity,1,0,0.0,True,False,10.0,-0.0081395739816273,0.0616446293520155,0.1620554689150923,False,,,,
GO:1901002,positive regulation of response to salt stress,1,0,0.0,True,False,18.0,-0.0126219508983248,0.0625749705514957,0.1640783289525081,False,,,,
GO:0009744,response to sucrose,2,0,0.0,True,True,72.0,-0.0176062501760984,0.0632109340102701,0.1649236253485365,False,77.0,2.0,0.63088669013877,False
GO:0048825,cotyledon development,1,0,0.0,True,False,39.0,0.0079813879942782,0.0632207230502723,0.1649236253485365,False,,,,
GO:0006900,vesicle budding from membrane,1,0,0.0,True,False,24.0,-0.0048224473175202,0.0640487810119725,0.1666575424291121,False,,,,
GO:0006997,nucleus organization,1,0,0.0,True,False,13.0,0.0179615550985737,0.0643003299486734,0.1668863525385416,False,,,,
GO:0006813,potassium ion transport,2,0,0.0,True,True,30.0,-0.0086847147525438,0.0654386346637836,0.1694096633427902,False,74.0,1.0,0.8847284099685351,False
GO:0009267,cellular response to starvation,2,0,0.0,True,True,10.0,0.0254216731120065,0.1758488340750479,0.3409996402215758,False,135.0,6.0,0.1697447748146761,False
GO:0002252,immune effector process,1,0,0.0,False,True,,,,,,16.0,2.0,0.1698027179383449,False
GO:0006567,L-threonine catabolic process,1,0,0.0,False,True,,,,,,2.0,1.0,0.1698027179383449,False
GO:0009607,response to biotic stimulus,1,0,0.0,False,True,,,,,,1134.0,28.0,0.1698027179383449,False
GO:0009801,cinnamic acid ester metabolic process,1,0,0.0,False,True,,,,,,2.0,1.0,0.1698027179383449,False
GO:0010433,bract morphogenesis,1,0,0.0,False,True,,,,,,2.0,1.0,0.1698027179383449,False
GO:0010434,bract formation,1,0,0.0,False,True,,,,,,2.0,1.0,0.1698027179383449,False
GO:0015810,aspartate transmembrane transport,1,0,0.0,False,True,,,,,,2.0,1.0,0.1698027179383449,False
GO:0015839,cadaverine transport,1,0,0.0,False,True,,,,,,2.0,1.0,0.1698027179383449,False
GO:0019222,regulation of metabolic process,1,0,0.0,False,True,,,,,,2561.0,56.0,0.1698027179383449,False
GO:0019499,cyanide metabolic process,1,0,0.0,False,True,,,,,,2.0,1.0,0.1698027179383449,False
GO:0042594,response to starvation,2,0,0.0,True,True,18.0,0.0015806919050683,0.6838076398128401,0.8110276658245312,False,173.0,7.0,0.1698027179383449,False
GO:0042743,hydrogen peroxide metabolic process,1,0,0.0,False,True,,,,,,104.0,5.0,0.1698027179383449,False
GO:0046373,L-arabinose metabolic process,1,0,0.0,False,True,,,,,,2.0,1.0,0.1698027179383449,False
GO:0046620,regulation of organ growth,1,0,0.0,False,True,,,,,,16.0,2.0,0.1698027179383449,False
GO:0048856,anatomical structure development,1,0,0.0,False,True,,,,,,2766.0,60.0,0.1698027179383449,False
GO:0050789,regulation of biological process,1,0,0.0,False,True,,,,,,4223.0,87.0,0.1698027179383449,False
GO:0051262,protein tetramerization,1,0,0.0,False,True,,,,,,16.0,2.0,0.1698027179383449,False
GO:0051410,detoxification of nitrogen compound,1,0,0.0,False,True,,,,,,2.0,1.0,0.1698027179383449,False
GO:0072489,methylammonium transmembrane transport,1,0,0.0,False,True,,,,,,2.0,1.0,0.1698027179383449,False
GO:0072593,reactive oxygen species metabolic process,2,0,0.0,True,True,19.0,-0.024678696182653,0.148908793875595,0.3056075850163118,False,174.0,7.0,0.1698027179383449,False
GO:0080091,regulation of raffinose metabolic process,1,0,0.0,False,True,,,,,,2.0,1.0,0.1698027179383449,False
GO:1900056,negative regulation of leaf senescence,2,0,0.0,True,True,24.0,0.0264118613860579,0.1291121748276086,0.2755113354061942,False,16.0,2.0,0.1698027179383449,False
GO:1901503,ether biosynthetic process,1,0,0.0,False,True,,,,,,2.0,1.0,0.1698027179383449,False
GO:1901598,(-)-pinoresinol metabolic process,1,0,0.0,False,True,,,,,,2.0,1.0,0.1698027179383449,False
GO:1901599,(-)-pinoresinol biosynthetic process,1,0,0.0,False,True,,,,,,2.0,1.0,0.1698027179383449,False
GO:2000070,regulation of response to water deprivation,2,0,0.0,True,True,20.0,0.0095313057378526,0.3236823592652469,0.5126646062896768,False,40.0,3.0,0.1698027179383449,False
GO:0031540,regulation of anthocyanin biosynthetic process,1,0,0.0,True,False,12.0,-0.0053651880933561,0.0661782581451109,0.1708906919190207,False,,,,
GO:1902025,nitrate import,1,0,0.0,True,False,15.0,-0.0020916864921241,0.0675303744067064,0.1739418734718197,False,,,,
GO:0031667,response to nutrient levels,1,0,0.0,False,True,,,,,,219.0,8.0,0.1751825679513275,False
GO:0060255,regulation of macromolecule metabolic process,1,0,0.0,False,True,,,,,,2313.0,51.0,0.1759572514707289,False
GO:0048585,negative regulation of response to stimulus,1,0,0.0,False,True,,,,,,220.0,8.0,0.1773866460815354,False
GO:0042659,regulation of cell fate specification,2,0,0.0,True,True,10.0,0.0610860223339212,0.0694842293280001,0.1785237126311339,False,6.0,1.0,0.3157013094313516,False
GO:0045039,protein insertion into mitochondrial inner membrane,1,0,0.0,True,False,15.0,0.0057188549313846,0.0698691474189347,0.1790616340887273,False,,,,
GO:0010029,regulation of seed germination,2,0,0.0,True,True,61.0,0.0115457415774494,0.0706357855379551,0.1805726848338703,False,88.0,2.0,0.6761511526013188,False
GO:0006817,phosphate ion transport,1,0,0.0,True,False,20.0,-0.0155299379962561,0.0713271104521091,0.1814305552647165,False,,,,
GO:0046686,response to cadmium ion,2,0,0.0,True,True,72.0,0.0173081656926197,0.071199592745595,0.1814305552647165,False,67.0,1.0,0.8634887903992601,False
GO:0023052,signaling,1,0,0.0,False,True,,,,,,1496.0,35.0,0.1826042249138418,False
GO:0022414,reproductive process,1,0,0.0,False,True,,,,,,1497.0,35.0,0.183167948141542,False
GO:0023051,regulation of signaling,2,0,0.0,True,True,12.0,-0.0096391474789185,0.0725625465126326,0.1832024689180328,False,305.0,6.0,0.6646504338487268,False
GO:0009620,response to fungus,2,0,0.0,True,True,116.0,0.0031445306850523,0.6915283499031886,0.8170777810565762,False,392.0,12.0,0.1846127303459776,False
GO:0010224,response to UV-B,2,0,0.0,True,True,66.0,-0.0013620034740401,0.0748225718950691,0.1884420329209149,False,66.0,3.0,0.3273701169007664,False
GO:0019674,NAD+ metabolic process,1,0,0.0,True,False,11.0,-0.0309205977772502,0.0752256001120114,0.1889904239267283,False,,,,
GO:0006865,amino acid transport,2,0,0.0,True,True,14.0,-0.0163930119550597,0.0757709888915237,0.1898928959934993,False,69.0,1.0,0.8704527556672177,False
GO:0010497,plasmodesmata-mediated intercellular transport,1,0,0.0,True,False,25.0,-0.0160903763349519,0.076723578426576,0.1918089460664402,False,,,,
GO:0055062,phosphate ion homeostasis,1,0,0.0,True,False,16.0,-0.02178172713044,0.0779414118792335,0.1943771152000444,False,,,,
GO:0009738,abscisic acid-activated signaling pathway,2,0,0.0,True,True,117.0,-0.0032683616819047,0.0786843512242656,0.1952750322354036,False,262.0,5.0,0.6881261232199043,False
GO:0016132,brassinosteroid biosynthetic process,1,0,0.0,True,False,23.0,-0.008424730105697,0.0786681961340682,0.1952750322354036,False,,,,
GO:0016102,diterpenoid biosynthetic process,2,0,0.0,True,True,30.0,0.0005250904470318,0.6397895238220823,0.7824763960413956,False,45.0,3.0,0.1958538794347812,False
GO:0046283,anthocyanin-containing compound metabolic process,1,0,0.0,False,True,,,,,,45.0,3.0,0.1958538794347812,False
GO:0071489,cellular response to red or far red light,1,0,0.0,False,True,,,,,,76.0,4.0,0.1958538794347812,False
GO:0009960,endosperm development,1,0,0.0,True,False,36.0,0.0044342386686228,0.0802241320261507,0.1981484312410397,False,,,,
GO:0010286,heat acclimation,2,0,0.0,True,True,62.0,0.009465172779951,0.0802306883358327,0.1981484312410397,False,60.0,1.0,0.8279614608738839,False
GO:0009616,RNAi-mediated antiviral immune response,1,0,0.0,True,False,11.0,0.0270995428073017,0.0806302816358216,0.1986543170737635,False,,,,
GO:0009759,indole glucosinolate biosynthetic process,2,0,0.0,True,True,10.0,-0.0610792572530318,0.0808277995015786,0.1986610975701451,False,10.0,1.0,0.4008831101858615,False
GO:0006955,immune response,2,0,0.0,True,True,55.0,0.0033205284674512,0.0821913797513419,0.2015269407364633,False,254.0,5.0,0.6761511526013188,False
GO:0009687,abscisic acid metabolic process,2,0,0.0,True,True,14.0,-0.0396460491068928,0.0831005497355191,0.2032675317271691,False,33.0,1.0,0.6719599375589773,False
GO:0031669,cellular response to nutrient levels,1,0,0.0,False,True,,,,,,149.0,6.0,0.2032938611973375,False
GO:0007154,cell communication,1,0,0.0,False,True,,,,,,1516.0,35.0,0.2048057680402273,False
GO:0019252,starch biosynthetic process,1,0,0.0,True,False,36.0,0.0111790722457537,0.0844395361644157,0.2060486289179522,False,,,,
GO:0000727,double-strand break repair via break-induced replication,1,0,0.0,True,False,11.0,0.0141943611089602,0.0853195170679095,0.2072045414506373,False,,,,
GO:1902358,sulfate transmembrane transport,1,0,0.0,True,False,17.0,0.0357820743237607,0.0851752788508341,0.2072045414506373,False,,,,
GO:0006528,asparagine metabolic process,1,0,0.0,False,True,,,,,,3.0,1.0,0.2082890054802154,False
GO:0006721,terpenoid metabolic process,1,0,0.0,False,True,,,,,,152.0,6.0,0.2082890054802154,False
GO:0009961,response to 1-aminocyclopropane-1-carboxylic acid,1,0,0.0,False,True,,,,,,3.0,1.0,0.2082890054802154,False
GO:0010380,regulation of chlorophyll biosynthetic process,2,0,0.0,True,True,17.0,-0.0100669341958524,0.0877003733561943,0.2108030975319916,False,21.0,2.0,0.2082890054802154,False
GO:0010432,bract development,1,0,0.0,False,True,,,,,,3.0,1.0,0.2082890054802154,False
GO:0015808,L-alanine transport,1,0,0.0,False,True,,,,,,3.0,1.0,0.2082890054802154,False
GO:0015843,methylammonium transport,1,0,0.0,False,True,,,,,,3.0,1.0,0.2082890054802154,False
GO:0016101,diterpenoid metabolic process,1,0,0.0,False,True,,,,,,48.0,3.0,0.2082890054802154,False
GO:0016110,tetraterpenoid catabolic process,1,0,0.0,False,True,,,,,,3.0,1.0,0.2082890054802154,False
GO:0016118,carotenoid catabolic process,1,0,0.0,False,True,,,,,,3.0,1.0,0.2082890054802154,False
GO:0016121,carotene catabolic process,1,0,0.0,False,True,,,,,,3.0,1.0,0.2082890054802154,False
GO:0032328,alanine transport,1,0,0.0,False,True,,,,,,3.0,1.0,0.2082890054802154,False
GO:0033530,raffinose metabolic process,1,0,0.0,False,True,,,,,,3.0,1.0,0.2082890054802154,False
GO:0034758,positive regulation of iron ion transport,1,0,0.0,False,True,,,,,,3.0,1.0,0.2082890054802154,False
GO:0046247,terpene catabolic process,1,0,0.0,False,True,,,,,,3.0,1.0,0.2082890054802154,False
GO:0062211,root regeneration,1,0,0.0,False,True,,,,,,3.0,1.0,0.2082890054802154,False
GO:0070981,L-asparagine biosynthetic process,1,0,0.0,False,True,,,,,,3.0,1.0,0.2082890054802154,False
GO:0070982,L-asparagine metabolic process,1,0,0.0,False,True,,,,,,3.0,1.0,0.2082890054802154,False
GO:0071497,cellular response to freezing,1,0,0.0,False,True,,,,,,3.0,1.0,0.2082890054802154,False
GO:0089718,amino acid import across plasma membrane,1,0,0.0,False,True,,,,,,3.0,1.0,0.2082890054802154,False
GO:0098712,L-glutamate import across plasma membrane,1,0,0.0,False,True,,,,,,3.0,1.0,0.2082890054802154,False
GO:0120253,hydrocarbon catabolic process,1,0,0.0,False,True,,,,,,3.0,1.0,0.2082890054802154,False
GO:0010628,positive regulation of gene expression,1,0,0.0,True,False,34.0,0.0172265194084266,0.0864504677176745,0.2094524396010168,False,,,,
GO:0052543,callose deposition in cell wall,2,0,0.0,True,True,16.0,0.0124503627871024,0.0872088064861471,0.2107890583314457,False,26.0,1.0,0.6190293467636729,False
GO:0006102,isocitrate metabolic process,1,0,0.0,True,False,12.0,-0.016919203239754,0.0875242833874988,0.2108030975319916,False,,,,
GO:0006354,DNA-templated transcription elongation,1,0,0.0,True,False,12.0,0.0351652082619441,0.0878346239716632,0.2108030975319916,False,,,,
GO:0006574,L-valine catabolic process,1,0,0.0,True,False,14.0,0.0182495290947935,0.0883717891396574,0.2115944247005882,False,,,,
GO:0016998,cell wall macromolecule catabolic process,1,0,0.0,True,False,16.0,-0.0861999606890352,0.0889976117459685,0.2125938266531333,False,,,,
GO:0010048,vernalization response,1,0,0.0,True,False,17.0,0.0197613356212101,0.089792180323385,0.2129954044880295,False,,,,
GO:0031349,positive regulation of defense response,2,0,0.0,True,True,19.0,0.0119762464739417,0.0897008150638071,0.2129954044880295,False,104.0,3.0,0.5288713402222597,False
GO:0090558,plant epidermis development,2,0,0.0,True,True,13.0,0.026354754150874,0.0897272325027069,0.2129954044880295,False,262.0,1.0,0.9999999213864,False
GO:0140115,export across plasma membrane,1,0,0.0,False,True,,,,,,82.0,4.0,0.214441988841871,False
GO:0010067,procambium histogenesis,1,0,0.0,True,False,10.0,-0.0458893160930941,0.090824721879262,0.2149448174404809,False,,,,
GO:0010025,wax biosynthetic process,2,0,0.0,True,True,26.0,0.0064100320717238,0.0932465848882121,0.219657082184703,False,26.0,1.0,0.6190293467636729,False
GO:0050829,defense response to Gram-negative bacterium,1,0,0.0,True,False,24.0,-0.0138759594804168,0.0935388368559329,0.2198378193388286,False,,,,
GO:0008299,isoprenoid biosynthetic process,2,0,0.0,True,True,30.0,0.0168967928611356,0.09548942267024,0.2233926860634056,False,151.0,5.0,0.3418735319524454,False
GO:0032509,endosome transport via multivesicular body sorting pathway,1,0,0.0,True,False,11.0,-0.024545397620471,0.0953972796833506,0.2233926860634056,False,,,,
GO:1902600,proton transmembrane transport,1,0,0.0,True,False,148.0,-0.0007073401338654,0.0961482646469695,0.2244192904803409,False,,,,
GO:0016123,xanthophyll biosynthetic process,1,0,0.0,True,False,10.0,-0.0203837384822251,0.0968740166648899,0.2250831366701315,False,,,,
GO:0051123,RNA polymerase II preinitiation complex assembly,1,0,0.0,True,False,11.0,0.0228942612479986,0.0967149276166661,0.2250831366701315,False,,,,
GO:0006006,glucose metabolic process,1,0,0.0,True,False,24.0,-0.0105235412577924,0.0985989020653366,0.2285701820605531,False,,,,
GO:0006869,lipid transport,2,0,0.0,True,True,69.0,1.5420313633699996e-05,0.3837788258451452,0.5712501028086575,False,121.0,5.0,0.2317644269893429,False
GO:0006835,dicarboxylic acid transport,1,0,0.0,False,True,,,,,,23.0,2.0,0.2318604654482952,False
GO:0010030,positive regulation of seed germination,2,0,0.0,True,True,22.0,-0.020601444390068,0.3733442850936678,0.5624980366256147,False,23.0,2.0,0.2318604654482952,False
GO:1901463,regulation of tetrapyrrole biosynthetic process,1,0,0.0,False,True,,,,,,23.0,2.0,0.2318604654482952,False
GO:1901658,glycosyl compound catabolic process,1,0,0.0,False,True,,,,,,23.0,2.0,0.2318604654482952,False
GO:0035434,copper ion transmembrane transport,1,0,0.0,True,False,12.0,-0.0271249675066808,0.1003639580192138,0.2321343246702905,False,,,,
GO:0010876,lipid localization,1,0,0.0,False,True,,,,,,122.0,5.0,0.2325803942204534,False
GO:0045944,positive regulation of transcription by RNA polymerase II,1,0,0.0,True,False,159.0,0.0,0.1024243920539208,0.2363639816628941,False,,,,
GO:0030154,cell differentiation,2,0,0.0,True,True,92.0,0.0024695436507241,0.1032899396151647,0.2378233372629074,False,598.0,7.0,0.9948773707065716,False
GO:1900458,negative regulation of brassinosteroid mediated signaling pathway,1,0,0.0,True,False,10.0,-0.0227620098851357,0.1039319963060069,0.2387626942165024,False,,,,
GO:0006536,glutamate metabolic process,1,0,0.0,True,False,12.0,-0.0275637313704832,0.1056062842127166,0.2420167509799163,False,,,,
GO:0010267,ta-siRNA processing,1,0,0.0,True,False,17.0,0.0243518653362209,0.1058230107225908,0.2420167509799163,False,,,,
GO:0009637,response to blue light,2,0,0.0,True,True,67.0,0.0,0.8534004621962776,0.9198454458677152,False,87.0,4.0,0.2433393624405675,False
GO:0042435,indole-containing compound biosynthetic process,1,0,0.0,False,True,,,,,,53.0,3.0,0.2433393624405675,False
GO:0080090,regulation of primary metabolic process,1,0,0.0,False,True,,,,,,2137.0,46.0,0.2433393624405675,False
GO:0009556,microsporogenesis,1,0,0.0,True,False,32.0,0.0109566733285874,0.1069991792217878,0.2441592009087775,False,,,,
GO:0044273,sulfur compound catabolic process,1,0,0.0,False,True,,,,,,24.0,2.0,0.2451114061891945,False
GO:0009851,auxin biosynthetic process,2,0,0.0,True,True,22.0,-0.0072672258098243,0.1078839362643055,0.2455498000212976,False,48.0,1.0,0.7582645826921879,False
GO:0046653,tetrahydrofolate metabolic process,1,0,0.0,True,False,11.0,-0.0307813209690048,0.1081274562336891,0.2455498000212976,False,,,,
GO:0055046,microgametogenesis,2,0,0.0,True,True,30.0,0.0030548237781767,0.108330794127043,0.2455498000212976,False,36.0,2.0,0.3549343415787025,False
GO:0009751,response to salicylic acid,2,0,0.0,True,True,144.0,0.0036239252576223,0.109127459630081,0.2458544081974423,False,171.0,4.0,0.6034768894253039,False
GO:0033353,L-methionine cycle,1,0,0.0,True,False,12.0,-0.0446182406884307,0.1091882812876876,0.2458544081974423,False,,,,
GO:0080147,root hair cell development,1,0,0.0,True,False,33.0,-0.0072920286651949,0.1088384196984932,0.2458544081974423,False,,,,
GO:1902074,response to salt,1,0,0.0,True,False,53.0,-0.0083847515815276,0.1098334347041543,0.2466161628130811,False,,,,
GO:0048354,mucilage biosynthetic process involved in seed coat development,1,0,0.0,True,False,23.0,-0.0104344140036087,0.1105205783458238,0.2472170831419743,False,,,,
GO:0071482,cellular response to light stimulus,2,0,0.0,True,True,17.0,-0.0012336837105366,0.5190918828846531,0.6912189563216008,False,125.0,5.0,0.2476884323726098,False
GO:0009733,response to auxin,2,0,0.0,True,True,323.0,0.0011623501053647,0.1114829904991073,0.2488241801074169,False,373.0,10.0,0.3365236545195714,False
GO:0006890,"retrograde vesicle-mediated transport, Golgi to endoplasmic reticulum",1,0,0.0,True,False,43.0,0.0160401804822692,0.1124023708440915,0.2497830463202033,False,,,,
GO:0006623,protein targeting to vacuole,1,0,0.0,True,False,32.0,-0.018082994566414,0.1134210772237306,0.2498693277930998,False,,,,
GO:0008104,intracellular protein localization,2,0,0.0,True,True,31.0,-0.0184667754705462,0.1126970614553588,0.2498693277930998,False,722.0,1.0,0.9999999213864,False
GO:0009051,"pentose-phosphate shunt, oxidative branch",1,0,0.0,True,False,15.0,-0.0301690148875611,0.1131973196854822,0.2498693277930998,False,,,,
GO:0031145,anaphase-promoting complex-dependent catabolic process,1,0,0.0,True,False,21.0,0.0078292806131591,0.1131504910471555,0.2498693277930998,False,,,,
GO:0016485,protein processing,1,0,0.0,True,False,17.0,0.0124812500515858,0.1137133052934985,0.2499732142227769,False,,,,
GO:0006723,cuticle hydrocarbon biosynthetic process,1,0,0.0,False,True,,,,,,4.0,1.0,0.2507191052439962,False
GO:0015697,quaternary ammonium group transport,1,0,0.0,False,True,,,,,,4.0,1.0,0.2507191052439962,False
GO:0016114,terpenoid biosynthetic process,2,0,0.0,True,True,39.0,-0.0005564318928461,0.8472393380362713,0.9173929137972364,False,126.0,5.0,0.2507191052439962,False
GO:0019346,transsulfuration,1,0,0.0,False,True,,,,,,4.0,1.0,0.2507191052439962,False
GO:0035821,modulation of process of another organism,1,0,0.0,False,True,,,,,,4.0,1.0,0.2507191052439962,False
GO:0050667,homocysteine metabolic process,1,0,0.0,False,True,,,,,,4.0,1.0,0.2507191052439962,False
GO:0090357,regulation of L-tryptophan metabolic process,1,0,0.0,False,True,,,,,,4.0,1.0,0.2507191052439962,False
GO:1900366,negative regulation of defense response to insect,1,0,0.0,False,True,,,,,,4.0,1.0,0.2507191052439962,False
GO:0006032,chitin catabolic process,1,0,0.0,True,False,22.0,-0.0204781810088149,0.1150230857467392,0.2512716187100259,False,,,,
GO:0006559,L-phenylalanine catabolic process,1,0,0.0,True,False,11.0,-0.0218882387914111,0.1147104540564334,0.2512716187100259,False,,,,
GO:0006826,iron ion transport,2,0,0.0,True,True,15.0,-0.0178984423256187,0.1150429862133158,0.2512716187100259,False,51.0,2.0,0.4898038166900699,False
GO:0035265,organ growth,2,0,0.0,True,True,12.0,0.0026986052460776,0.7595585904208457,0.8656421924349303,False,25.0,2.0,0.252306598701267,False
GO:2000762,regulation of phenylpropanoid metabolic process,2,0,0.0,True,True,16.0,-0.0046927162827019,0.5671478928953368,0.7267472999412607,False,25.0,2.0,0.252306598701267,False
GO:0009833,plant-type primary cell wall biogenesis,1,0,0.0,True,False,28.0,-0.0090656666290991,0.1158767765858889,0.2525519489692452,False,,,,
GO:0009969,xyloglucan biosynthetic process,1,0,0.0,True,False,17.0,-0.0194081658468601,0.116708569087015,0.2538224743470263,False,,,,
GO:0051094,positive regulation of developmental process,1,0,0.0,False,True,,,,,,128.0,5.0,0.2570462110834566,False
GO:0019432,triglyceride biosynthetic process,1,0,0.0,True,False,30.0,-0.0041148666791187,0.1188278175829906,0.257881646669469,False,,,,
GO:0031122,cytoplasmic microtubule organization,2,0,0.0,True,True,10.0,0.0100434938066671,0.1204724241061916,0.2608956955165932,False,48.0,1.0,0.7582645826921879,False
GO:0006468,protein phosphorylation,2,0,0.0,True,True,77.0,-0.0078923873103159,0.1211412792136336,0.2617883576226827,False,932.0,5.0,0.9999999213864,False
GO:0071229,cellular response to acid chemical,1,0,0.0,False,True,,,,,,56.0,3.0,0.2618423293242762,False
GO:0071478,cellular response to radiation,1,0,0.0,False,True,,,,,,129.0,5.0,0.2618423293242762,False
GO:0006873,intracellular monoatomic ion homeostasis,2,0,0.0,True,True,12.0,0.0213987795178268,0.1218581479264725,0.2627807841120548,False,83.0,1.0,0.9108441056416068,False
GO:0036092,phosphatidylinositol-3-phosphate biosynthetic process,2,0,0.0,True,True,10.0,0.0291580238038816,0.1228161587588195,0.2642879365696117,False,8.0,1.0,0.3549343415787025,False
GO:0006892,post-Golgi vesicle-mediated transport,1,0,0.0,True,False,19.0,-0.0163089676503507,0.1240936168707485,0.2664747141224495,False,,,,
GO:0046148,pigment biosynthetic process,1,0,0.0,False,True,,,,,,130.0,5.0,0.266662839870067,False
GO:0071396,cellular response to lipid,1,0,0.0,False,True,,,,,,530.0,14.0,0.2666955870930469,False
GO:2000067,regulation of root morphogenesis,1,0,0.0,True,False,27.0,-0.0178639837147502,0.1261388130127071,0.2702974564558011,False,,,,
GO:0017004,cytochrome complex assembly,2,0,0.0,True,True,10.0,0.0305151499169059,0.1280432448773153,0.2738031651464605,False,35.0,1.0,0.6825502654448453,False
GO:0008150,biological_process,1,0,0.0,False,True,,,,,,16488.0,295.0,0.2756899914986358,False
GO:0043200,response to amino acid,1,0,0.0,False,True,,,,,,27.0,2.0,0.2759745302283568,False
GO:0071214,cellular response to abiotic stimulus,1,0,0.0,False,True,,,,,,215.0,7.0,0.2759745302283568,False
GO:0090056,regulation of chlorophyll metabolic process,1,0,0.0,False,True,,,,,,27.0,2.0,0.2759745302283568,False
GO:0104004,cellular response to environmental stimulus,1,0,0.0,False,True,,,,,,215.0,7.0,0.2759745302283568,False
GO:0009690,cytokinin metabolic process,2,0,0.0,True,True,18.0,-0.012376678251871,0.1299688944584204,0.2767604850680351,False,32.0,1.0,0.6646504338487268,False
GO:0009806,lignan metabolic process,1,0,0.0,False,True,,,,,,5.0,1.0,0.2842171165223347,False
GO:0009807,lignan biosynthetic process,2,0,0.0,True,True,10.0,-0.0261697628897088,0.250413144511511,0.4271260993340153,False,5.0,1.0,0.2842171165223347,False
GO:0009823,cytokinin catabolic process,1,0,0.0,False,True,,,,,,5.0,1.0,0.2842171165223347,False
GO:0015813,L-glutamate transmembrane transport,1,0,0.0,False,True,,,,,,5.0,1.0,0.2842171165223347,False
GO:0019566,arabinose metabolic process,1,0,0.0,False,True,,,,,,5.0,1.0,0.2842171165223347,False
GO:0043434,response to peptide hormone,1,0,0.0,False,True,,,,,,5.0,1.0,0.2842171165223347,False
GO:0051240,positive regulation of multicellular organismal process,1,0,0.0,False,True,,,,,,96.0,4.0,0.2842171165223347,False
GO:0051938,L-glutamate import,1,0,0.0,False,True,,,,,,5.0,1.0,0.2842171165223347,False
GO:0080148,negative regulation of response to water deprivation,1,0,0.0,False,True,,,,,,5.0,1.0,0.2842171165223347,False
GO:0080168,abscisic acid transport,1,0,0.0,False,True,,,,,,5.0,1.0,0.2842171165223347,False
GO:0000422,autophagy of mitochondrion,1,0,0.0,True,False,10.0,-0.0080312050084264,0.1349932432257471,0.2857992948254893,False,,,,
GO:0051604,protein maturation,2,0,0.0,True,True,49.0,0.0065071596603392,0.1350541765743979,0.2857992948254893,False,217.0,2.0,0.9948773707065716,False
GO:0010154,fruit development,2,0,0.0,True,True,32.0,0.006454420380568,0.2916468312885653,0.4821390079648891,False,590.0,15.0,0.2862885915044422,False
GO:0009909,regulation of flower development,2,0,0.0,True,True,96.0,0.0039079649450148,0.1371129040291706,0.2878237183236986,False,135.0,3.0,0.6527494084489345,False
GO:1901701,cellular response to oxygen-containing compound,2,0,0.0,True,True,15.0,0.0090963783839517,0.7784848351785172,0.8793516410654347,False,690.0,17.0,0.2913120953287101,False
GO:0042538,hyperosmotic salinity response,2,0,0.0,True,True,60.0,-0.0102436529041435,0.1402179155536608,0.2930784300506844,False,52.0,2.0,0.4982139574567899,False
GO:2000032,regulation of secondary shoot formation,2,0,0.0,True,True,19.0,0.0028952786591098,0.140777709319529,0.2936467556358273,False,8.0,1.0,0.3549343415787025,False
GO:0002238,response to molecule of fungal origin,1,0,0.0,True,False,22.0,0.0164471311584894,0.1422721559022917,0.2961583653476277,False,,,,
GO:0009585,"red, far-red light phototransduction",1,0,0.0,True,False,20.0,0.0283940363763455,0.143935193122143,0.298379718866383,False,,,,
GO:0072583,clathrin-dependent endocytosis,1,0,0.0,True,False,40.0,0.0077943730731413,0.1442168641187518,0.298379718866383,False,,,,
GO:0019288,"isopentenyl diphosphate biosynthetic process, methylerythritol phosphate pathway",1,0,0.0,True,False,10.0,-0.0076394677782276,0.1452796932373889,0.2999702168059447,False,,,,
GO:0006720,isoprenoid metabolic process,1,0,0.0,False,True,,,,,,180.0,6.0,0.3015001977205834,False
GO:0009063,amino acid catabolic process,1,0,0.0,False,True,,,,,,62.0,3.0,0.3017481634106308,False
GO:0006401,RNA catabolic process,1,0,0.0,True,False,22.0,0.0142048826333306,0.1472048962733551,0.3027197463685933,False,,,,
GO:0009605,response to external stimulus,1,0,0.0,False,True,,,,,,1305.0,29.0,0.3035782982821838,False
GO:0009639,response to red or far red light,2,0,0.0,True,True,42.0,0.0011998053212856,0.8293684791082461,0.9106090943922616,False,224.0,7.0,0.3035782982821838,False
GO:0010200,response to chitin,1,0,0.0,True,False,18.0,-0.0191942466371977,0.1496535046977733,0.3065192264894153,False,,,,
GO:0010223,secondary shoot formation,2,0,0.0,True,True,19.0,-0.0024965930008542,0.1504249477396039,0.307481857102998,False,24.0,1.0,0.6034768894253039,False
GO:0005513,detection of calcium ion,1,0,0.0,True,False,14.0,-0.0300988688939099,0.1512374938151587,0.3075719906114056,False,,,,
GO:0048443,stamen development,2,0,0.0,True,True,23.0,0.0,0.1510023053978037,0.3075719906114056,False,83.0,2.0,0.6594570379818447,False
GO:0080113,regulation of seed growth,1,0,0.0,True,False,12.0,-0.0077095164241826,0.1513736659675741,0.3075719906114056,False,,,,
GO:0006972,hyperosmotic response,2,0,0.0,True,True,11.0,0.0065551953347652,0.3901392093621825,0.5767229412499266,False,63.0,3.0,0.3076736422123879,False
GO:0048519,negative regulation of biological process,1,0,0.0,False,True,,,,,,1000.0,23.0,0.3076736422123879,False
GO:1901401,regulation of tetrapyrrole metabolic process,1,0,0.0,False,True,,,,,,30.0,2.0,0.3076736422123879,False
GO:0008360,regulation of cell shape,1,0,0.0,True,False,17.0,-0.0116193172131644,0.1527673431039323,0.3097866599721887,False,,,,
GO:0006863,purine nucleobase transport,1,0,0.0,True,False,21.0,-0.0031897750444821,0.1545440007541145,0.3121482787508847,False,,,,
GO:0009308,amine metabolic process,2,0,0.0,True,True,10.0,-0.0300281773175419,0.1544700649077915,0.3121482787508847,False,93.0,3.0,0.4868092199136812,False
GO:0050793,regulation of developmental process,2,0,0.0,True,True,20.0,0.0158409115470227,0.1552616143869144,0.3129779578550449,False,697.0,16.0,0.3792487209398357,False
GO:0048193,Golgi vesicle transport,1,0,0.0,True,False,13.0,0.0235632240583661,0.1561573027982351,0.3141626210142008,False,,,,
GO:0006597,spermine biosynthetic process,1,0,0.0,False,True,,,,,,6.0,1.0,0.3157013094313516,False
GO:0009968,negative regulation of signal transduction,1,0,0.0,False,True,,,,,,102.0,4.0,0.3157013094313516,False
GO:0042447,hormone catabolic process,1,0,0.0,False,True,,,,,,6.0,1.0,0.3157013094313516,False
GO:0048577,"negative regulation of short-day photoperiodism, flowering",1,0,0.0,False,True,,,,,,6.0,1.0,0.3157013094313516,False
GO:0071475,cellular hyperosmotic salinity response,1,0,0.0,False,True,,,,,,6.0,1.0,0.3157013094313516,False
GO:0080024,indolebutyric acid metabolic process,1,0,0.0,False,True,,,,,,6.0,1.0,0.3157013094313516,False
GO:0009767,photosynthetic electron transport chain,1,0,0.0,True,False,17.0,-0.0092663475476639,0.1576576132121301,0.3165566249534896,False,,,,
GO:0002229,defense response to oomycetes,1,0,0.0,True,False,75.0,-0.0027240069480803,0.1591811421479584,0.3187316598116382,False,,,,
GO:0010205,photoinhibition,1,0,0.0,True,False,11.0,-0.0173544894396694,0.159431076684592,0.3187316598116382,False,,,,
GO:0070585,protein localization to mitochondrion,1,0,0.0,True,False,16.0,0.02921996515547,0.1596783119252423,0.3187316598116382,False,,,,
GO:0046470,phosphatidylcholine metabolic process,1,0,0.0,True,False,11.0,-0.0128002982563796,0.1604114151035336,0.3195696160265709,False,,,,
GO:0009311,oligosaccharide metabolic process,1,0,0.0,False,True,,,,,,65.0,3.0,0.3196238630848991,False
GO:0010648,negative regulation of cell communication,1,0,0.0,False,True,,,,,,103.0,4.0,0.3196238630848991,False
GO:0023057,negative regulation of signaling,1,0,0.0,False,True,,,,,,103.0,4.0,0.3196238630848991,False
GO:0009649,entrainment of circadian clock,1,0,0.0,True,False,13.0,-0.0242552334562069,0.162191655295256,0.321537846211451,False,,,,
GO:0045487,gibberellin catabolic process,1,0,0.0,True,False,11.0,-0.0253924909272352,0.1622496734558532,0.321537846211451,False,,,,
GO:1902326,positive regulation of chlorophyll biosynthetic process,1,0,0.0,True,False,10.0,-0.0273987642451353,0.1623450890185267,0.321537846211451,False,,,,
GO:0009231,riboflavin biosynthetic process,1,0,0.0,True,False,11.0,0.0212609563340306,0.163800186174123,0.3232969843630909,False,,,,
GO:0045332,phospholipid translocation,1,0,0.0,True,False,17.0,0.0217049077261241,0.1638671969761941,0.3232969843630909,False,,,,
GO:0006545,glycine biosynthetic process,1,0,0.0,True,False,11.0,-0.0307813209690048,0.1644961490996977,0.3239113360650419,False,,,,
GO:0090333,regulation of stomatal closure,2,0,0.0,True,True,44.0,-0.0113631143194952,0.1653108385822393,0.3248883532830138,False,39.0,1.0,0.7130279968635349,False
GO:0048767,root hair elongation,1,0,0.0,True,False,59.0,-0.021342119813221,0.1659297602563912,0.3254776066567675,False,,,,
GO:1901698,response to nitrogen compound,1,0,0.0,False,True,,,,,,104.0,4.0,0.3271089505624993,False
GO:0010038,response to metal ion,2,0,0.0,True,True,22.0,-0.0116690058949241,0.1682642658040997,0.3287922435252523,False,206.0,1.0,0.9999999213864,False
GO:0046654,tetrahydrofolate biosynthetic process,1,0,0.0,True,False,12.0,-0.0095448868730381,0.1680098723468681,0.3287922435252523,False,,,,
GO:0045087,innate immune response,2,0,0.0,True,True,68.0,0.0059972708497075,0.1700696220230415,0.3316845400831785,False,238.0,5.0,0.6331113857531965,False
GO:0010197,polar nucleus fusion,1,0,0.0,True,False,30.0,0.0032146079544307,0.1713860769071521,0.3336141191704107,False,,,,
GO:0019827,stem cell population maintenance,1,0,0.0,True,False,11.0,0.0248279696791024,0.1719641033991469,0.3341016866040569,False,,,,
GO:0009411,response to UV,2,0,0.0,True,True,30.0,0.0061200689459224,0.6211234400392676,0.76700473225188,False,108.0,4.0,0.3365236545195714,False
GO:0010106,cellular response to iron ion starvation,1,0,0.0,False,True,,,,,,7.0,1.0,0.3365236545195714,False
GO:0010258,NADH dehydrogenase complex (plastoquinone) assembly,1,0,0.0,False,True,,,,,,7.0,1.0,0.3365236545195714,False
GO:0010453,regulation of cell fate commitment,1,0,0.0,False,True,,,,,,7.0,1.0,0.3365236545195714,False
GO:0015886,heme transport,1,0,0.0,False,True,,,,,,7.0,1.0,0.3365236545195714,False
GO:0016119,carotene metabolic process,1,0,0.0,False,True,,,,,,7.0,1.0,0.3365236545195714,False
GO:0034614,cellular response to reactive oxygen species,1,0,0.0,False,True,,,,,,34.0,2.0,0.3365236545195714,False
GO:0043455,regulation of secondary metabolic process,1,0,0.0,False,True,,,,,,34.0,2.0,0.3365236545195714,False
GO:0046864,isoprenoid transport,1,0,0.0,False,True,,,,,,7.0,1.0,0.3365236545195714,False
GO:0046865,terpenoid transport,1,0,0.0,False,True,,,,,,7.0,1.0,0.3365236545195714,False
GO:0048439,flower morphogenesis,1,0,0.0,False,True,,,,,,7.0,1.0,0.3365236545195714,False
GO:0050794,regulation of cellular process,1,0,0.0,False,True,,,,,,3835.0,75.0,0.3365236545195714,False
GO:0051055,negative regulation of lipid biosynthetic process,1,0,0.0,False,True,,,,,,7.0,1.0,0.3365236545195714,False
GO:0051289,protein homotetramerization,1,0,0.0,False,True,,,,,,7.0,1.0,0.3365236545195714,False
GO:0070301,cellular response to hydrogen peroxide,1,0,0.0,False,True,,,,,,7.0,1.0,0.3365236545195714,False
GO:0071474,cellular hyperosmotic response,1,0,0.0,False,True,,,,,,7.0,1.0,0.3365236545195714,False
GO:1900367,positive regulation of defense response to insect,1,0,0.0,False,True,,,,,,7.0,1.0,0.3365236545195714,False
GO:1902679,negative regulation of RNA biosynthetic process,1,0,0.0,False,True,,,,,,192.0,6.0,0.3365236545195714,False
GO:0048638,regulation of developmental growth,1,0,0.0,False,True,,,,,,151.0,5.0,0.3418735319524454,False
GO:0007163,establishment or maintenance of cell polarity,1,0,0.0,True,False,13.0,-0.0427235181621588,0.1777150295712792,0.3422123027857644,False,,,,
GO:0009970,cellular response to sulfate starvation,2,0,0.0,True,True,13.0,0.0618911755359444,0.1779927122383526,0.3422123027857644,False,14.0,1.0,0.4868092199136812,False
GO:0045036,protein targeting to chloroplast,2,0,0.0,True,True,22.0,0.01316620952117,0.176849464550611,0.3422123027857644,False,18.0,1.0,0.5288713402222597,False
GO:0045489,pectin biosynthetic process,1,0,0.0,True,False,43.0,-0.0181618768826922,0.1772244063022123,0.3422123027857644,False,,,,
GO:0015908,fatty acid transport,1,0,0.0,True,False,12.0,0.0242627190161777,0.180470806230103,0.3460154555539569,False,,,,
GO:0010118,stomatal movement,2,0,0.0,True,True,36.0,-0.0058718530531022,0.1812084591627313,0.3461285175018463,False,151.0,2.0,0.8930074511640962,False
GO:0034314,Arp2/3 complex-mediated actin nucleation,1,0,0.0,True,False,10.0,-0.00654360810492,0.1810248996781854,0.3461285175018463,False,,,,
GO:0009625,response to insect,2,0,0.0,True,True,71.0,0.0009780864859556,0.2731636066882934,0.4552726778138224,False,35.0,2.0,0.3467336253341727,False
GO:0045927,positive regulation of growth,2,0,0.0,True,True,14.0,-0.0048964371223585,0.6807919712974384,0.8102774920926338,False,35.0,2.0,0.3467336253341727,False
GO:0016192,vesicle-mediated transport,2,0,0.0,True,True,213.0,-0.0039554491203551,0.1828422382741185,0.3479460504470165,False,414.0,1.0,0.9999999213864,False
GO:0033384,geranyl diphosphate biosynthetic process,1,0,0.0,True,False,13.0,0.01493762788958,0.1844786936594258,0.3484597546900265,False,,,,
GO:0045337,"trans, trans-farnesyl diphosphate biosynthetic process",1,0,0.0,True,False,13.0,0.01493762788958,0.1844786936594258,0.3484597546900265,False,,,,
GO:0045493,xylan catabolic process,1,0,0.0,True,False,20.0,-0.0072574758137717,0.1843497267817841,0.3484597546900265,False,,,,
GO:0048358,mucilage pectin biosynthetic process,1,0,0.0,True,False,11.0,-0.0181618768826922,0.1843206836833915,0.3484597546900265,False,,,,
GO:0090307,mitotic spindle assembly,1,0,0.0,True,False,13.0,0.0216414690680593,0.1852867799899438,0.3493392155078423,False,,,,
GO:0005982,starch metabolic process,2,0,0.0,True,True,15.0,0.0199919149926001,0.1874975262847624,0.3528551232665271,False,65.0,1.0,0.8543205332994613,False
GO:0006541,L-glutamine metabolic process,2,0,0.0,True,True,17.0,0.0080733836659966,0.1879950823365259,0.3531399336708222,False,41.0,2.0,0.4008831101858615,False
GO:0009314,response to radiation,1,0,0.0,False,True,,,,,,731.0,17.0,0.3549343415787025,False
GO:0009835,fruit ripening,1,0,0.0,False,True,,,,,,8.0,1.0,0.3549343415787025,False
GO:0010262,somatic embryogenesis,2,0,0.0,True,True,25.0,-0.0003889217680633,0.6945161138980898,0.8170777810565762,False,8.0,1.0,0.3549343415787025,False
GO:0010358,leaf shaping,1,0,0.0,False,True,,,,,,8.0,1.0,0.3549343415787025,False
GO:0015800,acidic amino acid transport,2,0,0.0,True,True,10.0,-0.0166148836683108,0.3011664009815896,0.4915035664019542,False,8.0,1.0,0.3549343415787025,False
GO:0019755,one-carbon compound transport,1,0,0.0,False,True,,,,,,8.0,1.0,0.3549343415787025,False
GO:0034756,regulation of iron ion transport,1,0,0.0,False,True,,,,,,8.0,1.0,0.3549343415787025,False
GO:0060688,regulation of morphogenesis of a branching structure,1,0,0.0,False,True,,,,,,8.0,1.0,0.3549343415787025,False
GO:0071452,cellular response to singlet oxygen,1,0,0.0,False,True,,,,,,8.0,1.0,0.3549343415787025,False
GO:0072337,modified amino acid transport,1,0,0.0,False,True,,,,,,8.0,1.0,0.3549343415787025,False
GO:1901678,iron coordination entity transport,1,0,0.0,False,True,,,,,,8.0,1.0,0.3549343415787025,False
GO:1904276,regulation of wax biosynthetic process,1,0,0.0,False,True,,,,,,8.0,1.0,0.3549343415787025,False
GO:0009691,cytokinin biosynthetic process,1,0,0.0,True,False,25.0,-0.0042646071454678,0.1897041795769602,0.3556953367068005,False,,,,
GO:0015986,proton motive force-driven ATP synthesis,1,0,0.0,True,False,21.0,-0.0125092544848356,0.1901807999619384,0.3559347081856463,False,,,,
GO:0010087,phloem or xylem histogenesis,2,0,0.0,True,True,60.0,0.0055128945264834,0.2609540383525823,0.4399555687927834,False,114.0,4.0,0.3590848040073952,False
GO:0051253,negative regulation of RNA metabolic process,1,0,0.0,False,True,,,,,,201.0,6.0,0.3590848040073952,False
GO:0090567,reproductive shoot system development,1,0,0.0,False,True,,,,,,486.0,12.0,0.3590848040073952,False
GO:0006346,DNA methylation-dependent constitutive heterochromatin formation,2,0,0.0,True,True,16.0,0.00898893820884,0.1925199230065885,0.3596526034189016,False,45.0,1.0,0.7496831367869746,False
GO:1990748,cellular detoxification,1,0,0.0,False,True,,,,,,157.0,5.0,0.3599647943471264,False
GO:0090351,seedling development,2,0,0.0,True,True,33.0,-0.0078923873103159,0.9592552728113272,0.9781480539181324,False,202.0,6.0,0.3625366993806358,False
GO:0097237,cellular response to toxic substance,1,0,0.0,False,True,,,,,,158.0,5.0,0.3648236465423171,False
GO:0080134,regulation of response to stress,1,0,0.0,False,True,,,,,,391.0,10.0,0.3653159852384832,False
GO:0006694,steroid biosynthetic process,2,0,0.0,True,True,11.0,0.0285843572346142,0.1961674850475648,0.3657967728492069,False,65.0,2.0,0.571640850273839,False
GO:0046685,response to arsenic-containing substance,1,0,0.0,True,False,16.0,0.0160424537737332,0.1967267959299528,0.3661703135922479,False,,,,
GO:0071462,cellular response to water stimulus,1,0,0.0,False,True,,,,,,38.0,2.0,0.3690176835878417,False
GO:0030244,cellulose biosynthetic process,1,0,0.0,True,False,47.0,-0.0070648240093802,0.1994857614345859,0.3699554121150503,False,,,,
GO:0010230,alternative respiration,1,0,0.0,True,False,11.0,0.0138089331380046,0.2011709216809138,0.3724035210790057,False,,,,
GO:0006417,regulation of translation,1,0,0.0,True,False,18.0,0.0126527539787661,0.2016708461983434,0.3726526505838954,False,,,,
GO:0009629,response to gravity,1,0,0.0,True,False,11.0,-0.0168591502151221,0.2037130229094067,0.3748334336079397,False,,,,
GO:0009846,pollen germination,2,0,0.0,True,True,71.0,0.0036633318337522,0.204320969692171,0.3748334336079397,False,50.0,2.0,0.4868092199136812,False
GO:0009630,gravitropism,1,0,0.0,True,False,50.0,0.0065974155371787,0.2055417534287318,0.3757214847621979,False,,,,
GO:0010229,inflorescence development,1,0,0.0,True,False,19.0,-0.030664138123875,0.2055217990709306,0.3757214847621979,False,,,,
GO:0006506,GPI anchor biosynthetic process,1,0,0.0,True,False,22.0,-0.0091500487221256,0.2059495388267469,0.3757934339951375,False,,,,
GO:0002182,cytoplasmic translational elongation,1,0,0.0,False,True,,,,,,9.0,1.0,0.3776700291423732,False
GO:0009954,proximal/distal pattern formation,1,0,0.0,False,True,,,,,,9.0,1.0,0.3776700291423732,False
GO:0010275,NAD(P)H dehydrogenase complex assembly,1,0,0.0,False,True,,,,,,9.0,1.0,0.3776700291423732,False
GO:0032366,intracellular sterol transport,1,0,0.0,False,True,,,,,,9.0,1.0,0.3776700291423732,False
GO:0043270,positive regulation of monoatomic ion transport,1,0,0.0,False,True,,,,,,9.0,1.0,0.3776700291423732,False
GO:0045833,negative regulation of lipid metabolic process,1,0,0.0,False,True,,,,,,9.0,1.0,0.3776700291423732,False
GO:1903830,magnesium ion transmembrane transport,1,0,0.0,True,False,20.0,-0.0139734502956634,0.2076739977014189,0.3782633529561559,False,,,,
GO:0006605,protein targeting,2,0,0.0,True,True,12.0,0.0247537891936327,0.2093996388522429,0.3793741236754666,False,86.0,1.0,0.920702484917057,False
GO:0009958,positive gravitropism,1,0,0.0,True,False,46.0,0.0205711041417614,0.2088802518733387,0.3793741236754666,False,,,,
GO:0010143,cutin biosynthetic process,1,0,0.0,True,False,25.0,-0.0052665541176305,0.2093200737641309,0.3793741236754666,False,,,,
GO:0002221,pattern recognition receptor signaling pathway,1,0,0.0,True,False,37.0,-0.0006180285741965,0.2123478670844613,0.3826763682440822,False,,,,
GO:0006366,transcription by RNA polymerase II,2,0,0.0,True,True,42.0,0.0035323283511733,0.212206244478468,0.3826763682440822,False,260.0,2.0,0.9999999213864,False
GO:0007166,cell surface receptor signaling pathway,2,0,0.0,True,True,59.0,-0.0016031321988559,0.2122800837673257,0.3826763682440822,False,143.0,1.0,0.9999999213864,False
GO:1990573,potassium ion import across plasma membrane,1,0,0.0,True,False,18.0,-0.0153969356652648,0.2134287066728152,0.3839458215278157,False,,,,
GO:0009856,pollination,1,0,0.0,False,True,,,,,,208.0,6.0,0.384382796587615,False
GO:0044706,multi-multicellular organism process,1,0,0.0,False,True,,,,,,208.0,6.0,0.384382796587615,False
GO:0012501,programmed cell death,2,0,0.0,True,True,41.0,0.0070045786751522,0.2146061125546698,0.3853842162073297,False,148.0,1.0,0.9999999213864,False
GO:0006631,fatty acid metabolic process,2,0,0.0,True,True,85.0,-0.0017594191641259,0.2167240158782011,0.3864659024401488,False,241.0,1.0,0.9999999213864,False
GO:0008652,amino acid biosynthetic process,2,0,0.0,True,True,12.0,0.0529383564010694,0.2156227825895421,0.3864659024401488,False,201.0,1.0,0.9999999213864,False
GO:0042023,DNA endoreduplication,1,0,0.0,True,False,21.0,0.0133235807222048,0.2164036281029981,0.3864659024401488,False,,,,
GO:0110102,ribulose bisphosphate carboxylase complex assembly,1,0,0.0,True,False,10.0,-0.0318126253732703,0.21606872765364,0.3864659024401488,False,,,,
GO:0030388,"fructose 1,6-bisphosphate metabolic process",1,0,0.0,True,False,10.0,0.0128567749658241,0.2194873181143584,0.3900297290533895,False,,,,
GO:0048831,regulation of shoot system development,2,0,0.0,True,True,12.0,0.0060128739733202,0.2203185088607009,0.3906194452583153,False,144.0,3.0,0.6776073452201341,False
GO:2000012,regulation of auxin polar transport,1,0,0.0,True,False,49.0,0.004619583896371,0.2205850984988133,0.3906194452583153,False,,,,
GO:0009657,plastid organization,2,0,0.0,True,True,13.0,0.0149639445532833,0.2216976414203142,0.3919091754743856,False,257.0,2.0,0.9999999213864,False
GO:0009785,blue light signaling pathway,2,0,0.0,True,True,26.0,-0.006320909866812,0.2231874708867359,0.3938602427412987,False,23.0,1.0,0.6007386120938916,False
GO:0010093,specification of floral organ identity,1,0,0.0,True,False,13.0,0.0079586298751233,0.2241935726425309,0.3949524077640441,False,,,,
GO:0007033,vacuole organization,1,0,0.0,True,False,27.0,-0.0033175667917792,0.2258029813169964,0.3968767708171466,False,,,,
GO:0042147,"retrograde transport, endosome to Golgi",1,0,0.0,True,False,27.0,0.0142310526009872,0.2260641214164335,0.3968767708171466,False,,,,
GO:0009812,flavonoid metabolic process,1,0,0.0,False,True,,,,,,79.0,3.0,0.3981279727757266,False
GO:0008295,spermidine biosynthetic process,2,0,0.0,True,True,10.0,0.0114722769164766,0.950795777172006,0.9746851183069812,False,10.0,1.0,0.4008831101858615,False
GO:0010582,floral meristem determinacy,2,0,0.0,True,True,17.0,0.0022834263042163,0.5017603930828267,0.6778749681383884,False,10.0,1.0,0.4008831101858615,False
GO:0015837,amine transport,1,0,0.0,False,True,,,,,,10.0,1.0,0.4008831101858615,False
GO:0015976,carbon utilization,1,0,0.0,False,True,,,,,,10.0,1.0,0.4008831101858615,False
GO:0031930,mitochondria-nucleus signaling pathway,2,0,0.0,True,True,12.0,-0.007300060633937,0.5458271573943123,0.7116658458573847,False,10.0,1.0,0.4008831101858615,False
GO:0042440,pigment metabolic process,1,0,0.0,False,True,,,,,,166.0,5.0,0.4008831101858615,False
GO:0048579,"negative regulation of long-day photoperiodism, flowering",2,0,0.0,True,True,15.0,-0.0007311114272863,0.7898282840942804,0.8862759623500176,False,10.0,1.0,0.4008831101858615,False
GO:0051239,regulation of multicellular organismal process,1,0,0.0,False,True,,,,,,404.0,10.0,0.4008831101858615,False
GO:0006303,double-strand break repair via nonhomologous end joining,1,0,0.0,True,False,15.0,0.0105541730942814,0.2288874055700446,0.4009333231077848,False,,,,
GO:0034244,negative regulation of transcription elongation by RNA polymerase II,1,0,0.0,True,False,12.0,0.0060860986971017,0.2291609091880769,0.4009333231077848,False,,,,
GO:0051026,chiasma assembly,1,0,0.0,True,False,14.0,0.0170855108377859,0.2303254624895176,0.4022807735262124,False,,,,
GO:0006914,autophagy,1,0,0.0,True,False,24.0,-0.0171275077073636,0.2325705701983631,0.4048938376319368,False,,,,
GO:0009863,salicylic acid mediated signaling pathway,1,0,0.0,True,False,25.0,0.0166233223950508,0.2326154792669754,0.4048938376319368,False,,,,
GO:0006081,aldehyde metabolic process,1,0,0.0,False,True,,,,,,42.0,2.0,0.4068788407783754,False
GO:0006811,monoatomic ion transport,2,0,0.0,True,True,35.0,-0.0019600594976322,0.2378826301804752,0.4126535421498041,False,468.0,9.0,0.6531619054442555,False
GO:0016042,lipid catabolic process,2,0,0.0,True,True,17.0,-0.0065583090640191,0.2400088079173238,0.4146310314831485,False,192.0,3.0,0.824328323470901,False
GO:0045824,negative regulation of innate immune response,1,0,0.0,True,False,14.0,-0.0291249331325296,0.2402420976534713,0.4146310314831485,False,,,,
GO:0071244,cellular response to carbon dioxide,1,0,0.0,True,False,12.0,-0.013269879134433,0.2398711905362509,0.4146310314831485,False,,,,
GO:0015849,organic acid transport,1,0,0.0,False,True,,,,,,82.0,3.0,0.4156977017674474,False
GO:0046942,carboxylic acid transport,1,0,0.0,False,True,,,,,,82.0,3.0,0.4156977017674474,False
GO:0006614,SRP-dependent cotranslational protein targeting to membrane,1,0,0.0,True,False,15.0,0.0023094513750465,0.2441257928108026,0.4206221430186125,False,,,,
GO:1902531,regulation of intracellular signal transduction,2,0,0.0,True,True,45.0,-0.0171823477596939,0.2447553691317644,0.4209957445436757,False,48.0,1.0,0.7582645826921879,False
GO:0009749,response to glucose,2,0,0.0,True,True,52.0,-0.0094730979669025,0.2470259711570314,0.4241860110777306,False,64.0,2.0,0.5672060942609327,False
GO:0006607,NLS-bearing protein import into nucleus,1,0,0.0,True,False,12.0,0.0092305047807703,0.2475841826491003,0.4243395079915429,False,,,,
GO:1901135,carbohydrate derivative metabolic process,2,0,0.0,True,True,10.0,-0.0224766036225707,0.2479473987872152,0.4243395079915429,False,526.0,5.0,0.9999999213864,False
GO:0006515,protein quality control for misfolded or incompletely synthesized proteins,1,0,0.0,True,False,18.0,0.0098372228245982,0.2489821805042862,0.4253966903088307,False,,,,
GO:0071805,potassium ion transmembrane transport,1,0,0.0,True,False,63.0,-0.0006940189812654,0.2508908770354515,0.4272265351855769,False,,,,
GO:0008215,spermine metabolic process,1,0,0.0,False,True,,,,,,11.0,1.0,0.4285385821501005,False
GO:0015807,L-amino acid transport,1,0,0.0,False,True,,,,,,11.0,1.0,0.4285385821501005,False
GO:0048587,"regulation of short-day photoperiodism, flowering",1,0,0.0,False,True,,,,,,11.0,1.0,0.4285385821501005,False
GO:1905428,regulation of plant organ formation,1,0,0.0,False,True,,,,,,11.0,1.0,0.4285385821501005,False
GO:0019344,L-cysteine biosynthetic process,1,0,0.0,True,False,16.0,-0.0077822767506214,0.2522161160875614,0.4287673973488544,False,,,,
GO:0010072,primary shoot apical meristem specification,1,0,0.0,True,False,12.0,0.0016786875001407,0.2530058414684948,0.4293942733741509,False,,,,
GO:0031347,regulation of defense response,2,0,0.0,True,True,63.0,0.009284545668944,0.2554797905183794,0.4327974732503049,False,268.0,7.0,0.4379548402204111,False
GO:1900865,chloroplast RNA modification,1,0,0.0,True,False,16.0,0.0149059427740444,0.2582867141191114,0.4361795503335987,False,,,,
GO:0021700,developmental maturation,1,0,0.0,False,True,,,,,,221.0,6.0,0.4404838286569083,False
GO:0045934,negative regulation of nucleobase-containing compound metabolic process,1,0,0.0,False,True,,,,,,221.0,6.0,0.4404838286569083,False
GO:0006082,organic acid metabolic process,1,0,0.0,False,True,,,,,,935.0,20.0,0.4431997754334114,False
GO:0043436,oxoacid metabolic process,2,0,0.0,True,True,10.0,-0.0041505815552329,0.9599276489922064,0.9781480539181324,False,935.0,20.0,0.4431997754334114,False
GO:0008654,phospholipid biosynthetic process,2,0,0.0,True,True,23.0,0.0091353219575843,0.264462871820159,0.4451355268260102,False,147.0,2.0,0.8830373650668825,False
GO:0008283,cell population proliferation,2,0,0.0,True,True,12.0,-0.0006375201947091,0.4846801349944231,0.6644808302342897,False,86.0,3.0,0.4454096867556624,False
GO:2000033,regulation of seed dormancy process,1,0,0.0,True,False,15.0,0.0143257466268468,0.2666707778174407,0.448112344932108,False,,,,
GO:0010332,response to gamma radiation,1,0,0.0,True,False,21.0,0.0202148676437947,0.2680973336833342,0.4497685532187515,False,,,,
GO:0006820,monoatomic anion transport,1,0,0.0,True,False,15.0,0.0119973746545025,0.2692787926527875,0.4510088152805309,False,,,,
GO:0010183,pollen tube guidance,2,0,0.0,True,True,54.0,0.0016939517981979,0.2697892263640158,0.4511229686742559,False,24.0,1.0,0.6034768894253039,False
GO:0006566,L-threonine metabolic process,1,0,0.0,False,True,,,,,,12.0,1.0,0.4518151453730634,False
GO:0010022,meristem determinacy,1,0,0.0,False,True,,,,,,12.0,1.0,0.4518151453730634,False
GO:0048232,male gamete generation,1,0,0.0,False,True,,,,,,46.0,2.0,0.4518151453730634,False
GO:0002832,negative regulation of response to biotic stimulus,1,0,0.0,False,True,,,,,,47.0,2.0,0.4590489938131555,False
GO:0022611,dormancy process,1,0,0.0,False,True,,,,,,47.0,2.0,0.4590489938131555,False
GO:0032102,negative regulation of response to external stimulus,1,0,0.0,False,True,,,,,,47.0,2.0,0.4590489938131555,False
GO:0033386,geranylgeranyl diphosphate biosynthetic process,1,0,0.0,True,False,11.0,0.01493762788958,0.2769299112878217,0.4607969160090998,False,,,,
GO:0009904,chloroplast accumulation movement,1,0,0.0,True,False,21.0,-0.0095772355822989,0.2822853502664044,0.4689430900191084,False,,,,
GO:0000302,response to reactive oxygen species,2,0,0.0,True,True,38.0,0.0101127699416922,0.6097328043505379,0.759615103296202,False,134.0,4.0,0.4701408018093052,False
GO:0015743,malate transport,1,0,0.0,False,True,,,,,,13.0,1.0,0.4701408018093052,False
GO:0016104,triterpenoid biosynthetic process,2,0,0.0,True,True,16.0,0.0047533269683363,0.7803148589242397,0.8804437567508014,False,13.0,1.0,0.4701408018093052,False
GO:0016115,terpenoid catabolic process,1,0,0.0,False,True,,,,,,13.0,1.0,0.4701408018093052,False
GO:0034204,lipid translocation,1,0,0.0,False,True,,,,,,13.0,1.0,0.4701408018093052,False
GO:0080183,response to photooxidative stress,2,0,0.0,True,True,13.0,-0.0160616166452405,0.5284910130836193,0.6991709900717143,False,13.0,1.0,0.4701408018093052,False
GO:0140352,export from cell,1,0,0.0,False,True,,,,,,135.0,4.0,0.4701408018093052,False
GO:1990641,response to iron ion starvation,2,0,0.0,True,True,18.0,-0.0035944579468445,0.8421215297781505,0.9137914472060782,False,13.0,1.0,0.4701408018093052,False
GO:0010439,regulation of glucosinolate biosynthetic process,1,0,0.0,True,False,11.0,-0.001901500745814,0.2855198095130983,0.4735450499241631,False,,,,
GO:0120252,hydrocarbon metabolic process,1,0,0.0,False,True,,,,,,49.0,2.0,0.4770642064092935,False
GO:0005985,sucrose metabolic process,2,0,0.0,True,True,28.0,-0.0099189825573576,0.290055064908055,0.4802859841010002,False,34.0,1.0,0.6761511526013188,False
GO:0046486,glycerolipid metabolic process,2,0,0.0,True,True,10.0,-0.0209016624841667,0.2933546623146483,0.483395404783427,False,157.0,3.0,0.7269987595745963,False
GO:1990019,protein storage vacuole organization,1,0,0.0,True,False,11.0,0.0124639432159733,0.2932026618565028,0.483395404783427,False,,,,
GO:0000041,transition metal ion transport,1,0,0.0,False,True,,,,,,92.0,3.0,0.4859243541002588,False
GO:0002218,activation of innate immune response,1,0,0.0,False,True,,,,,,50.0,2.0,0.4868092199136812,False
GO:0006278,RNA-templated DNA biosynthetic process,1,0,0.0,False,True,,,,,,14.0,1.0,0.4868092199136812,False
GO:0009403,toxin biosynthetic process,1,0,0.0,False,True,,,,,,14.0,1.0,0.4868092199136812,False
GO:0009700,indole phytoalexin biosynthetic process,1,0,0.0,False,True,,,,,,14.0,1.0,0.4868092199136812,False
GO:0048583,regulation of response to stimulus,1,0,0.0,False,True,,,,,,746.0,16.0,0.4868092199136812,False
GO:0052314,phytoalexin metabolic process,1,0,0.0,False,True,,,,,,14.0,1.0,0.4868092199136812,False
GO:0052315,phytoalexin biosynthetic process,1,0,0.0,False,True,,,,,,14.0,1.0,0.4868092199136812,False
GO:0010100,negative regulation of photomorphogenesis,1,0,0.0,True,False,12.0,-0.0098947326777827,0.29829153812695,0.4878199140036421,False,,,,
GO:0010119,regulation of stomatal movement,2,0,0.0,True,True,63.0,-0.0026387176516851,0.2968575938487667,0.4878199140036421,False,102.0,1.0,0.9609741135898427,False
GO:0019388,galactose catabolic process,1,0,0.0,True,False,18.0,-0.0014162783667083,0.2977559586171607,0.4878199140036421,False,,,,
GO:0048759,xylem vessel member cell differentiation,1,0,0.0,True,False,11.0,-0.0235896369305192,0.2984310062139929,0.4878199140036421,False,,,,
GO:1900140,regulation of seedling development,2,0,0.0,True,True,13.0,0.029393151703069,0.2977008137017003,0.4878199140036421,False,96.0,2.0,0.7130279968635349,False
GO:0002253,activation of immune response,1,0,0.0,False,True,,,,,,51.0,2.0,0.4898038166900699,False
GO:0005992,trehalose biosynthetic process,2,0,0.0,True,True,21.0,-0.0104655762229057,0.3028121318902272,0.4923887153641966,False,18.0,1.0,0.5288713402222597,False
GO:0006511,ubiquitin-dependent protein catabolic process,2,0,0.0,True,True,377.0,2.713969982849997e-05,0.3026729138282925,0.4923887153641966,False,192.0,1.0,0.9999999213864,False
GO:0009658,chloroplast organization,1,0,0.0,True,False,183.0,0.0067785952235166,0.3031569737732504,0.4923887153641966,False,,,,
GO:0009890,negative regulation of biosynthetic process,1,0,0.0,False,True,,,,,,541.0,12.0,0.4925717204339606,False
GO:0008356,asymmetric cell division,1,0,0.0,True,False,18.0,0.0111184339441922,0.3046353011602669,0.4940031910707031,False,,,,
GO:0009743,response to carbohydrate,1,0,0.0,False,True,,,,,,188.0,5.0,0.4942088545710523,False
GO:1901000,regulation of response to salt stress,1,0,0.0,True,False,14.0,-0.0087238483619594,0.3056156644968201,0.4948063139472325,False,,,,
GO:0042742,defense response to bacterium,2,0,0.0,True,True,392.0,0.0014834345026719,0.6847184164712832,0.8111646745652832,False,338.0,8.0,0.4987081707161354,False
GO:0061025,membrane fusion,2,0,0.0,True,True,38.0,-0.0070650946022459,0.3091026583426512,0.4996588138027009,False,52.0,1.0,0.782256177557923,False
GO:0005987,sucrose catabolic process,1,0,0.0,True,False,14.0,-0.0026180754690297,0.3103354623451138,0.5007925493129813,False,,,,
GO:0009788,negative regulation of abscisic acid-activated signaling pathway,2,0,0.0,True,True,68.0,-0.0009301888005805,0.3107859644265854,0.5007925493129813,False,52.0,1.0,0.782256177557923,False
GO:0008300,isoprenoid catabolic process,1,0,0.0,False,True,,,,,,15.0,1.0,0.5008356743144929,False
GO:0032365,intracellular lipid transport,1,0,0.0,False,True,,,,,,15.0,1.0,0.5008356743144929,False
GO:0042214,terpene metabolic process,1,0,0.0,False,True,,,,,,15.0,1.0,0.5008356743144929,False
GO:0048572,short-day photoperiodism,1,0,0.0,False,True,,,,,,15.0,1.0,0.5008356743144929,False
GO:0048575,"short-day photoperiodism, flowering",1,0,0.0,False,True,,,,,,15.0,1.0,0.5008356743144929,False
GO:0180055,response to metal ion starvation,1,0,0.0,False,True,,,,,,15.0,1.0,0.5008356743144929,False
GO:2000022,regulation of jasmonic acid mediated signaling pathway,2,0,0.0,True,True,41.0,0.0115752095944527,0.3119734826038471,0.501913173905243,False,38.0,1.0,0.705414204712545,False
GO:0042793,plastid transcription,1,0,0.0,True,False,13.0,0.0206075253439067,0.3125551156155561,0.5020570361068776,False,,,,
GO:0006646,phosphatidylethanolamine biosynthetic process,1,0,0.0,True,False,11.0,0.026963726030278,0.3136637242232544,0.5022558849414749,False,,,,
GO:0016197,endosomal transport,1,0,0.0,True,False,12.0,-0.0185530421315287,0.3132325186744323,0.5022558849414749,False,,,,
GO:0000288,"nuclear-transcribed mRNA catabolic process, deadenylation-dependent decay",1,0,0.0,True,False,11.0,0.0138793299724317,0.3153751644543687,0.5034157554670675,False,,,,
GO:0009245,lipid A biosynthetic process,1,0,0.0,True,False,10.0,0.016770022010246,0.3176123803626053,0.5061947312029023,False,,,,
GO:0010189,vitamin E biosynthetic process,1,0,0.0,True,False,10.0,-0.0069232623621187,0.3196860819162341,0.5079124665958861,False,,,,
GO:0051781,positive regulation of cell division,1,0,0.0,True,False,12.0,0.0090833985383704,0.3193024086346452,0.5079124665958861,False,,,,
GO:0006816,calcium ion transport,2,0,0.0,True,True,36.0,-0.004127879951048,0.3226838049637021,0.5118778865676145,False,67.0,2.0,0.5880968978512623,False
GO:0002833,positive regulation of response to biotic stimulus,1,0,0.0,False,True,,,,,,98.0,3.0,0.5123800016022472,False
GO:0006596,polyamine biosynthetic process,1,0,0.0,False,True,,,,,,16.0,1.0,0.5123800016022472,False
GO:0006778,porphyrin-containing compound metabolic process,1,0,0.0,False,True,,,,,,98.0,3.0,0.5123800016022472,False
GO:0008216,spermidine metabolic process,1,0,0.0,False,True,,,,,,16.0,1.0,0.5123800016022472,False
GO:0009750,response to fructose,2,0,0.0,True,True,16.0,-0.0124345038256913,0.4442248196296332,0.6232590316674359,False,16.0,1.0,0.5123800016022472,False
GO:0019321,pentose metabolic process,1,0,0.0,False,True,,,,,,16.0,1.0,0.5123800016022472,False
GO:0032103,positive regulation of response to external stimulus,1,0,0.0,False,True,,,,,,98.0,3.0,0.5123800016022472,False
GO:0051510,regulation of unidimensional cell growth,2,0,0.0,True,True,27.0,0.0034799204344082,0.658502304970416,0.7961490669312952,False,54.0,2.0,0.5123800016022472,False
GO:0052482,defense response by cell wall thickening,1,0,0.0,False,True,,,,,,16.0,1.0,0.5123800016022472,False
GO:0052544,defense response by callose deposition in cell wall,2,0,0.0,True,True,16.0,-0.0082418799976431,0.5762825095538564,0.7329278799812139,False,16.0,1.0,0.5123800016022472,False
GO:0097035,regulation of membrane lipid distribution,1,0,0.0,False,True,,,,,,16.0,1.0,0.5123800016022472,False
GO:1903426,regulation of reactive oxygen species biosynthetic process,2,0,0.0,True,True,10.0,0.0095694253602747,0.6635343844203776,0.7981191888075296,False,16.0,1.0,0.5123800016022472,False
GO:0007276,gamete generation,1,0,0.0,False,True,,,,,,55.0,2.0,0.5133124784786759,False
GO:0006108,malate metabolic process,1,0,0.0,True,False,18.0,-0.0116223628816445,0.3268363135729223,0.5150426280912465,False,,,,
GO:0010052,guard cell differentiation,1,0,0.0,True,False,22.0,-0.0008867120869483,0.3268658401309139,0.5150426280912465,False,,,,
GO:0071215,cellular response to abscisic acid stimulus,2,0,0.0,True,True,44.0,0.0052192321192948,0.3272035519638506,0.5150426280912465,False,292.0,6.0,0.63088669013877,False
GO:1905392,plant organ morphogenesis,2,0,0.0,True,True,19.0,-0.0025767141203569,0.3266074081958228,0.5150426280912465,False,437.0,5.0,0.9862464735841464,False
GO:0033013,tetrapyrrole metabolic process,1,0,0.0,False,True,,,,,,100.0,3.0,0.5154766996370214,False
GO:0048511,rhythmic process,1,0,0.0,False,True,,,,,,147.0,4.0,0.5154766996370214,False
GO:0048523,negative regulation of cellular process,1,0,0.0,False,True,,,,,,822.0,17.0,0.5154766996370214,False
GO:0009934,regulation of meristem structural organization,1,0,0.0,True,False,21.0,0.009432787268618,0.3299004223647043,0.5184875667365153,False,,,,
GO:0002831,regulation of response to biotic stimulus,1,0,0.0,False,True,,,,,,197.0,5.0,0.5194082812512565,False
GO:0006722,triterpenoid metabolic process,1,0,0.0,False,True,,,,,,17.0,1.0,0.5194082812512565,False
GO:0015766,disaccharide transport,1,0,0.0,False,True,,,,,,17.0,1.0,0.5194082812512565,False
GO:0015772,oligosaccharide transport,1,0,0.0,False,True,,,,,,17.0,1.0,0.5194082812512565,False
GO:0016024,CDP-diacylglycerol biosynthetic process,2,0,0.0,True,True,18.0,0.0032331071151279,0.9051650691303772,0.946941918474856,False,17.0,1.0,0.5194082812512565,False
GO:0032101,regulation of response to external stimulus,1,0,0.0,False,True,,,,,,197.0,5.0,0.5194082812512565,False
GO:0046271,phenylpropanoid catabolic process,1,0,0.0,False,True,,,,,,17.0,1.0,0.5194082812512565,False
GO:0046341,CDP-diacylglycerol metabolic process,1,0,0.0,False,True,,,,,,17.0,1.0,0.5194082812512565,False
GO:0051050,positive regulation of transport,1,0,0.0,False,True,,,,,,17.0,1.0,0.5194082812512565,False
GO:1900425,negative regulation of defense response to bacterium,2,0,0.0,True,True,17.0,0.0005807311942531,0.7303202805666666,0.8455301638080058,False,17.0,1.0,0.5194082812512565,False
GO:0006635,fatty acid beta-oxidation,1,0,0.0,True,False,31.0,0.0219623215771446,0.3345876452481706,0.5218339421301743,False,,,,
GO:0009664,plant-type cell wall organization,2,0,0.0,True,True,69.0,0.0,0.3332094960893638,0.5218339421301743,False,143.0,1.0,0.9999999213864,False
GO:0030497,fatty acid elongation,1,0,0.0,True,False,16.0,0.0026994625725152,0.3344210726542835,0.5218339421301743,False,,,,
GO:0048578,"positive regulation of long-day photoperiodism, flowering",1,0,0.0,True,False,10.0,-0.0043117378337193,0.3337874271178075,0.5218339421301743,False,,,,
GO:1902584,positive regulation of response to water deprivation,1,0,0.0,True,False,21.0,-0.0013670759655648,0.3343697871811899,0.5218339421301743,False,,,,
GO:0051865,protein autoubiquitination,1,0,0.0,True,False,19.0,-0.0062914049400221,0.3366320043937133,0.5242208312695993,False,,,,
GO:0043622,cortical microtubule organization,2,0,0.0,True,True,44.0,-0.0080201671628417,0.3374816270056313,0.5247427736977804,False,43.0,1.0,0.738141447876422,False
GO:1901001,negative regulation of response to salt stress,1,0,0.0,True,False,15.0,0.0170666420444816,0.3402005427993119,0.5281652262637718,False,,,,
GO:0002684,positive regulation of immune system process,1,0,0.0,False,True,,,,,,59.0,2.0,0.5288713402222597,False
GO:0005984,disaccharide metabolic process,1,0,0.0,False,True,,,,,,58.0,2.0,0.5288713402222597,False
GO:0009704,de-etiolation,2,0,0.0,True,True,18.0,0.0093146133307448,0.9404177290208036,0.9708766028352428,False,18.0,1.0,0.5288713402222597,False
GO:0009901,anther dehiscence,2,0,0.0,True,True,18.0,0.0004890131403851,0.9624037103956128,0.9796923998039172,False,18.0,1.0,0.5288713402222597,False
GO:0010073,meristem maintenance,2,0,0.0,True,True,47.0,0.0004823559385459,0.8941129789472428,0.9421438414526732,False,153.0,4.0,0.5288713402222597,False
GO:0015804,neutral amino acid transport,1,0,0.0,False,True,,,,,,18.0,1.0,0.5288713402222597,False
GO:0045089,positive regulation of innate immune response,1,0,0.0,False,True,,,,,,58.0,2.0,0.5288713402222597,False
GO:0050778,positive regulation of immune response,1,0,0.0,False,True,,,,,,59.0,2.0,0.5288713402222597,False
GO:0071230,cellular response to amino acid stimulus,2,0,0.0,True,True,22.0,0.0005787894648099,0.7947825103880101,0.8908551215338134,False,18.0,1.0,0.5288713402222597,False
GO:1900057,positive regulation of leaf senescence,2,0,0.0,True,True,22.0,0.0042889018508824,0.7476162018495816,0.8580567469252206,False,18.0,1.0,0.5288713402222597,False
GO:0000082,G1/S transition of mitotic cell cycle,1,0,0.0,True,False,35.0,0.0075895124256484,0.3429432041583659,0.5316140854734547,False,,,,
GO:0007010,cytoskeleton organization,2,0,0.0,True,True,35.0,0.0123888456360652,0.3447273716323342,0.5319544917775808,False,246.0,1.0,0.9999999213864,False
GO:0010374,stomatal complex development,1,0,0.0,True,False,27.0,0.0031924790606596,0.3446687980037104,0.5319544917775808,False,,,,
GO:0048507,meristem development,2,0,0.0,True,True,26.0,0.0012044856190789,0.3438752011871556,0.5319544917775808,False,276.0,4.0,0.8707977827734873,False
GO:1902456,regulation of stomatal opening,1,0,0.0,True,False,16.0,-0.0178531185349815,0.3478843114342719,0.5360151022099053,False,,,,
GO:0007094,mitotic spindle assembly checkpoint signaling,1,0,0.0,True,False,10.0,-0.0111193559447094,0.3485279114912271,0.5361967869095801,False,,,,
GO:0006086,pyruvate decarboxylation to acetyl-CoA,1,0,0.0,True,False,12.0,-0.0150579827561573,0.3506861276568589,0.5387045936897531,False,,,,
GO:0048437,floral organ development,2,0,0.0,True,True,20.0,-0.0002207474724649,0.7642387313242351,0.867100674027497,False,205.0,5.0,0.5415042440568286,False
GO:0009944,polarity specification of adaxial/abaxial axis,2,0,0.0,True,True,24.0,0.0043341569823841,0.4410137748582936,0.6204607591109786,False,19.0,1.0,0.5435319430601824,False
GO:0010584,pollen exine formation,2,0,0.0,True,True,32.0,-0.0009004325386901,0.5828124142943669,0.7393888838062864,False,19.0,1.0,0.5435319430601824,False
GO:0010959,regulation of metal ion transport,1,0,0.0,False,True,,,,,,19.0,1.0,0.5435319430601824,False
GO:0042335,cuticle development,1,0,0.0,False,True,,,,,,19.0,1.0,0.5435319430601824,False
GO:0070298,negative regulation of phosphorelay signal transduction system,1,0,0.0,False,True,,,,,,19.0,1.0,0.5435319430601824,False
GO:0032968,positive regulation of transcription elongation by RNA polymerase II,1,0,0.0,True,False,20.0,0.0100808250680187,0.3553080969507286,0.544983847954501,False,,,,
GO:0000038,very long-chain fatty acid metabolic process,1,0,0.0,True,False,25.0,0.006047309916698,0.3578320001072838,0.5472606524013158,False,,,,
GO:0032456,endocytic recycling,1,0,0.0,True,False,10.0,0.0125944237393655,0.3578655442663506,0.5472606524013158,False,,,,
GO:2001289,lipid X metabolic process,1,0,0.0,True,False,10.0,0.009368168686834,0.3585042522599001,0.5474166726124223,False,,,,
GO:0010558,negative regulation of macromolecule biosynthetic process,1,0,0.0,False,True,,,,,,522.0,11.0,0.549397454814099,False
GO:0030968,endoplasmic reticulum unfolded protein response,1,0,0.0,True,False,39.0,0.0071472612956148,0.360949684898418,0.5503268738361531,False,,,,
GO:0000278,mitotic cell cycle,1,0,0.0,True,False,57.0,0.0056995769634565,0.3643747352420862,0.5539986028573749,False,,,,
GO:0090332,stomatal closure,2,0,0.0,True,True,20.0,0.0045993669522156,0.364444178938528,0.5539986028573749,False,54.0,1.0,0.792022141616846,False
GO:0010075,regulation of meristem growth,2,0,0.0,True,True,29.0,-0.0054762780995938,0.9987999442294004,0.9987999442294004,False,62.0,2.0,0.5540562752140596,False
GO:0005991,trehalose metabolic process,2,0,0.0,True,True,12.0,0.0009520616709856,0.6461634526505502,0.7868703146089148,False,20.0,1.0,0.5552178268598311,False
GO:0010257,NADH dehydrogenase complex assembly,1,0,0.0,False,True,,,,,,20.0,1.0,0.5552178268598311,False
GO:0042343,indole glucosinolate metabolic process,1,0,0.0,False,True,,,,,,20.0,1.0,0.5552178268598311,False
GO:0071326,cellular response to monosaccharide stimulus,1,0,0.0,False,True,,,,,,20.0,1.0,0.5552178268598311,False
GO:0071331,cellular response to hexose stimulus,1,0,0.0,False,True,,,,,,20.0,1.0,0.5552178268598311,False
GO:0080092,regulation of pollen tube growth,2,0,0.0,True,True,44.0,0.0030851764697537,0.4671948715488451,0.6474711535051929,False,20.0,1.0,0.5552178268598311,False
GO:0010044,response to aluminum ion,1,0,0.0,True,False,15.0,-0.0026966912092852,0.3668748319375241,0.5560361494446874,False,,,,
GO:0048509,regulation of meristem development,1,0,0.0,True,False,10.0,0.0247453305323848,0.3667465374014278,0.5560361494446874,False,,,,
GO:0000162,L-tryptophan biosynthetic process,1,0,0.0,True,False,23.0,0.0054838591000175,0.3680274778490873,0.5561304109719541,False,,,,
GO:0070588,calcium ion transmembrane transport,2,0,0.0,True,True,90.0,-0.0021773883577888,0.5463081934375806,0.7116658458573847,False,63.0,2.0,0.5562973337275412,False
GO:0007015,actin filament organization,1,0,0.0,True,False,70.0,-0.003725434393134,0.3692297945534694,0.5571218793558266,False,,,,
GO:0006107,oxaloacetate metabolic process,1,0,0.0,True,False,11.0,-0.0031974146747235,0.3758384872756677,0.5654207330695886,False,,,,
GO:0052542,defense response by callose deposition,2,0,0.0,True,True,11.0,0.012264331688466,0.3767717857176605,0.5659900168365446,False,27.0,1.0,0.6281840070859798,False
GO:0006906,vesicle fusion,1,0,0.0,True,False,39.0,-0.0082792749907826,0.3778907625300942,0.5660037852873658,False,,,,
GO:0034052,positive regulation of plant-type hypersensitive response,1,0,0.0,True,False,13.0,0.0089069523197567,0.3776988703550024,0.5660037852873658,False,,,,
GO:0015693,magnesium ion transport,1,0,0.0,True,False,20.0,-0.0051952745973587,0.3805278142982806,0.5691178454314462,False,,,,
GO:0001709,cell fate determination,1,0,0.0,True,False,10.0,0.0054270709179408,0.3836931867563591,0.5712501028086575,False,,,,
GO:0006241,CTP biosynthetic process,1,0,0.0,True,False,11.0,-0.0135710040754904,0.3845104659630972,0.5712501028086575,False,,,,
GO:0010051,xylem and phloem pattern formation,1,0,0.0,True,False,28.0,0.0075174338131766,0.3830358891825247,0.5712501028086575,False,,,,
GO:0009083,branched-chain amino acid catabolic process,1,0,0.0,False,True,,,,,,21.0,1.0,0.5715222310044438,False
GO:0046189,phenol-containing compound biosynthetic process,1,0,0.0,False,True,,,,,,21.0,1.0,0.5715222310044438,False
GO:0046856,phosphatidylinositol dephosphorylation,2,0,0.0,True,True,30.0,0.003839908624253,0.7987319667869521,0.8942992383344579,False,21.0,1.0,0.5715222310044438,False
GO:0008361,regulation of cell size,1,0,0.0,True,False,16.0,0.0001439585054962,0.3855016509336171,0.5715286103957695,False,,,,
GO:0032956,regulation of actin cytoskeleton organization,1,0,0.0,True,False,15.0,-0.0359043162517406,0.3875338563336967,0.5737075957334843,False,,,,
GO:0042128,nitrate assimilation,1,0,0.0,True,False,18.0,-0.0238679747872923,0.3907015219644111,0.5767229412499266,False,,,,
GO:0006383,transcription by RNA polymerase III,1,0,0.0,True,False,12.0,0.0093261997809795,0.3928475818434987,0.577384054006295,False,,,,
GO:0007267,cell-cell signaling,2,0,0.0,True,True,42.0,0.0,0.3923762271157851,0.577384054006295,False,47.0,1.0,0.7553875175643586,False
GO:0120029,proton export across plasma membrane,1,0,0.0,True,False,11.0,0.004686438413132,0.3919788345863164,0.577384054006295,False,,,,
GO:0010167,response to nitrate,2,0,0.0,True,True,27.0,0.004088298213574,0.3943774369226449,0.5787985405195653,False,28.0,1.0,0.63088669013877,False
GO:0040008,regulation of growth,2,0,0.0,True,True,22.0,0.0088451559014604,0.6463650518280639,0.7868703146089148,False,216.0,5.0,0.5801440879149345,False
GO:0010225,response to UV-C,1,0,0.0,True,False,10.0,-0.0205495409846528,0.3966558198862906,0.5806427871804937,False,,,,
GO:0048829,root cap development,1,0,0.0,True,False,15.0,-0.0141101960007065,0.396772571240004,0.5806427871804937,False,,,,
GO:0060321,acceptance of pollen,1,0,0.0,True,False,12.0,0.0148983508646824,0.3992578971669556,0.5826080902865446,False,,,,
GO:0080086,stamen filament development,1,0,0.0,True,False,14.0,0.0030411892112079,0.3989785238173163,0.5826080902865446,False,,,,
GO:0046839,phospholipid dephosphorylation,1,0,0.0,False,True,,,,,,22.0,1.0,0.5859388768856314,False
GO:1902532,negative regulation of intracellular signal transduction,1,0,0.0,False,True,,,,,,22.0,1.0,0.5859388768856314,False
GO:0016926,protein desumoylation,1,0,0.0,True,False,11.0,-0.004552590589974,0.4023812776949155,0.5863270046411626,False,,,,
GO:0035672,oligopeptide transmembrane transport,2,0,0.0,True,True,19.0,-0.0017267481728339,0.4097867469155499,0.5937251162696888,False,31.0,1.0,0.6585879483098036,False
GO:0051017,actin filament bundle assembly,1,0,0.0,True,False,21.0,-0.0044197200970184,0.4092388746678669,0.5937251162696888,False,,,,
GO:0010476,gibberellin mediated signaling pathway,2,0,0.0,True,True,10.0,-0.0020786236916277,0.4107468929070103,0.5941918837909878,False,71.0,1.0,0.8754293324006318,False
GO:0048653,anther development,2,0,0.0,True,True,34.0,0.0026202405181865,0.4130216133409905,0.5941918837909878,False,59.0,1.0,0.8233022589500079,False
GO:0060236,regulation of mitotic spindle organization,1,0,0.0,True,False,10.0,0.010361148393489,0.4128336554272256,0.5941918837909878,False,,,,
GO:1901703,protein localization involved in auxin polar transport,1,0,0.0,True,False,24.0,0.0150625643977212,0.4127085914066022,0.5941918837909878,False,,,,
GO:0010158,abaxial cell fate specification,1,0,0.0,True,False,10.0,0.0051210280896698,0.418663079878218,0.6006137010911146,False,,,,
GO:0001678,intracellular glucose homeostasis,1,0,0.0,False,True,,,,,,23.0,1.0,0.6007386120938916,False
GO:0009943,adaxial/abaxial axis specification,2,0,0.0,True,True,10.0,-0.0060424510994174,0.7311688264855642,0.8455301638080058,False,23.0,1.0,0.6007386120938916,False
GO:0030522,intracellular receptor signaling pathway,1,0,0.0,False,True,,,,,,23.0,1.0,0.6007386120938916,False
GO:0009612,response to mechanical stimulus,1,0,0.0,True,False,16.0,-0.0213109124897486,0.4205692998365218,0.601670444388116,False,,,,
GO:0010112,regulation of systemic acquired resistance,1,0,0.0,True,False,15.0,0.0137158486008466,0.4205794380869869,0.601670444388116,False,,,,
GO:0045229,external encapsulating structure organization,1,0,0.0,False,True,,,,,,490.0,10.0,0.6032272860000533,False
GO:0120254,olefinic compound metabolic process,1,0,0.0,False,True,,,,,,69.0,2.0,0.6032272860000533,False
GO:0006829,zinc ion transport,2,0,0.0,True,True,16.0,-0.0018419297213623,0.7229454606470858,0.8398683028018535,False,24.0,1.0,0.6034768894253039,False
GO:0006935,chemotaxis,1,0,0.0,False,True,,,,,,24.0,1.0,0.6034768894253039,False
GO:0009056,catabolic process,1,0,0.0,False,True,,,,,,1160.0,22.0,0.6034768894253039,False
GO:0009746,response to hexose,1,0,0.0,False,True,,,,,,70.0,2.0,0.6034768894253039,False
GO:0010346,shoot axis formation,1,0,0.0,False,True,,,,,,24.0,1.0,0.6034768894253039,False
GO:0030091,protein repair,2,0,0.0,True,True,11.0,0.007600066382848,0.660881584868546,0.7961490669312952,False,24.0,1.0,0.6034768894253039,False
GO:0040011,locomotion,1,0,0.0,False,True,,,,,,24.0,1.0,0.6034768894253039,False
GO:0042330,taxis,1,0,0.0,False,True,,,,,,24.0,1.0,0.6034768894253039,False
GO:0042593,glucose homeostasis,1,0,0.0,False,True,,,,,,24.0,1.0,0.6034768894253039,False
GO:0050918,positive chemotaxis,1,0,0.0,False,True,,,,,,24.0,1.0,0.6034768894253039,False
GO:0031348,negative regulation of defense response,2,0,0.0,True,True,27.0,0.0019085178235812,0.7148831675295623,0.8323982087672985,False,71.0,2.0,0.6065499703562719,False
GO:0051453,regulation of intracellular pH,1,0,0.0,True,False,23.0,-0.0018661266852329,0.4264938953135162,0.6084248576500512,False,,,,
GO:0070417,cellular response to cold,2,0,0.0,True,True,39.0,-0.0050207541792012,0.4281795801919191,0.6099764969214491,False,32.0,1.0,0.6646504338487268,False
GO:0015711,organic anion transport,1,0,0.0,False,True,,,,,,122.0,3.0,0.6119927794282756,False
GO:0032259,methylation,2,0,0.0,True,True,42.0,0.0019908266429729,0.4303891678683028,0.612127852809809,False,312.0,4.0,0.9254455414182042,False
GO:0080136,priming of cellular response to stress,1,0,0.0,True,False,13.0,-0.003661309450228,0.4308899983504342,0.612127852809809,False,,,,
GO:0001676,long-chain fatty acid metabolic process,1,0,0.0,True,False,18.0,-0.0038214086562645,0.4316067265729814,0.612293269964452,False,,,,
GO:2000023,regulation of lateral root development,1,0,0.0,True,False,19.0,0.0054139132035672,0.4327305524210965,0.61303494926322,False,,,,
GO:0009688,abscisic acid biosynthetic process,2,0,0.0,True,True,11.0,0.0165927501904004,0.682531435577424,0.8106458931898743,False,25.0,1.0,0.6134834725413914,False
GO:0043289,apocarotenoid biosynthetic process,1,0,0.0,False,True,,,,,,25.0,1.0,0.6134834725413914,False
GO:1902645,tertiary alcohol biosynthetic process,1,0,0.0,False,True,,,,,,25.0,1.0,0.6134834725413914,False
GO:1990110,callus formation,2,0,0.0,True,True,29.0,0.00554171654401,0.8405938190415672,0.9137914472060782,False,25.0,1.0,0.6134834725413914,False
GO:0006744,ubiquinone biosynthetic process,1,0,0.0,True,False,18.0,-0.0050154489069301,0.437149823643865,0.6184366437125413,False,,,,
GO:0009610,response to symbiotic fungus,1,0,0.0,True,False,11.0,-0.0061529055458738,0.4391435647940312,0.6186829227761214,False,,,,
GO:0010098,suspensor development,1,0,0.0,True,False,18.0,0.0002501731236537,0.438284253782971,0.6186829227761214,False,,,,
GO:0006568,L-tryptophan metabolic process,1,0,0.0,False,True,,,,,,26.0,1.0,0.6190293467636729,False
GO:0009892,negative regulation of metabolic process,1,0,0.0,False,True,,,,,,613.0,12.0,0.6190293467636729,False
GO:0010017,red or far-red light signaling pathway,2,0,0.0,True,True,46.0,0.0011361148186237,0.810399961032599,0.8998281175440707,False,74.0,2.0,0.6190293467636729,False
GO:0010166,wax metabolic process,1,0,0.0,False,True,,,,,,26.0,1.0,0.6190293467636729,False
GO:0033014,tetrapyrrole biosynthetic process,2,0,0.0,True,True,14.0,-0.0041544621553411,0.4998862756654252,0.6762387283537582,False,73.0,2.0,0.6190293467636729,False
GO:0034284,response to monosaccharide,1,0,0.0,False,True,,,,,,74.0,2.0,0.6190293467636729,False
GO:0042060,wound healing,1,0,0.0,False,True,,,,,,26.0,1.0,0.6190293467636729,False
GO:0043086,negative regulation of catalytic activity,1,0,0.0,False,True,,,,,,26.0,1.0,0.6190293467636729,False
GO:0045165,cell fate commitment,2,0,0.0,True,True,10.0,0.0043341569823841,0.5889369522192336,0.7443812778979161,False,74.0,2.0,0.6190293467636729,False
GO:0048586,"regulation of long-day photoperiodism, flowering",2,0,0.0,True,True,10.0,0.0073696607047776,0.7625547998496757,0.867100674027497,False,26.0,1.0,0.6190293467636729,False
GO:0170041,non-proteinogenic amino acid metabolic process,1,0,0.0,False,True,,,,,,26.0,1.0,0.6190293467636729,False
GO:0010026,trichome differentiation,1,0,0.0,True,False,26.0,-0.0013567676215753,0.4422332517523305,0.6213194446107123,False,,,,
GO:0045926,negative regulation of growth,1,0,0.0,True,False,14.0,-0.0056976191770302,0.4460538587453447,0.6241082797259968,False,,,,
GO:0071265,L-methionine biosynthetic process,1,0,0.0,True,False,14.0,-0.0239359716580742,0.4455236892941743,0.6241082797259968,False,,,,
GO:0035435,phosphate ion transmembrane transport,1,0,0.0,True,False,13.0,-0.0112490363060873,0.4481052660839045,0.6261196868569625,False,,,,
GO:0009790,embryo development,1,0,0.0,False,True,,,,,,397.0,8.0,0.6281840070859798,False
GO:0009900,dehiscence,1,0,0.0,False,True,,,,,,27.0,1.0,0.6281840070859798,False
GO:0046439,L-cysteine metabolic process,1,0,0.0,False,True,,,,,,27.0,1.0,0.6281840070859798,False
GO:0065001,specification of axis polarity,1,0,0.0,False,True,,,,,,27.0,1.0,0.6281840070859798,False
GO:0098739,import across plasma membrane,1,0,0.0,False,True,,,,,,27.0,1.0,0.6281840070859798,False
GO:1903409,reactive oxygen species biosynthetic process,2,0,0.0,True,True,25.0,0.0001405791982382,0.5948933434371748,0.7500509398095406,False,27.0,1.0,0.6281840070859798,False
GO:0010605,negative regulation of macromolecule metabolic process,1,0,0.0,False,True,,,,,,565.0,11.0,0.6300476305736326,False
GO:0042445,hormone metabolic process,1,0,0.0,False,True,,,,,,128.0,3.0,0.6302466844421011,False
GO:0001763,morphogenesis of a branching structure,1,0,0.0,False,True,,,,,,28.0,1.0,0.63088669013877,False
GO:0006595,polyamine metabolic process,1,0,0.0,False,True,,,,,,28.0,1.0,0.63088669013877,False
GO:0008202,steroid metabolic process,1,0,0.0,False,True,,,,,,77.0,2.0,0.63088669013877,False
GO:0045333,cellular respiration,1,0,0.0,False,True,,,,,,183.0,4.0,0.63088669013877,False
GO:0052386,cell wall thickening,1,0,0.0,False,True,,,,,,28.0,1.0,0.63088669013877,False
GO:0070297,regulation of phosphorelay signal transduction system,1,0,0.0,False,True,,,,,,28.0,1.0,0.63088669013877,False
GO:0097306,cellular response to alcohol,1,0,0.0,False,True,,,,,,292.0,6.0,0.63088669013877,False
GO:0015031,protein transport,2,0,0.0,True,True,74.0,-0.0048181568344752,0.4529885485315285,0.6320770444625978,False,662.0,1.0,0.9999999213864,False
GO:0035266,meristem growth,1,0,0.0,False,True,,,,,,78.0,2.0,0.6339624047203601,False
GO:0006650,glycerophospholipid metabolic process,1,0,0.0,False,True,,,,,,131.0,3.0,0.6363967028739558,False
GO:0140546,defense response to symbiont,1,0,0.0,False,True,,,,,,294.0,6.0,0.6363967028739558,False
GO:0006534,cysteine metabolic process,1,0,0.0,False,True,,,,,,29.0,1.0,0.6384801514350774,False
GO:0034285,response to disaccharide,1,0,0.0,False,True,,,,,,79.0,2.0,0.6384801514350774,False
GO:0042044,fluid transport,1,0,0.0,False,True,,,,,,29.0,1.0,0.6384801514350774,False
GO:0071555,cell wall organization,2,0,0.0,True,True,25.0,-0.0038417416640136,0.4871866095055007,0.6661264633989421,False,463.0,9.0,0.6411331089234273,False
GO:1900150,regulation of defense response to fungus,2,0,0.0,True,True,60.0,0.0021176886742637,0.4603423239851256,0.6414606153891095,False,38.0,1.0,0.705414204712545,False
GO:0006616,"SRP-dependent cotranslational protein targeting to membrane, translocation",1,0,0.0,True,False,11.0,0.0034203464606414,0.4620257652429963,0.6429280771457794,False,,,,
GO:0048582,positive regulation of post-embryonic development,1,0,0.0,False,True,,,,,,80.0,2.0,0.6439490926227525,False
GO:0007140,male meiotic nuclear division,1,0,0.0,True,False,15.0,0.005018019577022,0.4646917421464704,0.6453387083888045,False,,,,
GO:0009875,pollen-pistil interaction,1,0,0.0,True,False,11.0,0.0084961342964816,0.4650234810448738,0.6453387083888045,False,,,,
GO:0022604,regulation of cell morphogenesis,1,0,0.0,False,True,,,,,,81.0,2.0,0.6493027896542783,False
GO:0033500,carbohydrate homeostasis,1,0,0.0,False,True,,,,,,30.0,1.0,0.6493027896542783,False
GO:0046351,disaccharide biosynthetic process,1,0,0.0,False,True,,,,,,30.0,1.0,0.6493027896542783,False
GO:0006882,intracellular zinc ion homeostasis,1,0,0.0,True,False,12.0,-0.0142680871163799,0.4699804821935489,0.649566520104905,False,,,,
GO:0009098,L-leucine biosynthetic process,1,0,0.0,True,False,15.0,0.0277248295515397,0.4693558818668973,0.649566520104905,False,,,,
GO:0010492,maintenance of shoot apical meristem identity,1,0,0.0,True,False,24.0,-0.0073378823513254,0.4737861067345591,0.6539402285104876,False,,,,
GO:0030036,actin cytoskeleton organization,1,0,0.0,True,False,33.0,0.004293621382678,0.4750934018309846,0.6548584727940598,False,,,,
GO:0071816,tail-anchored membrane protein insertion into ER membrane,1,0,0.0,True,False,10.0,0.0121301471561598,0.4765582680209511,0.6559911381664915,False,,,,
GO:0009966,regulation of signal transduction,2,0,0.0,True,True,55.0,0.0,0.6375550163363328,0.7812992534308021,False,302.0,6.0,0.6585879483098036,False
GO:0010208,pollen wall assembly,2,0,0.0,True,True,28.0,0.0,0.7768604103168006,0.8784895992495972,False,31.0,1.0,0.6585879483098036,False
GO:0015980,energy derivation by oxidation of organic compounds,1,0,0.0,False,True,,,,,,192.0,4.0,0.6594570379818447,False
GO:0048466,androecium development,1,0,0.0,False,True,,,,,,83.0,2.0,0.6594570379818447,False
GO:0007346,regulation of mitotic cell cycle,1,0,0.0,True,False,10.0,0.0143163727273041,0.4812757441229753,0.6615919932687802,False,,,,
GO:0015749,monosaccharide transmembrane transport,1,0,0.0,True,False,19.0,0.0045647468125914,0.4821614564278518,0.661917477195705,False,,,,
GO:0009312,oligosaccharide biosynthetic process,1,0,0.0,False,True,,,,,,32.0,1.0,0.6646504338487268,False
GO:0010646,regulation of cell communication,1,0,0.0,False,True,,,,,,305.0,6.0,0.6646504338487268,False
GO:0016049,cell growth,1,0,0.0,False,True,,,,,,362.0,7.0,0.6646504338487268,False
GO:0044092,negative regulation of molecular function,1,0,0.0,False,True,,,,,,32.0,1.0,0.6646504338487268,False
GO:0010187,negative regulation of seed germination,1,0,0.0,True,False,26.0,0.0018401263472782,0.4860246978546138,0.6654297876667196,False,,,,
GO:0051093,negative regulation of developmental process,1,0,0.0,False,True,,,,,,140.0,3.0,0.6714217248248594,False
GO:0034727,piecemeal microautophagy of the nucleus,1,0,0.0,True,False,11.0,-0.0091154881173865,0.4920763447345997,0.6719114747380077,False,,,,
GO:0015718,monocarboxylic acid transport,1,0,0.0,False,True,,,,,,33.0,1.0,0.6719599375589773,False
GO:0016106,sesquiterpenoid biosynthetic process,1,0,0.0,False,True,,,,,,33.0,1.0,0.6719599375589773,False
GO:0022603,regulation of anatomical structure morphogenesis,1,0,0.0,False,True,,,,,,141.0,3.0,0.6719599375589773,False
GO:1902644,tertiary alcohol metabolic process,1,0,0.0,False,True,,,,,,33.0,1.0,0.6719599375589773,False
GO:0036297,interstrand cross-link repair,1,0,0.0,True,False,17.0,0.011919640164425,0.4940730280728367,0.6734098655165123,False,,,,
GO:0045017,glycerolipid biosynthetic process,2,0,0.0,True,True,15.0,0.0,0.494494107129282,0.6734098655165123,False,111.0,2.0,0.7642143122635764,False
GO:0044772,mitotic cell cycle phase transition,1,0,0.0,True,False,21.0,0.0075895124256484,0.4957540200684015,0.6739545509864127,False,,,,
GO:0016125,sterol metabolic process,1,0,0.0,True,False,10.0,-0.0022795431736632,0.4969319625785839,0.6740300556252069,False,,,,
GO:0043328,protein transport to vacuole involved in ubiquitin-dependent protein catabolic process via the multivesicular body sorting pathway,1,0,0.0,True,False,15.0,0.0168927968828643,0.4986501821627489,0.6754623981487435,False,,,,
GO:0001708,cell fate specification,2,0,0.0,True,True,15.0,0.0091400444690065,0.5720848745739431,0.7300236232166911,False,34.0,1.0,0.6761511526013188,False
GO:0006520,amino acid metabolic process,2,0,0.0,True,True,58.0,0.0010381580739125,0.9329110540844758,0.9660601778336704,False,368.0,7.0,0.6761511526013188,False
GO:0009955,adaxial/abaxial pattern specification,2,0,0.0,True,True,13.0,0.0011623501053647,0.5725675476209342,0.7300236232166911,False,34.0,1.0,0.6761511526013188,False
GO:0010927,cellular component assembly involved in morphogenesis,1,0,0.0,False,True,,,,,,34.0,1.0,0.6761511526013188,False
GO:0015994,chlorophyll metabolic process,1,0,0.0,False,True,,,,,,87.0,2.0,0.6761511526013188,False
GO:0022607,cellular component assembly,1,0,0.0,False,True,,,,,,655.0,12.0,0.6761511526013188,False
GO:0032989,cellular anatomical entity morphogenesis,1,0,0.0,False,True,,,,,,34.0,1.0,0.6761511526013188,False
GO:0045088,regulation of innate immune response,1,0,0.0,False,True,,,,,,88.0,2.0,0.6761511526013188,False
GO:0019752,carboxylic acid metabolic process,1,0,0.0,False,True,,,,,,828.0,15.0,0.6776073452201341,False
GO:0010043,response to zinc ion,2,0,0.0,True,True,47.0,-0.0116635699053807,0.5037059183620269,0.6796032231868617,False,45.0,1.0,0.7496831367869746,False
GO:0034220,monoatomic ion transmembrane transport,2,0,0.0,True,True,60.0,-0.0009674868416937,0.504989219632462,0.6804346156210188,False,378.0,4.0,0.9948773707065716,False
GO:0046474,glycerophospholipid biosynthetic process,1,0,0.0,False,True,,,,,,89.0,2.0,0.6805155556025269,False
GO:0141187,nucleic acid biosynthetic process,1,0,0.0,False,True,,,,,,2801.0,49.0,0.6850465471815971,False
GO:0002376,immune system process,1,0,0.0,False,True,,,,,,260.0,5.0,0.6859527588704029,False
GO:0009067,aspartate family amino acid biosynthetic process,1,0,0.0,False,True,,,,,,36.0,1.0,0.6859527588704029,False
GO:0009756,carbohydrate mediated signaling,1,0,0.0,False,True,,,,,,36.0,1.0,0.6859527588704029,False
GO:0141194,siRNA-mediated heterochromatin formation,1,0,0.0,False,True,,,,,,36.0,1.0,0.6859527588704029,False
GO:1901570,fatty acid derivative biosynthetic process,1,0,0.0,False,True,,,,,,36.0,1.0,0.6859527588704029,False
GO:0009832,plant-type cell wall biogenesis,1,0,0.0,True,False,39.0,-0.0021868029203706,0.5108650777405019,0.6874437721574036,False,,,,
GO:0000165,MAPK cascade,2,0,0.0,True,True,54.0,3.606515542139998e-05,0.513426111015306,0.6876273296082225,False,47.0,1.0,0.7553875175643586,False
GO:0015937,coenzyme A biosynthetic process,1,0,0.0,True,False,14.0,-0.0076663840138813,0.5133325471363244,0.6876273296082225,False,,,,
GO:0048544,recognition of pollen,1,0,0.0,True,False,39.0,0.0027367825906948,0.5122244034705337,0.6876273296082225,False,,,,
GO:1900459,positive regulation of brassinosteroid mediated signaling pathway,1,0,0.0,True,False,13.0,-0.000632258398635,0.5142884320063281,0.6876273296082225,False,,,,
GO:0008610,lipid biosynthetic process,2,0,0.0,True,True,65.0,0.0,0.6174385027584693,0.7643049427349985,False,549.0,10.0,0.6881261232199043,False
GO:0000226,microtubule cytoskeleton organization,2,0,0.0,True,True,74.0,0.0009675566650064,0.5154867256371571,0.6882152619763092,False,131.0,1.0,0.9987520849642846,False
GO:0006122,"mitochondrial electron transport, ubiquinol to cytochrome c",1,0,0.0,True,False,14.0,-0.0154153287266939,0.5176829525993241,0.6902439367990988,False,,,,
GO:0033962,P-body assembly,1,0,0.0,True,False,14.0,0.0,0.5214748842585331,0.6934868082708001,False,,,,
GO:1901568,fatty acid derivative metabolic process,1,0,0.0,False,True,,,,,,37.0,1.0,0.6963825198713381,False
GO:0010019,chloroplast-nucleus signaling pathway,1,0,0.0,True,False,10.0,-0.0034765953131456,0.526358681388728,0.6973645738229741,False,,,,
GO:0032774,RNA biosynthetic process,1,0,0.0,False,True,,,,,,2762.0,48.0,0.7014129600259008,False
GO:0051762,sesquiterpene biosynthetic process,1,0,0.0,True,False,23.0,0.0018087728983402,0.5314331878323251,0.7021526574986678,False,,,,
GO:0010020,chloroplast fission,1,0,0.0,True,False,24.0,0.0103821204102646,0.533335752742484,0.703375548351326,False,,,,
GO:0015780,nucleotide-sugar transmembrane transport,1,0,0.0,True,False,11.0,7.345674302480001e-05,0.5340819795202025,0.703375548351326,False,,,,
GO:0048766,root hair initiation,1,0,0.0,True,False,20.0,-0.0029447331874426,0.5351170838437539,0.703375548351326,False,,,,
GO:0071365,cellular response to auxin stimulus,2,0,0.0,True,True,32.0,0.0033891440447688,0.534956348508932,0.703375548351326,False,230.0,3.0,0.9108441056416068,False
GO:0010027,thylakoid membrane organization,1,0,0.0,True,False,51.0,0.0005167141534298,0.5387078802039549,0.7068337355929095,False,,,,
GO:0090158,endoplasmic reticulum membrane organization,1,0,0.0,True,False,11.0,-0.0111293198735954,0.5391339669522388,0.7068337355929095,False,,,,
GO:0006491,N-glycan processing,1,0,0.0,True,False,14.0,0.0036298060553841,0.5407604141474405,0.7071482338851145,False,,,,
GO:0048268,clathrin coat assembly,1,0,0.0,True,False,18.0,-0.0004281213009217,0.5405025697248427,0.7071482338851145,False,,,,
GO:0010498,proteasomal protein catabolic process,1,0,0.0,True,False,14.0,0.0073373728766004,0.5444466682621694,0.7110571083577627,False,,,,
GO:0010090,trichome morphogenesis,1,0,0.0,True,False,40.0,0.0052788206218568,0.5475018699000584,0.712311106247525,False,,,,
GO:0016116,carotenoid metabolic process,1,0,0.0,False,True,,,,,,39.0,1.0,0.7130279968635349,False
GO:0043269,regulation of monoatomic ion transport,1,0,0.0,False,True,,,,,,39.0,1.0,0.7130279968635349,False
GO:2000241,regulation of reproductive process,1,0,0.0,False,True,,,,,,211.0,4.0,0.7130279968635349,False
GO:0006284,base-excision repair,1,0,0.0,True,False,30.0,0.0037495720319204,0.5501736832048303,0.7148753590686966,False,,,,
GO:0019375,galactolipid biosynthetic process,1,0,0.0,True,False,13.0,0.0114946799339739,0.5518618793527054,0.7156723148757367,False,,,,
GO:1901371,regulation of leaf morphogenesis,1,0,0.0,True,False,23.0,-0.0001834510180893,0.552891945217726,0.7156723148757367,False,,,,
GO:0009853,photorespiration,1,0,0.0,True,False,37.0,-0.0070138764493071,0.5538868119931233,0.7160513919302735,False,,,,
GO:0009787,regulation of abscisic acid-activated signaling pathway,2,0,0.0,True,True,28.0,-0.0040784285042502,0.5549676248794984,0.7165404776925168,False,114.0,1.0,0.9771828306472848,False
GO:0009903,chloroplast avoidance movement,1,0,0.0,True,False,22.0,-0.0070366182762563,0.556312644664642,0.7173690234613589,False,,,,
GO:0002682,regulation of immune system process,1,0,0.0,False,True,,,,,,97.0,2.0,0.7188081984119529,False
GO:0050776,regulation of immune response,1,0,0.0,False,True,,,,,,97.0,2.0,0.7188081984119529,False
GO:0016558,protein import into peroxisome matrix,1,0,0.0,True,False,10.0,0.0107591423838956,0.5591349318528519,0.7200980182953396,False,,,,
GO:0031048,regulatory ncRNA-mediated heterochromatin formation,1,0,0.0,False,True,,,,,,40.0,1.0,0.7203247765673981,False
GO:0052545,callose localization,1,0,0.0,False,True,,,,,,40.0,1.0,0.7203247765673981,False
GO:0072657,protein localization to membrane,1,0,0.0,True,False,14.0,0.0152329149148902,0.5620187492270932,0.721988821425233,False,,,,
GO:0009742,brassinosteroid mediated signaling pathway,1,0,0.0,True,False,82.0,-0.0005767461762167,0.5650293266083551,0.7249432869692104,False,,,,
GO:0048580,regulation of post-embryonic development,1,0,0.0,False,True,,,,,,332.0,6.0,0.7259182240427237,False
GO:0006661,phosphatidylinositol biosynthetic process,1,0,0.0,False,True,,,,,,41.0,1.0,0.7272911413919217,False
GO:0009309,amine biosynthetic process,1,0,0.0,False,True,,,,,,41.0,1.0,0.7272911413919217,False
GO:0042401,biogenic amine biosynthetic process,1,0,0.0,False,True,,,,,,41.0,1.0,0.7272911413919217,False
GO:0015867,ATP transport,1,0,0.0,True,False,10.0,0.0085283513834779,0.568435174457047,0.7274829083390063,False,,,,
GO:0048528,post-embryonic root development,2,0,0.0,True,True,10.0,0.0054733758927205,0.5721666417461049,0.7300236232166911,False,149.0,2.0,0.8892551202896545,False
GO:0006636,unsaturated fatty acid biosynthetic process,1,0,0.0,True,False,23.0,0.0069930621273215,0.5733803613927575,0.730147276679916,False,,,,
GO:0018958,phenol-containing compound metabolic process,1,0,0.0,False,True,,,,,,42.0,1.0,0.7361142426956949,False
GO:0048574,"long-day photoperiodism, flowering",2,0,0.0,True,True,18.0,0.0006233748913621,0.6608988873072397,0.7961490669312952,False,42.0,1.0,0.7361142426956949,False
GO:0071472,cellular response to salt stress,2,0,0.0,True,True,52.0,0.0001731113778388,0.814060799816971,0.900587869645673,False,42.0,1.0,0.7361142426956949,False
GO:0031204,"post-translational protein targeting to membrane, translocation",1,0,0.0,True,False,10.0,0.0170212572674703,0.5801286185211059,0.7369006113219527,False,,,,
GO:0170033,L-amino acid metabolic process,1,0,0.0,False,True,,,,,,219.0,4.0,0.7375244153065866,False
GO:0009798,axis specification,1,0,0.0,False,True,,,,,,43.0,1.0,0.738141447876422,False
GO:0015833,peptide transport,1,0,0.0,False,True,,,,,,43.0,1.0,0.738141447876422,False
GO:0033037,polysaccharide localization,1,0,0.0,False,True,,,,,,43.0,1.0,0.738141447876422,False
GO:0071705,nitrogen compound transport,1,0,0.0,False,True,,,,,,280.0,5.0,0.738141447876422,False
GO:0072596,establishment of protein localization to chloroplast,1,0,0.0,False,True,,,,,,43.0,1.0,0.738141447876422,False
GO:0140964,intracellular auxin homeostasis,1,0,0.0,True,False,22.0,-0.0039569173356379,0.5835761621621078,0.7394381185159628,False,,,,
GO:0009740,gibberellic acid mediated signaling pathway,2,0,0.0,True,True,40.0,0.0061072984897158,0.587846019758135,0.7439242433663743,False,70.0,1.0,0.8713245299044023,False
GO:0006714,sesquiterpenoid metabolic process,1,0,0.0,False,True,,,,,,44.0,1.0,0.7463623797860771,False
GO:0170039,proteinogenic amino acid metabolic process,1,0,0.0,False,True,,,,,,223.0,4.0,0.7463623797860771,False
GO:1905393,plant organ formation,1,0,0.0,False,True,,,,,,104.0,2.0,0.7469356630870585,False
GO:0051247,positive regulation of protein metabolic process,1,0,0.0,False,True,,,,,,45.0,1.0,0.7496831367869746,False
GO:0120251,hydrocarbon biosynthetic process,1,0,0.0,False,True,,,,,,45.0,1.0,0.7496831367869746,False
GO:2000026,regulation of multicellular organismal development,1,0,0.0,False,True,,,,,,345.0,6.0,0.7496831367869746,False
GO:0002237,response to molecule of bacterial origin,2,0,0.0,True,True,46.0,-0.0038212003688595,0.5948193853034287,0.7500509398095406,False,48.0,1.0,0.7582645826921879,False
GO:0006002,fructose 6-phosphate metabolic process,1,0,0.0,True,False,10.0,-0.0049677003274511,0.5969121283663843,0.751667124609521,False,,,,
GO:0016144,S-glycoside biosynthetic process,1,0,0.0,False,True,,,,,,46.0,1.0,0.7522715166513668,False
GO:0042537,benzene-containing compound metabolic process,1,0,0.0,False,True,,,,,,46.0,1.0,0.7522715166513668,False
GO:0048571,long-day photoperiodism,1,0,0.0,False,True,,,,,,46.0,1.0,0.7522715166513668,False
GO:0170035,L-amino acid catabolic process,1,0,0.0,False,True,,,,,,46.0,1.0,0.7522715166513668,False
GO:1905039,carboxylic acid transmembrane transport,1,0,0.0,False,True,,,,,,46.0,1.0,0.7522715166513668,False
GO:0016226,iron-sulfur cluster assembly,1,0,0.0,True,False,36.0,0.0030322295412913,0.5995593593590034,0.7540697244712496,False,,,,
GO:0000096,sulfur amino acid metabolic process,1,0,0.0,False,True,,,,,,47.0,1.0,0.7553875175643586,False
GO:0009081,branched-chain amino acid metabolic process,1,0,0.0,False,True,,,,,,47.0,1.0,0.7553875175643586,False
GO:0071554,cell wall organization or biogenesis,1,0,0.0,False,True,,,,,,588.0,10.0,0.7553875175643586,False
GO:0060586,multicellular organismal-level iron ion homeostasis,1,0,0.0,True,False,30.0,0.0035037512624352,0.6018522002756568,0.7560212367994704,False,,,,
GO:0000272,polysaccharide catabolic process,1,0,0.0,True,False,25.0,0.0,0.602718733910963,0.7561784853495476,False,,,,
GO:0140719,constitutive heterochromatin formation,1,0,0.0,False,True,,,,,,48.0,1.0,0.7582645826921879,False
GO:1902680,positive regulation of RNA biosynthetic process,1,0,0.0,False,True,,,,,,292.0,5.0,0.7582645826921879,False
GO:0000768,syncytium formation by cell-cell fusion,1,0,0.0,True,False,10.0,-0.0067949863609987,0.6070918509469365,0.7588648136836706,False,,,,
GO:0009653,anatomical structure morphogenesis,2,0,0.0,True,True,16.0,0.0021270031441465,0.6067157379203116,0.7588648136836706,False,880.0,10.0,0.9999999213864,False
GO:0010102,lateral root morphogenesis,2,0,0.0,True,True,17.0,7.828107161949997e-05,0.6060527392760225,0.7588648136836706,False,69.0,1.0,0.8704527556672177,False
GO:0006094,gluconeogenesis,1,0,0.0,True,False,27.0,0.0030684257830869,0.6086727132586336,0.759615103296202,False,,,,
GO:0071669,plant-type cell wall organization or biogenesis,2,0,0.0,True,True,15.0,-0.0027194209202698,0.6099262447054798,0.759615103296202,False,247.0,2.0,0.9999999213864,False
GO:0009786,regulation of asymmetric cell division,1,0,0.0,True,False,15.0,-0.0017865543484279,0.6138505540930073,0.7626401524663428,False,,,,
GO:0045010,actin nucleation,1,0,0.0,True,False,27.0,-0.0001383563227699,0.6135797103555252,0.7626401524663428,False,,,,
GO:0031146,SCF-dependent proteasomal ubiquitin-dependent protein catabolic process,1,0,0.0,True,False,79.0,-0.0006148755987449,0.6146711167369903,0.7627305828123236,False,,,,
GO:0051211,anisotropic cell growth,1,0,0.0,True,False,14.0,-0.0056424718525723,0.6166413100023658,0.7642456089944266,False,,,,
GO:0080142,regulation of salicylic acid biosynthetic process,1,0,0.0,True,False,14.0,-0.0094155172207456,0.6188827970531575,0.7651641854475402,False,,,,
GO:0009668,plastid membrane organization,1,0,0.0,False,True,,,,,,49.0,1.0,0.7661967582992797,False
GO:0015996,chlorophyll catabolic process,1,0,0.0,True,False,16.0,-0.0006221706603945,0.6252983459203751,0.771226496782083,False,,,,
GO:0046294,formaldehyde catabolic process,1,0,0.0,True,False,10.0,-0.0071129440051199,0.6314860713458947,0.7779176241217544,False,,,,
GO:0009860,pollen tube growth,2,0,0.0,True,True,151.0,0.0005131592200796,0.8324758005250972,0.9120572680296446,False,114.0,2.0,0.7793878074220498,False
GO:0040007,growth,1,0,0.0,False,True,,,,,,542.0,9.0,0.7793878074220498,False
GO:0061024,membrane organization,1,0,0.0,False,True,,,,,,176.0,3.0,0.7793878074220498,False
GO:0046513,ceramide biosynthetic process,1,0,0.0,True,False,16.0,-0.0029260579471706,0.6350534433319102,0.7804271231307812,False,,,,
GO:0048658,anther wall tapetum development,1,0,0.0,True,False,17.0,0.0015053314401791,0.6344318492307053,0.7804271231307812,False,,,,
GO:0045727,positive regulation of translation,1,0,0.0,True,False,15.0,0.0077559929535413,0.6363016880869965,0.7810201225616563,False,,,,
GO:0032880,regulation of protein localization,1,0,0.0,True,False,10.0,0.0036940163193011,0.6380610569684884,0.7812992534308021,False,,,,
GO:0016054,organic acid catabolic process,1,0,0.0,False,True,,,,,,115.0,2.0,0.7814239756341591,False
GO:0046395,carboxylic acid catabolic process,1,0,0.0,False,True,,,,,,115.0,2.0,0.7814239756341591,False
GO:0048646,anatomical structure formation involved in morphogenesis,1,0,0.0,False,True,,,,,,177.0,3.0,0.7814239756341591,False
GO:0170040,proteinogenic amino acid catabolic process,1,0,0.0,False,True,,,,,,52.0,1.0,0.782256177557923,False
GO:1901420,negative regulation of response to alcohol,1,0,0.0,False,True,,,,,,52.0,1.0,0.782256177557923,False
GO:1905958,negative regulation of cellular response to alcohol,1,0,0.0,False,True,,,,,,52.0,1.0,0.782256177557923,False
GO:0048518,positive regulation of biological process,1,0,0.0,False,True,,,,,,910.0,15.0,0.7851921238407656,False
GO:0009959,negative gravitropism,1,0,0.0,True,False,22.0,0.0036314520658144,0.6472357733357743,0.7868703146089148,False,,,,
GO:0098656,monoatomic anion transmembrane transport,1,0,0.0,True,False,17.0,0.0155198065549689,0.6472394058400779,0.7868703146089148,False,,,,
GO:0006576,biogenic amine metabolic process,1,0,0.0,False,True,,,,,,53.0,1.0,0.7882412330900797,False
GO:0071322,cellular response to carbohydrate stimulus,1,0,0.0,False,True,,,,,,53.0,1.0,0.7882412330900797,False
GO:0010440,stomatal lineage progression,1,0,0.0,True,False,13.0,0.0041421607894814,0.6494617977334487,0.7886321829620448,False,,,,
GO:0010161,red light signaling pathway,1,0,0.0,True,False,17.0,0.0020098864535006,0.6508700163716028,0.7894023979774494,False,,,,
GO:0062197,cellular response to chemical stress,1,0,0.0,False,True,,,,,,118.0,2.0,0.7902916239422695,False
GO:1900424,regulation of defense response to bacterium,2,0,0.0,True,True,10.0,0.0093801701639146,0.9461511930652998,0.9732165622000424,False,54.0,1.0,0.792022141616846,False
GO:1901136,carbohydrate derivative catabolic process,1,0,0.0,False,True,,,,,,119.0,2.0,0.792022141616846,False
GO:0080186,developmental vegetative growth,1,0,0.0,True,False,11.0,-0.0160248929983529,0.6553838313000554,0.7939329072756016,False,,,,
GO:0000105,L-histidine biosynthetic process,1,0,0.0,True,False,11.0,-0.0053274865894619,0.6611159408733402,0.7961490669312952,False,,,,
GO:0010109,regulation of photosynthesis,1,0,0.0,True,False,11.0,-0.0184830348634361,0.660881584868546,0.7961490669312952,False,,,,
GO:1901606,alpha-amino acid catabolic process,1,0,0.0,False,True,,,,,,55.0,1.0,0.7985238442649816,False
GO:0007030,Golgi organization,1,0,0.0,True,False,32.0,0.0006529902468506,0.6688455483136833,0.8019204839130131,False,,,,
GO:0010444,guard mother cell differentiation,1,0,0.0,True,False,13.0,0.0008822913416339,0.6685384986764782,0.8019204839130131,False,,,,
GO:0032875,regulation of DNA endoreduplication,1,0,0.0,True,False,27.0,-0.0013670759655648,0.6690532664803668,0.8019204839130131,False,,,,
GO:0048510,regulation of timing of transition from vegetative to reproductive phase,1,0,0.0,True,False,47.0,0.001357832165153,0.670455418859536,0.8026578958177543,False,,,,
GO:0010078,maintenance of root meristem identity,1,0,0.0,True,False,47.0,-0.0018837066501129,0.6730355480373583,0.8044961488017048,False,,,,
GO:0051177,meiotic sister chromatid cohesion,1,0,0.0,True,False,15.0,-0.0031117751558002,0.6735683441928,0.8044961488017048,False,,,,
GO:0030643,intracellular phosphate ion homeostasis,1,0,0.0,True,False,15.0,-0.0089107058470218,0.677211740820787,0.8079017258914651,False,,,,
GO:0160062,cutin-based cuticle development,1,0,0.0,True,False,24.0,0.0006609217218235,0.6796223064787681,0.8098303184676909,False,,,,
GO:0009739,response to gibberellin,2,0,0.0,True,True,93.0,0.0066576739179115,0.8120789990839277,0.8998281175440707,False,123.0,2.0,0.8111206012257013,False
GO:0065008,regulation of biological quality,1,0,0.0,False,True,,,,,,439.0,7.0,0.8120264316078596,False
GO:1901659,glycosyl compound biosynthetic process,1,0,0.0,False,True,,,,,,57.0,1.0,0.8120264316078596,False
GO:0048441,petal development,1,0,0.0,True,False,13.0,-0.0016399075010694,0.6900880980467656,0.8165775638140382,False,,,,
GO:0009567,double fertilization forming a zygote and endosperm,1,0,0.0,True,False,86.0,0.0,0.6930931163597586,0.8170777810565762,False,,,,
GO:0042752,regulation of circadian rhythm,1,0,0.0,True,False,37.0,0.0087578107608867,0.6939945369291285,0.8170777810565762,False,,,,
GO:0071370,cellular response to gibberellin stimulus,2,0,0.0,True,True,13.0,0.0029970689521759,0.6928082315997959,0.8170777810565762,False,83.0,1.0,0.9108441056416068,False
GO:0009828,plant-type cell wall loosening,1,0,0.0,True,False,39.0,0.0,0.6970954715810203,0.8182248343068362,False,,,,
GO:0010239,chloroplast mRNA processing,1,0,0.0,True,False,13.0,0.0107190633150736,0.6970058640520095,0.8182248343068362,False,,,,
GO:0042542,response to hydrogen peroxide,2,0,0.0,True,True,82.0,0.0002762261720079,0.8110678497633851,0.8998281175440707,False,58.0,1.0,0.8184663251808145,False
GO:0006474,N-terminal protein amino acid acetylation,1,0,0.0,True,False,11.0,8.056856581399987e-06,0.7001287321590393,0.8196014158281526,False,,,,
GO:0006828,manganese ion transport,1,0,0.0,True,False,10.0,-0.0093805034262189,0.7006788574530873,0.8196014158281526,False,,,,
GO:0052324,plant-type cell wall cellulose biosynthetic process,1,0,0.0,True,False,18.0,0.0035096861081415,0.6991702257049588,0.8196014158281526,False,,,,
GO:0009693,ethylene biosynthetic process,1,0,0.0,True,False,22.0,0.0040478349301504,0.7035817336485504,0.822054259245729,False,,,,
GO:0046890,regulation of lipid biosynthetic process,1,0,0.0,False,True,,,,,,59.0,1.0,0.8233022589500079,False
GO:0120255,olefinic compound biosynthetic process,1,0,0.0,False,True,,,,,,59.0,1.0,0.8233022589500079,False
GO:1901605,alpha-amino acid metabolic process,1,0,0.0,False,True,,,,,,257.0,4.0,0.8266239056952605,False
GO:0006887,exocytosis,1,0,0.0,True,False,55.0,-0.0002912687162328,0.7094249972743636,0.8279330631806074,False,,,,
GO:0010193,response to ozone,1,0,0.0,True,False,31.0,0.002864128404584,0.7108499382297353,0.82864792799352,False,,,,
GO:0009640,photomorphogenesis,2,0,0.0,True,True,71.0,0.0042223583602095,0.7161061364240091,0.8328714471522112,False,91.0,1.0,0.930414993777472,False
GO:0044085,cellular component biogenesis,1,0,0.0,False,True,,,,,,1070.0,17.0,0.8417606312866743,False
GO:0141124,intracellular signaling cassette,1,0,0.0,False,True,,,,,,131.0,2.0,0.8417606312866743,False
GO:0010496,intercellular transport,1,0,0.0,True,False,10.0,-0.000139624414497,0.7286448955247153,0.8455264999262908,False,,,,
GO:0010152,pollen maturation,1,0,0.0,True,False,17.0,0.0,0.7319638574926168,0.8455301638080058,False,,,,
GO:0034051,negative regulation of plant-type hypersensitive response,1,0,0.0,True,False,10.0,0.0035019296205776,0.7309392574603745,0.8455301638080058,False,,,,
GO:0009695,jasmonic acid biosynthetic process,1,0,0.0,True,False,28.0,-0.0003206273575082,0.7357534867092675,0.8489463308183856,False,,,,
GO:0051254,positive regulation of RNA metabolic process,1,0,0.0,False,True,,,,,,329.0,5.0,0.8499791434537181,False
GO:0009734,auxin-activated signaling pathway,2,0,0.0,True,True,102.0,0.0004462347068723,0.7394838226981881,0.8520806126633483,False,213.0,3.0,0.8766873348937695,False
GO:0050801,monoatomic ion homeostasis,2,0,0.0,True,True,10.0,-0.0002516535481556,0.7401406106075752,0.8520806126633483,False,133.0,1.0,0.9999999213864,False
GO:0046165,alcohol biosynthetic process,1,0,0.0,False,True,,,,,,64.0,1.0,0.8527210509364541,False
GO:0016311,dephosphorylation,1,0,0.0,False,True,,,,,,134.0,2.0,0.8527329673101537,False
GO:0034654,nucleobase-containing compound biosynthetic process,1,0,0.0,False,True,,,,,,3011.0,49.0,0.8527329673101537,False
GO:0070828,heterochromatin organization,1,0,0.0,False,True,,,,,,65.0,1.0,0.8543205332994613,False
GO:0060918,auxin transport,1,0,0.0,True,False,24.0,-0.0024302062238651,0.7452153361265219,0.8569556289166317,False,,,,
GO:0048527,lateral root development,2,0,0.0,True,True,56.0,0.0023700960963327,0.8781910339463965,0.9355078354753268,False,136.0,2.0,0.8571147846489449,False
GO:0055082,intracellular chemical homeostasis,1,0,0.0,False,True,,,,,,136.0,2.0,0.8571147846489449,False
GO:0010115,regulation of abscisic acid biosynthetic process,1,0,0.0,True,False,10.0,0.0006815525452834,0.7481710611478707,0.8580567469252206,False,,,,
GO:0006656,phosphatidylcholine biosynthetic process,1,0,0.0,True,False,12.0,-0.0063543578439203,0.7531551692769465,0.861231247379468,False,,,,
GO:0070897,transcription preinitiation complex assembly,1,0,0.0,True,False,10.0,-0.0002964299266191,0.7525313141790639,0.861231247379468,False,,,,
GO:0009269,response to desiccation,1,0,0.0,True,False,19.0,-0.0006412547150165,0.7546198204488134,0.8619397725171216,False,,,,
GO:2000014,regulation of endosperm development,1,0,0.0,True,False,10.0,-0.0001853386144253,0.7588347836089888,0.8656421924349303,False,,,,
GO:0022904,respiratory electron transport chain,1,0,0.0,True,False,13.0,0.0029541120395006,0.7618810039961346,0.867100674027497,False,,,,
GO:0030003,intracellular monoatomic cation homeostasis,2,0,0.0,True,True,14.0,-0.0040581117315142,0.763965151572326,0.867100674027497,False,76.0,1.0,0.8920561506326906,False
GO:0007017,microtubule-based process,2,0,0.0,True,True,40.0,0.0014038965943228,0.7651066430397072,0.8671208621116682,False,194.0,1.0,0.9999999213864,False
GO:0022900,electron transport chain,2,0,0.0,True,True,21.0,0.0029541120395006,0.7662857447202042,0.8674932959096652,False,168.0,1.0,0.9999999213864,False
GO:0030258,lipid modification,1,0,0.0,False,True,,,,,,68.0,1.0,0.8683249299951312,False
GO:0010101,post-embryonic root morphogenesis,1,0,0.0,False,True,,,,,,70.0,1.0,0.8713245299044023,False
GO:0015748,organophosphate ester transport,1,0,0.0,False,True,,,,,,70.0,1.0,0.8713245299044023,False
GO:0019216,regulation of lipid metabolic process,1,0,0.0,False,True,,,,,,71.0,1.0,0.8754293324006318,False
GO:0010629,negative regulation of gene expression,2,0,0.0,True,True,33.0,-0.0038005215618235,0.8064123444908914,0.8979700779265384,False,347.0,5.0,0.8767982653247475,False
GO:0065003,protein-containing complex assembly,1,0,0.0,False,True,,,,,,412.0,6.0,0.8767982653247475,False
GO:0032981,mitochondrial respiratory chain complex I assembly,1,0,0.0,True,False,19.0,0.0015025049864329,0.7813111361259549,0.8805937666833967,False,,,,
GO:0007186,G protein-coupled receptor signaling pathway,1,0,0.0,True,False,18.0,0.0015350877059001,0.7825007077374425,0.8809610616911605,False,,,,
GO:0006109,regulation of carbohydrate metabolic process,1,0,0.0,False,True,,,,,,73.0,1.0,0.8810066129556338,False
GO:0044282,small molecule catabolic process,1,0,0.0,False,True,,,,,,146.0,2.0,0.8810066129556338,False
GO:0006388,"tRNA splicing, via endonucleolytic cleavage and ligation",1,0,0.0,True,False,10.0,0.0002553565397443,0.7838665621473396,0.8815257920510325,False,,,,
GO:0072659,protein localization to plasma membrane,1,0,0.0,True,False,21.0,-0.0004804795354668,0.7858350980207776,0.882766299538759,False,,,,
GO:0010557,positive regulation of macromolecule biosynthetic process,1,0,0.0,False,True,,,,,,356.0,5.0,0.8920561506326906,False
GO:0048532,anatomical structure arrangement,1,0,0.0,False,True,,,,,,76.0,1.0,0.8920561506326906,False
GO:0009627,systemic acquired resistance,2,0,0.0,True,True,68.0,0.0006923649918165,0.8825170698022506,0.9376743866648912,False,77.0,1.0,0.8948044486990248,False
GO:0032787,monocarboxylic acid metabolic process,1,0,0.0,False,True,,,,,,426.0,6.0,0.8973086400672138,False
GO:0042446,hormone biosynthetic process,1,0,0.0,False,True,,,,,,78.0,1.0,0.8973086400672138,False
GO:0006612,protein targeting to membrane,1,0,0.0,True,False,37.0,-0.0015244614641636,0.8031996181349095,0.8973314463281573,False,,,,
GO:0043069,negative regulation of programmed cell death,1,0,0.0,True,False,19.0,0.0040014085445523,0.8025865271916047,0.8973314463281573,False,,,,
GO:0010375,stomatal complex patterning,1,0,0.0,True,False,15.0,0.0,0.8044291169439625,0.8977217716442469,False,,,,
GO:0006621,protein retention in ER lumen,1,0,0.0,True,False,12.0,0.001819100311636,0.8061639038332493,0.8979700779265384,False,,,,
GO:0010215,cellulose microfibril organization,1,0,0.0,True,False,12.0,0.0084660527673167,0.8085378563976269,0.8993550856331292,False,,,,
GO:0048255,mRNA stabilization,1,0,0.0,True,False,13.0,-0.0070950405395105,0.812491859076558,0.8998281175440707,False,,,,
GO:0010015,root morphogenesis,2,0,0.0,True,True,23.0,-0.0035051915157514,0.816153865801536,0.9011918109099216,False,311.0,3.0,0.9999999213864,False
GO:0010037,response to carbon dioxide,1,0,0.0,True,False,11.0,0.0155198065549689,0.8167138961821605,0.9011918109099216,False,,,,
GO:0071423,malate transmembrane transport,1,0,0.0,True,False,12.0,-0.0024716134501104,0.8172572795016445,0.9011918109099216,False,,,,
GO:0044272,sulfur compound biosynthetic process,1,0,0.0,False,True,,,,,,156.0,2.0,0.905993379100156,False
GO:0030163,protein catabolic process,2,0,0.0,True,True,153.0,0.0,0.8234349742997937,0.9070234058161876,False,248.0,1.0,0.9999999213864,False
GO:0010604,positive regulation of macromolecule metabolic process,1,0,0.0,False,True,,,,,,432.0,6.0,0.90725414107171,False
GO:0046109,uridine biosynthetic process,1,0,0.0,True,False,10.0,-0.0004496288955946,0.8274667229785633,0.9095000618945416,False,,,,
GO:1900426,positive regulation of defense response to bacterium,1,0,0.0,True,False,30.0,0.0049402497745089,0.8268117439748027,0.9095000618945416,False,,,,
GO:0009072,aromatic amino acid metabolic process,1,0,0.0,False,True,,,,,,82.0,1.0,0.9108441056416068,False
GO:0009626,plant-type hypersensitive response,2,0,0.0,True,True,86.0,0.0007563020672691,0.9261584110938392,0.961997534944721,False,83.0,1.0,0.9108441056416068,False
GO:0048438,floral whorl development,1,0,0.0,False,True,,,,,,159.0,2.0,0.9108441056416068,False
GO:0098657,import into cell,1,0,0.0,False,True,,,,,,82.0,1.0,0.9108441056416068,False
GO:0006891,intra-Golgi vesicle-mediated transport,1,0,0.0,True,False,27.0,-0.0014901062079158,0.8309515949533205,0.911366265432674,False,,,,
GO:0009638,phototropism,1,0,0.0,True,False,30.0,0.0088882894519623,0.8345712527574526,0.9130478097151756,False,,,,
GO:0036503,ERAD pathway,1,0,0.0,True,False,52.0,-0.0006170525516293,0.8351702024159401,0.9130478097151756,False,,,,
GO:0006308,DNA catabolic process,1,0,0.0,True,False,10.0,0.0034092277462681,0.8376544480856312,0.913746465569756,False,,,,
GO:0006874,intracellular calcium ion homeostasis,1,0,0.0,True,False,58.0,-0.0009674868416937,0.836988830465664,0.913746465569756,False,,,,
GO:0009060,aerobic respiration,2,0,0.0,True,True,11.0,0.0018689083267566,0.8393925865086876,0.913746465569756,False,163.0,2.0,0.9180349319843186,False
GO:0061615,glycolytic process through fructose-6-phosphate,1,0,0.0,True,False,11.0,0.0040491083852248,0.8387354537044021,0.913746465569756,False,,,,
GO:0010483,pollen tube reception,1,0,0.0,True,False,11.0,0.0091341875892441,0.841769305389833,0.9137914472060782,False,,,,
GO:0034050,symbiont-induced defense-related programmed cell death,1,0,0.0,False,True,,,,,,84.0,1.0,0.9146008679058516,False
GO:0019725,cellular homeostasis,1,0,0.0,False,True,,,,,,162.0,2.0,0.9156478713093108,False
GO:2000031,regulation of salicylic acid mediated signaling pathway,1,0,0.0,True,False,25.0,0.0127533707154859,0.8472163466284273,0.9173929137972364,False,,,,
GO:0042372,phylloquinone biosynthetic process,1,0,0.0,True,False,10.0,0.0048641420504004,0.8485336814711618,0.9178201008489768,False,,,,
GO:0006885,regulation of pH,1,0,0.0,True,False,36.0,0.0,0.8516060074583316,0.9198454458677152,False,,,,
GO:0010311,lateral root formation,1,0,0.0,True,False,61.0,0.0025887095632321,0.8550773771066693,0.9198454458677152,False,,,,
GO:0043068,positive regulation of programmed cell death,1,0,0.0,True,False,21.0,0.0,0.8531012394877859,0.9198454458677152,False,,,,
GO:0080155,regulation of double fertilization forming a zygote and endosperm,1,0,0.0,True,False,55.0,0.0,0.8558169883612369,0.9198454458677152,False,,,,
GO:0009888,tissue development,1,0,0.0,False,True,,,,,,645.0,9.0,0.9235214676127348,False
GO:0009987,cellular process,1,0,0.0,False,True,,,,,,13206.0,219.0,0.9244007819641532,False
GO:0030041,actin filament polymerization,1,0,0.0,True,False,10.0,0.0024646329704783,0.8614935123995235,0.9249719817342252,False,,,,
GO:0062012,regulation of small molecule metabolic process,1,0,0.0,False,True,,,,,,88.0,1.0,0.9253030096389204,False
GO:0009911,positive regulation of flower development,1,0,0.0,True,False,42.0,5.767800118899999e-05,0.8627995188130642,0.9254001148152738,False,,,,
GO:0044281,small molecule metabolic process,1,0,0.0,False,True,,,,,,1418.0,21.0,0.9254455414182042,False
GO:0000209,protein polyubiquitination,1,0,0.0,True,False,49.0,0.0009364182598648,0.8682141642444202,0.9302294616904502,False,,,,
GO:0043933,protein-containing complex organization,1,0,0.0,False,True,,,,,,454.0,6.0,0.9303455097228832,False
GO:0010817,regulation of hormone levels,1,0,0.0,False,True,,,,,,246.0,3.0,0.9319916098448414,False
GO:0006893,Golgi to plasma membrane transport,1,0,0.0,True,False,12.0,0.0007843858906924,0.8713050167138583,0.932561507920394,False,,,,
GO:0006488,dolichol-linked oligosaccharide biosynthetic process,1,0,0.0,True,False,16.0,0.0084850842384677,0.877814996950119,0.9355078354753268,False,,,,
GO:0010315,auxin export across the plasma membrane,1,0,0.0,True,False,34.0,-0.0007702583971307,0.8754378073562986,0.9355078354753268,False,,,,
GO:0019853,L-ascorbic acid biosynthetic process,1,0,0.0,True,False,18.0,0.0,0.8759137105879147,0.9355078354753268,False,,,,
GO:0019941,modification-dependent protein catabolic process,2,0,0.0,True,True,23.0,0.0014972761485457,0.8786436337111403,0.9355078354753268,False,195.0,1.0,0.9999999213864,False
GO:0048588,developmental cell growth,1,0,0.0,False,True,,,,,,174.0,2.0,0.9368796351136432,False
GO:0000902,cell morphogenesis,2,0,0.0,True,True,20.0,0.0024425096174883,0.8884042388976641,0.939099306306596,False,353.0,3.0,0.9999999213864,False
GO:0006886,intracellular protein transport,2,0,0.0,True,True,211.0,0.0,0.8875621785921087,0.939099306306596,False,231.0,1.0,0.9999999213864,False
GO:0016559,peroxisome fission,1,0,0.0,True,False,12.0,0.0035611677622575,0.8884492271407134,0.939099306306596,False,,,,
GO:0016925,protein sumoylation,1,0,0.0,True,False,19.0,0.0013008469870976,0.8884615986135931,0.939099306306596,False,,,,
GO:0070534,protein K63-linked ubiquitination,1,0,0.0,True,False,10.0,-0.004504084643872,0.8874683429011831,0.939099306306596,False,,,,
GO:0048317,seed morphogenesis,1,0,0.0,True,False,11.0,-0.0007153936322013,0.8940007922921456,0.9421438414526732,False,,,,
GO:0010588,cotyledon vascular tissue pattern formation,1,0,0.0,True,False,19.0,0.0,0.8975286043251816,0.9437929653728714,False,,,,
GO:0051607,defense response to virus,1,0,0.0,True,False,57.0,0.0017579143731704,0.8973019749931546,0.9437929653728714,False,,,,
GO:0043067,regulation of programmed cell death,1,0,0.0,True,False,24.0,0.0035974271432371,0.8986201162049463,0.9439675782997377,False,,,,
GO:0009826,unidimensional cell growth,2,0,0.0,True,True,131.0,0.0,0.9911277995122704,0.9960102024655326,False,252.0,3.0,0.9439764530409728,False
GO:0006221,pyrimidine nucleotide biosynthetic process,1,0,0.0,True,False,12.0,-0.0016336247235568,0.9001778692957825,0.9446310974091544,False,,,,
GO:0006665,sphingolipid metabolic process,1,0,0.0,True,False,23.0,0.0095022206438741,0.9026500436482962,0.9458709182412062,False,,,,
GO:0033617,mitochondrial respiratory chain complex IV assembly,1,0,0.0,True,False,11.0,-0.0061466616652971,0.9032139944773871,0.9458709182412062,False,,,,
GO:0048581,negative regulation of post-embryonic development,1,0,0.0,False,True,,,,,,97.0,1.0,0.947536636083405,False
GO:0050790,regulation of catalytic activity,1,0,0.0,False,True,,,,,,97.0,1.0,0.947536636083405,False
GO:0048584,positive regulation of response to stimulus,1,0,0.0,False,True,,,,,,255.0,3.0,0.9479046311580396,False
GO:0009861,jasmonic acid and ethylene-dependent systemic resistance,1,0,0.0,True,False,10.0,-0.0010224331907711,0.9095843746397428,0.9505902275948132,False,,,,
GO:0080060,integument development,1,0,0.0,True,False,12.0,-0.000385984813534,0.9120511119687568,0.9521925631608308,False,,,,
GO:0009891,positive regulation of biosynthetic process,1,0,0.0,False,True,,,,,,402.0,5.0,0.953661863367934,False
GO:0009862,"systemic acquired resistance, salicylic acid mediated signaling pathway",1,0,0.0,True,False,26.0,-0.0010508035701274,0.9173014073636884,0.956694719336362,False,,,,
GO:0010540,basipetal auxin transport,1,0,0.0,True,False,14.0,0.0047215659358636,0.9216438889280246,0.9592620068434542,False,,,,
GO:0043248,proteasome assembly,1,0,0.0,True,False,14.0,0.0025193680155164,0.9214845648098076,0.9592620068434542,False,,,,
GO:0051302,regulation of cell division,1,0,0.0,True,False,37.0,-0.000771969627068,0.9256092645224092,0.961997534944721,False,,,,
GO:0042548,"regulation of photosynthesis, light reaction",1,0,0.0,True,False,10.0,-0.0030415593750087,0.9304497115560816,0.9645925300154824,False,,,,
GO:0090548,response to nitrate starvation,1,0,0.0,True,False,14.0,0.0002357898223005,0.9305480877796418,0.9645925300154824,False,,,,
GO:0090696,post-embryonic plant organ development,1,0,0.0,False,True,,,,,,188.0,2.0,0.9654960848432538,False
GO:0006888,endoplasmic reticulum to Golgi vesicle-mediated transport,1,0,0.0,True,False,86.0,-0.0007017664986984,0.9354262252366584,0.9667018741047536,False,,,,
GO:0009101,glycoprotein biosynthetic process,1,0,0.0,True,False,83.0,-0.0006162686364088,0.934743815451166,0.9667018741047536,False,,,,
GO:0031408,oxylipin biosynthetic process,1,0,0.0,True,False,23.0,-0.0016968775558505,0.9423263014285076,0.9718633240213124,False,,,,
GO:0009058,biosynthetic process,1,0,0.0,False,True,,,,,,5613.0,88.0,0.9720137697507436,False
GO:0016053,organic acid biosynthetic process,1,0,0.0,False,True,,,,,,488.0,6.0,0.9720137697507436,False
GO:0046394,carboxylic acid biosynthetic process,1,0,0.0,False,True,,,,,,488.0,6.0,0.9720137697507436,False
GO:0051049,regulation of transport,1,0,0.0,False,True,,,,,,107.0,1.0,0.9720137697507436,False
GO:0009395,phospholipid catabolic process,1,0,0.0,True,False,18.0,-0.0049061761077,0.9463936451099878,0.9732165622000424,False,,,,
GO:0009741,response to brassinosteroid,2,0,0.0,True,True,52.0,-0.000616955817266,0.947263285006392,0.9732165622000424,False,113.0,1.0,0.9771828306472848,False
GO:0010047,fruit dehiscence,1,0,0.0,True,False,13.0,0.0041684860569948,0.9474549473182764,0.9732165622000424,False,,,,
GO:0051241,negative regulation of multicellular organismal process,1,0,0.0,False,True,,,,,,110.0,1.0,0.9738471777547086,False
GO:0065009,regulation of molecular function,1,0,0.0,False,True,,,,,,109.0,1.0,0.9738471777547086,False
GO:0090697,post-embryonic plant organ morphogenesis,1,0,0.0,False,True,,,,,,110.0,1.0,0.9738471777547086,False
GO:0006091,generation of precursor metabolites and energy,1,0,0.0,False,True,,,,,,423.0,5.0,0.9743646929656008,False
GO:0009641,shade avoidance,1,0,0.0,True,False,19.0,-0.0002530945034188,0.950485334508698,0.9746851183069812,False,,,,
GO:0032544,plastid translation,1,0,0.0,True,False,21.0,-0.0038956232566179,0.9521707348346652,0.9751146079632114,False,,,,
GO:0048768,root hair cell tip growth,1,0,0.0,True,False,31.0,0.0012807492961491,0.9534356239842358,0.9754306283489674,False,,,,
GO:0051596,methylglyoxal catabolic process,1,0,0.0,True,False,12.0,-0.0005212321039269,0.9563839969965584,0.9764881651015912,False,,,,
GO:0051128,regulation of cellular component organization,1,0,0.0,False,True,,,,,,198.0,2.0,0.9765817363194664,False
GO:0009893,positive regulation of metabolic process,1,0,0.0,False,True,,,,,,499.0,6.0,0.9771828306472848,False
GO:1901419,regulation of response to alcohol,1,0,0.0,False,True,,,,,,114.0,1.0,0.9771828306472848,False
GO:1905957,regulation of cellular response to alcohol,1,0,0.0,False,True,,,,,,114.0,1.0,0.9771828306472848,False
GO:0005986,sucrose biosynthetic process,1,0,0.0,True,False,11.0,-0.0013404431958524,0.9684922929908596,0.9839264331182042,False,,,,
GO:0048440,carpel development,1,0,0.0,True,False,18.0,-0.0011574399236678,0.973166557553161,0.986709630918712,False,,,,
GO:2000008,regulation of protein localization to cell surface,1,0,0.0,True,False,49.0,0.0,0.9729240053253472,0.986709630918712,False,,,,
GO:0009635,response to herbicide,1,0,0.0,True,False,14.0,0.0005642163219532,0.9744686761329594,0.986717187187228,False,,,,
GO:0047484,regulation of response to osmotic stress,1,0,0.0,True,False,14.0,0.0027739851665399,0.9751087496909076,0.986717187187228,False,,,,
GO:0019253,reductive pentose-phosphate cycle,1,0,0.0,True,False,18.0,-0.000560621485242,0.9762512815593716,0.9868942588608116,False,,,,
GO:0006312,mitotic recombination,1,0,0.0,True,False,11.0,0.0024108343418483,0.9780074478754504,0.9876906899336232,False,,,,
GO:0055080,monoatomic cation homeostasis,1,0,0.0,False,True,,,,,,120.0,1.0,0.9881510011056128,False
GO:0098771,inorganic ion homeostasis,1,0,0.0,False,True,,,,,,120.0,1.0,0.9881510011056128,False
GO:0042797,tRNA transcription by RNA polymerase III,1,0,0.0,True,False,11.0,-0.0028779190998806,0.9803803303122608,0.989107751650352,False,,,,
GO:0048765,root hair cell differentiation,1,0,0.0,True,False,20.0,-0.0006041039318326,0.983954550061183,0.9917328468996114,False,,,,
GO:2000037,regulation of stomatal complex patterning,1,0,0.0,True,False,14.0,-0.0002423923119654,0.9868839639176178,0.993703497725538,False,,,,
GO:0006896,Golgi to vacuole transport,1,0,0.0,True,False,15.0,0.0003641612068129,0.9882343012220742,0.9940818414659918,False,,,,
GO:0032879,regulation of localization,1,0,0.0,False,True,,,,,,123.0,1.0,0.9941736505367164,False
GO:0006066,alcohol metabolic process,1,0,0.0,False,True,,,,,,128.0,1.0,0.9948773707065716,False
GO:0019953,sexual reproduction,1,0,0.0,False,True,,,,,,214.0,2.0,0.9948773707065716,False
GO:0060560,developmental growth involved in morphogenesis,1,0,0.0,False,True,,,,,,297.0,3.0,0.9948773707065716,False
GO:0071695,anatomical structure maturation,1,0,0.0,False,True,,,,,,128.0,1.0,0.9948773707065716,False
GO:0006783,heme biosynthetic process,1,0,0.0,True,False,11.0,0.0053879148163447,0.9933563237502416,0.9962865783925728,False,,,,
GO:0016126,sterol biosynthetic process,1,0,0.0,True,False,32.0,0.0016162950319964,0.9926383440584448,0.9962865783925728,False,,,,
GO:1902290,positive regulation of defense response to oomycetes,1,0,0.0,True,False,12.0,-0.0016670804626294,0.9957387626617296,0.9976950274213792,False,,,,
GO:0072330,monocarboxylic acid biosynthetic process,1,0,0.0,False,True,,,,,,224.0,2.0,0.9999464629349486,False
GO:0000375,"RNA splicing, via transesterification reactions",1,0,0.0,False,True,,,,,,196.0,1.0,0.9999999213864,False
GO:0000377,"RNA splicing, via transesterification reactions with bulged adenosine as nucleophile",1,0,0.0,False,True,,,,,,196.0,1.0,0.9999999213864,False
GO:0003002,regionalization,1,0,0.0,False,True,,,,,,145.0,1.0,0.9999999213864,False
GO:0005976,polysaccharide metabolic process,1,0,0.0,False,True,,,,,,393.0,2.0,0.9999999213864,False
GO:0005996,monosaccharide metabolic process,1,0,0.0,False,True,,,,,,155.0,1.0,0.9999999213864,False
GO:0006139,nucleobase-containing compound metabolic process,1,0,0.0,False,True,,,,,,3873.0,50.0,0.9999999213864,False
GO:0006793,phosphorus metabolic process,1,0,0.0,False,True,,,,,,1785.0,11.0,0.9999999213864,False
GO:0006796,phosphate-containing compound metabolic process,1,0,0.0,False,True,,,,,,1782.0,11.0,0.9999999213864,False
GO:0006810,transport,1,0,0.0,False,True,,,,,,2183.0,29.0,0.9999999213864,False
GO:0006996,organelle organization,1,0,0.0,False,True,,,,,,961.0,3.0,0.9999999213864,False
GO:0008152,metabolic process,1,0,0.0,False,True,,,,,,10084.0,151.0,0.9999999213864,False
GO:0008219,cell death,1,0,0.0,False,True,,,,,,169.0,1.0,0.9999999213864,False
GO:0009057,macromolecule catabolic process,1,0,0.0,False,True,,,,,,517.0,1.0,0.9999999213864,False
GO:0009059,macromolecule biosynthetic process,1,0,0.0,False,True,,,,,,4147.0,59.0,0.9999999213864,False
GO:0016043,cellular component organization,1,0,0.0,False,True,,,,,,2226.0,24.0,0.9999999213864,False
GO:0016051,carbohydrate biosynthetic process,1,0,0.0,False,True,,,,,,305.0,1.0,0.9999999213864,False
GO:0016071,mRNA metabolic process,1,0,0.0,False,True,,,,,,496.0,1.0,0.9999999213864,False
GO:0016310,phosphorylation,1,0,0.0,False,True,,,,,,1225.0,8.0,0.9999999213864,False
GO:0019538,protein metabolic process,1,0,0.0,False,True,,,,,,3193.0,23.0,0.9999999213864,False
GO:0019637,organophosphate metabolic process,1,0,0.0,False,True,,,,,,580.0,3.0,0.9999999213864,False
GO:0022622,root system development,1,0,0.0,False,True,,,,,,583.0,5.0,0.9999999213864,False
GO:0032446,protein modification by small protein conjugation,1,0,0.0,False,True,,,,,,548.0,5.0,0.9999999213864,False
GO:0033036,macromolecule localization,1,0,0.0,False,True,,,,,,919.0,7.0,0.9999999213864,False
GO:0036211,protein modification process,1,0,0.0,False,True,,,,,,1777.0,11.0,0.9999999213864,False
GO:0042592,homeostatic process,1,0,0.0,False,True,,,,,,269.0,2.0,0.9999999213864,False
GO:0043170,macromolecule metabolic process,1,0,0.0,False,True,,,,,,6981.0,80.0,0.9999999213864,False
GO:0043412,macromolecule modification,1,0,0.0,False,True,,,,,,2110.0,11.0,0.9999999213864,False
GO:0043632,modification-dependent macromolecule catabolic process,1,0,0.0,False,True,,,,,,197.0,1.0,0.9999999213864,False
GO:0043687,post-translational protein modification,1,0,0.0,False,True,,,,,,619.0,5.0,0.9999999213864,False
GO:0044238,primary metabolic process,1,0,0.0,False,True,,,,,,8600.0,103.0,0.9999999213864,False
GO:0044283,small molecule biosynthetic process,1,0,0.0,False,True,,,,,,612.0,6.0,0.9999999213864,False
GO:0045184,establishment of protein localization,1,0,0.0,False,True,,,,,,701.0,2.0,0.9999999213864,False
GO:0046907,intracellular transport,1,0,0.0,False,True,,,,,,411.0,2.0,0.9999999213864,False
GO:0048468,cell development,1,0,0.0,False,True,,,,,,249.0,2.0,0.9999999213864,False
GO:0048522,positive regulation of cellular process,1,0,0.0,False,True,,,,,,689.0,7.0,0.9999999213864,False
GO:0048869,cellular developmental process,1,0,0.0,False,True,,,,,,636.0,7.0,0.9999999213864,False
GO:0048878,chemical homeostasis,1,0,0.0,False,True,,,,,,235.0,2.0,0.9999999213864,False
GO:0051179,localization,1,0,0.0,False,True,,,,,,2323.0,31.0,0.9999999213864,False
GO:0051234,establishment of localization,1,0,0.0,False,True,,,,,,2234.0,30.0,0.9999999213864,False
GO:0051246,regulation of protein metabolic process,1,0,0.0,False,True,,,,,,180.0,1.0,0.9999999213864,False
GO:0051641,cellular localization,1,0,0.0,False,True,,,,,,508.0,2.0,0.9999999213864,False
GO:0051649,establishment of localization in cell,1,0,0.0,False,True,,,,,,450.0,2.0,0.9999999213864,False
GO:0070647,protein modification by small protein conjugation or removal,1,0,0.0,False,True,,,,,,614.0,5.0,0.9999999213864,False
GO:0071840,cellular component organization or biogenesis,1,0,0.0,False,True,,,,,,2501.0,28.0,0.9999999213864,False
GO:0072594,establishment of protein localization to organelle,1,0,0.0,False,True,,,,,,162.0,1.0,0.9999999213864,False
GO:0090304,nucleic acid metabolic process,1,0,0.0,False,True,,,,,,3517.0,50.0,0.9999999213864,False
GO:0090407,organophosphate biosynthetic process,1,0,0.0,False,True,,,,,,394.0,2.0,0.9999999213864,False
GO:0097435,supramolecular fiber organization,1,0,0.0,False,True,,,,,,142.0,1.0,0.9999999213864,False
GO:0160307,protein biosynthetic process,1,0,0.0,False,True,,,,,,709.0,3.0,0.9999999213864,False
GO:0170034,L-amino acid biosynthetic process,1,0,0.0,False,True,,,,,,152.0,1.0,0.9999999213864,False
GO:0170038,proteinogenic amino acid biosynthetic process,1,0,0.0,False,True,,,,,,160.0,1.0,0.9999999213864,False
GO:1901137,carbohydrate derivative biosynthetic process,1,0,0.0,False,True,,,,,,292.0,1.0,0.9999999213864,False
GO:1901607,alpha-amino acid biosynthetic process,1,0,0.0,False,True,,,,,,171.0,1.0,0.9999999213864,False
