GO_ID,GO_term,gene_set_size,median_effect_in_set,median_effect_outside_set,effect_difference,statistic,p_value,adjusted_p_value,significant
GO:0006412,translation,346,0.0661606710045973,0.0002877213158555,0.0658729496887418,8266711.0,1.1260543125750226e-56,1.148575398826523e-53,True
GO:0000398,"mRNA splicing, via spliceosome",170,0.05850218068576745,0.0002877213158555,0.05821445936991195,4232272.0,3.6744354385047214e-35,1.8739620736374078e-32,True
GO:0006364,rRNA processing,117,0.0638066387059011,0.0002877213158555,0.0635189173900456,2864868.0,1.8614532502758964e-22,6.255886452459663e-20,True
GO:0006457,protein folding,211,0.0494988897672848,0.0002877213158555,0.0492111684514293,4698876.0,2.453288804886142e-22,6.255886452459663e-20,True
GO:0006338,chromatin remodeling,164,0.04177904369950715,0.0002877213158555,0.04149132238365165,3695613.0,5.790536135186024e-19,1.181269371577949e-16,True
GO:0008380,RNA splicing,88,0.040598472000291055,0.0002877213158555,0.040310750684435556,2148631.0,5.947621491763634e-17,1.0110956535998177e-14,True
GO:0002181,cytoplasmic translation,69,0.0710438220714935,0.0002877213158555,0.070756100755638,1746158.0,2.5798309469687387e-16,3.7591822370115905e-14,True
GO:0006413,translational initiation,75,0.0546619452889016,0.0002877213158555,0.0543742239730461,1844198.5,3.3559314243777586e-15,4.278812566081642e-13,True
GO:0006396,RNA processing,182,0.02149724435945195,0.0002877213158555,0.02120952304359645,3891181.0,1.2302011168319025e-14,1.3942279324094895e-12,True
GO:0006397,mRNA processing,114,0.024973278031714598,0.0002877213158555,0.0246855567158591,2565505.0,2.0070938969203812e-13,1.95963682003493e-11,True
GO:0000463,"maturation of LSU-rRNA from tricistronic rRNA transcript (SSU-rRNA, 5.8S rRNA, LSU-rRNA)",23,0.1048716302607516,0.0002877213158555,0.1045839089448961,699514.0,2.1133338255278657e-13,1.95963682003493e-11,True
GO:0042254,ribosome biogenesis,49,0.0729439058264597,0.0002877213158555,0.0726561845106042,1259609.0,6.312425065675119e-13,5.3655613058238517e-11,True
GO:0040029,epigenetic regulation of gene expression,115,0.0329379528511679,0.0002877213158555,0.0326502315353124,2562753.0,1.0170826297756035e-12,7.98018678747012e-11,True
GO:0009793,embryo development ending in seed dormancy,331,0.0163309792094326,0.0002877213158555,0.0160432578935771,6485007.0,1.59853196915203e-12,1.1646447203821934e-10,True
GO:0002183,cytoplasmic translational initiation,28,0.0721416441082124,0.0002877213158555,0.0718539227923569,793939.0,4.1022319528565534e-12,2.7895177279424566e-10,True
GO:0098869,cellular oxidant detoxification,138,-0.0327129360690277,0.0002877213158555,-0.0330006573848832,1470802.0,7.305828127838805e-12,4.657465431497238e-10,True
GO:0001732,formation of cytoplasmic translation initiation complex,23,0.0826017320977825,0.0002877213158555,0.082314010781927,662497.0,7.343837229130888e-11,4.406302337478533e-09,True
GO:0009834,plant-type secondary cell wall biogenesis,80,-0.046857705409697845,0.0002877213158555,-0.047145426725553344,752484.0,1.1787490636620392e-10,6.679578027418223e-09,True
GO:0006260,DNA replication,76,0.03616482786494725,0.0002877213158555,0.03587710654909175,1740167.0,2.211155106318356e-10,1.187041162339328e-08,True
GO:0031507,heterochromatin formation,39,0.0506574776865177,0.0002877213158555,0.050369756370662204,995274.0,3.2076748922626436e-10,1.6359141950539483e-08,True
GO:0006281,DNA repair,190,0.01948720961659175,0.0002877213158555,0.01919948830073625,3852185.0,4.1388161070501204e-10,2.01028210913863e-08,True
GO:0080188,gene silencing by siRNA-directed DNA methylation,55,0.0338122023011276,0.0002877213158555,0.0335244809852721,1303962.0,1.5976467615695535e-09,7.407271349095203e-08,True
GO:0042273,ribosomal large subunit biogenesis,27,0.0801427315290111,0.0002877213158555,0.0798550102131556,726185.0,2.036234550176785e-09,9.030257570349221e-08,True
GO:0042026,protein refolding,34,0.0823488800394059,0.0002877213158555,0.0820611587235504,873714.0,2.2235841898543444e-09,9.33180744741605e-08,True
GO:0045492,xylan biosynthetic process,38,-0.0419073636064669,0.0002877213158555,-0.0421950849223224,269807.0,2.2872077077000122e-09,9.33180744741605e-08,True
GO:0009553,embryo sac development,78,0.040454730856388496,0.0002877213158555,0.040167009540533,1743093.0,3.4438858914795104e-09,1.3510629266573464e-07,True
GO:0055085,transmembrane transport,846,-0.0022928357329402,0.0002877213158555,-0.0025805570487957,11741579.5,4.765559564970433e-09,1.8003225023221635e-07,True
GO:0007018,microtubule-based movement,63,0.0364353998157591,0.0002877213158555,0.0361476784999036,1441578.0,8.488135620673179e-09,3.092106547530944e-07,True
GO:0000462,"maturation of SSU-rRNA from tricistronic rRNA transcript (SSU-rRNA, 5.8S rRNA, LSU-rRNA)",19,0.104308319952091,0.0002877213158555,0.1040205986362355,539890.0,9.643427642533506e-09,3.3918262742704055e-07,True
GO:0042274,ribosomal small subunit biogenesis,18,0.09270403084240025,0.0002877213158555,0.09241630952654475,516892.0,1.0620174290449126e-08,3.610859258752703e-07,True
GO:0045292,"mRNA cis splicing, via spliceosome",41,0.0429840180291231,0.0002877213158555,0.0426962967132676,1000260.0,1.3725903813728922e-08,4.516265125807581e-07,True
GO:0010196,nonphotochemical quenching,24,-0.06237831204586475,0.0002877213158555,-0.06266603336172025,128631.0,1.4569496162819266e-08,4.644026901898641e-07,True
GO:0007165,signal transduction,731,-0.0014777230026736,0.0002877213158555,-0.0017654443185291001,10171986.0,3.9042786881601585e-08,1.2067770490676852e-06,True
GO:0000381,"regulation of alternative mRNA splicing, via spliceosome",31,0.0541878392070186,0.0002877213158555,0.0539001178911631,783633.0,4.7829220943211475e-08,1.4348766282963444e-06,True
GO:0006606,protein import into nucleus,49,0.0493278867139237,0.0002877213158555,0.0490401653980682,1138926.0,9.119206791359152e-08,2.657597407767524e-06,True
GO:0030490,maturation of SSU-rRNA,16,0.07107759872319194,0.0002877213158555,0.07078987740733644,454768.0,1.3870526220186184e-07,3.888916186433708e-06,True
GO:0006913,nucleocytoplasmic transport,25,0.0549363044481548,0.0002877213158555,0.054648583132299304,648901.0,1.4106852833141883e-07,3.888916186433708e-06,True
GO:0042546,cell wall biogenesis,65,-0.041715314302912,0.0002877213158555,-0.0420030356187675,656236.0,1.839213403151646e-07,4.936835976880734e-06,True
GO:0006414,translational elongation,41,0.0595522560153354,0.0002877213158555,0.0592645346994799,971132.0,2.118028241886585e-07,5.539458478780298e-06,True
GO:0009645,response to low light intensity stimulus,21,-0.0764133244935713,0.0002877213158555,-0.0767010458094268,119182.0,2.6626713434584535e-07,6.789811925819056e-06,True
GO:0006418,tRNA aminoacylation for protein translation,44,0.060942712195234394,0.0002877213158555,0.060654990879378895,1024252.0,3.651516874153524e-07,9.08426149179657e-06,True
GO:0015979,photosynthesis,77,-0.0442484634208104,0.0002877213158555,-0.0445361847366659,825708.0,3.772126399406258e-07,9.160878398558055e-06,True
GO:0009768,"photosynthesis, light harvesting in photosystem I",20,-0.09614325159713455,0.0002877213158555,-0.09643097291299005,111592.0,4.0212092345865803e-07,9.538682370414679e-06,True
GO:0042744,hydrogen peroxide catabolic process,95,-0.0309841979016998,0.0002877213158555,-0.0312719192175553,1074808.0,5.247304938291321e-07,1.2164206902402608e-05,True
GO:0009451,RNA modification,227,0.0104668632033828,0.0002877213158555,0.0101791418875273,4339445.0,6.154926406535013e-07,1.3951166521479363e-05,True
GO:0006325,chromatin organization,69,0.0279144176426054,0.0002877213158555,0.0276266963267499,1493802.0,8.208458439166446e-07,1.8201364365108205e-05,True
GO:0009765,"photosynthesis, light harvesting",23,-0.0940780454671939,0.0002877213158555,-0.09436576678304939,154037.0,1.1781233645658835e-06,2.5567783656536192e-05,True
GO:0006310,DNA recombination,51,0.0296099291056531,0.0002877213158555,0.029322207789797602,1145270.0,1.2401189718014608e-06,2.6352528150781042e-05,True
GO:0046274,lignin catabolic process,18,-0.0743673825543471,0.0002877213158555,-0.0746551038702026,99730.0,1.39335214982481e-06,2.8739102280979548e-05,True
GO:0031047,regulatory ncRNA-mediated gene silencing,43,0.0278590227615455,0.0002877213158555,0.02757130144569,988509.0,1.4087795235774288e-06,2.8739102280979548e-05,True
GO:0010089,xylem development,41,-0.0672141962881231,0.0002877213158555,-0.0675019176039786,377966.0,2.0227575152019166e-06,4.045515030403833e-05,True
GO:0010345,suberin biosynthetic process,20,-0.1308672117896656,0.0002877213158555,-0.1311549331055211,126060.0,2.3476025800024647e-06,4.604912753081758e-05,True
GO:0051301,cell division,97,0.0241932919444116,0.0002877213158555,0.0239055706285561,1992739.0,2.683134919531626e-06,5.163769090419356e-05,True
GO:0009644,response to high light intensity,66,-0.034128996289951946,0.0002877213158555,-0.034416717605807445,711038.0,3.1039961174723264e-06,5.863103777447728e-05,True
GO:0016070,RNA metabolic process,48,0.03986965039766435,0.0002877213158555,0.03958192908180885,1074789.0,3.243009301422187e-06,6.0143081590011463e-05,True
GO:0019761,glucosinolate biosynthetic process,30,-0.1006155012174101,0.0002877213158555,-0.1009032225332656,246954.0,3.3753955467115446e-06,6.14804188865317e-05,True
GO:0000911,cytokinesis by cell plate formation,42,0.027341238072247247,0.0002877213158555,0.027053516756391748,954837.0,4.431751240553577e-06,7.93050221993798e-05,True
GO:0000724,double-strand break repair via homologous recombination,83,0.0190484992954337,0.0002877213158555,0.0187607779795782,1720541.0,6.312381836462224e-06,0.0001110108529860598,True
GO:0006974,DNA damage response,70,0.0295506701175818,0.0002877213158555,0.0292629488017263,1479012.0,6.829363239492669e-06,0.00011806695769970375,True
GO:0006261,DNA-templated DNA replication,22,0.04850662944554895,0.0002877213158555,0.04821890812969345,548539.0,9.7555055334976e-06,0.00016541308820707432,True
GO:0045814,"negative regulation of gene expression, epigenetic",44,0.0238972227833892,0.0002877213158555,0.0236095014675337,983034.0,9.892351353560327e-06,0.00016541308820707432,True
GO:0034605,cellular response to heat,78,0.031143188984457948,0.0002877213158555,0.03085546766860245,1618102.0,1.1361387246586386e-05,0.0001869131450244857,True
GO:0000373,Group II intron splicing,34,0.0346300618405771,0.0002877213158555,0.0343423405247216,785730.0,1.2905473594873007e-05,0.00020894576296461058,True
GO:0000470,maturation of LSU-rRNA,14,0.0680797555893324,0.0002877213158555,0.0677920342734769,376256.0,1.6685129163869986e-05,0.00026136268195457496,True
GO:0006265,DNA topological change,13,0.0769816111037124,0.0002877213158555,0.0766938897878569,354629.0,1.674110796339516e-05,0.00026136268195457496,True
GO:0015995,chlorophyll biosynthetic process,43,-0.0588163748850107,0.0002877213158555,-0.0591040962008662,430803.0,1.691170295000191e-05,0.00026136268195457496,True
GO:0010207,photosystem II assembly,27,-0.0627317586038889,0.0002877213158555,-0.0630194799197444,228541.0,1.8771014000944362e-05,0.0002857676758352724,True
GO:0000387,spliceosomal snRNP assembly,20,0.0609366566144338,0.0002877213158555,0.0606489352985783,500467.0,2.0520030523602983e-05,0.00030780045785404477,True
GO:0016554,cytidine to uridine editing,23,0.0467851835245044,0.0002877213158555,0.0464974622086489,560825.0,2.241621230648571e-05,0.00033137009496544094,True
GO:0030150,protein import into mitochondrial matrix,29,0.0708259819946174,0.0002877213158555,0.0705382606787619,678391.0,2.7892110950206033e-05,0.0004053535933404035,True
GO:0006833,water transport,36,-0.0826030981526018,0.0002877213158555,-0.0828908194684573,346741.0,2.821578934036142e-05,0.0004053535933404035,True
GO:0007005,mitochondrion organization,45,0.0209821814493698,0.0002877213158555,0.0206944601335143,986053.0,3.17143196607921e-05,0.00044928619519455477,True
GO:0035196,miRNA processing,20,0.05366655248960925,0.0002877213158555,0.05337883117375375,496014.0,3.290768329721039e-05,0.0004598059857966383,True
GO:0048364,root development,214,0.0127017015290859,0.0002877213158555,0.0124139802132304,3995718.0,3.6283708359142215e-05,0.0005001267908962846,True
GO:0000447,"endonucleolytic cleavage in ITS1 to separate SSU-rRNA from 5.8S rRNA and LSU-rRNA from tricistronic rRNA transcript (SSU-rRNA, 5.8S rRNA, LSU-rRNA)",11,0.0834622433656149,0.0002877213158555,0.0831745220497594,305219.0,3.6992271753266246e-05,0.0005030948958444209,True
GO:0080156,mitochondrial mRNA modification,47,0.0252576554696025,0.0002877213158555,0.024969934153747,1021385.0,3.785634418042142e-05,0.0005080719876846033,True
GO:0010016,shoot system morphogenesis,12,0.0703575742647823,0.0002877213158555,0.0700698529489268,326086.0,4.200075241743528e-05,0.0005508911709867908,True
GO:0048366,leaf development,130,0.01394568824665705,0.0002877213158555,0.013657966930801551,2526074.0,4.239449586312715e-05,0.0005508911709867908,True
GO:0045168,cell-cell signaling involved in cell fate commitment,32,-0.02905221332626045,0.0002877213158555,-0.02933993464211595,300640.0,4.2667061282310264e-05,0.0005508911709867908,True
GO:0051592,response to calcium ion,23,-0.0335174919884732,0.0002877213158555,-0.0338052133043287,188767.0,4.455897021992546e-05,0.0005681268703040496,True
GO:0010417,glucuronoxylan biosynthetic process,12,-0.09594417650900355,0.0002877213158555,-0.09623189782485905,62593.0,4.8723389730352666e-05,0.000613553796604441,True
GO:0000723,telomere maintenance,21,0.0414206347549744,0.0002877213158555,0.0411329134391189,512116.0,5.08699930848083e-05,0.0006327730847134691,True
GO:0005975,carbohydrate metabolic process,463,-0.0013491878247416,0.0002877213158555,-0.0016369091405971001,6570136.5,5.6560042795222085e-05,0.0006950752247123678,True
GO:0048589,developmental growth,13,0.0748299888792739,0.0002877213158555,0.0745422675634184,344851.0,5.9805589871202e-05,0.00072621073415031,True
GO:0000056,ribosomal small subunit export from nucleus,10,0.08477460750983565,0.0002877213158555,0.08448688619398015,279175.0,6.578281133611961e-05,0.0007893937360334354,True
GO:0003333,amino acid transmembrane transport,59,-0.0228037255508322,0.0002877213158555,-0.0230914468666877,666379.0,6.826866000504243e-05,0.0008096980605249219,True
GO:2000652,regulation of secondary cell wall biogenesis,28,-0.0345520743123523,0.0002877213158555,-0.0348397956282078,256020.0,7.131837189637846e-05,0.0008361464291299544,True
GO:0009809,lignin biosynthetic process,43,-0.0854301564212624,0.0002877213158555,-0.08571787773711789,452968.0,8.165270526660382e-05,0.0009464290837719988,True
GO:0032543,mitochondrial translation,30,0.041906189197504454,0.0002877213158555,0.041618467881648954,684876.0,8.464600103667982e-05,0.0009701002366001508,True
GO:0010088,phloem development,36,-0.0436664527084477,0.0002877213158555,-0.0439541740243032,361641.0,8.81930066258276e-05,0.0009995207417593794,True
GO:0000380,"alternative mRNA splicing, via spliceosome",13,0.0682157096390966,0.0002877213158555,0.0679279883232411,340813.0,9.882424342601393e-05,0.0011077003109289472,True
GO:0010228,vegetative to reproductive phase transition of meristem,119,0.0168135777750735,0.0002877213158555,0.016525856459218002,2309724.0,0.00010265956395202564,0.001138182122076806,True
GO:0006400,tRNA modification,35,0.0339055922975282,0.0002877213158555,0.0336178709816727,778804.0,0.00010399992563634808,0.001140644345688979,True
GO:0009813,flavonoid biosynthetic process,28,-0.0545037992353907,0.0002877213158555,-0.0547915205512462,261005.0,0.00010848723586528331,0.0011772019210913721,True
GO:0006487,protein N-linked glycosylation,31,0.0468145633637018,0.0002877213158555,0.0465268420478463,700462.0,0.00011496418357737871,0.001234352286830803,True
GO:0030048,actin filament-based movement,19,0.0431446186706758,0.0002877213158555,0.0428568973548203,462682.0,0.0001245569951753071,0.001323418073737638,True
GO:0031167,rRNA methylation,10,0.08188392542709455,0.0002877213158555,0.08159620411123905,273939.0,0.0001370300177499838,0.001440934207267871,True
GO:0000028,ribosomal small subunit assembly,14,0.0657628733762351,0.0002877213158555,0.0654751520603796,358795.0,0.00014199766549115116,0.0014779348857242264,True
GO:0009827,plant-type cell wall modification,69,-0.0093915666246737,0.0002877213158555,-0.0096792879405292,818354.0,0.0001456596328093654,0.001498858043884407,True
GO:0009819,drought recovery,13,-0.0766061477273612,0.0002877213158555,-0.0768938690432167,82339.0,0.00014753723386551622,0.001498858043884407,True
GO:0009555,pollen development,264,0.00584859417392915,0.0002877213158555,0.00556087285807365,4802427.0,0.00014841633571796578,0.001498858043884407,True
GO:0007062,sister chromatid cohesion,16,0.03898934663571105,0.0002877213158555,0.03870162531985555,399583.0,0.00015234906285121745,0.0015234906285121743,True
GO:0000956,nuclear-transcribed mRNA catabolic process,16,0.048951827717430646,0.0002877213158555,0.04866410640157515,399379.0,0.00015573678939538441,0.0015422478173135155,True
GO:0000055,ribosomal large subunit export from nucleus,11,0.0549363044481548,0.0002877213158555,0.054648583132299304,293324.0,0.0001833922677278153,0.0017986549334843426,True
GO:0051276,chromosome organization,14,0.05954731088001955,0.0002877213158555,0.05925958956416405,355791.0,0.00020036686607857423,0.0019464209847632925,True
GO:0045595,regulation of cell differentiation,25,-0.0496608302202861,0.0002877213158555,-0.0499485515361416,230444.0,0.00020410789508536388,0.0019640571036516146,True
GO:0006470,protein dephosphorylation,21,-0.0473082771621026,0.0002877213158555,-0.0475959984779581,181389.0,0.000224441145961015,0.0021109869294897313,True
GO:0008643,carbohydrate transport,38,-0.0175504190701078,0.0002877213158555,-0.0178381403859633,401163.0,0.0002245379161999238,0.0021109869294897313,True
GO:0031053,primary miRNA processing,10,0.06616038175455195,0.0002877213158555,0.06587266043869645,270254.0,0.00022558585815135365,0.0021109869294897313,True
GO:0016579,protein deubiquitination,54,0.01636156298650905,0.0002877213158555,0.016073841670653552,1122222.0,0.00024195423326565664,0.0022435756175542706,True
GO:0032502,developmental process,33,0.023912980876069,0.0002877213158555,0.0236252595602135,726888.0,0.00028411426123572595,0.0026032332367968846,True
GO:0010555,response to mannitol,26,-0.0408411684096746,0.0002877213158555,-0.041128889725530096,247239.0,0.00028584521815808926,0.0026032332367968846,True
GO:0009873,ethylene-activated signaling pathway,66,0.01707309367251715,0.0002877213158555,0.01678537235666165,1338081.0,0.00029337044396871026,0.002648122591575969,True
GO:0007623,circadian rhythm,116,-0.023341598212395148,0.0002877213158555,-0.023629319528250647,1506464.0,0.00032076427627274776,0.002869996156124585,True
GO:0051131,chaperone-mediated protein complex assembly,13,0.1059138582309688,0.0002877213158555,0.1056261369151133,329631.0,0.0003696752522905837,0.0032788587594469163,True
GO:0043484,regulation of RNA splicing,16,0.0463551826437361,0.0002877213158555,0.0460674613278806,389075.0,0.0004558457886122837,0.0040082991757287014,True
GO:0019684,"photosynthesis, light reaction",10,-0.06636472131248425,0.0002877213158555,-0.06665244262833975,59169.0,0.0005198362202318659,0.004531905509713703,True
GO:0042545,cell wall modification,79,-0.0068610618064776,0.0002877213158555,-0.0071487831223331,986193.0,0.0005294283938769654,0.004576414930122921,True
GO:0016117,carotenoid biosynthetic process,17,-0.0387046218778899,0.0002877213158555,-0.0389923431937454,142074.0,0.0005722038187745444,0.004904604160924667,True
GO:0051555,flavonol biosynthetic process,25,-0.0676979344330611,0.0002877213158555,-0.0679856557489166,243163.0,0.0005795718227653631,0.0049263604935055865,True
GO:0000423,mitophagy,21,-0.050136121405358,0.0002877213158555,-0.0504238427212135,192484.0,0.0006033931523323168,0.005086454672553415,True
GO:0009085,L-lysine biosynthetic process,11,0.0721191137264465,0.0002877213158555,0.071831392410591,283016.0,0.0006555320021979173,0.00548067739542521,True
GO:0006611,protein export from nucleus,15,0.054082505400229,0.0002877213158555,0.0537947840843735,364742.0,0.0006902247074279961,0.0056935977732006995,True
GO:0006164,purine nucleotide biosynthetic process,17,0.0706832702287286,0.0002877213158555,0.0703955489128731,404899.0,0.0006921628665459674,0.0056935977732006995,True
GO:0000027,ribosomal large subunit assembly,10,0.08043616305150345,0.0002877213158555,0.08014844173564795,261225.0,0.0007188706000554922,0.0058659840964528165,True
GO:0009926,auxin polar transport,43,0.0293386673207303,0.0002877213158555,0.0290509460048748,900278.0,0.0007248599282906056,0.005867913705209665,True
GO:0090698,post-embryonic plant morphogenesis,11,-0.0725299002077647,0.0002877213158555,-0.0728176215236202,73466.0,0.0007555135268889621,0.006067903916745995,True
GO:0000122,negative regulation of transcription by RNA polymerase II,52,0.01854493467170905,0.0002877213158555,0.01825721335585355,1064381.0,0.0007825714239642647,0.006232165602179712,True
GO:0008033,tRNA processing,35,0.0342001030526606,0.0002877213158555,0.0339123817368051,749870.0,0.0007898017294406566,0.006232165602179712,True
GO:0010192,mucilage biosynthetic process,14,-0.049336537928051954,0.0002877213158555,-0.049624259243907454,109090.0,0.0007992660559096114,0.006232165602179712,True
GO:0006351,DNA-templated transcription,286,0.0029292545552413,0.0002877213158555,0.0026415332393858,5105697.5,0.0008004055822407277,0.006232165602179712,True
GO:0051923,sulfation,17,-0.0176494063958827,0.0002877213158555,-0.0179371277117382,145927.0,0.0008251232084311702,0.006369350924561081,True
GO:0035556,intracellular signal transduction,152,-0.01081015050537375,0.0002877213158555,-0.01109787182122925,2060542.0,0.000830513404869239,0.006369350924561081,True
GO:0007064,mitotic sister chromatid cohesion,15,0.0600625595117742,0.0002877213158555,0.0597748381959187,362727.0,0.0008449588065550007,0.006431775990194781,True
GO:0000290,deadenylation-dependent decapping of nuclear-transcribed mRNA,15,0.036206523721877,0.0002877213158555,0.0359188024060215,362275.0,0.0008838249822293436,0.006677788754621708,True
GO:0006406,mRNA export from nucleus,26,0.02945258553289255,0.0002877213158555,0.02916486421703705,577286.0,0.0009139986916101328,0.006854990187075996,True
GO:0006402,mRNA catabolic process,34,0.030646494508353703,0.0002877213158555,0.030358773192498203,727907.0,0.0009745135565892897,0.007255502392124639,True
GO:0010104,regulation of ethylene-activated signaling pathway,18,0.03344467465864985,0.0002877213158555,0.03315695334279435,420531.0,0.0010221375828307726,0.007554929960053537,True
GO:0035194,regulatory ncRNA-mediated post-transcriptional gene silencing,16,0.044757344557412454,0.0002877213158555,0.044469623241556955,380460.0,0.0010587187472969866,0.007769015267934723,True
GO:0006526,L-arginine biosynthetic process,12,0.046138121423860146,0.0002877213158555,0.045850400108004646,299132.0,0.001107548089772172,0.00806927893976868,True
GO:0010449,root meristem growth,16,0.0487378681436455,0.0002877213158555,0.04845014682779,379592.0,0.001149333269987569,0.008314325782888796,True
GO:0002098,tRNA wobble uridine modification,16,0.0459729775487213,0.0002877213158555,0.045685256232865804,378907.0,0.001225847487734278,0.008805383362598335,True
GO:0030705,cytoskeleton-dependent intracellular transport,27,0.0322313990877651,0.0002877213158555,0.0319436777719096,592231.0,0.0012405541201512581,0.008848707710169813,True
GO:0009965,leaf morphogenesis,56,0.02712602844030315,0.0002877213158555,0.026838307124447652,1126998.0,0.001321336350697219,0.009359465817438635,True
GO:0071897,DNA biosynthetic process,19,0.0348217690553623,0.0002877213158555,0.0345340477395068,437052.0,0.001344602395276002,0.009458582366769117,True
GO:0009294,DNA-mediated transformation,27,0.0270580705201422,0.0002877213158555,0.0267703492042867,590678.0,0.0013870797936522113,0.009690557462501751,True
GO:0006979,response to oxidative stress,318,-0.0034974231273793,0.0002877213158555,-0.0037851444432348003,4558871.0,0.0014282611734514634,0.009760869364429907,True
GO:0010162,seed dormancy process,27,0.0446974221038079,0.0002877213158555,0.0444097007879524,590256.0,0.0014295666619863017,0.009760869364429907,True
GO:0000338,protein deneddylation,12,0.05383674983724265,0.0002877213158555,0.053549028521387154,296764.0,0.001430805016814308,0.009760869364429907,True
GO:0015770,sucrose transport,18,-0.0220715342516664,0.0002877213158555,-0.0223592555675219,164541.0,0.0014354219653573393,0.009760869364429907,True
GO:0016973,poly(A)+ mRNA export from nucleus,17,0.0549363044481548,0.0002877213158555,0.054648583132299304,396398.0,0.0015164388585649294,0.010236836025146764,True
GO:0009094,L-phenylalanine biosynthetic process,13,-0.0371961623368769,0.0002877213158555,-0.0374838836527324,103363.0,0.0015254892900218708,0.010236836025146764,True
GO:0009699,phenylpropanoid biosynthetic process,26,-0.0637295516202297,0.0002877213158555,-0.0640172729360852,269570.0,0.0015885601483995036,0.010559343116675678,True
GO:0006334,nucleosome assembly,36,0.0175961397280087,0.0002877213158555,0.0173084184121532,757461.0,0.0015942537646745632,0.010559343116675678,True
GO:0016444,somatic cell DNA recombination,10,0.0558668489624094,0.0002877213158555,0.0555791276465539,254294.0,0.0016483228837714202,0.010847028009334509,True
GO:0030307,positive regulation of cell growth,16,0.0472287039704569,0.0002877213158555,0.0469409826546014,374974.0,0.0017639809896589436,0.011533721855462323,True
GO:0042631,cellular response to water deprivation,44,-0.023782101901917048,0.0002877213158555,-0.024069823217772547,517288.0,0.0018414865590336905,0.011963798026843084,True
GO:0045491,xylan metabolic process,14,-0.03727078590369905,0.0002877213158555,-0.037558507219554546,117808.0,0.001914730611002681,0.012360919134321106,True
GO:0003006,developmental process involved in reproduction,10,0.044981221590119996,0.0002877213158555,0.0446935002742645,252876.0,0.0019409198710923785,0.012451184078705824,True
GO:0051321,meiotic cell cycle,36,0.0162019328239164,0.0002877213158555,0.0159142115080609,754032.0,0.0019638889794647914,0.012519792244088045,True
GO:0048868,pollen tube development,41,0.0086168777462399,0.0002877213158555,0.0083291564303844,845347.0,0.002064038406203517,0.013076516610730355,True
GO:1901141,regulation of lignin biosynthetic process,12,-0.04271299342294205,0.0002877213158555,-0.043000714738797546,95086.0,0.002245607444386585,0.014062439045854004,True
GO:0007035,vacuolar acidification,11,-0.0451876220952163,0.0002877213158555,-0.045475343411071796,83150.0,0.0022472329063472573,0.014062439045854004,True
GO:0009643,photosynthetic acclimation,11,-0.0536230845715341,0.0002877213158555,-0.0539108058873896,83259.0,0.002273789061311336,0.014141858795960745,True
GO:0010182,sugar mediated signaling pathway,34,0.029303699722410398,0.0002877213158555,0.0290159784065549,713703.0,0.0023939321772603814,0.01479885345942781,True
GO:0048481,plant ovule development,52,0.015413519214819052,0.0002877213158555,0.015125797898963553,1042517.0,0.0024173260481424484,0.014853449211477694,True
GO:0010233,phloem transport,12,-0.04659156289150865,0.0002877213158555,-0.04687928420736415,96163.0,0.0025084341639874655,0.015320975133336615,True
GO:0106074,aminoacyl-tRNA metabolism involved in translational fidelity,13,0.047927245829964,0.0002877213158555,0.0476395245141085,311405.0,0.0025387959070203524,0.015414118006909283,True
GO:0007034,vacuolar transport,32,-0.0355725509163977,0.0002877213158555,-0.0358602722322532,357898.0,0.0026416207839792295,0.015943510057152745,True
GO:0006995,cellular response to nitrogen starvation,44,-0.02129365762777,0.0002877213158555,-0.0215813789436255,524189.0,0.002672986219679276,0.01603791731807566,True
GO:0001522,pseudouridine synthesis,23,0.0356644689535499,0.0002877213158555,0.0353767476376944,505234.0,0.0027359359666979596,0.016319618046970286,True
GO:0072344,rescue of stalled cytosolic ribosome,13,0.0633347654171857,0.0002877213158555,0.0630470441013302,310245.0,0.00284346020743768,0.016779923402708913,True
GO:0034063,cytoplasmic stress granule assembly,22,0.0436986781685597,0.0002877213158555,0.0434109568527042,485633.0,0.002846006616341806,0.016779923402708913,True
GO:0009299,mRNA transcription,14,-0.05122408943755635,0.0002877213158555,-0.05151181075341185,123144.0,0.003175745084484883,0.01861643670215276,True
GO:0006415,translational termination,15,0.0279797446450791,0.0002877213158555,0.0276920233292236,348421.0,0.0032667800794330833,0.019040661034409972,True
GO:0051726,regulation of cell cycle,55,0.0254071511540948,0.0002877213158555,0.0251194298382393,1089185.0,0.003432545633574332,0.019893162194578515,True
GO:0006357,regulation of transcription by RNA polymerase II,517,0.0017247018847136,0.0002877213158555,0.0014369805688581,8832692.0,0.0034862480408877974,0.019998805390753854,True
GO:0000045,autophagosome assembly,35,-0.0323068222825268,0.0002877213158555,-0.0325945435983823,403730.0,0.0034899876074060646,0.019998805390753854,True
GO:0099402,plant organ development,56,0.02210387345959105,0.0002877213158555,0.02181615214373555,1106153.0,0.003587184027390937,0.020440936915858972,True
GO:2000024,regulation of leaf development,21,0.0291617629808591,0.0002877213158555,0.0288740416650036,463330.0,0.003618359098301059,0.02045637269428423,True
GO:0031087,deadenylation-independent decapping of nuclear-transcribed mRNA,11,0.0203018767736803,0.0002877213158555,0.0200141554578248,267578.0,0.003633791393203944,0.02045637269428423,True
GO:0071577,zinc ion transmembrane transport,22,-0.04021382945453415,0.0002877213158555,-0.04050155077038965,228047.0,0.0036500586572154217,0.02045637269428423,True
GO:0071456,cellular response to hypoxia,240,0.011699079470751599,0.0002877213158555,0.0114113581548961,4265258.0,0.0037678068954797913,0.02100089089283818,True
GO:0048316,seed development,80,0.01818653272542165,0.0002877213158555,0.017898811409566152,1530163.0,0.0038170232044538468,0.021159585155124585,True
GO:1902476,chloride transmembrane transport,12,-0.0418596635146175,0.0002877213158555,-0.042147384830473,100553.0,0.0038966990566665577,0.02148450290702643,True
GO:0007178,cell surface receptor protein serine/threonine kinase signaling pathway,61,-0.0096738486625188,0.0002877213158555,-0.0099615699783743,775254.0,0.004200719167833887,0.02293857827182644,True
GO:0030001,metal ion transport,37,-0.0236517970293417,0.0002877213158555,-0.0239395183451972,434756.0,0.004205406016501514,0.02293857827182644,True
GO:0042908,xenobiotic transport,26,0.0200074707386317,0.0002877213158555,0.0197197494227762,555330.0,0.004319561689923192,0.02343591980703008,True
GO:0007059,chromosome segregation,20,0.021133238908596648,0.0002877213158555,0.02084551759274115,441738.0,0.004364419739492068,0.023554011292496874,True
GO:0009615,response to virus,52,0.013211472517294251,0.0002877213158555,0.012923751201438752,1029878.0,0.0044354751189958075,0.02381149800724065,True
GO:0007131,reciprocal meiotic recombination,33,0.0267002961183959,0.0002877213158555,0.0264125748025404,683906.0,0.004703941799766497,0.025120526888805374,True
GO:0044042,glucan metabolic process,33,-0.051247836986741,0.0002877213158555,-0.0515355583025965,381338.0,0.004741382210142482,0.025188592991381938,True
GO:0045037,protein import into chloroplast stroma,41,0.0242670744151748,0.0002877213158555,0.0239793530993193,829864.0,0.004781342857474249,0.025212889215357276,True
GO:0009791,post-embryonic development,60,0.02550154776885335,0.0002877213158555,0.02521382645299785,1171022.0,0.004795392654685599,0.025212889215357276,True
GO:0006629,lipid metabolic process,188,-0.0033830653796565,0.0002877213158555,-0.003670786695512,2662329.0,0.0051029971489342804,0.026692600471348547,True
GO:0006360,transcription by RNA polymerase I,15,0.0200879079084301,0.0002877213158555,0.0198001865925746,343068.0,0.005218786982245278,0.027158993479031546,True
GO:0034976,response to endoplasmic reticulum stress,35,0.0237974419621191,0.0002877213158555,0.0235097206462636,718435.0,0.005331885319915676,0.02736168742555241,True
GO:0000289,nuclear-transcribed mRNA poly(A) tail shortening,18,0.02223462674492295,0.0002877213158555,0.02194690542906745,400817.0,0.0053369237592474,0.02736168742555241,True
GO:0035999,tetrahydrofolate interconversion,16,-0.0315381584722744,0.0002877213158555,-0.031825879788129896,154448.0,0.005338211566357774,0.02736168742555241,True
GO:0010206,photosystem II repair,15,-0.0389722631763776,0.0002877213158555,-0.0392599844922331,141668.0,0.0053662984545264835,0.027368122118085068,True
GO:0080001,mucilage extrusion from seed coat,17,-0.0220857063061476,0.0002877213158555,-0.0223734276220031,167611.0,0.005433591285146342,0.027573448312682932,True
GO:0010411,xyloglucan metabolic process,48,-0.02748370000965935,0.0002877213158555,-0.02777142132551485,594958.0,0.005482159161696411,0.02768218982638782,True
GO:0042761,very long-chain fatty acid biosynthetic process,28,-0.015728337385610948,0.0002877213158555,-0.016016058701466447,315128.0,0.00554533310443651,0.027705200871368615,True
GO:0007052,mitotic spindle organization,12,0.07176226168613664,0.0002877213158555,0.07147454037028114,283354.0,0.005551095393482886,0.027705200871368615,True
GO:0080027,response to herbivore,26,-0.01999341032325355,0.0002877213158555,-0.020281131639109048,287909.0,0.00556820213591232,0.027705200871368615,True
GO:0009696,salicylic acid metabolic process,21,-0.0338409567952321,0.0002877213158555,-0.0341286781110876,220940.0,0.005709609036836442,0.02827087969695714,True
GO:0042127,regulation of cell population proliferation,24,0.0468180017136892,0.0002877213158555,0.046530280397833704,513397.0,0.005807760205060376,0.028617948836529388,True
GO:0010218,response to far red light,62,-0.0171467394573989,0.0002877213158555,-0.0174344607732544,798005.0,0.005981600335360979,0.0293328477984048,True
GO:1902475,L-alpha-amino acid transmembrane transport,11,-0.0311829403545739,0.0002877213158555,-0.0314706616704294,92744.0,0.006047199289566133,0.029512647250514144,True
GO:0016441,post-transcriptional gene silencing,12,0.0472551306092632,0.0002877213158555,0.0469674092934077,282399.0,0.006076669880474439,0.029515253705161563,True
GO:0015914,phospholipid transport,21,0.0309167445602335,0.0002877213158555,0.030629023244378002,455842.0,0.006249887354285975,0.030060514316094276,True
GO:0016036,cellular response to phosphate starvation,89,0.0245853670436644,0.0002877213158555,0.0242976457278089,1673771.0,0.0063049966252951145,0.030060514316094276,True
GO:0010091,trichome branching,31,0.0112824709284014,0.0002877213158555,0.010994749612545901,642067.0,0.00630575391907521,0.030060514316094276,True
GO:0006099,tricarboxylic acid cycle,54,-0.0131411105577088,0.0002877213158555,-0.0134288318735643,683950.0,0.006332013341914416,0.030060514316094276,True
GO:0010268,brassinosteroid homeostasis,28,-0.01699225024475325,0.0002877213158555,-0.01727997156060875,317282.0,0.0063362848803532055,0.030060514316094276,True
GO:0010082,regulation of root meristem growth,43,0.018713149119319,0.0002877213158555,0.018425427803463502,860184.0,0.006451111183408895,0.030400510716381512,True
GO:0006298,mismatch repair,16,0.0256640233944476,0.0002877213158555,0.0253763020785921,359898.0,0.006467559632798812,0.030400510716381512,True
GO:0006302,double-strand break repair,34,0.013668732583661549,0.0002877213158555,0.01338101126780605,696399.0,0.00656680312246381,0.030725409105105902,True
GO:0006857,oligopeptide transport,23,-0.055257607949067,0.0002877213158555,-0.0555453292649225,250368.0,0.006837874324963276,0.03184763384229471,True
GO:0015860,purine nucleoside transmembrane transport,22,-0.0198190165330581,0.0002877213158555,-0.0201067378489136,237324.0,0.007043914417065646,0.032658148660940724,True
GO:0160109,plant gross anatomical part developmental process,111,0.0037498810254801,0.0002877213158555,0.0034621597096245998,2050673.0,0.007180402531756876,0.033140319377339425,True
GO:0009880,embryonic pattern specification,13,0.0355010177952747,0.0002877213158555,0.035213296479419204,299900.0,0.007440744416098629,0.03418720407396667,True
GO:0000245,spliceosomal complex assembly,16,0.0325406653005333,0.0002877213158555,0.032252943984677804,357827.0,0.007640613278714504,0.03494809661116051,True
GO:0044027,negative regulation of gene expression via chromosomal CpG island methylation,19,0.0174640882565318,0.0002877213158555,0.0171763669406763,414321.0,0.008122607202384717,0.03698687208228755,True
GO:0009561,megagametogenesis,36,0.00656025359175635,0.0002877213158555,0.00627253227590085,727854.0,0.008600680295228903,0.03898975067170436,True
GO:0010928,regulation of auxin mediated signaling pathway,28,0.0128835354472004,0.0002877213158555,0.0125958141313449,581280.0,0.00873434872480297,0.03942051194380102,True
GO:0010105,negative regulation of ethylene-activated signaling pathway,21,0.0395175076349412,0.0002877213158555,0.0392297863190857,449621.0,0.00963226740551687,0.043281553980736596,True
GO:0006879,intracellular iron ion homeostasis,41,-0.0210543984973655,0.0002877213158555,-0.021342119813221,507332.0,0.009785432707534531,0.04377693579686501,True
GO:0006367,transcription initiation at RNA polymerase II promoter,41,0.0137646825219004,0.0002877213158555,0.0134769612060449,814809.0,0.010195500239563038,0.04525094546893987,True
GO:0031124,mRNA 3'-end processing,16,0.022977207532133198,0.0002877213158555,0.0226894862162777,354132.0,0.010214768944750582,0.04525094546893987,True
GO:0046488,phosphatidylinositol metabolic process,16,0.022816644251392952,0.0002877213158555,0.022528922935537453,354090.0,0.010248008238554028,0.04525094546893987,True
GO:0007389,pattern specification process,11,0.0199750435244123,0.0002877213158555,0.0196873222085568,256687.0,0.010584108569923024,0.04653358078155812,True
GO:0008284,positive regulation of cell population proliferation,26,0.020882832913539998,0.0002877213158555,0.0205951115976845,541025.0,0.01068362980375398,0.046769538196691246,True
GO:0006368,transcription elongation by RNA polymerase II,17,0.0645092344456279,0.0002877213158555,0.0642215131297724,372313.0,0.010928709854208117,0.04757345290651488,True
GO:0006812,monoatomic cation transport,83,-0.0027386713511933,0.0002877213158555,-0.0030263926670488,1121519.0,0.010960550424540192,0.04757345290651488,True
GO:0009694,jasmonic acid metabolic process,25,-0.0184386380814815,0.0002877213158555,-0.018726359397336998,285811.0,0.01153660032688857,0.049861577684009915,True
GO:0050821,protein stabilization,37,0.0387801250635424,0.0002877213158555,0.0384924037476869,739919.0,0.011724422107510481,0.05045953818422232,False
GO:0000070,mitotic sister chromatid segregation,10,0.014331408429409151,0.0002877213158555,0.014043687113553652,235746.0,0.011796609516081328,0.050556897926062834,False
GO:0015918,sterol transport,11,-0.1227009526939738,0.0002877213158555,-0.1229886740098293,100086.0,0.012148721574783196,0.051848100444681425,False
GO:0006814,sodium ion transport,13,-0.0340335058190366,0.0002877213158555,-0.0343212271348921,125750.0,0.012284735080462546,0.05213433509840663,False
GO:0045324,late endosome to vacuole transport,21,-0.0408732618152085,0.0002877213158555,-0.041160983131064,232095.0,0.012318014469329409,0.05213433509840663,False
GO:0048608,reproductive structure development,28,0.02610157382540495,0.0002877213158555,0.02581385250954945,575112.0,0.012516636603867506,0.05275607163613577,False
GO:0009631,cold acclimation,74,0.0172650881600602,0.0002877213158555,0.0169773668442047,1392123.0,0.012818394747952268,0.05348927594198854,False
GO:0007004,telomere maintenance via telomerase,12,0.037411177163516954,0.0002877213158555,0.037123455847661455,274167.0,0.012819375695534898,0.05348927594198854,False
GO:0006950,response to stress,201,-0.0027154970974357,0.0002877213158555,-0.0030032184132912,2898934.0,0.012847914319399209,0.05348927594198854,False
GO:0045892,negative regulation of DNA-templated transcription,239,0.0020441982062007,0.0002877213158555,0.0017564768903451998,4188538.0,0.01315073770281797,0.05447336079009834,False
GO:0007129,homologous chromosome pairing at meiosis,21,0.027470597252153,0.0002877213158555,0.0271828759362975,444906.0,0.013197561731589817,0.05447336079009834,False
GO:0010039,response to iron ion,29,-0.0268869186010367,0.0002877213158555,-0.027174639916892198,343713.0,0.013244503407788615,0.05447336079009834,False
GO:0045454,cell redox homeostasis,55,-0.0086122567651499,0.0002877213158555,-0.0088999780810054,716175.0,0.013442207559377167,0.05476032481005211,False
GO:0009908,flower development,88,0.0055118777149067,0.0002877213158555,0.0052241563990512,1633619.0,0.013465366544047909,0.05476032481005211,False
GO:0051382,kinetochore assembly,18,0.0217232798284095,0.0002877213158555,0.021435558512554,388357.0,0.0134753348307089,0.05476032481005211,False
GO:0009910,negative regulation of flower development,51,0.0130958570294474,0.0002877213158555,0.0128081357135919,986686.0,0.013661130867622261,0.054868565288634305,False
GO:0035442,dipeptide transmembrane transport,17,-0.0390955026974606,0.0002877213158555,-0.0393832240133161,179741.0,0.013717141322158576,0.054868565288634305,False
GO:0042938,dipeptide transport,17,-0.0390955026974606,0.0002877213158555,-0.0393832240133161,179741.0,0.013717141322158576,0.054868565288634305,False
GO:0042939,tripeptide transport,17,-0.0390955026974606,0.0002877213158555,-0.0393832240133161,179741.0,0.013717141322158576,0.054868565288634305,False
GO:0042753,positive regulation of circadian rhythm,12,-0.0591640962062866,0.0002877213158555,-0.0594518175221421,114414.0,0.014000084282199557,0.055781585811888856,False
GO:0031647,regulation of protein stability,28,0.0173696039647019,0.0002877213158555,0.0170818826488464,573026.0,0.014090674566616853,0.05592407804649491,False
GO:0046777,protein autophosphorylation,115,-0.0048623708232981,0.0002877213158555,-0.0051500921391536,1606509.0,0.014259877150010685,0.05623350169732249,False
GO:0034755,iron ion transmembrane transport,28,-0.01933255975356435,0.0002877213158555,-0.019620281069419848,331101.0,0.014297820410022706,0.05623350169732249,False
GO:0000184,"nuclear-transcribed mRNA catabolic process, nonsense-mediated decay",10,0.025971587786304103,0.0002877213158555,0.025683866470448603,233700.0,0.014334029844415536,0.05623350169732249,False
GO:0031425,chloroplast RNA processing,18,0.018676947493895653,0.0002877213158555,0.018389226178040154,387174.0,0.014644812449527618,0.05723260037746426,False
GO:0051225,spindle assembly,35,0.0096068450767349,0.0002877213158555,0.009319123760879401,698767.0,0.015116062813603205,0.05884879415982928,False
GO:0009684,indoleacetic acid biosynthetic process,11,-0.1125373237148213,0.0002877213158555,-0.1128250450306768,102614.0,0.0152642735631695,0.05919984423738741,False
GO:0048564,photosystem I assembly,28,-0.0181595133049289,0.0002877213158555,-0.0184472346207844,332456.0,0.015425919073680263,0.05960014187558283,False
GO:1901259,chloroplast rRNA processing,24,0.0229908393005549,0.0002877213158555,0.0227031179846994,497594.0,0.015847364370877057,0.060997402484130554,False
GO:0006633,fatty acid biosynthetic process,81,0.0132944683943951,0.0002877213158555,0.013006747078539601,1506918.0,0.016129267088139693,0.06184906928534769,False
GO:0009408,response to heat,218,0.0050124104988618495,0.0002877213158555,0.0047246891830063495,3827216.0,0.016410833263589917,0.06269307089461316,False
GO:0006282,regulation of DNA repair,15,0.0178398955562358,0.0002877213158555,0.0175521742403803,328747.0,0.016547315615148682,0.06297858928153603,False
GO:0048467,gynoecium development,20,0.02978478481243325,0.0002877213158555,0.02949706349657775,422681.0,0.016690032390658433,0.0632856246783331,False
GO:0006289,nucleotide-excision repair,40,0.01211488677760975,0.0002877213158555,0.01182716546175425,785906.0,0.017123946771268276,0.06469046558034681,False
GO:0006644,phospholipid metabolic process,16,-0.01134007729065815,0.0002877213158555,-0.01162779860651365,169563.0,0.017285160275751003,0.06505853683123994,False
GO:0002239,response to oomycetes,25,0.0258875991463223,0.0002877213158555,0.0255998778304668,514357.0,0.017440437228169972,0.0651633378631906,False
GO:0120009,intermembrane lipid transfer,29,-0.020375335933545,0.0002877213158555,-0.0206630572494005,348725.0,0.017440775722206897,0.0651633378631906,False
GO:0006098,pentose-phosphate shunt,24,-0.030909140493954303,0.0002877213158555,-0.031196861809809802,279056.0,0.017654808285570953,0.06559634855967385,False
GO:0006270,DNA replication initiation,22,0.0186680839721688,0.0002877213158555,0.0183803626563133,458883.0,0.017685290052853242,0.06559634855967385,False
GO:0046854,phosphatidylinositol phosphate biosynthetic process,31,0.0158261815527856,0.0002877213158555,0.015538460236930101,622989.0,0.01808659361869092,0.06684175902559689,False
GO:0010256,endomembrane system organization,18,-0.014944565859334149,0.0002877213158555,-0.015232287175189648,197242.0,0.018240444005377034,0.0671669779259371,False
GO:0019722,calcium-mediated signaling,84,0.0002877213158555,0.0002877213158555,0.0,1152430.0,0.01852499977677584,0.06796942364140776,False
GO:0002758,innate immune response-activating signaling pathway,14,0.021065544190495097,0.0002877213158555,0.020777822874639598,308095.0,0.018705030907768545,0.068383983963885,False
GO:0030042,actin filament depolymerization,17,-0.0542208796809232,0.0002877213158555,-0.0545086009967787,184286.0,0.018958162248689892,0.0690618767630846,False
GO:0030422,siRNA processing,26,0.01950556554688715,0.0002877213158555,0.01921784423103165,531037.0,0.019142135317456527,0.06948390755802725,False
GO:0009850,auxin metabolic process,16,-0.0234349820226235,0.0002877213158555,-0.023722703338479,171090.0,0.01930234297359985,0.0696669462083635,False
GO:0048229,gametophyte development,25,0.0408570615719178,0.0002877213158555,0.0405693402560623,512578.0,0.01932916252643811,0.0696669462083635,False
GO:0006189,'de novo' IMP biosynthetic process,12,0.033241983303923195,0.0002877213158555,0.032954261988067696,269247.0,0.01946924741321106,0.06992476183618057,False
GO:0006259,DNA metabolic process,29,0.0116493688329452,0.0002877213158555,0.0113616475170897,585206.0,0.019612797674879136,0.07019317062588322,False
GO:0055075,potassium ion homeostasis,11,-0.0286193320387493,0.0002877213158555,-0.0289070533546048,105518.0,0.01969324387175357,0.07023464597618406,False
GO:0009845,seed germination,104,0.0138403439484206,0.0002877213158555,0.013552622632565101,1895290.0,0.020145727274630803,0.0713724876013215,False
GO:0009932,cell tip growth,10,-0.02835048897800305,0.0002877213158555,-0.02863821029385855,92984.0,0.020152231793314306,0.0713724876013215,False
GO:0006096,glycolytic process,58,-0.00762059902440875,0.0002877213158555,-0.007908320340264249,771020.0,0.020621215166331856,0.07278075941058303,False
GO:0009642,response to light intensity,24,-0.01503562275029655,0.0002877213158555,-0.01532334406615205,281790.0,0.02072734885737352,0.07290308908455514,False
GO:0006384,transcription initiation at RNA polymerase III promoter,13,0.0123048019398686,0.0002877213158555,0.012017080624013101,287347.0,0.02127659035913109,0.07439647173054201,False
GO:0030026,intracellular manganese ion homeostasis,16,-0.0244895034433502,0.0002877213158555,-0.0247772247592057,172469.0,0.02129781347580222,0.07439647173054201,False
GO:0001558,regulation of cell growth,12,0.0550754133438463,0.0002877213158555,0.0547876920279908,267988.0,0.021593517830701035,0.07517197333554627,False
GO:0033554,cellular response to stress,14,0.04268660635541535,0.0002877213158555,0.04239888503955985,306127.0,0.021736239900105224,0.07541144455138547,False
GO:0030148,sphingolipid biosynthetic process,24,-0.02334995961184675,0.0002877213158555,-0.02363768092770225,282803.0,0.021978848533055324,0.07599466272446247,False
GO:0009611,response to wounding,250,-0.0012202874332288998,0.0002877213158555,-0.0015080087490844,3672855.0,0.02275688340124322,0.07841899009887866,False
GO:0030488,tRNA methylation,16,0.03401810400500485,0.0002877213158555,0.03373038268914935,342517.0,0.024006508983725923,0.08244559338088908,False
GO:0009773,photosynthetic electron transport in photosystem I,16,-0.03011414173984285,0.0002877213158555,-0.03040186305569835,174219.0,0.024087045909318577,0.08244559338088908,False
GO:1905421,regulation of plant organ morphogenesis,10,0.0551327638116027,0.0002877213158555,0.054845042495747204,227823.0,0.024482863971490975,0.08348975279524701,False
GO:0006897,endocytosis,24,0.023243745918055052,0.0002877213158555,0.022956024602199553,490100.0,0.024555809645660884,0.08348975279524701,False
GO:0000103,sulfate assimilation,21,-0.0279157549914288,0.0002877213158555,-0.0282034763072843,243357.0,0.0251371646581455,0.08518241844288509,False
GO:0000712,resolution of meiotic recombination intermediates,16,0.02730184585821995,0.0002877213158555,0.027014124542364452,341663.0,0.02547480587241264,0.08604073506576454,False
GO:0098838,folate transmembrane transport,10,-0.0174761252745919,0.0002877213158555,-0.0177638465904474,95719.0,0.025698013469237325,0.08650816415386822,False
GO:0009416,response to light stimulus,217,-0.0031186491124837,0.0002877213158555,-0.0034063704283392,3178019.0,0.026412134769122478,0.08861966271218726,False
GO:2000377,regulation of reactive oxygen species metabolic process,30,-0.02435572285515345,0.0002877213158555,-0.02464344417100895,371381.0,0.027144036710010793,0.09064222261269801,False
GO:0010074,maintenance of meristem identity,12,0.02053453921990665,0.0002877213158555,0.02024681790405115,265123.0,0.027192666783809404,0.09064222261269801,False
GO:0006120,"mitochondrial electron transport, NADH to ubiquinone",14,-0.0187116914067865,0.0002877213158555,-0.018999412722642,149118.0,0.027408176548042548,0.09106299700001108,False
GO:0045490,pectin catabolic process,108,-9.051720516625326e-05,0.0002877213158555,-0.0003782385210217533,1526225.0,0.027975236193967197,0.09264526272028098,False
GO:0070370,cellular heat acclimation,11,0.062071466525717,0.0002877213158555,0.061783745209861504,245529.0,0.028140303108949733,0.09269341767719814,False
GO:0006508,proteolysis,380,0.000259937130023,0.0002877213158555,-2.778418583250004e-05,5669851.0,0.02817152890189355,0.09269341767719814,False
GO:0009423,chorismate biosynthetic process,10,-0.03027663250250625,0.0002877213158555,-0.03056435381836175,97068.0,0.028889251846833035,0.0947493147388093,False
GO:0098655,monoatomic cation transmembrane transport,44,-0.02892226952079545,0.0002877213158555,-0.029209990836650948,574891.0,0.029046801027950618,0.09489233923205562,False
GO:0006821,chloride transport,11,-0.068630825186663,0.0002877213158555,-0.0689185465025185,110165.0,0.02911892370552295,0.09489233923205562,False
GO:0009808,lignin metabolic process,12,-0.0395714198254732,0.0002877213158555,-0.0398591411413287,123430.0,0.029397034426309778,0.09549355132113367,False
GO:0061723,glycophagy,10,-0.014765227839977801,0.0002877213158555,-0.0150529491558333,97350.0,0.02959786534144688,0.09584070681992322,False
GO:0017148,negative regulation of translation,27,0.0251156909949579,0.0002877213158555,0.0248279696791024,540946.0,0.02996133830880498,0.0967106489714591,False
GO:0010305,leaf vascular tissue pattern formation,30,0.023308356042114953,0.0002877213158555,0.023020634726259454,594591.0,0.030581853326664764,0.09809902949630946,False
GO:0010608,post-transcriptional regulation of gene expression,36,0.00248183860560945,0.0002877213158555,0.0021941172897539498,701845.0,0.030583815078261183,0.09809902949630946,False
GO:0009867,jasmonic acid mediated signaling pathway,76,0.00146773016010205,0.0002877213158555,0.00118000884424655,1400246.0,0.03078115120536932,0.09842248974757588,False
GO:0010114,response to red light,78,-0.020819715329463,0.0002877213158555,-0.0211074366453185,1079696.0,0.03112758752713572,0.0992191852427451,False
GO:0043039,tRNA aminoacylation,10,0.0745358241785524,0.0002877213158555,0.0742481028626969,224694.0,0.03208521096983588,0.10192737313663346,False
GO:0010468,regulation of gene expression,172,0.00307396062529015,0.0002877213158555,0.00278623930943465,3025069.5,0.03218880358729185,0.10192737313663346,False
GO:0007020,microtubule nucleation,13,0.0110555851683103,0.0002877213158555,0.0107678638524548,281865.0,0.032357165496150114,0.10192737313663346,False
GO:0007080,mitotic metaphase chromosome alignment,14,0.030421983079757346,0.0002877213158555,0.030134261763901847,300712.0,0.032376930290460036,0.10192737313663346,False
GO:0009789,positive regulation of abscisic acid-activated signaling pathway,54,-0.0047112842158095,0.0002877213158555,-0.004999005531665,724475.0,0.032498169264860974,0.10199425430817906,False
GO:0009073,aromatic amino acid biosynthetic process,13,-0.0254239675960256,0.0002877213158555,-0.0257116889118811,138223.0,0.03293857707485271,0.103059351583895,False
GO:0071421,manganese ion transmembrane transport,26,-0.01694352659260355,0.0002877213158555,-0.01723124790845905,318695.0,0.033628189069903,0.10478834408283365,False
GO:0008285,negative regulation of cell population proliferation,42,0.02146926358223335,0.0002877213158555,0.02118154226637785,805828.0,0.0337604578583016,0.10478834408283365,False
GO:0010214,seed coat development,39,-0.003037285177077,0.0002877213158555,-0.0033250064929325,505772.0,0.03386081949618482,0.10478834408283365,False
GO:0016567,protein ubiquitination,660,-0.00013697382679873744,0.0002877213158555,-0.0004246951426542375,9941435.0,0.03399320007355215,0.10478834408283365,False
GO:1901348,positive regulation of secondary cell wall biogenesis,10,-0.0468434965293199,0.0002877213158555,-0.0471312178451754,98984.0,0.034004844991586215,0.10478834408283365,False
GO:0006790,sulfur compound metabolic process,13,-0.0279157549914288,0.0002877213158555,-0.0282034763072843,138898.0,0.03462196829204527,0.1063686977647174,False
GO:0006779,porphyrin-containing compound biosynthetic process,16,-0.03542566175063075,0.0002877213158555,-0.03571338306648625,179798.0,0.035192097603079134,0.10779561427970184,False
GO:0071806,protein transmembrane transport,21,0.0076154576353657,0.0002877213158555,0.0073277363195102,428809.0,0.03558772265256904,0.10868106917850426,False
GO:0010467,gene expression,16,0.03087104137041165,0.0002877213158555,0.030583320054556152,336672.0,0.03570284722765951,0.10870717663347075,False
GO:0010099,regulation of photomorphogenesis,23,0.0291617629808591,0.0002877213158555,0.0288740416650036,465053.0,0.035974479717563415,0.10920824199974609,False
GO:0009624,response to nematode,91,-0.0055631928978538,0.0002877213158555,-0.0058509142137093,1280106.0,0.03647144487380308,0.11038834946967103,False
GO:0080022,primary root development,45,-0.0082029311104091,0.0002877213158555,-0.0084906524262646,596071.0,0.03776523938701307,0.11396610702589745,False
GO:0070475,rRNA base methylation,21,0.0162187204021941,0.0002877213158555,0.0159309990863386,427643.0,0.038050150122199096,0.11416898999457212,False
GO:2000280,regulation of root development,70,-0.00545503656906015,0.0002877213158555,-0.00574275788491565,966698.0,0.038056329998190704,0.11416898999457212,False
GO:0034219,carbohydrate transmembrane transport,42,-0.0024429464200227003,0.0002877213158555,-0.0027306677358782004,552752.0,0.0387161613738025,0.11530103937261693,False
GO:0034599,cellular response to oxidative stress,61,-0.0159253658786529,0.0002877213158555,-0.0162130871945084,833173.0,0.03875929229302086,0.11530103937261693,False
GO:0090627,plant epidermal cell differentiation,16,0.032239480533014,0.0002877213158555,0.0319517592171585,335415.0,0.03877280049490942,0.11530103937261693,False
GO:0006352,DNA-templated transcription initiation,35,0.0131922842404892,0.0002877213158555,0.0129045629246337,678655.5,0.03893602787648083,0.11544985009886757,False
GO:0060966,regulation of gene silencing by regulatory ncRNA,12,0.0188666027456677,0.0002877213158555,0.0185788814298122,260148.0,0.039906811516992075,0.11798535578936786,False
GO:0071470,cellular response to osmotic stress,13,-0.0185762332788433,0.0002877213158555,-0.0188639545946988,141143.0,0.040759153129754186,0.12015704101835048,False
GO:0048235,pollen sperm cell differentiation,36,0.0047920285979629,0.0002877213158555,0.0045043072821074,694875.0,0.04156890045250046,0.122191004211961,False
GO:0098542,defense response to other organism,174,-0.00106056631347215,0.0002877213158555,-0.00134828762932765,2546034.0,0.04180894506207525,0.12254345966470331,False
GO:0048573,"photoperiodism, flowering",57,0.0127370041705546,0.0002877213158555,0.0124492828546991,1062238.0,0.041990233664365585,0.12272217288725758,False
GO:0032922,circadian regulation of gene expression,16,-0.0299957155170405,0.0002877213158555,-0.030283436832896,182604.0,0.04226511664727581,0.12312212769458952,False
GO:0097352,autophagosome maturation,14,-0.04298680221721585,0.0002877213158555,-0.043274523533071346,155250.0,0.04236849688313816,0.12312212769458952,False
GO:0000963,mitochondrial RNA processing,31,0.0188539948503745,0.0002877213158555,0.018566273534519,605443.0,0.04278971095138322,0.12399291241594,False
GO:0090110,COPII-coated vesicle cargo loading,13,0.0264557098871324,0.0002877213158555,0.0261679885712769,277908.0,0.04314910158201705,0.12468012355143737,False
GO:0001578,microtubule bundle formation,10,0.024555313613220803,0.0002877213158555,0.024267592297365304,221010.0,0.043548963689699335,0.1254800648686252,False
GO:0032511,late endosome to vacuole transport via multivesicular body sorting pathway,10,-0.0603398375621695,0.0002877213158555,-0.060627558878025,102028.0,0.04371864365163828,0.1256141310554114,False
GO:0140547,acquisition of seed longevity,11,-0.0401299730744286,0.0002877213158555,-0.0404176943902841,115331.0,0.04392338746280523,0.1258479078990487,False
GO:0045995,regulation of embryonic development,16,0.0146200794752222,0.0002877213158555,0.0143323581593667,333248.0,0.044591938821034016,0.12734451319522425,False
GO:0015706,nitrate transmembrane transport,31,-0.0048619571125764,0.0002877213158555,-0.0051496784284319,396122.0,0.04469542718028459,0.12734451319522425,False
GO:0045893,positive regulation of DNA-templated transcription,395,0.0034200885653815,0.0002877213158555,0.0031323672495259997,6672155.0,0.045077981205410414,0.12799380635637408,False
GO:0005983,starch catabolic process,23,0.0172222949611712,0.0002877213158555,0.0169345736453157,460842.0,0.045174284596367326,0.12799380635637408,False
GO:2000028,"regulation of photoperiodism, flowering",80,0.008427259649396349,0.0002877213158555,0.00813953833354085,1455631.0,0.04568986449497671,0.12909601602458792,False
GO:0006075,(1->3)-beta-D-glucan biosynthetic process,12,0.03630667662870605,0.0002877213158555,0.03601895531285055,258132.0,0.04633861990867433,0.129913630267247,False
GO:0009554,megasporogenesis,14,-0.015161631426040349,0.0002877213158555,-0.015449352741895848,156562.0,0.04634098313357754,0.129913630267247,False
GO:1901332,negative regulation of lateral root development,10,-0.03798201928048185,0.0002877213158555,-0.03826974059633735,102756.0,0.04636133472282148,0.129913630267247,False
GO:0071333,cellular response to glucose stimulus,15,0.0309555053287508,0.0002877213158555,0.0306677840128953,313792.0,0.04742753073677769,0.13253720918222806,False
GO:0010274,hydrotropism,14,-0.0422889597849467,0.0002877213158555,-0.0425766811008022,156989.0,0.04769967280884113,0.13293351438529497,False
GO:0009650,UV protection,11,0.0443870169448977,0.0002877213158555,0.044099295629042204,238725.0,0.04823346645343344,0.1340548658923763,False
GO:0046688,response to copper ion,15,-0.0423673880346913,0.0002877213158555,-0.0426551093505468,171190.0,0.049226840414403006,0.1364439598442692,False
GO:0009938,negative regulation of gibberellic acid mediated signaling pathway,12,0.025279379826336303,0.0002877213158555,0.024991658510480803,257239.0,0.04945499677060778,0.13670486912200525,False
GO:0006012,galactose metabolic process,22,-0.008353580093961751,0.0002877213158555,-0.00864130140981725,269338.0,0.04969042169073749,0.13698440574203308,False
GO:0009617,response to bacterium,207,-0.0025592032945523,0.0002877213158555,-0.0028469246104078,3061973.0,0.051368237488950606,0.14111806007406905,False
GO:0009648,photoperiodism,15,-0.0573707373881346,0.0002877213158555,-0.0576584587039901,171878.0,0.05146658661524871,0.14111806007406905,False
GO:1904823,purine nucleobase transmembrane transport,24,-0.0077931366260200995,0.0002877213158555,-0.008080857941875599,298703.0,0.05206702658502173,0.14238168127807552,False
GO:0072334,UDP-galactose transmembrane transport,12,0.039079971629746954,0.0002877213158555,0.038792250313891455,256483.0,0.05222895664498104,0.14244260903176648,False
GO:0034337,RNA folding,12,0.0454018953755182,0.0002877213158555,0.0451141740596627,256127.0,0.05357960513588917,0.14573652596961853,False
GO:0006952,defense response,449,-0.0001323321193607,0.0002877213158555,-0.0004200534352162,6774991.0,0.05433433100807839,0.14739632347936157,False
GO:0019430,removal of superoxide radicals,15,0.0153853832023203,0.0002877213158555,0.015097661886464801,311227.0,0.05594946454918762,0.151375209125123,False
GO:0010581,regulation of starch biosynthetic process,15,0.0231982092897945,0.0002877213158555,0.022910487973939,311120.0,0.05633102800207751,0.15200436127544725,False
GO:0009933,meristem structural organization,21,0.0122328018114302,0.0002877213158555,0.011945080495574701,420333.0,0.05701351418637064,0.1527548880282804,False
GO:0030865,cortical cytoskeleton organization,15,-0.0424357968463033,0.0002877213158555,-0.0427235181621588,173489.0,0.05704642605882405,0.1527548880282804,False
GO:0043161,proteasome-mediated ubiquitin-dependent protein catabolic process,163,0.0023306088134341,0.0002877213158555,0.0020428874975786,2845887.0,0.05705844346938709,0.1527548880282804,False
GO:0048015,phosphatidylinositol-mediated signaling,15,-0.015717860167168,0.0002877213158555,-0.016005581483023498,173616.0,0.05750692546908508,0.15355252350383974,False
GO:0009735,response to cytokinin,67,-0.0114752224601161,0.0002877213158555,-0.0117629437759716,935613.0,0.05810913798337442,0.15475540663979612,False
GO:0007031,peroxisome organization,22,0.02037960330363415,0.0002877213158555,0.02009188198777865,437799.0,0.058762882947878625,0.1560889078303026,False
GO:0009088,L-threonine biosynthetic process,10,0.056767486529654146,0.0002877213158555,0.05647976521379865,217085.0,0.05939045661189321,0.15734614478995085,False
GO:0010120,camalexin biosynthetic process,15,0.0465329408910453,0.0002877213158555,0.0462452195751898,310065.0,0.060210431096886584,0.15910528424565884,False
GO:0010053,root epidermal cell differentiation,21,-0.0180457076932892,0.0002877213158555,-0.0183334290091447,259078.0,0.061303075981827465,0.16157399871179332,False
GO:0043547,positive regulation of GTPase activity,10,-0.00785185266577185,0.0002877213158555,-0.00813957398162735,106390.0,0.06164462935201552,0.16205546891509234,False
GO:1901002,positive regulation of response to salt stress,18,-0.0123342295824694,0.0002877213158555,-0.012621950898324899,216960.0,0.06257497055149573,0.1640783289525081,False
GO:0009744,response to sucrose,72,-0.0173185288602429,0.0002877213158555,-0.0176062501760984,1013693.0,0.06321093401027017,0.16492362534853658,False
GO:0048825,cotyledon development,39,0.0082691093101337,0.0002877213158555,0.007981387994278201,737387.0,0.06322072305027236,0.16492362534853658,False
GO:0006900,vesicle budding from membrane,24,-0.00453472600166475,0.0002877213158555,-0.00482244731752025,302847.0,0.06404878101197252,0.16665754242911215,False
GO:0006997,nucleus organization,13,0.0182492764144292,0.0002877213158555,0.017961555098573702,272120.0,0.06430032994867341,0.16688635253854167,False
GO:0006813,potassium ion transport,30,-0.00839699343668835,0.0002877213158555,-0.00868471475254385,390128.0,0.06543863466378369,0.16940966334279026,False
GO:0031540,regulation of anthocyanin biosynthetic process,12,-0.00507746677750065,0.0002877213158555,-0.00536518809335615,134441.0,0.06617825814511098,0.17089069191902076,False
GO:1902025,nitrate import,15,-0.0018039651762686,0.0002877213158555,-0.0020916864921241,176191.0,0.06753037440670649,0.17394187347181975,False
GO:0042659,regulation of cell fate specification,10,0.061373743649776755,0.0002877213158555,0.061086022333921255,215020.0,0.06948422932800018,0.17852371263113395,False
GO:0045039,protein insertion into mitochondrial inner membrane,15,0.0060065762472401,0.0002877213158555,0.0057188549313846,307664.0,0.06986914741893478,0.17906163408872733,False
GO:0010029,regulation of seed germination,61,0.0118334628933049,0.0002877213158555,0.0115457415774494,1115114.0,0.07063578553795516,0.18057268483387034,False
GO:0046686,response to cadmium ion,72,0.0175958870084752,0.0002877213158555,0.0173081656926197,1303142.0,0.07119959274559509,0.18143055526471652,False
GO:0006817,phosphate ion transport,20,-0.015242216680400648,0.0002877213158555,-0.015529937996256148,247701.0,0.07132711045210914,0.18143055526471652,False
GO:0009266,response to temperature stimulus,50,0.01327105463981495,0.0002877213158555,0.012983333323959451,925220.0,0.07152673236519026,0.18148573883704994,False
GO:0051259,protein complex oligomerization,17,0.0361638949078621,0.0002877213158555,0.0358761735920066,343608.0,0.07213961200390093,0.18258661102724305,False
GO:0023051,regulation of signaling,12,-0.009351426163063049,0.0002877213158555,-0.009639147478918548,135786.0,0.07256254651263262,0.18320246891803288,False
GO:0010224,response to UV-B,66,-0.00107428215818465,0.0002877213158555,-0.00136200347404015,929182.0,0.07482257189506918,0.18844203292091496,False
GO:0019674,NAD+ metabolic process,11,-0.0306328764613947,0.0002877213158555,-0.0309205977772502,122621.0,0.07522560011201149,0.18899042392672838,False
GO:0006865,amino acid transport,14,-0.01610529063920425,0.0002877213158555,-0.01639301195505975,164115.0,0.07577098889152376,0.18989289599349932,False
GO:0010497,plasmodesmata-mediated intercellular transport,25,-0.0158026550190964,0.0002877213158555,-0.0160903763349519,321048.0,0.07672357842657608,0.1918089460664402,False
GO:0055062,phosphate ion homeostasis,16,-0.021494005814584598,0.0002877213158555,-0.021781727130440097,192604.0,0.0779414118792335,0.1943771152000444,False
GO:0016132,brassinosteroid biosynthetic process,23,-0.0081370087898416,0.0002877213158555,-0.008424730105697099,292670.0,0.0786681961340682,0.19527503223540368,False
GO:0009738,abscisic acid-activated signaling pathway,117,-0.0029806403660492,0.0002877213158555,-0.0032683616819047002,1706181.0,0.0786843512242656,0.19527503223540368,False
GO:0009960,endosperm development,36,0.0047219599844783005,0.0002877213158555,0.0044342386686228,678745.5,0.08022413202615074,0.19814843124103973,False
GO:0010286,heat acclimation,62,0.00975289409580655,0.0002877213158555,0.00946517277995105,1127990.0,0.08023068833583276,0.19814843124103973,False
GO:0009616,RNAi-mediated antiviral immune response,11,0.0273872641231572,0.0002877213158555,0.027099542807301702,231666.0,0.08063028163582167,0.19865431707376355,False
GO:0009759,indole glucosinolate biosynthetic process,10,-0.060791535937176344,0.0002877213158555,-0.06107925725303184,110015.0,0.08082779950157866,0.19866109757014513,False
GO:0006955,immune response,55,0.0036082497833067,0.0002877213158555,0.0033205284674512,1007093.0,0.08219137975134193,0.20152694073646338,False
GO:0009687,abscisic acid metabolic process,14,-0.039358327791037304,0.0002877213158555,-0.0396460491068928,165608.0,0.08310054973551916,0.20326753172716916,False
GO:0019252,starch biosynthetic process,36,0.01146679356160925,0.0002877213158555,0.01117907224575375,677409.0,0.0844395361644157,0.2060486289179522,False
GO:1902358,sulfate transmembrane transport,17,0.0360697956396162,0.0002877213158555,0.0357820743237607,340655.0,0.08517527885083415,0.20720454145063735,False
GO:0000727,double-strand break repair via break-induced replication,11,0.0144820824248157,0.0002877213158555,0.014194361108960201,230849.0,0.0853195170679095,0.20720454145063735,False
GO:0010628,positive regulation of gene expression,34,0.01751424072428215,0.0002877213158555,0.01722651940842665,641853.0,0.08645046771767458,0.2094524396010168,False
GO:0052543,callose deposition in cell wall,16,0.01273808410295795,0.0002877213158555,0.01245036278710245,322128.0,0.08720880648614715,0.21078905833144573,False
GO:0006102,isocitrate metabolic process,12,-0.016631481923898548,0.0002877213158555,-0.016919203239754047,138595.0,0.08752428338749889,0.21080309753199167,False
GO:0010380,regulation of chlorophyll biosynthetic process,17,-0.009779212879997,0.0002877213158555,-0.010066934195852499,208838.0,0.08770037335619431,0.21080309753199167,False
GO:0006354,DNA-templated transcription elongation,12,0.03545292957779965,0.0002877213158555,0.03516520826194415,248915.0,0.0878346239716632,0.21080309753199167,False
GO:0006574,L-valine catabolic process,14,0.018537250410649048,0.0002877213158555,0.01824952909479355,285513.0,0.08837178913965743,0.2115944247005882,False
GO:0016998,cell wall macromolecule catabolic process,16,-0.0859122393731797,0.0002877213158555,-0.0861999606890352,194918.0,0.08899761174596856,0.2125938266531333,False
GO:0031349,positive regulation of defense response,19,0.0122639677897972,0.0002877213158555,0.011976246473941701,375717.0,0.08970081506380714,0.21299540448802953,False
GO:0090558,plant epidermis development,13,0.0266424754667295,0.0002877213158555,0.026354754150874002,266968.0,0.08972723250270692,0.21299540448802953,False
GO:0010048,vernalization response,17,0.0200490569370656,0.0002877213158555,0.019761335621210102,339697.0,0.089792180323385,0.21299540448802953,False
GO:0010067,procambium histogenesis,10,-0.0456015947772386,0.0002877213158555,-0.0458893160930941,111632.0,0.09082472187926204,0.2149448174404809,False
GO:0010117,photoprotection,13,-0.0369228502859132,0.0002877213158555,-0.0372105716017687,153319.0,0.0922242614334573,0.21775172838455195,False
GO:0010025,wax biosynthetic process,26,0.0066977533875793496,0.0002877213158555,0.0064100320717238495,499464.0,0.09324658488821218,0.21965708218470306,False
GO:0050829,defense response to Gram-negative bacterium,24,-0.01358823816456135,0.0002877213158555,-0.013875959480416849,310831.0,0.09353883685593296,0.21983781933882862,False
GO:0032509,endosome transport via multivesicular body sorting pathway,11,-0.0242576763046156,0.0002877213158555,-0.024545397620471098,126069.0,0.09539727968335064,0.2233926860634056,False
GO:0008299,isoprenoid biosynthetic process,30,0.0171845141769911,0.0002877213158555,0.0168967928611356,569301.0,0.09548942267024003,0.2233926860634056,False
GO:1902600,proton transmembrane transport,148,-0.00041961881800995,0.0002877213158555,-0.0007073401338654501,2191582.5,0.09614826464696957,0.2244192904803409,False
GO:0051123,RNA polymerase II preinitiation complex assembly,11,0.0231819825638541,0.0002877213158555,0.0228942612479986,229005.0,0.09671492761666618,0.2250831366701315,False
GO:0016123,xanthophyll biosynthetic process,10,-0.0200960171663696,0.0002877213158555,-0.0203837384822251,112542.0,0.09687401666488993,0.2250831366701315,False
GO:0006006,glucose metabolic process,24,-0.010235819941936999,0.0002877213158555,-0.010523541257792498,311988.0,0.09859890206533665,0.22857018206055316,False
GO:0035434,copper ion transmembrane transport,12,-0.02683724619082535,0.0002877213158555,-0.02712496750668085,140711.0,0.10036395801921386,0.23213432467029055,False
GO:0045944,positive regulation of transcription by RNA polymerase II,159,0.0002877213158555,0.0002877213158555,0.0,2747506.0,0.1024243920539208,0.23636398166289416,False
GO:0030154,cell differentiation,92,0.0027572649665796502,0.0002877213158555,0.00246954365072415,1627497.0,0.10328993961516471,0.23782333726290744,False
GO:1900458,negative regulation of brassinosteroid mediated signaling pathway,10,-0.02247428856928025,0.0002877213158555,-0.02276200988513575,113548.0,0.10393199630600697,0.23876269421650248,False
GO:0006536,glutamate metabolic process,12,-0.02727601005462775,0.0002877213158555,-0.02756373137048325,141513.0,0.10560628421271669,0.24201675097991635,False
GO:0010267,ta-siRNA processing,17,0.0246395866520764,0.0002877213158555,0.024351865336220902,336651.0,0.10582301072259087,0.24201675097991635,False
GO:0009556,microsporogenesis,32,0.0112443946444429,0.0002877213158555,0.0109566733285874,601421.0,0.1069991792217878,0.24415920090877752,False
GO:0009851,auxin biosynthetic process,22,-0.00697950449396885,0.0002877213158555,-0.00726722580982435,284854.0,0.10788393626430555,0.24554980002129764,False
GO:0046653,tetrahydrofolate metabolic process,11,-0.0304935996531493,0.0002877213158555,-0.0307813209690048,127953.0,0.10812745623368918,0.24554980002129764,False
GO:0055046,microgametogenesis,30,0.00334254509403225,0.0002877213158555,0.00305482377817675,566167.0,0.10833079412704308,0.24554980002129764,False
GO:0080147,root hair cell development,33,-0.0070043073493394,0.0002877213158555,-0.0072920286651949,446698.0,0.10883841969849326,0.2458544081974423,False
GO:0009751,response to salicylic acid,144,0.00391164657347785,0.0002877213158555,0.0036239252576223497,2494772.0,0.10912745963008107,0.2458544081974423,False
GO:0033353,L-methionine cycle,12,-0.04433051937257525,0.0002877213158555,-0.044618240688430746,142043.0,0.10918828128768761,0.2458544081974423,False
GO:1902074,response to salt,53,-0.0080970302656721,0.0002877213158555,-0.0083847515815276,746317.0,0.10983343470415431,0.24661616281308119,False
GO:0051260,protein homooligomerization,24,-0.00883493209233855,0.0002877213158555,-0.00912265340819405,314433.0,0.11001015105877641,0.24661616281308119,False
GO:0048354,mucilage biosynthetic process involved in seed coat development,23,-0.0101466926877533,0.0002877213158555,-0.010434414003608799,299940.0,0.11052057834582385,0.24721708314197438,False
GO:0009733,response to auxin,323,0.0014500714212202,0.0002877213158555,0.0011623501053647,5431154.0,0.11148299049910737,0.2488241801074169,False
GO:0009698,phenylpropanoid metabolic process,12,-0.02361169354964955,0.0002877213158555,-0.02389941486550505,142416.0,0.11176630064694065,0.2489118486023569,False
GO:0006890,"retrograde vesicle-mediated transport, Golgi to endoplasmic reticulum",43,0.0163279017981247,0.0002877213158555,0.0160401804822692,790734.0,0.1124023708440915,0.24978304632020334,False
GO:0008104,intracellular protein localization,31,-0.0181790541546908,0.0002877213158555,-0.018466775470546298,417988.0,0.1126970614553588,0.24986932779309987,False
GO:0031145,anaphase-promoting complex-dependent catabolic process,21,0.0081170019290146,0.0002877213158555,0.0078292806131591,406704.0,0.11315049104715559,0.24986932779309987,False
GO:0009051,"pentose-phosphate shunt, oxidative branch",15,-0.0298812935717056,0.0002877213158555,-0.0301690148875611,185007.0,0.11319731968548227,0.24986932779309987,False
GO:0006623,protein targeting to vacuole,32,-0.01779527325055855,0.0002877213158555,-0.01808299456641405,432963.0,0.11342107722373063,0.24986932779309987,False
GO:0016485,protein processing,17,0.0127689713674413,0.0002877213158555,0.012481250051585801,335285.0,0.11371330529349853,0.24997321422277693,False
GO:0006559,L-phenylalanine catabolic process,11,-0.0216005174755557,0.0002877213158555,-0.021888238791411198,128859.0,0.11471045405643346,0.25127161871002596,False
GO:0006032,chitin catabolic process,22,-0.02019045969295945,0.0002877213158555,-0.02047818100881495,286243.0,0.11502308574673925,0.25127161871002596,False
GO:0006826,iron ion transport,15,-0.0176107210097632,0.0002877213158555,-0.0178984423256187,185298.0,0.1150429862133158,0.25127161871002596,False
GO:0009833,plant-type primary cell wall biogenesis,28,-0.0087779453132436,0.0002877213158555,-0.0090656666290991,374378.0,0.11587677658588898,0.2525519489692452,False
GO:0009969,xyloglucan biosynthetic process,17,-0.0191204445310047,0.0002877213158555,-0.019408165846860198,214178.0,0.11670856908701503,0.2538224743470263,False
GO:0019432,triglyceride biosynthetic process,30,-0.00382714536326325,0.0002877213158555,-0.00411486667911875,404553.0,0.11882781758299064,0.25788164666946906,False
GO:0031122,cytoplasmic microtubule organization,10,0.010331215122522601,0.0002877213158555,0.010043493806667102,207281.0,0.1204724241061916,0.26089569551659325,False
GO:0006468,protein phosphorylation,77,-0.0076046659944604,0.0002877213158555,-0.0078923873103159,1114242.0,0.1211412792136336,0.26178835762268277,False
GO:0006873,intracellular monoatomic ion homeostasis,12,0.0216865008336823,0.0002877213158555,0.021398779517826802,243750.0,0.12185814792647251,0.26278078411205485,False
GO:0036092,phosphatidylinositol-3-phosphate biosynthetic process,10,0.02944574511973715,0.0002877213158555,0.02915802380388165,206994.0,0.12281615875881957,0.26428793656961175,False
GO:0006892,post-Golgi vesicle-mediated transport,19,-0.0160212463344953,0.0002877213158555,-0.016308967650350798,244261.0,0.12409361687074853,0.2664747141224495,False
GO:2000067,regulation of root morphogenesis,27,-0.0175762623988947,0.0002877213158555,-0.0178639837147502,361721.0,0.12613881301270718,0.2702974564558011,False
GO:0017004,cytochrome complex assembly,10,0.030802871232761448,0.0002877213158555,0.03051514991690595,206369.0,0.12804324487731536,0.2738031651464605,False
GO:1900056,negative regulation of leaf senescence,24,0.02669958270191345,0.0002877213158555,0.02641186138605795,456729.0,0.12911217482760867,0.2755113354061942,False
GO:0009690,cytokinin metabolic process,18,-0.012088956936015551,0.0002877213158555,-0.01237667825187105,230724.0,0.1299688944584204,0.2767604850680351,False
GO:0009682,induced systemic resistance,32,-0.020264391351798652,0.0002877213158555,-0.02055211266765415,437057.0,0.1322320791330049,0.28099316815763536,False
GO:0000422,autophagy of mitochondrion,10,-0.0077434836925709995,0.0002877213158555,-0.008031205008426499,117422.0,0.13499324322574716,0.2857992948254893,False
GO:0051604,protein maturation,49,0.0067948809761947,0.0002877213158555,0.0065071596603392,887855.0,0.1350541765743979,0.2857992948254893,False
GO:0009755,hormone-mediated signaling pathway,37,-0.0106585552722083,0.0002877213158555,-0.010946276588063799,512524.0,0.13606593394522237,0.2873402603964354,False
GO:0010227,floral organ abscission,27,-0.0013974556252495,0.0002877213158555,-0.0016851769411050002,363657.0,0.13634577061948502,0.2873402603964354,False
GO:0009909,regulation of flower development,96,0.00419568626087035,0.0002877213158555,0.00390796494501485,1681860.0,0.13711290402917062,0.2878237183236986,False
GO:0009651,response to salt stress,401,0.0041024045917615,0.0002877213158555,0.0038146832759059996,6673431.0,0.13713953637776224,0.2878237183236986,False
GO:0019762,glucosinolate catabolic process,28,0.00642689519426615,0.0002877213158555,0.00613917387841065,524779.0,0.13972659450307298,0.2926511835587976,False
GO:0042538,hyperosmotic salinity response,60,-0.00995593158828805,0.0002877213158555,-0.010243652904143549,861021.0,0.1402179155536608,0.29307843005068446,False
GO:2000032,regulation of secondary shoot formation,19,0.0031829999749653,0.0002877213158555,0.0028952786591098,366611.0,0.140777709319529,0.2936467556358273,False
GO:0002238,response to molecule of fungal origin,22,0.0167348524743449,0.0002877213158555,0.016447131158489402,419321.0,0.14227215590229175,0.29615836534762774,False
GO:0010431,seed maturation,29,0.0136230397820245,0.0002877213158555,0.013335318466169001,541450.0,0.14374016144838175,0.29837971886638304,False
GO:0009585,"red, far-red light phototransduction",20,0.028681757692201,0.0002877213158555,0.0283940363763455,383816.0,0.14393519312214303,0.29837971886638304,False
GO:0072583,clathrin-dependent endocytosis,40,0.00808209438899685,0.0002877213158555,0.00779437307314135,731455.0,0.14421686411875181,0.29837971886638304,False
GO:0019288,"isopentenyl diphosphate biosynthetic process, methylerythritol phosphate pathway",10,-0.0073517464623721,0.0002877213158555,-0.0076394677782276,118551.0,0.14527969323738893,0.29997021680594477,False
GO:0001666,response to hypoxia,47,0.0121113869728332,0.0002877213158555,0.0118236656569777,851099.0,0.14573191578549324,0.30029606889131943,False
GO:0006401,RNA catabolic process,22,0.014492603949186101,0.0002877213158555,0.014204882633330602,418538.0,0.14720489627335517,0.3027197463685933,False
GO:0072593,reactive oxygen species metabolic process,19,-0.0243909748667976,0.0002877213158555,-0.024678696182653097,248098.0,0.14890879387559505,0.3056075850163118,False
GO:0010200,response to chitin,18,-0.018906525321342252,0.0002877213158555,-0.01919424663719775,233630.0,0.14965350469777336,0.3065192264894153,False
GO:0010223,secondary shoot formation,19,-0.0022088716849987,0.0002877213158555,-0.0024965930008542,248316.0,0.15042494773960394,0.307481857102998,False
GO:0048443,stamen development,23,0.0002877213158555,0.0002877213158555,0.0,435491.0,0.1510023053978037,0.30757199061140567,False
GO:0005513,detection of calcium ion,14,-0.029811147578054448,0.0002877213158555,-0.030098868893909947,175997.0,0.1512374938151587,0.30757199061140567,False
GO:0080113,regulation of seed growth,12,-0.00742179510832715,0.0002877213158555,-0.00770951642418265,147442.0,0.15137366596757415,0.30757199061140567,False
GO:0008360,regulation of cell shape,17,-0.0113315958973089,0.0002877213158555,-0.0116193172131644,219518.0,0.1527673431039323,0.30978665997218874,False
GO:0009308,amine metabolic process,10,-0.029740456001686497,0.0002877213158555,-0.030028177317541996,119509.0,0.15447006490779158,0.31214827875088474,False
GO:0006863,purine nucleobase transport,21,-0.0029020537286266,0.0002877213158555,-0.0031897750444821,278202.0,0.1545440007541145,0.31214827875088474,False
GO:0050793,regulation of developmental process,20,0.0161286328628782,0.0002877213158555,0.0158409115470227,382144.0,0.15526161438691444,0.3129779578550449,False
GO:0048193,Golgi vesicle transport,13,0.0238509453742216,0.0002877213158555,0.0235632240583661,257598.0,0.15615730279823511,0.31416262101420084,False
GO:0009767,photosynthetic electron transport chain,17,-0.0089786262318084,0.0002877213158555,-0.0092663475476639,220165.0,0.15765761321213012,0.31655662495348963,False
GO:0002229,defense response to oomycetes,75,-0.0024362856322248,0.0002877213158555,-0.0027240069480803,1095206.0,0.15918114214795842,0.31873165981163826,False
GO:0010205,photoinhibition,11,-0.0170667681238139,0.0002877213158555,-0.0173544894396694,134128.0,0.159431076684592,0.31873165981163826,False
GO:0070585,protein localization to mitochondrion,16,0.029507686471325498,0.0002877213158555,0.02921996515547,310785.0,0.1596783119252423,0.31873165981163826,False
GO:0046470,phosphatidylcholine metabolic process,11,-0.0125125769405242,0.0002877213158555,-0.012800298256379699,134230.0,0.16041141510353363,0.3195696160265709,False
GO:0009649,entrainment of circadian clock,13,-0.0239675121403514,0.0002877213158555,-0.0242552334562069,162935.0,0.16219165529525603,0.32153784621145104,False
GO:0045487,gibberellin catabolic process,11,-0.0251047696113797,0.0002877213158555,-0.0253924909272352,134420.0,0.16224967345585328,0.32153784621145104,False
GO:1902326,positive regulation of chlorophyll biosynthetic process,10,-0.0271110429292798,0.0002877213158555,-0.0273987642451353,120296.0,0.16234508901852673,0.32153784621145104,False
GO:0009231,riboflavin biosynthetic process,11,0.0215486776498861,0.0002877213158555,0.0212609563340306,220699.0,0.16380018617412306,0.3232969843630909,False
GO:0045332,phospholipid translocation,17,0.0219926290419796,0.0002877213158555,0.0217049077261241,327999.0,0.16386719697619412,0.3232969843630909,False
GO:0006545,glycine biosynthetic process,11,-0.0304935996531493,0.0002877213158555,-0.0307813209690048,134650.0,0.16449614909969779,0.32391133606504197,False
GO:0090333,regulation of stomatal closure,44,-0.0110753930036398,0.0002877213158555,-0.011363114319495299,624062.0,0.16531083858223938,0.32488835328301385,False
GO:0048767,root hair elongation,59,-0.0210543984973655,0.0002877213158555,-0.021342119813221,852226.0,0.16592976025639128,0.3254776066567675,False
GO:0046654,tetrahydrofolate biosynthetic process,12,-0.00925716555718265,0.0002877213158555,-0.00954488687303815,149253.0,0.16800987234686815,0.3287922435252523,False
GO:0010038,response to metal ion,22,-0.011381284579068649,0.0002877213158555,-0.011669005894924148,294910.0,0.1682642658040997,0.3287922435252523,False
GO:0045087,innate immune response,68,0.0062849921655630005,0.0002877213158555,0.0059972708497075,1201591.0,0.17006962202304154,0.33168454008317855,False
GO:0010197,polar nucleus fusion,30,0.0035023292702862,0.0002877213158555,0.0032146079544307,554017.0,0.17138607690715213,0.3336141191704107,False
GO:0019827,stem cell population maintenance,11,0.0251156909949579,0.0002877213158555,0.0248279696791024,219880.0,0.17196410339914692,0.3341016866040569,False
GO:0009267,cellular response to starvation,10,0.025709394427862,0.0002877213158555,0.0254216731120065,201409.0,0.17584883407504792,0.3409996402215758,False
GO:0045036,protein targeting to chloroplast,22,0.01345393083702555,0.0002877213158555,0.013166209521170051,414211.0,0.176849464550611,0.3422123027857644,False
GO:0045489,pectin biosynthetic process,43,-0.0178741555668368,0.0002877213158555,-0.018161876882692298,611257.0,0.17722440630221237,0.3422123027857644,False
GO:0007163,establishment or maintenance of cell polarity,13,-0.0424357968463033,0.0002877213158555,-0.0427235181621588,164613.0,0.17771502957127927,0.3422123027857644,False
GO:0009970,cellular response to sulfate starvation,13,0.0621788968517999,0.0002877213158555,0.0618911755359444,255206.0,0.17799271223835267,0.3422123027857644,False
GO:0009723,response to ethylene,113,0.003655619196212,0.0002877213158555,0.0033678978803565,1952321.0,0.17815169880317738,0.3422123027857644,False
GO:0015908,fatty acid transport,12,0.0245504403320332,0.0002877213158555,0.0242627190161777,237041.0,0.18047080623010303,0.3460154555539569,False
GO:0034314,Arp2/3 complex-mediated actin nucleation,10,-0.00625588678906455,0.0002877213158555,-0.00654360810492005,122054.0,0.18102489967818547,0.3461285175018463,False
GO:0010118,stomatal movement,36,-0.005584131737246751,0.0002877213158555,-0.005871853053102251,506142.0,0.18120845916273132,0.3461285175018463,False
GO:0000160,phosphorelay signal transduction system,58,0.00308634970750515,0.0002877213158555,0.00279862839164965,1029876.0,0.1824918458739384,0.3479283790493779,False
GO:0016192,vesicle-mediated transport,213,-0.0036677278044997,0.0002877213158555,-0.0039554491203551995,3237524.0,0.1828422382741185,0.34794605044701654,False
GO:0048358,mucilage pectin biosynthetic process,11,-0.0178741555668368,0.0002877213158555,-0.018161876882692298,136584.0,0.1843206836833915,0.34845975469002655,False
GO:0045493,xylan catabolic process,20,-0.00696975449791625,0.0002877213158555,-0.00725747581377175,267543.0,0.18434972678178418,0.34845975469002655,False
GO:0033384,geranyl diphosphate biosynthetic process,13,0.0152253492054355,0.0002877213158555,0.01493762788958,254538.0,0.18447869365942582,0.34845975469002655,False
GO:0045337,"trans, trans-farnesyl diphosphate biosynthetic process",13,0.0152253492054355,0.0002877213158555,0.01493762788958,254538.0,0.18447869365942582,0.34845975469002655,False
GO:0090307,mitotic spindle assembly,13,0.0219291903839148,0.0002877213158555,0.0216414690680593,254456.0,0.1852867799899438,0.3493392155078423,False
GO:0005982,starch metabolic process,15,0.0202796363084556,0.0002877213158555,0.019991914992600102,289799.0,0.18749752628476246,0.3528551232665271,False
GO:0006541,L-glutamine metabolic process,17,0.0083611049818521,0.0002877213158555,0.008073383665996602,325091.0,0.18799508233652595,0.35313993367082225,False
GO:0009691,cytokinin biosynthetic process,25,-0.0039768858296123,0.0002877213158555,-0.0042646071454678,342422.0,0.18970417957696029,0.35569533670680054,False
GO:0015986,proton motive force-driven ATP synthesis,21,-0.0122215331689802,0.0002877213158555,-0.012509254484835699,283056.0,0.19018079996193848,0.3559347081856463,False
GO:0006346,DNA methylation-dependent constitutive heterochromatin formation,16,0.00927665952469555,0.0002877213158555,0.008988938208840051,306944.0,0.1925199230065885,0.3596526034189016,False
GO:0006694,steroid biosynthetic process,11,0.0288720785504697,0.0002877213158555,0.0285843572346142,217611.0,0.19616748504756487,0.3657967728492069,False
GO:0046685,response to arsenic-containing substance,16,0.01633017508958875,0.0002877213158555,0.01604245377373325,306488.0,0.1967267959299528,0.3661703135922479,False
GO:0009736,cytokinin-activated signaling pathway,69,0.0002877213158555,0.0002877213158555,0.0,1012614.0,0.19775910837219846,0.36742129424342884,False
GO:0030244,cellulose biosynthetic process,47,-0.0067771026935247,0.0002877213158555,-0.0070648240093802,676188.0,0.19948576143458596,0.36995541211505034,False
GO:0010230,alternative respiration,11,0.0140966544538601,0.0002877213158555,0.013808933138004601,217168.0,0.20117092168091388,0.37240352107900576,False
GO:0006417,regulation of translation,18,0.01294047529462165,0.0002877213158555,0.01265275397876615,341123.0,0.2016708461983434,0.37265265058389546,False
GO:0009629,response to gravity,11,-0.0165714288992667,0.0002877213158555,-0.016859150215122198,138332.0,0.20371302290940674,0.37483343360793975,False
GO:0009864,"induced systemic resistance, jasmonic acid mediated signaling pathway",17,0.0233424934855362,0.0002877213158555,0.0230547721696807,323328.0,0.2038458719063425,0.37483343360793975,False
GO:0006970,response to osmotic stress,179,-0.0056127019358951,0.0002877213158555,-0.0059004232517506,2717624.0,0.20410474436242076,0.37483343360793975,False
GO:0009846,pollen germination,71,0.0039510531496077,0.0002877213158555,0.0036633318337522,1244084.0,0.20432096969217106,0.37483343360793975,False
GO:0010229,inflorescence development,19,-0.0303764168080196,0.0002877213158555,-0.030664138123875098,255308.0,0.2055217990709306,0.3757214847621979,False
GO:0009630,gravitropism,50,0.00688513685303425,0.0002877213158555,0.00659741553717875,889889.0,0.20554175342873182,0.3757214847621979,False
GO:0006506,GPI anchor biosynthetic process,22,-0.008862327406270151,0.0002877213158555,-0.00915004872212565,299852.0,0.20594953882674694,0.3757934339951375,False
GO:1903830,magnesium ion transmembrane transport,20,-0.013685728979808,0.0002877213158555,-0.013973450295663499,270357.0,0.20767399770141892,0.3782633529561559,False
GO:0009958,positive gravitropism,46,0.02085882545761695,0.0002877213158555,0.02057110414176145,821476.0,0.2088802518733387,0.37937412367546663,False
GO:0010143,cutin biosynthetic process,25,-0.004978832801775,0.0002877213158555,-0.0052665541176305,345033.0,0.20932007376413098,0.37937412367546663,False
GO:0006605,protein targeting,12,0.025041510509488198,0.0002877213158555,0.0247537891936327,234325.0,0.2093996388522429,0.37937412367546663,False
GO:0006366,transcription by RNA polymerase II,42,0.0038200496670288,0.0002877213158555,0.0035323283511733,752955.5,0.21220624447846803,0.3826763682440822,False
GO:0007166,cell surface receptor signaling pathway,59,-0.0013154108830004,0.0002877213158555,-0.0016031321988559,862108.0,0.21228008376732577,0.3826763682440822,False
GO:0002221,pattern recognition receptor signaling pathway,37,-0.000330307258341,0.0002877213158555,-0.0006180285741965001,526327.0,0.2123478670844613,0.3826763682440822,False
GO:1990573,potassium ion import across plasma membrane,18,-0.015109214349409351,0.0002877213158555,-0.01539693566526485,241405.0,0.21342870667281522,0.3839458215278157,False
GO:0012501,programmed cell death,41,0.0072922999910078,0.0002877213158555,0.0070045786751522995,735552.0,0.21460611255466988,0.3853842162073297,False
GO:0008652,amino acid biosynthetic process,12,0.053226077716924905,0.0002877213158555,0.052938356401069406,233777.0,0.21562278258954215,0.38646590244014883,False
GO:0110102,ribulose bisphosphate carboxylase complex assembly,10,-0.03152490405741485,0.0002877213158555,-0.03181262537327035,125019.0,0.21606872765364005,0.38646590244014883,False
GO:0042023,DNA endoreduplication,21,0.0136113020380603,0.0002877213158555,0.013323580722204801,391835.0,0.21640362810299818,0.38646590244014883,False
GO:0006631,fatty acid metabolic process,85,-0.0014716978482704,0.0002877213158555,-0.0017594191641259,1263451.0,0.21672401587820112,0.38646590244014883,False
GO:0009415,response to water,12,0.03186470312061595,0.0002877213158555,0.03157698180476045,233525.0,0.21852880952821574,0.3890041635580804,False
GO:0030388,"fructose 1,6-bisphosphate metabolic process",10,0.0131444962816796,0.0002877213158555,0.012856774965824101,197701.0,0.2194873181143584,0.3900297290533895,False
GO:0048831,regulation of shoot system development,12,0.0063005952891757,0.0002877213158555,0.0060128739733202,233371.0,0.22031850886070092,0.3906194452583153,False
GO:2000012,regulation of auxin polar transport,49,0.0049073052122265,0.0002877213158555,0.004619583896371,870276.0,0.22058509849881336,0.3906194452583153,False
GO:0009657,plastid organization,13,0.0152516658691388,0.0002877213158555,0.014963944553283301,251006.0,0.22169764142031423,0.39190917547438564,False
GO:0009785,blue light signaling pathway,26,-0.0060331885509565,0.0002877213158555,-0.006320909866812,361779.0,0.22318747088673596,0.39386024274129877,False
GO:0010093,specification of floral organ identity,13,0.0082463511909788,0.0002877213158555,0.0079586298751233,250785.0,0.22419357264253092,0.3949524077640441,False
GO:0007033,vacuole organization,27,-0.0030298454759237,0.0002877213158555,-0.0033175667917792,377137.0,0.2258029813169964,0.3968767708171466,False
GO:0042147,"retrograde transport, endosome to Golgi",27,0.0145187739168427,0.0002877213158555,0.0142310526009872,494444.0,0.2260641214164335,0.3968767708171466,False
GO:0006303,double-strand break repair via nonhomologous end joining,15,0.0108418944101369,0.0002877213158555,0.0105541730942814,285654.0,0.2288874055700446,0.4009333231077848,False
GO:0034244,negative regulation of transcription elongation by RNA polymerase II,12,0.0063738200129572,0.0002877213158555,0.0060860986971017,232623.0,0.22916090918807697,0.4009333231077848,False
GO:0051026,chiasma assembly,14,0.01737323215364145,0.0002877213158555,0.01708551083778595,267912.0,0.23032546248951768,0.40228077352621244,False
GO:0006914,autophagy,24,-0.01683978639150815,0.0002877213158555,-0.01712750770736365,332901.0,0.23257057019836314,0.4048938376319368,False
GO:0009863,salicylic acid mediated signaling pathway,25,0.0169110437109063,0.0002877213158555,0.0166233223950508,459187.0,0.23261547926697546,0.4048938376319368,False
GO:0009409,response to cold,382,-0.0023073625010639,0.0002877213158555,-0.0025950838169194,5883972.0,0.23738135961849272,0.4124854971224235,False
GO:0006811,monoatomic ion transport,35,-0.0016723381817767,0.0002877213158555,-0.0019600594976322,499711.0,0.23788263018047529,0.4126535421498041,False
GO:0071244,cellular response to carbon dioxide,12,-0.0129821578185776,0.0002877213158555,-0.013269879134433098,155820.0,0.23987119053625094,0.4146310314831485,False
GO:0016042,lipid catabolic process,17,-0.0062705877481636,0.0002877213158555,-0.0065583090640191,229315.0,0.24000880791732382,0.4146310314831485,False
GO:0045824,negative regulation of innate immune response,14,-0.02883721181667415,0.0002877213158555,-0.02912493313252965,185095.0,0.24024209765347138,0.4146310314831485,False
GO:0006614,SRP-dependent cotranslational protein targeting to membrane,15,0.002597172690902,0.0002877213158555,0.0023094513750465,284264.0,0.2441257928108026,0.42062214301861256,False
GO:1902531,regulation of intracellular signal transduction,45,-0.0168946264438384,0.0002877213158555,-0.0171823477596939,653223.0,0.24475536913176443,0.4209957445436757,False
GO:0009749,response to glucose,52,-0.00918537665104705,0.0002877213158555,-0.009473097966902549,760897.0,0.2470259711570314,0.42418601107773063,False
GO:0006607,NLS-bearing protein import into nucleus,12,0.0095182260966258,0.0002877213158555,0.009230504780770301,231128.0,0.24758418264910032,0.4243395079915429,False
GO:1901135,carbohydrate derivative metabolic process,10,-0.0221888823067153,0.0002877213158555,-0.022476603622570798,127428.0,0.24794739878721528,0.4243395079915429,False
GO:0006515,protein quality control for misfolded or incompletely synthesized proteins,18,0.0101249441404537,0.0002877213158555,0.0098372228245982,336219.0,0.24898218050428622,0.4253966903088307,False
GO:0009807,lignan biosynthetic process,10,-0.0258820415738533,0.0002877213158555,-0.0261697628897088,127605.0,0.250413144511511,0.42712609933401535,False
GO:0071805,potassium ion transmembrane transport,63,-0.0004062976654099,0.0002877213158555,-0.0006940189812654,930842.0,0.25089087703545154,0.4272265351855769,False
GO:0019344,L-cysteine biosynthetic process,16,-0.007494555434765951,0.0002877213158555,-0.007782276750621451,215643.0,0.25221611608756145,0.42876739734885444,False
GO:0010072,primary shoot apical meristem specification,12,0.00196640881599625,0.0002877213158555,0.0016786875001407499,230703.0,0.2530058414684948,0.4293942733741509,False
GO:0031347,regulation of defense response,63,0.0095722669847995,0.0002877213158555,0.009284545668944,1099839.0,0.25547979051837943,0.4327974732503049,False
GO:0009414,response to water deprivation,403,-0.0011016251020208,0.0002877213158555,-0.0013893464178763,6217673.0,0.25585968271562143,0.4327974732503049,False
GO:1900865,chloroplast RNA modification,16,0.015193664089899951,0.0002877213158555,0.014905942774044452,300503.0,0.2582867141191114,0.43617955033359873,False
GO:0010087,phloem or xylem histogenesis,60,0.005800615842338951,0.0002877213158555,0.0055128945264834505,1048599.0,0.26095403835258235,0.43995556879278347,False
GO:0008654,phospholipid biosynthetic process,23,0.0094230432734398,0.0002877213158555,0.0091353219575843,421180.0,0.26446287182015904,0.44513552682601026,False
GO:2000033,regulation of seed dormancy process,15,0.0146134679427023,0.0002877213158555,0.0143257466268468,282315.0,0.26667077781744075,0.448112344932108,False
GO:0010332,response to gamma radiation,21,0.0205025889596502,0.0002877213158555,0.020214867643794703,386337.0,0.2680973336833342,0.4497685532187515,False
GO:0006820,monoatomic anion transport,15,0.012285095970358,0.0002877213158555,0.0119973746545025,282097.0,0.26927879265278754,0.4510088152805309,False
GO:0010183,pollen tube guidance,54,0.00198167311405345,0.0002877213158555,0.00169395179819795,946448.0,0.2697892263640158,0.45112296867425594,False
GO:0051707,response to other organism,88,-0.00104585090974405,0.0002877213158555,-0.00133357222559955,1321840.0,0.27241311140149893,0.4547649322905547,False
GO:0009625,response to insect,71,0.0012658078018111,0.0002877213158555,0.0009780864859556,1058435.0,0.2731636066882934,0.4552726778138224,False
GO:0033386,geranylgeranyl diphosphate biosynthetic process,11,0.0152253492054355,0.0002877213158555,0.01493762788958,211262.0,0.27692991128782174,0.46079691600909983,False
GO:0009904,chloroplast accumulation movement,21,-0.0092895142664434,0.0002877213158555,-0.0095772355822989,293089.0,0.28228535026640444,0.4689430900191084,False
GO:0010439,regulation of glucosinolate biosynthetic process,11,-0.0016137794299585,0.0002877213158555,-0.0019015007458140002,144611.0,0.2855198095130983,0.4735450499241631,False
GO:0005985,sucrose metabolic process,28,-0.00963126124150215,0.0002877213158555,-0.00991898255735765,399747.0,0.290055064908055,0.4802859841010002,False
GO:0010154,fruit development,32,0.006742141696423501,0.0002877213158555,0.0064544203805680005,572035.0,0.2916468312885653,0.4821390079648891,False
GO:1990019,protein storage vacuole organization,11,0.0127516645318288,0.0002877213158555,0.012463943215973302,210145.0,0.2932026618565028,0.483395404783427,False
GO:0046486,glycerolipid metabolic process,10,-0.020613941168311202,0.0002877213158555,-0.0209016624841667,130511.0,0.29335466231464835,0.483395404783427,False
GO:0010119,regulation of stomatal movement,63,-0.0023509963358296,0.0002877213158555,-0.0026387176516851,938606.0,0.29685759384876675,0.48781991400364216,False
GO:1900140,regulation of seedling development,13,0.0296808730189245,0.0002877213158555,0.029393151703069,244933.0,0.2977008137017003,0.48781991400364216,False
GO:0019388,galactose catabolic process,18,-0.00112855705085285,0.0002877213158555,-0.00141627836670835,249432.0,0.29775595861716075,0.48781991400364216,False
GO:0010100,negative regulation of photomorphogenesis,12,-0.0096070113619273,0.0002877213158555,-0.009894732677782798,160187.0,0.29829153812695,0.48781991400364216,False
GO:0048759,xylem vessel member cell differentiation,11,-0.0233019156146637,0.0002877213158555,-0.0235896369305192,145483.0,0.2984310062139929,0.48781991400364216,False
GO:0015800,acidic amino acid transport,10,-0.016327162352455352,0.0002877213158555,-0.01661488366831085,131008.0,0.30116640098158964,0.49150356640195425,False
GO:0006511,ubiquitin-dependent protein catabolic process,377,0.000314861015684,0.0002877213158555,2.7139699828499972e-05,6204725.0,0.30267291382829253,0.4923887153641966,False
GO:0005992,trehalose biosynthetic process,21,-0.0101778549070502,0.0002877213158555,-0.0104655762229057,295002.0,0.30281213189022727,0.4923887153641966,False
GO:0009658,chloroplast organization,183,0.0070663165393721,0.0002877213158555,0.0067785952235166,3069062.0,0.30315697377325046,0.4923887153641966,False
GO:0008356,asymmetric cell division,18,0.0114061552600477,0.0002877213158555,0.0111184339441922,331224.0,0.30463530116026694,0.4940031910707031,False
GO:1901000,regulation of response to salt stress,14,-0.00843612704610395,0.0002877213158555,-0.00872384836195945,190325.0,0.3056156644968201,0.4948063139472325,False
GO:0061025,membrane fusion,38,-0.00677737328639045,0.0002877213158555,-0.00706509460224595,554712.0,0.30910265834265127,0.49965881380270094,False
GO:0005987,sucrose catabolic process,14,-0.00233035415317425,0.0002877213158555,-0.00261807546902975,190672.0,0.3103354623451138,0.5007925493129813,False
GO:0009788,negative regulation of abscisic acid-activated signaling pathway,68,-0.0006424674847250374,0.0002877213158555,-0.0009301888005805374,1018330.0,0.31078596442658546,0.5007925493129813,False
GO:2000022,regulation of jasmonic acid mediated signaling pathway,41,0.0118629309103082,0.0002877213158555,0.0115752095944527,721832.0,0.31197348260384716,0.501913173905243,False
GO:0042793,plastid transcription,13,0.0208952466597622,0.0002877213158555,0.0206075253439067,243874.0,0.31255511561555616,0.5020570361068776,False
GO:0016197,endosomal transport,12,-0.018265320815673253,0.0002877213158555,-0.018553042131528752,161209.0,0.31323251867443236,0.5022558849414749,False
GO:0006646,phosphatidylethanolamine biosynthetic process,11,0.0272514473461335,0.0002877213158555,0.026963726030278,208798.0,0.3136637242232544,0.5022558849414749,False
GO:0048731,system development,59,0.0007064185835647,0.0002877213158555,0.0004186972677092,1023389.0,0.3142981085525446,0.5024828694727201,False
GO:0000288,"nuclear-transcribed mRNA catabolic process, deadenylation-dependent decay",11,0.0141670512882872,0.0002877213158555,0.0138793299724317,208688.0,0.31537516445436875,0.5034157554670675,False
GO:0009245,lipid A biosynthetic process,10,0.01705774332610155,0.0002877213158555,0.01677002201024605,190963.0,0.3176123803626053,0.5061947312029023,False
GO:0051781,positive regulation of cell division,12,0.00937111985422595,0.0002877213158555,0.00908339853837045,225949.0,0.3193024086346452,0.5079124665958861,False
GO:0010189,vitamin E biosynthetic process,10,-0.00663554104626325,0.0002877213158555,-0.00692326236211875,132153.0,0.31968608191623415,0.5079124665958861,False
GO:0006816,calcium ion transport,36,-0.0038401586351925502,0.0002877213158555,-0.00412787995104805,525608.0,0.3226838049637021,0.5118778865676145,False
GO:2000070,regulation of response to water deprivation,20,0.00981902705370815,0.0002877213158555,0.00953130573785265,364038.0,0.3236823592652469,0.5126646062896768,False
GO:1905392,plant organ morphogenesis,19,-0.0022889928045014,0.0002877213158555,-0.0025767141203569,266890.0,0.3266074081958228,0.5150426280912465,False
GO:0006108,malate metabolic process,18,-0.011334641565789099,0.0002877213158555,-0.011622362881644598,251835.0,0.3268363135729223,0.5150426280912465,False
GO:0010052,guard cell differentiation,22,-0.00059899077109285,0.0002877213158555,-0.00088671208694835,312285.0,0.3268658401309139,0.5150426280912465,False
GO:0071215,cellular response to abscisic acid stimulus,44,0.0055069534351503,0.0002877213158555,0.0052192321192948,770397.0,0.32720355196385065,0.5150426280912465,False
GO:0009934,regulation of meristem structural organization,21,0.0097205085844735,0.0002877213158555,0.009432787268618001,380649.0,0.3299004223647043,0.5184875667365153,False
GO:0009664,plant-type cell wall organization,69,0.0002877213158555,0.0002877213158555,0.0,1037399.0,0.3332094960893638,0.5218339421301743,False
GO:0048578,"positive regulation of long-day photoperiodism, flowering",10,-0.0040240165178638,0.0002877213158555,-0.0043117378337193,132996.0,0.3337874271178075,0.5218339421301743,False
GO:1902584,positive regulation of response to water deprivation,21,-0.0010793546497093,0.0002877213158555,-0.0013670759655648001,297782.0,0.3343697871811899,0.5218339421301743,False
GO:0030497,fatty acid elongation,16,0.0029871838883707503,0.0002877213158555,0.00269946257251525,294342.0,0.33442107265428356,0.5218339421301743,False
GO:0006635,fatty acid beta-oxidation,31,0.0222500428930001,0.0002877213158555,0.0219623215771446,550387.0,0.33458764524817064,0.5218339421301743,False
GO:0051865,protein autoubiquitination,19,-0.0060036836241666,0.0002877213158555,-0.0062914049400221,267708.0,0.3366320043937133,0.5242208312695993,False
GO:0043622,cortical microtubule organization,44,-0.0077324458469863,0.0002877213158555,-0.008020167162841799,650537.0,0.33748162700563133,0.5247427736977804,False
GO:1901001,negative regulation of response to salt stress,15,0.0173543633603371,0.0002877213158555,0.017066642044481602,276646.0,0.3402005427993119,0.5281652262637718,False
GO:0000082,G1/S transition of mitotic cell cycle,35,0.0078772337415039,0.0002877213158555,0.007589512425648401,617090.0,0.3429432041583659,0.5316140854734547,False
GO:0048507,meristem development,26,0.0014922069349344999,0.0002877213158555,0.0012044856190789998,464671.0,0.34387520118715564,0.5319544917775808,False
GO:0010374,stomatal complex development,27,0.0034802003765152,0.0002877213158555,0.0031924790606596997,481580.0,0.3446687980037104,0.5319544917775808,False
GO:0007010,cytoskeleton organization,35,0.0126765669519207,0.0002877213158555,0.012388845636065201,616897.0,0.34472737163233425,0.5319544917775808,False
GO:1902456,regulation of stomatal opening,16,-0.01756539721912605,0.0002877213158555,-0.01785311853498155,223336.0,0.3478843114342719,0.5360151022099053,False
GO:0007094,mitotic spindle assembly checkpoint signaling,10,-0.010831634628854,0.0002877213158555,-0.011119355944709499,133853.0,0.3485279114912271,0.5361967869095801,False
GO:0006086,pyruvate decarboxylation to acetyl-CoA,12,-0.014770261440301899,0.0002877213158555,-0.015057982756157398,163638.0,0.3506861276568589,0.5387045936897531,False
GO:0032968,positive regulation of transcription elongation by RNA polymerase II,20,0.010368546383874251,0.0002877213158555,0.010080825068018752,361429.0,0.3553080969507286,0.544983847954501,False
GO:0000038,very long-chain fatty acid metabolic process,25,0.0063350312325535,0.0002877213158555,0.006047309916698,446409.0,0.3578320001072838,0.5472606524013158,False
GO:0032456,endocytic recycling,10,0.01288214505522105,0.0002877213158555,0.01259442373936555,188606.0,0.35786554426635064,0.5472606524013158,False
GO:2001289,lipid X metabolic process,10,0.0096558900026895,0.0002877213158555,0.009368168686834,188570.0,0.3585042522599001,0.5474166726124223,False
GO:0030968,endoplasmic reticulum unfolded protein response,39,0.0074349826114703,0.0002877213158555,0.0071472612956148,682438.0,0.36094968489841806,0.5503268738361531,False
GO:0000278,mitotic cell cycle,57,0.005987298279312,0.0002877213158555,0.0056995769634565,982990.0,0.3643747352420862,0.5539986028573749,False
GO:0090332,stomatal closure,20,0.00488708826807115,0.0002877213158555,0.00459936695221565,360703.0,0.364444178938528,0.5539986028573749,False
GO:0048509,regulation of meristem development,10,0.02503305184824035,0.0002877213158555,0.02474533053238485,188109.0,0.3667465374014278,0.5560361494446874,False
GO:0010044,response to aluminum ion,15,-0.0024089698934297,0.0002877213158555,-0.0026966912092852,209621.0,0.3668748319375241,0.5560361494446874,False
GO:0010150,leaf senescence,130,-0.0008687677883754501,0.0002877213158555,-0.0011564891042309502,1995994.0,0.36743450274768863,0.5560581495588166,False
GO:0000162,L-tryptophan biosynthetic process,23,0.005771580415873,0.0002877213158555,0.0054838591000175,411535.0,0.3680274778490873,0.5561304109719541,False
GO:0007015,actin filament organization,70,-0.0034377130772785,0.0002877213158555,-0.003725434393134,1058381.0,0.3692297945534694,0.5571218793558266,False
GO:0010030,positive regulation of seed germination,22,-0.0203137230742125,0.0002877213158555,-0.020601444390068,316230.0,0.3733442850936678,0.5624980366256147,False
GO:0006107,oxaloacetate metabolic process,11,-0.002909693358868,0.0002877213158555,-0.0031974146747235,150252.0,0.3758384872756677,0.5654207330695886,False
GO:0052542,defense response by callose deposition,11,0.0125520530043215,0.0002877213158555,0.012264331688466001,204972.5,0.37677178571766057,0.5659900168365446,False
GO:0034052,positive regulation of plant-type hypersensitive response,13,0.0091946736356122,0.0002877213158555,0.008906952319756701,239580.0,0.3776988703550024,0.5660037852873658,False
GO:0006906,vesicle fusion,39,-0.0079915536749271,0.0002877213158555,-0.0082792749907826,577941.0,0.37789076253009424,0.5660037852873658,False
GO:0015693,magnesium ion transport,20,-0.0049075532815032,0.0002877213158555,-0.0051952745973587,286328.0,0.38052781429828064,0.5691178454314462,False
GO:0010051,xylem and phloem pattern formation,28,0.00780515512903215,0.0002877213158555,0.00751743381317665,494962.0,0.38303588918252474,0.5712501028086575,False
GO:0001709,cell fate determination,10,0.0057147922337963996,0.0002877213158555,0.0054270709179408995,187181.0,0.3836931867563591,0.5712501028086575,False
GO:0006869,lipid transport,69,0.0003031416294892,0.0002877213158555,1.5420313633699996e-05,1179677.0,0.3837788258451452,0.5712501028086575,False
GO:0006241,CTP biosynthetic process,11,-0.0132832827596349,0.0002877213158555,-0.0135710040754904,150746.0,0.38451046596309724,0.5712501028086575,False
GO:0050832,defense response to fungus,286,0.0002877213158555,0.0002877213158555,0.0,4442818.0,0.3847537457152429,0.5712501028086575,False
GO:0008361,regulation of cell size,16,0.00043167982135179997,0.0002877213158555,0.00014395850549629995,290708.0,0.3855016509336171,0.5715286103957695,False
GO:0032956,regulation of actin cytoskeleton organization,15,-0.0356165949358852,0.0002877213158555,-0.035904316251740696,211002.0,0.38753385633369675,0.5737075957334843,False
GO:0006972,hyperosmotic response,11,0.0068429166506207,0.0002877213158555,0.0065551953347652,204215.0,0.3901392093621825,0.5767229412499266,False
GO:0042128,nitrate assimilation,18,-0.0235802534714369,0.0002877213158555,-0.023867974787292398,256667.0,0.3907015219644111,0.5767229412499266,False
GO:0120029,proton export across plasma membrane,11,0.0049741597289875,0.0002877213158555,0.004686438413132,204112.0,0.39197883458631644,0.577384054006295,False
GO:0007267,cell-cell signaling,42,0.0002877213158555,0.0002877213158555,0.0,625947.0,0.3923762271157851,0.577384054006295,False
GO:0006383,transcription by RNA polymerase III,12,0.009613921096835,0.0002877213158555,0.0093261997809795,221381.0,0.39284758184349877,0.577384054006295,False
GO:0010167,response to nitrate,27,0.0043760195294295,0.0002877213158555,0.004088298213574,394552.0,0.39437743692264493,0.5787985405195653,False
GO:0010225,response to UV-C,10,-0.02026181966879735,0.0002877213158555,-0.02054954098465285,136502.0,0.3966558198862906,0.5806427871804937,False
GO:0048829,root cap development,15,-0.013822474684851,0.0002877213158555,-0.0141101960007065,211605.0,0.396772571240004,0.5806427871804937,False
GO:0080086,stamen filament development,14,0.0033289105270634,0.0002877213158555,0.0030411892112079,255490.0,0.39897852381731636,0.5826080902865446,False
GO:0060321,acceptance of pollen,12,0.015186072180537951,0.0002877213158555,0.014898350864682452,221009.0,0.3992578971669556,0.5826080902865446,False
GO:0016926,protein desumoylation,11,-0.0042648692741185,0.0002877213158555,-0.004552590589974,151743.0,0.4023812776949155,0.5863270046411626,False
GO:0006355,regulation of DNA-templated transcription,1987,0.0005404293834933,0.0002877213158555,0.00025270806763779996,30458935.5,0.4068550594982614,0.5920002292271421,False
GO:0048367,shoot system development,91,0.0002877213158555,0.0002877213158555,0.0,1539453.0,0.40781597672354764,0.5925531285726761,False
GO:0051017,actin filament bundle assembly,21,-0.0041319987811629,0.0002877213158555,-0.0044197200970184005,303768.0,0.4092388746678669,0.5937251162696888,False
GO:0035672,oligopeptide transmembrane transport,19,-0.0014390268569784,0.0002877213158555,-0.0017267481728339001,273258.0,0.40978674691554995,0.5937251162696888,False
GO:0010476,gibberellin mediated signaling pathway,10,-0.0017909023757722374,0.0002877213158555,-0.002078623691627737,137240.0,0.4107468929070103,0.5941918837909878,False
GO:0050826,response to freezing,24,0.0137044141884013,0.0002877213158555,0.0134166928725458,424874.0,0.41215918563974285,0.5941918837909878,False
GO:1901703,protein localization involved in auxin polar transport,24,0.0153502857135767,0.0002877213158555,0.0150625643977212,424830.0,0.4127085914066022,0.5941918837909878,False
GO:0060236,regulation of mitotic spindle organization,10,0.01064886970934455,0.0002877213158555,0.010361148393489051,185642.0,0.4128336554272256,0.5941918837909878,False
GO:0048653,anther development,34,0.0029079618340420504,0.0002877213158555,0.0026202405181865503,593165.0,0.4130216133409905,0.5941918837909878,False
GO:1990961,xenobiotic detoxification by transmembrane export across the plasma membrane,50,0.01296502332734295,0.0002877213158555,0.012677302011487451,860220.0,0.41470026183413444,0.595766573339179,False
GO:0010158,abaxial cell fate specification,10,0.0054087494055253494,0.0002877213158555,0.005121028089669849,185342.0,0.41866307987821805,0.6006137010911146,False
GO:0009612,response to mechanical stimulus,16,-0.02102319117389315,0.0002877213158555,-0.02131091248974865,228306.0,0.4205692998365218,0.601670444388116,False
GO:0010112,regulation of systemic acquired resistance,15,0.0140035699167021,0.0002877213158555,0.013715848600846601,271289.0,0.42057943808698695,0.601670444388116,False
GO:0010344,seed oilbody biogenesis,14,0.022130141502995502,0.0002877213158555,0.021842420187140003,253980.0,0.42361629159960834,0.6051661308565833,False
GO:0051453,regulation of intracellular pH,23,-0.0015784053693774,0.0002877213158555,-0.0018661266852329,335736.0,0.4264938953135162,0.6084248576500512,False
GO:0070417,cellular response to cold,39,-0.0047330328633457,0.0002877213158555,-0.0050207541792012,583149.0,0.42817958019191915,0.6099764969214491,False
GO:0032259,methylation,42,0.0022785479588285,0.0002877213158555,0.0019908266429729997,725233.0,0.43038916786830284,0.612127852809809,False
GO:0080136,priming of cellular response to stress,13,-0.0033735881343725,0.0002877213158555,-0.003661309450228,183444.0,0.4308899983504342,0.612127852809809,False
GO:0001676,long-chain fatty acid metabolic process,18,-0.003533687340409,0.0002877213158555,-0.0038214086562645,259511.0,0.4316067265729814,0.612293269964452,False
GO:2000023,regulation of lateral root development,19,0.0057016345194228,0.0002877213158555,0.0054139132035672995,338637.0,0.4327305524210965,0.61303494926322,False
GO:0006744,ubiquinone biosynthetic process,18,-0.0047277275910746,0.0002877213158555,-0.0050154489069301,259884.0,0.437149823643865,0.6184366437125413,False
GO:0010098,suspensor development,18,0.0005378944395093,0.0002877213158555,0.00025017312365379995,321278.0,0.438284253782971,0.6186829227761214,False
GO:0019748,secondary metabolic process,23,-0.0038084737089999,0.0002877213158555,-0.0040961950248554,336685.0,0.43894304787713256,0.6186829227761214,False
GO:0009610,response to symbiotic fungus,11,-0.0058651842300183,0.0002877213158555,-0.0061529055458738,153714.0,0.43914356479403127,0.6186829227761214,False
GO:0009944,polarity specification of adaxial/abaxial axis,24,0.0046218782982396,0.0002877213158555,0.0043341569823841,422608.0,0.44101377485829363,0.6204607591109786,False
GO:0010026,trichome differentiation,26,-0.0010690463057197999,0.0002877213158555,-0.0013567676215753,383153.0,0.4422332517523305,0.6213194446107123,False
GO:0009750,response to fructose,16,-0.0121467825098358,0.0002877213158555,-0.0124345038256913,229811.0,0.4442248196296332,0.6232590316674359,False
GO:0071265,L-methionine biosynthetic process,14,-0.0236482503422187,0.0002877213158555,-0.0239359716580742,199450.0,0.4455236892941743,0.6241082797259968,False
GO:0045926,negative regulation of growth,14,-0.00540989786117475,0.0002877213158555,-0.00569761917703025,199481.0,0.44605385874534476,0.6241082797259968,False
GO:0035435,phosphate ion transmembrane transport,13,-0.0109613149902318,0.0002877213158555,-0.0112490363060873,184422.0,0.44810526608390455,0.6261196868569625,False
GO:0015031,protein transport,74,-0.0045304355186197,0.0002877213158555,-0.0048181568344752,1132561.0,0.4529885485315285,0.6320770444625978,False
GO:1900150,regulation of defense response to fungus,60,0.00240540999011925,0.0002877213158555,0.00211768867426375,1020752.0,0.46034232398512565,0.6414606153891095,False
GO:0006616,"SRP-dependent cotranslational protein targeting to membrane, translocation",11,0.0037080677764969,0.0002877213158555,0.0034203464606414,200385.0,0.4620257652429963,0.6429280771457794,False
GO:0007140,male meiotic nuclear division,15,0.0053057408928775,0.0002877213158555,0.005018019577022,268607.0,0.46469174214647047,0.6453387083888045,False
GO:0009875,pollen-pistil interaction,11,0.0087838556123371,0.0002877213158555,0.0084961342964816,200233.0,0.4650234810448738,0.6453387083888045,False
GO:0080092,regulation of pollen tube growth,44,0.00337289778560925,0.0002877213158555,0.00308517646975375,754775.0,0.4671948715488451,0.6474711535051929,False
GO:0009098,L-leucine biosynthetic process,15,0.0280125508673952,0.0002877213158555,0.027724829551539702,268332.0,0.46935588186689736,0.649566520104905,False
GO:0006882,intracellular zinc ion homeostasis,12,-0.0139803658005244,0.0002877213158555,-0.0142680871163799,170445.0,0.46998048219354893,0.649566520104905,False
GO:0010492,maintenance of shoot apical meristem identity,24,-0.0070501610354699006,0.0002877213158555,-0.007337882351325401,354705.0,0.4737861067345591,0.6539402285104876,False
GO:0030036,actin cytoskeleton organization,33,0.0045813426985335,0.0002877213158555,0.004293621382678,570797.0,0.4750934018309846,0.6548584727940598,False
GO:0071816,tail-anchored membrane protein insertion into ER membrane,10,0.0124178684720153,0.0002877213158555,0.012130147156159801,182485.0,0.47655826802095114,0.6559911381664915,False
GO:0007346,regulation of mitotic cell cycle,10,0.014604094043159651,0.0002877213158555,0.014316372727304152,182261.0,0.48127574412297536,0.6615919932687802,False
GO:0015749,monosaccharide transmembrane transport,19,0.0048524681284469,0.0002877213158555,0.0045647468125914,335317.0,0.4821614564278518,0.661917477195705,False
GO:0008283,cell population proliferation,12,-0.00034979887885367035,0.0002877213158555,-0.0006375201947091704,171211.0,0.4846801349944231,0.6644808302342897,False
GO:0010187,negative regulation of seed germination,26,0.0021278476631337497,0.0002877213158555,0.0018401263472782496,452793.0,0.4860246978546138,0.6654297876667196,False
GO:0071555,cell wall organization,25,-0.0035540203481581,0.0002877213158555,-0.0038417416640136003,371165.0,0.48718660950550075,0.6661264633989421,False
GO:0034727,piecemeal microautophagy of the nucleus,11,-0.0088277668015311,0.0002877213158555,-0.009115488117386598,156393.0,0.4920763447345997,0.6719114747380077,False
GO:0036297,interstrand cross-link repair,17,0.0122073614802805,0.0002877213158555,0.011919640164425,300770.0,0.4940730280728367,0.6734098655165123,False
GO:0045017,glycerolipid biosynthetic process,15,0.0002877213158555,0.0002877213158555,0.0,217535.0,0.494494107129282,0.6734098655165123,False
GO:0044772,mitotic cell cycle phase transition,21,0.0078772337415039,0.0002877213158555,0.007589512425648401,368126.0,0.4957540200684015,0.6739545509864127,False
GO:0009753,response to jasmonic acid,164,0.00027562395007445,0.0002877213158555,-1.209736578105001e-05,2554831.0,0.49621555665764305,0.6739545509864127,False
GO:0016125,sterol metabolic process,10,-0.0019918218578077003,0.0002877213158555,-0.0022795431736632003,141464.0,0.49693196257858396,0.6740300556252069,False
GO:0043328,protein transport to vacuole involved in ubiquitin-dependent protein catabolic process via the multivesicular body sorting pathway,15,0.0171805181987198,0.0002877213158555,0.0168927968828643,266638.0,0.4986501821627489,0.6754623981487435,False
GO:0033014,tetrapyrrole biosynthetic process,14,-0.0038667408394856004,0.0002877213158555,-0.0041544621553411005,202528.0,0.4998862756654252,0.6762387283537582,False
GO:0010582,floral meristem determinacy,17,0.0025711476200719,0.0002877213158555,0.0022834263042163998,300304.0,0.5017603930828267,0.6778749681383884,False
GO:0010043,response to zinc ion,47,-0.0113758485895253,0.0002877213158555,-0.011663569905380798,715437.0,0.5037059183620269,0.6796032231868617,False
GO:0034220,monoatomic ion transmembrane transport,60,-0.0006797655258382499,0.0002877213158555,-0.0009674868416937499,919357.0,0.504989219632462,0.6804346156210188,False
GO:0009832,plant-type cell wall biogenesis,39,-0.0018990816045151,0.0002877213158555,-0.0021868029203706,590996.0,0.5108650777405019,0.6874437721574036,False
GO:0048544,recognition of pollen,39,0.0030245039065503,0.0002877213158555,0.0027367825906948,667411.0,0.5122244034705337,0.6876273296082225,False
GO:0015937,coenzyme A biosynthetic process,14,-0.007378662698025856,0.0002877213158555,-0.007666384013881356,203261.0,0.5133325471363244,0.6876273296082225,False
GO:0000165,MAPK cascade,54,0.0003237864712769,0.0002877213158555,3.606515542139998e-05,826137.0,0.513426111015306,0.6876273296082225,False
GO:1900459,positive regulation of brassinosteroid mediated signaling pathway,13,-0.0003445370827795,0.0002877213158555,-0.000632258398635,231849.0,0.5142884320063281,0.6876273296082225,False
GO:0019760,glucosinolate metabolic process,39,-0.0027149014683914,0.0002877213158555,-0.0030026227842469,591313.0,0.5143722083245821,0.6876273296082225,False
GO:0000226,microtubule cytoskeleton organization,74,0.00125527798086195,0.0002877213158555,0.0009675566650064499,1140584.0,0.5154867256371571,0.6882152619763092,False
GO:0006122,"mitochondrial electron transport, ubiquinol to cytochrome c",14,-0.0151276074108385,0.0002877213158555,-0.015415328726693999,203496.0,0.5176829525993241,0.6902439367990988,False
GO:0071482,cellular response to light stimulus,17,-0.0009459623946811,0.0002877213158555,-0.0012336837105366,249697.0,0.5190918828846531,0.6912189563216008,False
GO:0033962,P-body assembly,14,0.0002877213158555,0.0002877213158555,0.0,248430.0,0.5214748842585331,0.6934868082708001,False
GO:0071369,cellular response to ethylene stimulus,10,0.013818134645729351,0.0002877213158555,0.013530413329873852,180353.0,0.5224695863846793,0.6939049194171523,False
GO:0010019,chloroplast-nucleus signaling pathway,10,-0.0031888739972901,0.0002877213158555,-0.0034765953131456,142813.0,0.526358681388728,0.6973645738229741,False
GO:0009646,response to absence of light,51,-0.0047164398233429,0.0002877213158555,-0.0050041611391984,780425.0,0.5264418841604804,0.6973645738229741,False
GO:0080183,response to photooxidative stress,13,-0.0157738953293851,0.0002877213158555,-0.016061616645240598,188734.0,0.5284910130836193,0.6991709900717143,False
GO:0051762,sesquiterpene biosynthetic process,23,0.0020964942141957,0.0002877213158555,0.0018087728983402001,399269.0,0.5314331878323251,0.7021526574986678,False
GO:0010020,chloroplast fission,24,0.010669841726120101,0.0002877213158555,0.010382120410264602,415869.0,0.533335752742484,0.703375548351326,False
GO:0015780,nucleotide-sugar transmembrane transport,11,0.0003611780588803,0.0002877213158555,7.345674302480001e-05,196868.0,0.5340819795202025,0.703375548351326,False
GO:0071365,cellular response to auxin stimulus,32,0.0036768653606243,0.0002877213158555,0.0033891440447688,549148.0,0.534956348508932,0.703375548351326,False
GO:0048766,root hair initiation,20,-0.0026570118715871,0.0002877213158555,-0.0029447331874426002,297031.0,0.5351170838437539,0.703375548351326,False
GO:0010027,thylakoid membrane organization,51,0.0008044354692853,0.0002877213158555,0.0005167141534298,781668.0,0.5387078802039549,0.7068337355929095,False
GO:0090158,endoplasmic reticulum membrane organization,11,-0.0108415985577399,0.0002877213158555,-0.0111293198735954,158647.0,0.5391339669522388,0.7068337355929095,False
GO:0048268,clathrin coat assembly,18,-0.00014039998506625104,0.0002877213158555,-0.00042812130092175106,266409.0,0.5405025697248427,0.7071482338851145,False
GO:0006491,N-glycan processing,14,0.003917527371239651,0.0002877213158555,0.0036298060553841506,247404.0,0.5407604141474405,0.7071482338851145,False
GO:0010498,proteasomal protein catabolic process,14,0.00762509419245595,0.0002877213158555,0.00733737287660045,247210.0,0.5444466682621694,0.7110571083577627,False
GO:0031930,mitochondria-nucleus signaling pathway,12,-0.00701233931808155,0.0002877213158555,-0.00730006063393705,174272.0,0.5458271573943123,0.7116658458573847,False
GO:0070588,calcium ion transmembrane transport,90,-0.0018896670419333498,0.0002877213158555,-0.00217738835778885,1396554.0,0.5463081934375806,0.7116658458573847,False
GO:0010090,trichome morphogenesis,40,0.00556654193771235,0.0002877213158555,0.00527882062185685,680836.0,0.5475018699000584,0.712311106247525,False
GO:0006284,base-excision repair,30,0.004037293347776,0.0002877213158555,0.0037495720319204997,514691.0,0.5501736832048303,0.7148753590686966,False
GO:0019375,galactolipid biosynthetic process,13,0.0117824012498294,0.0002877213158555,0.0114946799339739,229926.0,0.5518618793527054,0.7156723148757367,False
GO:0009737,response to abscisic acid,468,0.0010351409797917498,0.0002877213158555,0.0007474196639362498,7569712.0,0.552673652399716,0.7156723148757367,False
GO:1901371,regulation of leaf morphogenesis,23,0.0001042702977662,0.0002877213158555,-0.00018345101808930003,344757.0,0.552891945217726,0.7156723148757367,False
GO:0009853,photorespiration,37,-0.0067261551334516,0.0002877213158555,-0.0070138764493071,563472.0,0.5538868119931233,0.7160513919302735,False
GO:0009787,regulation of abscisic acid-activated signaling pathway,28,-0.0037907071883947503,0.0002877213158555,-0.00407842850425025,422815.0,0.5549676248794984,0.7165404776925168,False
GO:0009903,chloroplast avoidance movement,22,-0.00674889696040085,0.0002877213158555,-0.00703661827625635,329431.0,0.556312644664642,0.7173690234613589,False
GO:0016558,protein import into peroxisome matrix,10,0.01104686369975115,0.0002877213158555,0.01075914238389565,178719.0,0.5591349318528519,0.7200980182953396,False
GO:0006749,glutathione metabolic process,49,-0.0029940850180202,0.0002877213158555,-0.0032818063338757,752491.0,0.5614507131107473,0.721988821425233,False
GO:0072657,protein localization to membrane,14,0.0155206362307457,0.0002877213158555,0.0152329149148902,246294.0,0.5620187492270932,0.721988821425233,False
GO:0009742,brassinosteroid mediated signaling pathway,82,-0.0002890248603612,0.0002877213158555,-0.0005767461762167,1272778.0,0.5650293266083551,0.7249432869692104,False
GO:2000762,regulation of phenylpropanoid metabolic process,16,-0.00440499496684645,0.0002877213158555,-0.00469271628270195,237002.0,0.5671478928953368,0.7267472999412607,False
GO:0015867,ATP transport,10,0.008816072699333401,0.0002877213158555,0.008528351383477902,178313.0,0.568435174457047,0.7274829083390063,False
GO:0001708,cell fate specification,15,0.009427765784862,0.0002877213158555,0.0091400444690065,262607.0,0.5720848745739431,0.7300236232166911,False
GO:0048528,post-embryonic root development,10,0.005761097208576,0.0002877213158555,0.0054733758927205,178151.0,0.5721666417461049,0.7300236232166911,False
GO:0009955,adaxial/abaxial pattern specification,13,0.0014500714212202,0.0002877213158555,0.0011623501053647,228894.0,0.5725675476209342,0.7300236232166911,False
GO:0006636,unsaturated fatty acid biosynthetic process,23,0.007280783443177,0.0002877213158555,0.0069930621273215,396464.0,0.5733803613927575,0.730147276679916,False
GO:0052544,defense response by callose deposition in cell wall,16,-0.007954158681787601,0.0002877213158555,-0.0082418799976431,237503.0,0.5762825095538564,0.7329278799812139,False
GO:0031204,"post-translational protein targeting to membrane, translocation",10,0.0173089785833258,0.0002877213158555,0.0170212572674703,177807.0,0.5801286185211059,0.7369006113219527,False
GO:0010584,pollen exine formation,32,-0.00061271122283465,0.0002877213158555,-0.00090043253869015,545395.0,0.5828124142943669,0.7393888838062864,False
GO:0140964,intracellular auxin homeostasis,22,-0.0036691960197824,0.0002877213158555,-0.0039569173356379,331187.0,0.5835761621621078,0.7394381185159628,False
GO:0009740,gibberellic acid mediated signaling pathway,40,0.00639501980557135,0.0002877213158555,0.00610729848971585,677326.0,0.587846019758135,0.7439242433663743,False
GO:0045165,cell fate commitment,10,0.0046218782982396,0.0002877213158555,0.0043341569823841,177429.0,0.5889369522192336,0.7443812778979161,False
GO:0002237,response to molecule of bacterial origin,46,-0.003533479053004,0.0002877213158555,-0.0038212003688595,708432.0,0.5948193853034287,0.7500509398095406,False
GO:1903409,reactive oxygen species biosynthetic process,25,0.0004283005140938,0.0002877213158555,0.00014057919823829996,378764.0,0.5948933434371748,0.7500509398095406,False
GO:0006002,fructose 6-phosphate metabolic process,10,-0.0046799790115956,0.0002877213158555,-0.0049677003274511,145901.0,0.5969121283663843,0.751667124609521,False
GO:0016226,iron-sulfur cluster assembly,36,0.0033199508571468,0.0002877213158555,0.0030322295412913,610276.0,0.5995593593590034,0.7540697244712496,False
GO:0060586,multicellular organismal-level iron ion homeostasis,30,0.00379147257829075,0.0002877213158555,0.00350375126243525,510823.0,0.6018522002756568,0.7560212367994704,False
GO:0000272,polysaccharide catabolic process,25,0.0002877213158555,0.0002877213158555,0.0,379289.0,0.602718733910963,0.7561784853495476,False
GO:0010102,lateral root morphogenesis,17,0.000366002387475,0.0002877213158555,7.828107161949997e-05,254657.0,0.6060527392760225,0.7588648136836706,False
GO:0009653,anatomical structure morphogenesis,16,0.00241472446000205,0.0002877213158555,0.00212700314414655,277542.0,0.6067157379203116,0.7588648136836706,False
GO:0000768,syncytium formation by cell-cell fusion,10,-0.006507265045143249,0.0002877213158555,-0.006794986360998749,146332.0,0.6070918509469365,0.7588648136836706,False
GO:0006094,gluconeogenesis,27,0.0033561470989424,0.0002877213158555,0.0030684257830869,411008.0,0.6086727132586336,0.759615103296202,False
GO:0000302,response to reactive oxygen species,38,0.0104004912575477,0.0002877213158555,0.0101127699416922,642477.0,0.6097328043505379,0.759615103296202,False
GO:0071669,plant-type cell wall organization or biogenesis,15,-0.0024316996044143,0.0002877213158555,-0.0027194209202698,223782.0,0.6099262447054798,0.759615103296202,False
GO:0045010,actin nucleation,27,0.0001493649930856,0.0002877213158555,-0.00013835632276990002,460267.0,0.6135797103555252,0.7626401524663428,False
GO:0009786,regulation of asymmetric cell division,15,-0.0014988330325724,0.0002877213158555,-0.0017865543484279001,223984.0,0.6138505540930073,0.7626401524663428,False
GO:0031146,SCF-dependent proteasomal ubiquitin-dependent protein catabolic process,79,-0.0003271542828894,0.0002877213158555,-0.0006148755987449,1231408.0,0.6146711167369903,0.7627305828123236,False
GO:0051211,anisotropic cell growth,14,-0.00535475053671685,0.0002877213158555,-0.00564247185257235,208600.0,0.6166413100023658,0.7642456089944266,False
GO:0008610,lipid biosynthetic process,65,0.0002877213158555,0.0002877213158555,0.0,1010413.0,0.6174385027584693,0.7643049427349985,False
GO:0080142,regulation of salicylic acid biosynthetic process,14,-0.00912779590489015,0.0002877213158555,-0.00941551722074565,208711.0,0.6188827970531575,0.7651641854475402,False
GO:0009411,response to UV,30,0.0064077902617779,0.0002877213158555,0.0061200689459224,509420.0,0.6211234400392676,0.76700473225188,False
GO:0015996,chlorophyll catabolic process,16,-0.000334449344539,0.0002877213158555,-0.0006221706603945,240131.0,0.6252983459203751,0.771226496782083,False
GO:0046294,formaldehyde catabolic process,10,-0.00682522268926445,0.0002877213158555,-0.00711294400511995,147352.0,0.6314860713458947,0.7779176241217544,False
GO:0048658,anther wall tapetum development,17,0.0017930527560346,0.0002877213158555,0.0015053314401791,256203.0,0.6344318492307053,0.7804271231307812,False
GO:0046513,ceramide biosynthetic process,16,-0.0026383366313151497,0.0002877213158555,-0.0029260579471706498,240643.0,0.6350534433319102,0.7804271231307812,False
GO:0045727,positive regulation of translation,15,0.0080437142693969,0.0002877213158555,0.007755992953541399,259281.0,0.6363016880869965,0.7810201225616563,False
GO:0009966,regulation of signal transduction,55,0.0002877213158555,0.0002877213158555,0.0,854429.0,0.6375550163363328,0.7812992534308021,False
GO:0032880,regulation of protein localization,10,0.0039817376351566,0.0002877213158555,0.0036940163193011,175366.0,0.6380610569684884,0.7812992534308021,False
GO:0016102,diterpenoid biosynthetic process,30,0.0008128117628873001,0.0002877213158555,0.0005250904470318,508079.0,0.6397895238220823,0.7824763960413956,False
GO:0002213,defense response to insect,36,0.0012766408982886,0.0002877213158555,0.0009889195824331,555191.0,0.645543006018614,0.7868703146089148,False
GO:0005991,trehalose metabolic process,12,0.0012397829868412,0.0002877213158555,0.0009520616709856999,208611.0,0.6461634526505502,0.7868703146089148,False
GO:0040008,regulation of growth,22,0.0091328772173159,0.0002877213158555,0.008845155901460401,375220.0,0.6463650518280639,0.7868703146089148,False
GO:0009959,negative gravitropism,22,0.0039191733816699,0.0002877213158555,0.0036314520658144002,375167.0,0.6472357733357743,0.7868703146089148,False
GO:0098656,monoatomic anion transmembrane transport,17,0.0158075278708244,0.0002877213158555,0.015519806554968901,292073.0,0.6472394058400779,0.7868703146089148,False
GO:0010440,stomatal lineage progression,13,0.0044298821053369,0.0002877213158555,0.0041421607894814,225204.0,0.6494617977334487,0.7886321829620448,False
GO:0010161,red light signaling pathway,17,0.0022976077693561,0.0002877213158555,0.0020098864535006,291879.0,0.6508700163716028,0.7894023979774494,False
GO:0080186,developmental vegetative growth,11,-0.0157371716824974,0.0002877213158555,-0.0160248929983529,163837.0,0.6553838313000554,0.7939329072756016,False
GO:0051510,regulation of unidimensional cell growth,27,0.0037676417502637,0.0002877213158555,0.0034799204344082,457216.0,0.658502304970416,0.7961490669312952,False
GO:0010109,regulation of photosynthesis,11,-0.0181953135475806,0.0002877213158555,-0.0184830348634361,164072.0,0.660881584868546,0.7961490669312952,False
GO:0030091,protein repair,11,0.0078877876987035,0.0002877213158555,0.007600066382848,191206.0,0.660881584868546,0.7961490669312952,False
GO:0048574,"long-day photoperiodism, flowering",18,0.0009110962072176001,0.0002877213158555,0.0006233748913621001,273267.0,0.6608988873072397,0.7961490669312952,False
GO:0000105,L-histidine biosynthetic process,11,-0.0050397652736064,0.0002877213158555,-0.0053274865894619005,164082.0,0.6611159408733402,0.7961490669312952,False
GO:1903426,regulation of reactive oxygen species biosynthetic process,10,0.0098571466761302,0.0002877213158555,0.0095694253602747,174323.0,0.6635343844203776,0.7981191888075296,False
GO:0010444,guard mother cell differentiation,13,0.0011700126574895,0.0002877213158555,0.0008822913416339998,224318.0,0.6685384986764782,0.8019204839130131,False
GO:0007030,Golgi organization,32,0.0009407115627061,0.0002877213158555,0.0006529902468506001,538986.0,0.6688455483136833,0.8019204839130131,False
GO:0032875,regulation of DNA endoreduplication,27,-0.0010793546497093,0.0002877213158555,-0.0013670759655648001,415102.0,0.6690532664803668,0.8019204839130131,False
GO:0048510,regulation of timing of transition from vegetative to reproductive phase,47,0.0016455534810085,0.0002877213158555,0.001357832165153,785343.0,0.670455418859536,0.8026578958177543,False
GO:0010078,maintenance of root meristem identity,47,-0.0015959853342574,0.0002877213158555,-0.0018837066501129001,731197.0,0.6730355480373583,0.8044961488017048,False
GO:0051177,meiotic sister chromatid cohesion,15,-0.0028240538399447,0.0002877213158555,-0.0031117751558002,226993.0,0.6735683441928,0.8044961488017048,False
GO:0030643,intracellular phosphate ion homeostasis,15,-0.0086229845311663,0.0002877213158555,-0.0089107058470218,227173.0,0.677211740820787,0.8079017258914651,False
GO:0160062,cutin-based cuticle development,24,0.0009486430376791,0.0002877213158555,0.0006609217218235999,406281.0,0.6796223064787681,0.8098303184676909,False
GO:0045927,positive regulation of growth,14,-0.004608715806503,0.0002877213158555,-0.0048964371223585,211713.0,0.6807919712974384,0.8102774920926338,False
GO:0009688,abscisic acid biosynthetic process,11,0.0168804715062559,0.0002877213158555,0.0165927501904004,190288.0,0.682531435577424,0.8106458931898743,False
GO:0019915,lipid storage,15,0.021075758661861,0.0002877213158555,0.0207880373460055,256967.0,0.6826910022059824,0.8106458931898743,False
GO:0042594,response to starvation,18,0.0018684132209238502,0.0002877213158555,0.00158069190506835,274509.0,0.6838076398128401,0.8110276658245312,False
GO:0042742,defense response to bacterium,392,0.00177115581852745,0.0002877213158555,0.00148343450267195,6330246.0,0.6847184164712832,0.8111646745652832,False
GO:0048441,petal development,13,-0.0013521861852139,0.0002877213158555,-0.0016399075010694,196519.0,0.6900880980467656,0.8165775638140382,False
GO:0009620,response to fungus,116,0.0034322520009078,0.0002877213158555,0.0031445306850523,1906976.0,0.6915283499031886,0.8170777810565762,False
GO:0071370,cellular response to gibberellin stimulus,13,0.0032847902680314,0.0002877213158555,0.0029970689521759,223205.0,0.6928082315997959,0.8170777810565762,False
GO:0009567,double fertilization forming a zygote and endosperm,86,0.0002877213158555,0.0002877213158555,0.0,1351502.5,0.6930931163597586,0.8170777810565762,False
GO:0042752,regulation of circadian rhythm,37,0.0090455320767422,0.0002877213158555,0.0087578107608867,619338.0,0.6939945369291285,0.8170777810565762,False
GO:0010262,somatic embryogenesis,25,-0.0001012004522078,0.0002877213158555,-0.0003889217680633,385244.0,0.6945161138980898,0.8170777810565762,False
GO:0010239,chloroplast mRNA processing,13,0.0110067846309291,0.0002877213158555,0.0107190633150736,223014.0,0.6970058640520095,0.8182248343068362,False
GO:0009828,plant-type cell wall loosening,39,0.0002877213158555,0.0002877213158555,0.0,606609.0,0.6970954715810203,0.8182248343068362,False
GO:0052324,plant-type cell wall cellulose biosynthetic process,18,0.003797407423997,0.0002877213158555,0.0035096861081415,305905.0,0.6991702257049588,0.8196014158281526,False
GO:0006474,N-terminal protein amino acid acetylation,11,0.0002957781724369,0.0002877213158555,8.056856581399987e-06,165728.0,0.7001287321590393,0.8196014158281526,False
GO:0006828,manganese ion transport,10,-0.009092782110363401,0.0002877213158555,-0.0093805034262189,150160.0,0.7006788574530873,0.8196014158281526,False
GO:0009693,ethylene biosynthetic process,22,0.00433555624600595,0.0002877213158555,0.00404783493015045,371795.0,0.7035817336485504,0.822054259245729,False
GO:0006887,exocytosis,55,-3.5474003773454388e-06,0.0002877213158555,-0.00029126871623284546,861235.0,0.7094249972743636,0.8279330631806074,False
GO:0010193,response to ozone,31,0.0031518497204395,0.0002877213158555,0.002864128404584,519549.0,0.7108499382297353,0.82864792799352,False
GO:0031348,negative regulation of defense response,27,0.0021962391394367,0.0002877213158555,0.0019085178235812,453502.0,0.7148831675295623,0.8323982087672985,False
GO:0009640,photomorphogenesis,71,0.004510079676065,0.0002877213158555,0.0042223583602095,1115903.0,0.7161061364240091,0.8328714471522112,False
GO:0006829,zinc ion transport,16,-0.0015542084055068,0.0002877213158555,-0.0018419297213623002,245122.0,0.7229454606470858,0.8398683028018535,False
GO:0010496,intercellular transport,10,0.00014809690135840145,0.0002877213158555,-0.00013962441449709857,171725.0,0.7286448955247153,0.8455264999262908,False
GO:1900425,negative regulation of defense response to bacterium,17,0.0008684525101086,0.0002877213158555,0.0005807311942531001,261231.0,0.7303202805666666,0.8455301638080058,False
GO:0034051,negative regulation of plant-type hypersensitive response,10,0.00378965093643315,0.0002877213158555,0.00350192962057765,171635.0,0.7309392574603745,0.8455301638080058,False
GO:0009943,adaxial/abaxial axis specification,10,-0.00575472978356195,0.0002877213158555,-0.00604245109941745,151364.0,0.7311688264855642,0.8455301638080058,False
GO:0010152,pollen maturation,17,0.0002877213158555,0.0002877213158555,0.0,261315.0,0.7319638574926168,0.8455301638080058,False
GO:0009695,jasmonic acid biosynthetic process,28,-3.290604165274999e-05,0.0002877213158555,-0.00032062735750825,435287.0,0.7357534867092675,0.8489463308183856,False
GO:0009734,auxin-activated signaling pathway,102,0.00073395602272785,0.0002877213158555,0.00044623470687235,1673828.0,0.7394838226981881,0.8520806126633483,False
GO:0050801,monoatomic ion homeostasis,10,3.606776769985001e-05,0.0002877213158555,-0.00025165354815565,151715.0,0.7401406106075752,0.8520806126633483,False
GO:0060918,auxin transport,24,-0.0021424849080096,0.0002877213158555,-0.0024302062238651,372579.0,0.7452153361265219,0.8569556289166317,False
GO:1900057,positive regulation of leaf senescence,22,0.00457662316673795,0.0002877213158555,0.00428890185088245,369228.0,0.7476162018495816,0.8580567469252206,False
GO:0010115,regulation of abscisic acid biosynthetic process,10,0.0009692738611389,0.0002877213158555,0.0006815525452834,170962.0,0.7481710611478707,0.8580567469252206,False
GO:0009825,multidimensional cell growth,33,-0.0014393651372283,0.0002877213158555,-0.0017270864530838002,515400.0,0.7486965732974964,0.8580567469252206,False
GO:0070897,transcription preinitiation complex assembly,10,-8.708610763649981e-06,0.0002877213158555,-0.00029642992661914997,170792.5,0.7525313141790639,0.861231247379468,False
GO:0006656,phosphatidylcholine biosynthetic process,12,-0.0060666365280648005,0.0002877213158555,-0.0063543578439203005,183624.0,0.7531551692769465,0.861231247379468,False
GO:0009269,response to desiccation,19,-0.000353533399161,0.0002877213158555,-0.0006412547150165,294053.0,0.7546198204488134,0.8619397725171216,False
GO:2000014,regulation of endosperm development,10,0.0001023827014301026,0.0002877213158555,-0.00018533861442539742,170548.0,0.7588347836089888,0.8656421924349303,False
GO:0035265,organ growth,12,0.0029863265619331004,0.0002877213158555,0.0026986052460776003,203668.0,0.7595585904208457,0.8656421924349303,False
GO:0022904,respiratory electron transport chain,13,0.0032418333553561,0.0002877213158555,0.0029541120395006,220111.0,0.7618810039961346,0.867100674027497,False
GO:0048586,"regulation of long-day photoperiodism, flowering",10,0.0076573820206331505,0.0002877213158555,0.00736966070477765,170404.0,0.7625547998496757,0.867100674027497,False
GO:0030003,intracellular monoatomic cation homeostasis,14,-0.00377039041565875,0.0002877213158555,-0.00405811173151425,215589.0,0.763965151572326,0.867100674027497,False
GO:0048437,floral organ development,20,6.69738433906e-05,0.0002877213158555,-0.00022074747246490003,310385.0,0.7642387313242351,0.867100674027497,False
GO:0007017,microtubule-based process,40,0.0016916179101783,0.0002877213158555,0.0014038965943228,627768.0,0.7651066430397072,0.8671208621116682,False
GO:0022900,electron transport chain,21,0.0032418333553561,0.0002877213158555,0.0029541120395006,326325.0,0.7662857447202042,0.8674932959096652,False
GO:0010208,pollen wall assembly,28,0.0002877213158555,0.0002877213158555,0.0,437954.0,0.7768604103168006,0.8784895992495972,False
GO:1901701,cellular response to oxygen-containing compound,15,0.0093840996998072,0.0002877213158555,0.0090963783839517,252363.0,0.7784848351785172,0.8793516410654347,False
GO:0016104,triterpenoid biosynthetic process,16,0.0050410482841918,0.0002877213158555,0.0047533269683363,268746.0,0.7803148589242397,0.8804437567508014,False
GO:0032981,mitochondrial respiratory chain complex I assembly,19,0.0017902263022884,0.0002877213158555,0.0015025049864329,318037.0,0.7813111361259549,0.8805937666833967,False
GO:0007186,G protein-coupled receptor signaling pathway,18,0.0018228090217556493,0.0002877213158555,0.0015350877059001492,301539.0,0.7825007077374425,0.8809610616911605,False
GO:0006388,"tRNA splicing, via endonucleolytic cleavage and ligation",10,0.0005430778555998502,0.0002877213158555,0.00025535653974435017,169583.0,0.7838665621473396,0.8815257920510325,False
GO:0072659,protein localization to plasma membrane,21,-0.0001927582196113,0.0002877213158555,-0.00048047953546680004,327415.0,0.7858350980207776,0.882766299538759,False
GO:0048579,"negative regulation of long-day photoperiodism, flowering",15,-0.0004433901114308,0.0002877213158555,-0.0007311114272863001,232580.0,0.7898282840942804,0.8862759623500176,False
GO:0071230,cellular response to amino acid stimulus,22,0.0008665107806654501,0.0002877213158555,0.00057878946480995,343783.0,0.7947825103880101,0.8908551215338134,False
GO:0046856,phosphatidylinositol dephosphorylation,30,0.00412762994010855,0.0002877213158555,0.00383990862425305,471166.0,0.7987319667869521,0.8942992383344579,False
GO:0043069,negative regulation of programmed cell death,19,0.0042891298604078,0.0002877213158555,0.0040014085445523,316915.0,0.8025865271916047,0.8973314463281573,False
GO:0006612,protein targeting to membrane,37,-0.0012367401483081,0.0002877213158555,-0.0015244614641636,582903.0,0.8031996181349095,0.8973314463281573,False
GO:0010375,stomatal complex patterning,15,0.0002877213158555,0.0002877213158555,0.0,233263.0,0.8044291169439625,0.8977217716442469,False
GO:0006621,protein retention in ER lumen,12,0.00210682162749155,0.0002877213158555,0.00181910031163605,185856.0,0.8061639038332493,0.8979700779265384,False
GO:0010629,negative regulation of gene expression,33,-0.003512800245968,0.0002877213158555,-0.0038005215618235,519432.0,0.8064123444908914,0.8979700779265384,False
GO:0010215,cellulose microfibril organization,12,0.0087537740831722,0.0002877213158555,0.008466052767316701,201609.0,0.8085378563976269,0.8993550856331292,False
GO:0010017,red or far-red light signaling pathway,46,0.0014238361344792,0.0002877213158555,0.0011361148186237,726885.0,0.810399961032599,0.8998281175440707,False
GO:0042542,response to hydrogen peroxide,82,0.0005639474878634,0.0002877213158555,0.0002762261720079,1341469.0,0.8110678497633851,0.8998281175440707,False
GO:0009739,response to gibberellin,93,0.006945395233767,0.0002877213158555,0.0066576739179115,1519395.0,0.8120789990839277,0.8998281175440707,False
GO:0048255,mRNA stabilization,13,-0.006807319223655,0.0002877213158555,-0.0070950405395105,217899.0,0.812491859076558,0.8998281175440707,False
GO:0071472,cellular response to salt stress,52,0.0004608326936944,0.0002877213158555,0.00017311137783889997,822878.0,0.814060799816971,0.900587869645673,False
GO:0010015,root morphogenesis,23,-0.0032174701998959,0.0002877213158555,-0.0035051915157514,360894.0,0.816153865801536,0.9011918109099215,False
GO:0010037,response to carbon dioxide,11,0.0158075278708244,0.0002877213158555,0.015519806554968901,184807.0,0.8167138961821605,0.9011918109099215,False
GO:0071423,malate transmembrane transport,12,-0.0021838921342549,0.0002877213158555,-0.0024716134501104,186318.0,0.8172572795016445,0.9011918109099215,False
GO:0030163,protein catabolic process,153,0.0002877213158555,0.0002877213158555,0.0,2485612.0,0.8234349742997937,0.9070234058161875,False
GO:1900426,positive regulation of defense response to bacterium,30,0.00522797109036445,0.0002877213158555,0.00494024977450895,495356.0,0.8268117439748027,0.9095000618945416,False
GO:0046109,uridine biosynthetic process,10,-0.00016190757973914998,0.0002877213158555,-0.00044962889559464997,167922.0,0.8274667229785633,0.9095000618945416,False
GO:0009639,response to red or far red light,42,0.0014875266371411268,0.0002877213158555,0.0011998053212856268,664590.0,0.8293684791082461,0.9106090943922616,False
GO:0006891,intra-Golgi vesicle-mediated transport,27,-0.0012023848920603,0.0002877213158555,-0.0014901062079158,446148.0,0.8309515949533205,0.9113662654326741,False
GO:0009860,pollen tube growth,151,0.0008008805359352,0.0002877213158555,0.0005131592200796999,2403745.0,0.8324758005250972,0.9120572680296446,False
GO:0009638,phototropism,30,0.00917601076781785,0.0002877213158555,0.00888828945196235,473522.0,0.8345712527574526,0.9130478097151757,False
GO:0036503,ERAD pathway,52,-0.00032933123577384997,0.0002877213158555,-0.0006170525516293499,852664.0,0.8351702024159401,0.9130478097151757,False
GO:0006874,intracellular calcium ion homeostasis,58,-0.0006797655258382499,0.0002877213158555,-0.0009674868416937499,920679.0,0.836988830465664,0.913746465569756,False
GO:0006308,DNA catabolic process,10,0.0036969490621236497,0.0002877213158555,0.0034092277462681496,167537.0,0.8376544480856312,0.913746465569756,False
GO:0061615,glycolytic process through fructose-6-phosphate,11,0.0043368297010803,0.0002877213158555,0.0040491083852248,171345.0,0.8387354537044021,0.913746465569756,False
GO:0009060,aerobic respiration,11,0.0021566296426121,0.0002877213158555,0.0018689083267566,171371.0,0.8393925865086876,0.913746465569756,False
GO:1990110,callus formation,29,0.0058294378598655,0.0002877213158555,0.00554171654401,478157.0,0.8405938190415672,0.9137914472060782,False
GO:0010483,pollen tube reception,11,0.0094219089050996,0.0002877213158555,0.009134187589244102,183813.0,0.841769305389833,0.9137914472060782,False
GO:1990641,response to iron ion starvation,18,-0.003306736630989,0.0002877213158555,-0.0035944579468445,282740.0,0.8421215297781505,0.9137914472060782,False
GO:2000031,regulation of salicylic acid mediated signaling pathway,25,0.0130410920313414,0.0002877213158555,0.012753370715485901,412531.0,0.8472163466284273,0.9173929137972363,False
GO:0016114,terpenoid biosynthetic process,39,-0.0002687105769906,0.0002877213158555,-0.0005564318928461,618052.0,0.8472393380362713,0.9173929137972363,False
GO:0042372,phylloquinone biosynthetic process,10,0.0051518633662559,0.0002877213158555,0.0048641420504004,167127.0,0.8485336814711618,0.9178201008489767,False
GO:0006885,regulation of pH,36,0.0002877213158555,0.0002877213158555,0.0,570452.0,0.8516060074583316,0.9198454458677151,False
GO:0043068,positive regulation of programmed cell death,21,0.0002877213158555,0.0002877213158555,0.0,331113.0,0.8531012394877859,0.9198454458677151,False
GO:0009637,response to blue light,67,0.0002877213158555,0.0002877213158555,0.0,1094198.0,0.8534004621962776,0.9198454458677151,False
GO:0009407,toxin catabolic process,46,-0.00132240158752955,0.0002877213158555,-0.00161012290338505,730501.0,0.8550339188692228,0.9198454458677151,False
GO:0010311,lateral root formation,61,0.0028764308790876,0.0002877213158555,0.0025887095632321,996855.0,0.8550773771066693,0.9198454458677151,False
GO:0080155,regulation of double fertilization forming a zygote and endosperm,55,0.0002877213158555,0.0002877213158555,0.0,874428.5,0.8558169883612369,0.9198454458677151,False
GO:0030041,actin filament polymerization,10,0.0027523542863338996,0.0002877213158555,0.0024646329704783995,156350.0,0.8614935123995235,0.9249719817342252,False
GO:0009911,positive regulation of flower development,42,0.0003453993170445,0.0002877213158555,5.767800118899999e-05,688045.0,0.8627995188130642,0.9254001148152738,False
GO:0000209,protein polyubiquitination,49,0.0012241395757204,0.0002877213158555,0.0009364182598648998,801194.0,0.8682141642444202,0.9302294616904502,False
GO:0006893,Golgi to plasma membrane transport,12,0.0010721072065479498,0.0002877213158555,0.0007843858906924498,188549.0,0.8713050167138583,0.9325615079203939,False
GO:0010315,auxin export across the plasma membrane,34,-0.0004825370812752,0.0002877213158555,-0.0007702583971307001,557195.0,0.8754378073562986,0.9355078354753268,False
GO:0019853,L-ascorbic acid biosynthetic process,18,0.0002877213158555,0.0002877213158555,0.0,296796.0,0.8759137105879147,0.9355078354753268,False
GO:0006488,dolichol-linked oligosaccharide biosynthetic process,16,0.008772805554323249,0.0002877213158555,0.00848508423846775,264078.0,0.877814996950119,0.9355078354753268,False
GO:0048527,lateral root development,56,0.0026578174121882,0.0002877213158555,0.0023700960963327,913771.0,0.8781910339463965,0.9355078354753268,False
GO:0019941,modification-dependent protein catabolic process,23,0.0017849974644013,0.0002877213158555,0.0014972761485457999,378116.0,0.8786436337111403,0.9355078354753268,False
GO:0048827,phyllome development,13,-0.0012551889044122,0.0002877213158555,-0.0015429102202677001,214918.0,0.8819177184597762,0.9376743866648913,False
GO:0009627,systemic acquired resistance,68,0.0009800863076720998,0.0002877213158555,0.0006923649918165998,1107547.0,0.8825170698022506,0.9376743866648913,False
GO:0070534,protein K63-linked ubiquitination,10,-0.00421636332801655,0.0002877213158555,-0.00450408464387205,157322.0,0.8874683429011831,0.9390993063065959,False
GO:0006886,intracellular protein transport,211,0.0002877213158555,0.0002877213158555,0.0,3405430.0,0.8875621785921087,0.9390993063065959,False
GO:0000902,cell morphogenesis,20,0.0027302309333438997,0.0002877213158555,0.0024425096174883996,328741.0,0.8884042388976641,0.9390993063065959,False
GO:0016559,peroxisome fission,12,0.00384888907811305,0.0002877213158555,0.00356116776225755,189251.0,0.8884492271407134,0.9390993063065959,False
GO:0016925,protein sumoylation,19,0.0015885683029532,0.0002877213158555,0.0013008469870976998,312455.0,0.8884615986135931,0.9390993063065959,False
GO:0009718,anthocyanin-containing compound biosynthetic process,19,0.0015504353752328,0.0002877213158555,0.0012627140593773,301234.0,0.8919427586956855,0.9418029129084878,False
GO:0048317,seed morphogenesis,11,-0.0004276723163458,0.0002877213158555,-0.0007153936322013,173518.0,0.8940007922921456,0.9421438414526733,False
GO:0010073,meristem maintenance,47,0.0007700772544015,0.0002877213158555,0.00048235593854599994,766661.0,0.8941129789472428,0.9421438414526733,False
GO:0051607,defense response to virus,57,0.002045635689026,0.0002877213158555,0.0017579143731704999,910102.0,0.8973019749931546,0.9437929653728714,False
GO:0010588,cotyledon vascular tissue pattern formation,19,0.0002877213158555,0.0002877213158555,0.0,311989.0,0.8975286043251816,0.9437929653728714,False
GO:0043067,regulation of programmed cell death,24,0.0038851484590926503,0.0002877213158555,0.0035974271432371503,393239.0,0.8986201162049463,0.9439675782997377,False
GO:0006221,pyrimidine nucleotide biosynthetic process,12,-0.00134590340770135,0.0002877213158555,-0.00163362472355685,189730.0,0.9001778692957825,0.9446310974091545,False
GO:0006665,sphingolipid metabolic process,23,0.0097899419597296,0.0002877213158555,0.0095022206438741,365820.0,0.9026500436482962,0.9458709182412062,False
GO:0033617,mitochondrial respiratory chain complex IV assembly,11,-0.0058589403494416,0.0002877213158555,-0.0061466616652971,173878.0,0.9032139944773871,0.9458709182412062,False
GO:0016024,CDP-diacylglycerol biosynthetic process,18,0.0035208284309834,0.0002877213158555,0.0032331071151279,295332.0,0.9051650691303771,0.946941918474856,False
GO:0009861,jasmonic acid and ethylene-dependent systemic resistance,10,-0.0007347118749155999,0.0002877213158555,-0.0010224331907711,164844.0,0.9095843746397428,0.9505902275948132,False
GO:0080060,integument development,12,-9.826349767849999e-05,0.0002877213158555,-0.000385984813534,197350.0,0.9120511119687567,0.9521925631608309,False
GO:0009862,"systemic acquired resistance, salicylic acid mediated signaling pathway",26,-0.0007630822542719501,0.0002877213158555,-0.0010508035701274501,414743.0,0.9173014073636884,0.9566947193363621,False
GO:0043248,proteasome assembly,14,0.0028070893313719004,0.0002877213158555,0.0025193680155164004,229504.0,0.9214845648098076,0.9592620068434542,False
GO:0010540,basipetal auxin transport,14,0.00500928725171915,0.0002877213158555,0.00472156593586365,229497.0,0.9216438889280246,0.9592620068434542,False
GO:0051302,regulation of cell division,37,-0.0004842483112125,0.0002877213158555,-0.000771969627068,602326.0,0.9256092645224092,0.961997534944721,False
GO:0009626,plant-type hypersensitive response,86,0.0010440233831246499,0.0002877213158555,0.0007563020672691498,1377584.0,0.9261584110938392,0.961997534944721,False
GO:0042548,"regulation of photosynthesis, light reaction",10,-0.00275383805915325,0.0002877213158555,-0.0030415593750087503,158921.0,0.9304497115560817,0.9645925300154824,False
GO:0090548,response to nitrate starvation,14,0.0005235111381561,0.0002877213158555,0.00023578982230059998,223024.0,0.9305480877796418,0.9645925300154824,False
GO:0006520,amino acid metabolic process,58,0.001325879389768,0.0002877213158555,0.0010381580739125,941253.0,0.9329110540844758,0.9660601778336704,False
GO:0009101,glycoprotein biosynthetic process,83,-0.0003285473205533,0.0002877213158555,-0.0006162686364088,1330431.0,0.934743815451166,0.9667018741047535,False
GO:0006888,endoplasmic reticulum to Golgi vesicle-mediated transport,86,-0.0004140451828429,0.0002877213158555,-0.0007017664986984,1392587.0,0.9354262252366585,0.9667018741047535,False
GO:0009704,de-etiolation,18,0.00960233464660035,0.0002877213158555,0.009314613330744851,293576.0,0.9404177290208037,0.9708766028352427,False
GO:0031408,oxylipin biosynthetic process,23,-0.001409156239995,0.0002877213158555,-0.0016968775558505,368054.0,0.9423263014285077,0.9718633240213123,False
GO:1900424,regulation of defense response to bacterium,10,0.009667891479770149,0.0002877213158555,0.00938017016391465,159503.0,0.9461511930652998,0.9732165622000423,False
GO:0009395,phospholipid catabolic process,18,-0.004618454791844501,0.0002877213158555,-0.004906176107700001,287959.0,0.9463936451099878,0.9732165622000423,False
GO:0009741,response to brassinosteroid,52,-0.0003292345014105,0.0002877213158555,-0.0006169558172660001,843127.0,0.9472632850063919,0.9732165622000423,False
GO:0010047,fruit dehiscence,13,0.0044562073728503,0.0002877213158555,0.0041684860569948,207708.0,0.9474549473182764,0.9732165622000423,False
GO:0009641,shade avoidance,19,3.4626812436645144e-05,0.0002877213158555,-0.0002530945034188549,304231.0,0.9504853345086981,0.9746851183069812,False
GO:0008295,spermidine biosynthetic process,10,0.0117599982323321,0.0002877213158555,0.011472276916476601,163315.0,0.9507957771720061,0.9746851183069812,False
GO:0032544,plastid translation,21,-0.0036079019407624,0.0002877213158555,-0.0038956232566179,336461.0,0.9521707348346652,0.9751146079632114,False
GO:0048768,root hair cell tip growth,31,0.0015684706120047,0.0002877213158555,0.0012807492961491999,497278.0,0.9534356239842358,0.9754306283489674,False
GO:0009686,gibberellin biosynthetic process,27,0.0018575446411044,0.0002877213158555,0.0015698233252489,433056.0,0.9547168521843437,0.9757627146573452,False
GO:0051596,methylglyoxal catabolic process,12,-0.00023351078807139995,0.0002877213158555,-0.0005212321039269,192015.0,0.9563839969965583,0.9764881651015911,False
GO:0090351,seedling development,33,-0.0076046659944604,0.0002877213158555,-0.0078923873103159,529818.0,0.9592552728113272,0.9781480539181324,False
GO:0043436,oxoacid metabolic process,10,-0.0038628602393774,0.0002877213158555,-0.0041505815552329,160013.0,0.9599276489922064,0.9781480539181324,False
GO:0009901,anther dehiscence,18,0.0007767344562406,0.0002877213158555,0.0004890131403851,292484.0,0.9624037103956127,0.9796923998039171,False
GO:0009725,response to hormone,44,0.0002877213158555,0.0002877213158555,0.0,707208.0,0.9661742107303538,0.9825500448105293,False
GO:0005986,sucrose biosynthetic process,11,-0.0010527218799969,0.0002877213158555,-0.0013404431958524,176417.0,0.9684922929908597,0.9839264331182042,False
GO:2000008,regulation of protein localization to cell surface,49,0.0002877213158555,0.0002877213158555,0.0,788155.5,0.9729240053253473,0.9867096309187119,False
GO:0048440,carpel development,18,-0.00086971860781235,0.0002877213158555,-0.00115743992366785,291950.0,0.973166557553161,0.9867096309187119,False
GO:0009635,response to herbicide,14,0.0008519376378086999,0.0002877213158555,0.0005642163219532,224948.0,0.9744686761329594,0.9867171871872279,False
GO:0047484,regulation of response to osmotic stress,14,0.0030617064823954504,0.0002877213158555,0.0027739851665399503,227154.0,0.9751087496909077,0.9867171871872279,False
GO:0019253,reductive pentose-phosphate cycle,18,-0.0002729001693865,0.0002877213158555,-0.0005606214852420001,291797.0,0.9762512815593717,0.9868942588608117,False
GO:0006312,mitotic recombination,11,0.0026985556577038,0.0002877213158555,0.0024108343418483,176786.0,0.9780074478754504,0.9876906899336231,False
GO:0042797,tRNA transcription by RNA polymerase III,11,-0.0025901977840251,0.0002877213158555,-0.0028779190998806,176878.0,0.9803803303122607,0.989107751650352,False
GO:0048765,root hair cell differentiation,20,-0.00031638261597719995,0.0002877213158555,-0.0006041039318326999,322051.0,0.983954550061183,0.9917328468996114,False
GO:2000037,regulation of stomatal complex patterning,14,4.5329003890099925e-05,0.0002877213158555,-0.0002423923119654001,225491.0,0.9868839639176178,0.9937034977255381,False
GO:0006896,Golgi to vacuole transport,15,0.0006518825226684,0.0002877213158555,0.0003641612068129,241672.0,0.9882343012220742,0.9940818414659918,False
GO:0009826,unidimensional cell growth,131,0.0002877213158555,0.0002877213158555,0.0,2106474.0,0.9911277995122703,0.9960102024655326,False
GO:0016126,sterol biosynthetic process,32,0.00190401634785195,0.0002877213158555,0.00161629503199645,515945.0,0.9926383440584449,0.9962865783925727,False
GO:0006783,heme biosynthetic process,11,0.0056756361322002,0.0002877213158555,0.0053879148163447,177381.0,0.9933563237502416,0.9962865783925727,False
GO:1902290,positive regulation of defense response to oomycetes,12,-0.00137935914677395,0.0002877213158555,-0.00166708046262945,193609.0,0.9957387626617296,0.9976950274213793,False
GO:1900055,regulation of leaf senescence,18,0.0013991829684322499,0.0002877213158555,0.0011114616525767498,290519.0,0.9979929137922147,0.9987999442294004,False
GO:0010075,regulation of meristem growth,29,-0.0051885567837383,0.0002877213158555,-0.0054762780995938004,468136.0,0.9987999442294004,0.9987999442294004,False
