Gene,spaceflight_effect,standard_error,t_statistic,p_value,adjusted_p_value,significant
AT4G23496,-0.536244988847075,0.04091165966748268,-13.107387801069633,1.805947241385197e-13,5.8348349421914325e-09,True
AT4G18422,-0.24771992309362573,0.019481536384794846,-12.71562561600474,3.7529547152568395e-13,6.062710694761661e-09,True
AT3G52740,-0.5481696644076102,0.04478713001404943,-12.239446113998662,9.333727322573877e-13,1.0052113202167978e-08,True
AT4G15248,-0.3009480991282181,0.03153285428737799,-9.543953629617413,2.669611624393527e-10,1.791295634293178e-06,True
AT3G24520,-0.3594895013299055,0.03785178143565598,-9.497294121836765,2.967834405949047e-10,1.791295634293178e-06,True
AT4G25830,-0.22628100950872315,0.02404554948620616,-9.41051522397233,3.616637522271441e-10,1.791295634293178e-06,True
AT5G66170,0.5960138873566667,0.06354325149171308,9.379656743476453,3.880983453543052e-10,1.791295634293178e-06,True
AT1G10370,-0.38837997863057205,0.042537844465766875,-9.130222358660607,6.89569417547152e-10,2.7849122889413665e-06,True
AT4G14690,-0.5974119652021301,0.06706507706430884,-8.907944214084338,1.1588719060211498e-09,3.395881920825895e-06,True
AT5G54470,-0.16523082714528045,0.018571606148742228,-8.896959467152538,1.1891886530485182e-09,3.395881920825895e-06,True
AT5G53980,0.30319246273090494,0.03411917247723346,8.886278321469103,1.2194464759904874e-09,3.395881920825895e-06,True
AT5G67210,-0.3048095533779589,0.03438849958533923,-8.863706095159431,1.2860099612481223e-09,3.395881920825895e-06,True
AT5G23280,-0.272255556892482,0.030805130840256524,-8.837993849280947,1.3663828955008398e-09,3.395881920825895e-06,True
AT2G44080,0.5655463041048221,0.06460651285264345,8.753704218562884,1.6678112665639094e-09,3.848951015100953e-06,True
AT1G67030,-0.365319016786508,0.042623203267891284,-8.570895399166503,2.5781704205428532e-09,5.55320720782127e-06,True
AT2G27370,-0.4206026662078358,0.049291334542684105,-8.532994087299718,2.8233870319530085e-09,5.701300725960609e-06,True
AT4G04750,-0.2139375574152333,0.025214721272853863,-8.48462908235905,3.1713363900426815e-09,5.877008996673815e-06,True
AT1G54540,-0.3569465070798102,0.04213564361330401,-8.471367148337732,3.2742010566754986e-09,5.877008996673815e-06,True
AT1G21320,0.20921483827229015,0.024835990013578012,8.42385740040606,3.6715632014725857e-09,6.039976325219531e-06,True
AT5G54230,-0.24602335260146846,0.02923165738140656,-8.416332655771924,3.738881627546214e-09,6.039976325219531e-06,True
AT2G36870,-0.33990171709665434,0.04060630785644037,-8.370662959517118,4.175436511302786e-09,6.424008487794367e-06,True
AT1G30750,-0.6369109843650842,0.07663925564881344,-8.310505875521837,4.831228327050562e-09,6.840270762221268e-06,True
AT5G54490,0.27763287129061387,0.03342049435388246,8.307264050340454,4.869424232600488e-09,6.840270762221268e-06,True
AT2G36100,-0.6462333060079655,0.07951397202278578,-8.127292469086802,7.555790933736758e-09,1.017166871992087e-05,True
AT5G13900,-0.5087122401082153,0.06350455638563199,-8.010641583244132,1.0067680866738926e-08,1.3011068044938717e-05,True
AT5G57660,-0.19468432479196274,0.024429770845976966,-7.969142486820456,1.115471905009302e-08,1.3861454530363668e-05,True
AT4G29930,-0.2767857294694427,0.03482611103094857,-7.947649659287949,1.1764100378682867e-08,1.4077271079069064e-05,True
AT4G21660,0.22077855356152087,0.027925442940611965,7.906000059911053,1.3043569303182069e-08,1.4865480620830976e-05,True
AT3G24020,-0.5195658440981952,0.06579401284957667,-7.896855984237753,1.3342998483521567e-08,1.4865480620830976e-05,True
AT3G17130,-0.18757219732792646,0.023860338407900805,-7.861254694770642,1.4577220700744509e-08,1.5699180787345147e-05,True
AT5G47450,-0.6706742975725801,0.08570159217517176,-7.825692388558427,1.5926645372088746e-08,1.654536382982696e-05,True
AT5G41590,-0.24156975703965256,0.030951832394738532,-7.804699701098043,1.6782409247562732e-08,1.654536382982696e-05,True
AT5G08050,-0.3450186902179827,0.04422228445134245,-7.801919202016915,1.689922332428394e-08,1.654536382982696e-05,True
AT4G13580,-0.5902919110460926,0.07592052693772247,-7.775129268139938,1.8068134028772266e-08,1.716951006869421e-05,True
AT4G36610,-0.3310189943978682,0.04279753803850813,-7.734533563590171,1.9998805458692448e-08,1.8461183016139836e-05,True
AT3G55230,-0.6497112962842387,0.08473775448270873,-7.667317835485202,2.367041614101512e-08,2.1243540975001598e-05,True
AT3G13650,-0.30034688597598685,0.03928232070494945,-7.64585392578764,2.4982360035088357e-08,2.1815001901991074e-05,True
AT3G21560,-0.4870603347132997,0.0639587721167843,-7.615223347689683,2.698421919842643e-08,2.2942977317946303e-05,True
AT5G25350,0.4511806507013079,0.059559201497604006,7.575330752536337,2.983906985131719e-08,2.4598877714544993e-05,True
AT1G73650,-0.2739705151521339,0.03620480506329084,-7.567241825310116,3.0454520677885414e-08,2.4598877714544993e-05,True
AT5G07475,-0.35582785300971953,0.04711707772465687,-7.551993251557514,3.1650149236379076e-08,2.4941089553126136e-05,True
AT2G39430,-0.5892206306265909,0.0786657797609002,-7.4901772081518905,3.700849862472398e-08,2.84692281444335e-05,True
AT3G11550,-0.4882749506145163,0.06568716312225038,-7.43333898749422,4.2750212310154524e-08,3.212131650066936e-05,True
AT3G22620,-0.5359468710222282,0.07228731136227605,-7.414120969809898,4.489064926065771e-08,3.2962999703695226e-05,True
AT5G09520,-0.31011224974611984,0.04200587310809335,-7.382592642417184,4.864152075291651e-08,3.483516732314172e-05,True
AT3G59900,0.3036620213205719,0.04125663848488869,7.360319029185956,5.148254367726442e-08,3.483516732314172e-05,True
AT1G59760,0.23249023348839648,0.03159079164547574,7.359430434586543,5.1599328871319813e-08,3.483516732314172e-05,True
AT2G48130,-0.46148875724766925,0.06271706800896155,-7.358264215759062,5.175301097250929e-08,3.483516732314172e-05,True
AT3G56290,-0.48828997700950566,0.06644105629849124,-7.3492205604894005,5.2960705364405646e-08,3.492055978813432e-05,True
AT3G25655,-0.3314379570918487,0.04534438098809559,-7.309350130479501,5.863698407613734e-08,3.7890046370318424e-05,True
AT1G30840,-0.4080811136319801,0.0560449348856118,-7.281320148999677,6.299525085851327e-08,3.863238863136617e-05,True
AT5G67300,-0.4243656260856028,0.05828152757890806,-7.281305822175802,6.299756084810361e-08,3.863238863136617e-05,True
AT5G15950,-0.37794510449616214,0.051922777688627,-7.278984702294655,6.337294863543926e-08,3.863238863136617e-05,True
AT4G28110,-0.2102541911909566,0.02917174358511639,-7.20746055433689,7.61286199458847e-08,4.526247875226283e-05,True
AT1G60270,-0.30625211478406755,0.042541787737255365,-7.198853905142111,7.783044447070185e-08,4.526247875226283e-05,True
AT2G37180,-0.5400362608876674,0.07504923984706988,-7.1957592373768975,7.84517877410851e-08,4.526247875226283e-05,True
AT4G25410,0.20591396571746717,0.028673997066540353,7.18120899711425,8.144154884037846e-08,4.6163070201469954e-05,True
AT5G01840,-0.2661549749728562,0.03733916888182111,-7.128036936634548,9.338923604198118e-08,5.202263495310983e-05,True
AT5G64620,-0.26592371709746104,0.03759367227555012,-7.0736297094979586,1.074675236709199e-07,5.885030885226697e-05,True
AT4G13390,0.5476172074906529,0.07783274178990658,7.035820592943167,1.1850644369571802e-07,6.381374482274923e-05,True
AT3G13580,0.2884014484161554,0.041100102832229916,7.017049314776811,1.244088164902528e-07,6.589384347514062e-05,True
AT2G22460,-0.12024471971727183,0.017174725148818116,-7.001260205060487,1.2960457176723139e-07,6.61292178764296e-05,True
AT4G24130,-0.3286774062818794,0.04694600722355117,-7.001179135783745,1.2963181126246828e-07,6.61292178764296e-05,True
AT2G19970,-0.3812244347263668,0.054484986779613206,-6.996871198085902,1.310876964974113e-07,6.61292178764296e-05,True
AT5G27330,0.31026636714380057,0.04437975344660438,6.9911692393040985,1.3304030338196553e-07,6.61292178764296e-05,True
AT1G35320,0.22317759468437598,0.032104752353574316,6.951543878192505,1.4745239500275777e-07,7.218241560824395e-05,True
AT5G60850,-0.2520235451481231,0.036328020624202165,-6.937442250300363,1.5295610290789336e-07,7.273352095515888e-05,True
AT5G23920,-0.3017627478919195,0.0434996568169981,-6.937129393030095,1.5308054798820154e-07,7.273352095515888e-05,True
AT5G26070,-0.28884665321312186,0.04180270884336639,-6.909759228652439,1.6437578862443712e-07,7.547236397465197e-05,True
AT1G16310,-0.25461227415260734,0.036853362170298165,-6.9087936393985565,1.647893960204541e-07,7.547236397465197e-05,True
AT4G23500,-0.15780255077580008,0.022848998759086223,-6.906322348722072,1.6585279155035098e-07,7.547236397465197e-05,True
AT3G21890,-0.1642514056835126,0.023866900670293987,-6.881974662422282,1.7670994147275015e-07,7.929613193115394e-05,True
AT2G44940,-0.40203280510681555,0.058600114231854156,-6.860614699762419,1.868286525593776e-07,8.019913414795312e-05,True
AT2G40900,-0.3537499339313621,0.05156277958480592,-6.860567579556982,1.868516135641874e-07,8.019913414795312e-05,True
AT2G32300,-0.4580608262112638,0.06677043944666881,-6.860233810159782,1.8701433675559475e-07,8.019913414795312e-05,True
AT1G78120,-0.2338252841879895,0.03410076553773679,-6.856892521349187,1.8865127968195974e-07,8.019913414795312e-05,True
AT2G01580,-0.14858988715690197,0.021735883633778694,-6.836155808544427,1.9914126719720786e-07,8.355915846590376e-05,True
AT5G45870,-0.14076454534466742,0.020633082488387005,-6.82227415239068,2.0649293747484932e-07,8.553308098557572e-05,True
AT5G47530,-0.18931554105224913,0.02777874882119903,-6.8151212378498185,2.1038815426215275e-07,8.604342881083409e-05,True
AT5G42180,-0.5715360546732573,0.08398892481610945,-6.804897859147664,2.1608543128458565e-07,8.726880249217096e-05,True
AT5G25810,-0.3098377016808377,0.045633857704807046,-6.789645172781427,2.2487825599760468e-07,8.969866139539025e-05,True
AT1G68560,0.25596994565438963,0.03795706299937751,6.743671017396354,2.536441724686836e-07,9.93231498544137e-05,True
AT3G10690,0.24097772411035606,0.03574592433422596,6.741404190788404,2.551555739241802e-07,9.93231498544137e-05,True
AT4G15920,-0.3447410811896283,0.05135949730290817,-6.712314163754632,2.7538314358349706e-07,0.00010521228158422811,True
AT5G64700,-0.23022897072282653,0.03432923920567638,-6.706497902369997,2.7961889370523955e-07,0.00010521228158422811,True
AT3G57540,-0.20615046604998277,0.030741628342487323,-6.705905873081771,2.8005373785148466e-07,0.00010521228158422811,True
AT4G28660,-0.21826188686016518,0.03257313952286877,-6.700670861245324,2.8392884755981316e-07,0.00010544203604379314,True
AT2G30210,-0.43453509754319186,0.06541729380435132,-6.642511058968449,3.3082512262906325e-07,0.00012139012304817011,True
AT2G30040,-0.1413497712514221,0.021292614513642106,-6.638441284928151,3.343873518613123e-07,0.00012139012304817011,True
AT3G07770,0.2837036362791943,0.042786900345935096,6.630619044273609,3.4134378854855854e-07,0.0001221080753013713,True
AT5G13330,0.2867779376847547,0.04327985926270757,6.626129164238275,3.4540287629216666e-07,0.0001221080753013713,True
AT3G25730,0.2071005795761367,0.0312670325169657,6.6236084113119,3.477032073950342e-07,0.0001221080753013713,True
AT1G49570,0.3356254410217594,0.05090803251457526,6.592779654677637,3.77126989955601e-07,0.0001310171604137152,True
AT2G41150,0.17719427414893973,0.0269634061241821,6.571657650849358,3.987337352711911e-07,0.00013704987503060546,True
AT5G66390,-0.5905644267918864,0.09033124821429948,-6.537764488661186,4.360625685390763e-07,0.00014455117255481506,True
AT3G22840,-0.5667534605859977,0.08670384085209287,-6.536659218509318,4.3733786972864794e-07,0.00014455117255481506,True
AT4G04840,-0.46370251499258125,0.07094447884988647,-6.536132515311631,4.379469295424525e-07,0.00014455117255481506,True
AT5G13490,0.24396298079985743,0.03732778246228768,6.535694453490069,4.384541431295267e-07,0.00014455117255481506,True
AT1G22360,0.23780096800057574,0.03641820376723689,6.529728086548572,4.4542197558023127e-07,0.00014536503645476456,True
AT1G01060,-0.1554046442741382,0.023849432094395984,-6.516073156754721,4.6179465391398116e-07,0.00014920123473306817,True
AT3G52710,-0.1651246166889786,0.025420710892573934,-6.49567265788841,4.874002749609329e-07,0.0001558524004509518,True
AT3G48000,0.23399242200001139,0.03604263081603295,6.4921016225020916,4.920283774179666e-07,0.0001558524004509518,True
AT1G06040,-0.4150848996003801,0.06407532645260262,-6.4780770162353205,5.106397961292169e-07,0.00016017729294309581,True
AT1G07700,-0.2124730755050213,0.03282630353499195,-6.472647012434122,5.18036008450852e-07,0.0001609348595869094,True
AT1G14720,-0.21879784580528577,0.033840371727078676,-6.465586358503452,5.278160564293298e-07,0.00016094488726426593,True
AT4G15480,-0.2850838785252879,0.04409355061238005,-6.465432576102081,5.280311383828713e-07,0.00016094488726426593,True
AT3G44450,-0.24060265110540066,0.037256158427674005,-6.458063881505296,5.384419136906209e-07,0.00016258429709747917,True
AT1G71740,-0.42473016058277396,0.06591112871941149,-6.4439825084908104,5.58919160938586e-07,0.00016720480713671085,True
AT2G21100,-0.1973112827889522,0.030656159250847838,-6.436268848110688,5.704693530916525e-07,0.00016909444338567158,True
AT3G49845,-0.29499164238538467,0.04595599352766711,-6.419002609698546,5.972081842262667e-07,0.0001754109020378768,True
AT1G61580,0.2593193542551139,0.040458419238442886,6.409527587491929,6.124177273936757e-07,0.00017825769688614655,True
AT5G65790,-0.19340089111142084,0.030200499642210235,-6.403897068017737,6.216413635981964e-07,0.00017932688229012613,True
AT3G13470,0.2584333241689385,0.04038060451103127,6.399936982081064,6.282128036194482e-07,0.00017961882718708628,True
AT5G48175,0.15362322794108574,0.02401964934551136,6.395731500126744,6.352685705354134e-07,0.00018004291443358484,True
AT3G54030,-0.20230954716783126,0.0318109612558607,-6.3597432828458995,6.990298716710384e-07,0.00019639092281582244,True
AT5G10930,-0.2598756901615687,0.04099662631294546,-6.3389530684262185,7.387819406346051e-07,0.0002057698768962367,True
AT5G52640,0.4029167261999632,0.06367017963026404,6.328185793407856,7.602621713037222e-07,0.00020702925383375391,True
AT1G46480,-0.2019833214402302,0.03192176009610458,-6.327449389762135,7.617541761819074e-07,0.00020702925383375391,True
AT5G54790,-0.3107675184228689,0.04911714082434367,-6.327068579465132,7.625268874374544e-07,0.00020702925383375391,True
AT1G78440,-0.14499197970694871,0.023019321138961435,-6.298707891152446,8.223636743203439e-07,0.00022109251437218505,True
AT5G17460,-0.32384524142842863,0.051444029800303735,-6.295098628267192,8.30312438827353e-07,0.00022109251437218505,True
AT5G55300,0.32354548430122965,0.051413125034461375,6.293052291304262,8.34853655433674e-07,0.00022109251437218505,True
AT4G12550,-0.5627977851211992,0.08957408090798408,-6.283042811227269,8.574317331885775e-07,0.0002252257062405671,True
AT5G41040,-0.41996109758204814,0.06719134502469508,-6.250226088310902,9.358860108487288e-07,0.00024385113810089984,True
AT1G52540,-0.180720681901336,0.02893127946656887,-6.24654993603602,9.451156756233487e-07,0.00024428593890971816,True
AT1G26945,0.19443681927272424,0.031176224573380876,6.236701907733234,9.702977233849406e-07,0.00024786997572934417,True
AT5G56980,-0.36908989463860664,0.059195023508675414,-6.235150740070474,9.74325634269916e-07,0.00024786997572934417,True
AT1G74020,-0.2870960442160566,0.04607102953422054,-6.231596018552353,9.836201300487416e-07,0.0002482795529823812,True
AT2G28550,-0.25178523540272213,0.04047209263294583,-6.221206244170318,1.0113040268512846e-06,0.00025328854111269887,True
AT5G19890,0.3763582041287922,0.060575169526414785,6.2130771910539195,1.0335131747992337e-06,0.000256708058049825,True
AT5G26860,0.25546558009510195,0.041134917642652764,6.210431301075705,1.0408479248669745e-06,0.000256708058049825,True
AT1G53180,0.21689179395012054,0.03494601475885672,6.206481495723385,1.0518954578600046e-06,0.00025746735112120367,True
AT1G67340,-0.2244202646839471,0.036218858067848816,-6.196226956232039,1.0811345452680164e-06,0.0002608424781267903,True
AT4G30650,-0.3142385774544839,0.05071987806631957,-6.195570443674891,1.0830342614391632e-06,0.0002608424781267903,True
AT2G01660,-0.17901072747791932,0.028910117274271185,-6.191975140731494,1.0934978757971484e-06,0.0002608424781267903,True
AT4G01630,-0.19428240027077098,0.031384662720237454,-6.190361260294629,1.098228058757073e-06,0.0002608424781267903,True
AT1G33170,-0.19635860014342366,0.03174976611184877,-6.184568398132045,1.1153778019620577e-06,0.0002608424781267903,True
AT2G21440,0.20798896315230564,0.03363498623268279,6.183708883168943,1.1179453826744028e-06,0.0002608424781267903,True
AT1G35560,-0.1427241260158164,0.023085965832559778,-6.1822895802142455,1.1221982871529249e-06,0.0002608424781267903,True
AT3G49601,0.20978569358055438,0.03402335741600347,6.165931569171891,1.1724127639220771e-06,0.0002705677427825599,True
AT3G53420,-0.417699698054643,0.06781726528350317,-6.159194068184436,1.1937505927028305e-06,0.0002735382120541543,True
AT5G35753,0.12679422940364465,0.02062546431196227,6.147460609170726,1.2318532735973323e-06,0.0002802813198356071,True
AT3G54990,-0.16748586126420817,0.027291666205887348,-6.136886623216804,1.267244088655746e-06,0.0002854534282095491,True
AT1G75580,0.13338563069287443,0.021740283422208698,6.135413605354145,1.272255212546816e-06,0.0002854534282095491,True
AT5G51680,-0.1773345038066151,0.02892487221101859,-6.1308655925214985,1.287854157194599e-06,0.00028651203183408344,True
AT5G47230,-0.17333759513838487,0.02828207861191969,-6.12888456739281,1.2947091103957468e-06,0.00028651203183408344,True
AT1G80340,-0.3463794047402118,0.056578632002775534,-6.122088719345843,1.3185065748893089e-06,0.0002897933940686985,True
AT1G78530,-0.1936311097878532,0.031693894616106236,-6.109413567919594,1.3640808564394356e-06,0.00029778438101825486,True
AT5G66310,0.19077176184940872,0.03125433328008539,6.103849989049824,1.3845851414867067e-06,0.000300231955277141,True
AT2G22590,-0.3150969455348132,0.0517806447511603,-6.085226382349218,1.45551749868908e-06,0.0003135087657676366,True
AT4G37150,-0.21456811542018395,0.035284845373766555,-6.0810275104594975,1.4720111393895177e-06,0.00031496164173864854,True
AT3G14362,0.24630895031320593,0.04053492314037622,6.076462744488625,1.4901565800687098e-06,0.00031674650621999964,True
AT5G44110,-0.2885509954337629,0.04751222080333116,-6.073195286496314,1.503283832657907e-06,0.000317448348688525,True
AT4G22270,-0.19349110838781847,0.03191614285276043,-6.062484094035297,1.5471425025896247e-06,0.0003245884877673259,True
AT1G54790,-0.11349356721568672,0.018776464218432334,-6.044458951130599,1.6238905815804728e-06,0.0003384921341953774,True
AT1G16530,-0.19861980634516974,0.03289674451612164,-6.037673613807973,1.6537688387270272e-06,0.000340962718977602,True
AT3G52800,-0.25060348313205016,0.04151139115909235,-6.036981082412118,1.6568493880802102e-06,0.000340962718977602,True
AT3G02790,0.6929785219121176,0.11503948991101792,6.023831663788936,1.7164546300890477e-06,0.00035099324457941165,True
AT3G12700,-0.26344645129587296,0.04392012615592043,-5.998308164248303,1.838410839781524e-06,0.00036950928949952864,True
AT5G02760,0.11011710352440751,0.018359501402693847,5.997826471924247,1.8407947883467666e-06,0.00036950928949952864,True
AT5G52510,-0.18837653756471764,0.031418471350168176,-5.995725745699251,1.8512280917705163e-06,0.00036950928949952864,True
AT1G47480,-0.1904844336455715,0.031782341448558384,-5.993404669504351,1.8628252782288346e-06,0.00036950928949952864,True
AT3G13432,-0.18342373427875008,0.03060564996772515,-5.993133113401531,1.8641868887437919e-06,0.00036950928949952864,True
AT1G02230,0.17994354233781223,0.030064136376548988,5.985322182019308,1.903785219962286e-06,0.00037294480455378243,True
AT5G48880,-0.29283498558457705,0.04892682568239705,-5.985162157984297,1.9046053035183416e-06,0.00037294480455378243,True
AT4G37740,0.15252871245105826,0.025577960220535097,5.96328679597373,2.0201385876570628e-06,0.0003931846845097111,True
AT3G61750,-0.22417931909781735,0.037624659511378174,-5.958308248079233,2.0474068588089374e-06,0.0003961057976123231,True
AT1G54970,0.41042908243546017,0.06890965671543714,5.95604595928158,2.059920354221256e-06,0.0003961545638365152,True
AT3G18000,0.3643869904801093,0.06131195613781526,5.943163673673217,2.1326639171347924e-06,0.0004076816578783897,True
AT4G25640,-0.3849836320870707,0.06480107712120307,-5.94100668059888,2.145095231648341e-06,0.0004076816578783897,True
AT3G25640,-0.30469331893646934,0.05143210281238864,-5.92418552373629,2.2445853543595025e-06,0.0004240953696725214,True
AT1G70370,-0.2376178582576064,0.04013370204775888,-5.92065635945676,2.2660434432189285e-06,0.0004256604512032579,True
AT4G08950,0.2928425077127865,0.04948643316308503,5.917632146728161,2.2845960979026824e-06,0.0004266648284805651,True
AT1G64405,-0.22971844600547534,0.03886127012688817,-5.911243900557249,2.324291997163801e-06,0.00043158362147336347,True
AT4G17340,-0.455248464749511,0.07707477452721584,-5.906581855633692,2.353700507388206e-06,0.00043454691253260315,True
AT4G11570,-0.1551603206686992,0.026294338892773647,-5.900902141005766,2.390036852196041e-06,0.0004387482991909198,True
AT2G25650,0.16080381669688004,0.027281918901460006,5.894153460307901,2.43394924086051e-06,0.00044428511877379786,True
AT3G55120,-0.3081322382496386,0.05239044792715181,-5.8814583658092054,2.5187740401000843e-06,0.0004571857891100766,True
AT1G09770,0.27145361716586336,0.046189752230131616,5.8769229982745435,2.549796464758292e-06,0.0004602311395523779,True
AT2G47460,-0.4348076401652339,0.07405944123801324,-5.871062931299241,2.5904519820250346e-06,0.00046497173937359355,True
AT2G16890,-0.3145871471975698,0.05363188316468312,-5.865674084790054,2.628415767777474e-06,0.00046917947536531717,True
AT5G24410,-0.21275106032727195,0.03639905827481049,-5.844960567963475,2.779643872345385e-06,0.0004890889947247118,True
AT5G65683,-0.19305702961453092,0.03302975515770591,-5.844942800597488,2.779777291332957e-06,0.0004890889947247118,True
AT1G62975,-0.39158821233538854,0.0670045948695931,-5.844199388079466,2.785365533731994e-06,0.0004890889947247118,True
AT2G02120,-0.4136516239744893,0.0708797475333342,-5.8359635632160245,2.8480382412812884e-06,0.0004922429685736613,True
AT3G63400,0.2555890404050667,0.043799680894231446,5.835408733279802,2.85231119020393e-06,0.0004922429685736613,True
AT1G06720,0.25160296739274113,0.04312405834215473,5.834399104937525,2.8601033153410568e-06,0.0004922429685736613,True
AT2G31730,-0.17297972114029742,0.029650987132985196,-5.8338604500578795,2.864269339560133e-06,0.0004922429685736613,True
AT4G12545,-0.5482053147132109,0.09413825779339927,-5.823406206606573,2.9463477592675788e-06,0.0005004894009200074,True
AT1G76900,-0.21167247172941894,0.036348894693839506,-5.82335373640106,2.9467656448417527e-06,0.0005004894009200074,True
AT2G23290,0.06687109674711009,0.011486432156963952,5.8217465469961205,2.959594711915369e-06,0.0005004894009200074,True
AT1G68500,-0.13050559541474038,0.02242657598991337,-5.81923854419136,2.9797270450524794e-06,0.0005004894009200074,True
AT2G25710,-0.16951694073336615,0.029138288473011056,-5.817669795203617,2.9923899665530835e-06,0.0005004894009200074,True
AT4G08570,-0.189283696794447,0.0325448370393131,-5.816089862911235,3.0051980494129015e-06,0.0005004894009200074,True
AT1G75390,0.24156471335804067,0.0416265307675968,5.8031430653375775,3.112260266391816e-06,0.0005139450657874125,True
AT2G40940,0.23636732845002528,0.040735537488817905,5.802484587687329,3.1178072021521205e-06,0.0005139450657874125,True
AT3G22600,-0.4350332736720194,0.0750058538938654,-5.799990948541152,3.13890388547561e-06,0.0005147961707402613,True
AT3G14185,-0.14246764943820106,0.02463128589197044,-5.7840118483072835,3.277551716892448e-06,0.00053482029505595,True
AT2G01010,0.9439681608138223,0.1634086430207451,5.776733368344436,3.342738273104913e-06,0.0005427162355062645,True
AT5G08640,-0.2777665548582439,0.048171074354505336,-5.766252021162676,3.4389148885843706e-06,0.0005555395056763621,True
AT1G17090,-0.2531598405251234,0.04399190343502351,-5.7546916763682,3.5482334201116384e-06,0.0005703476297034176,True
AT1G76980,-0.17255619335119787,0.030032794265420246,-5.7455923623423555,3.636739832761053e-06,0.0005812553438781465,True
AT3G57062,-0.16437293648910928,0.028618357285926124,-5.74361885438981,3.656227531428254e-06,0.0005812553438781465,True
AT2G21970,-0.21923754666863005,0.038189915082115264,-5.740718359735271,3.6850602009405146e-06,0.0005812553438781465,True
AT1G73165,-0.2623554374050141,0.04570319019242996,-5.740418476267972,3.688054272649108e-06,0.0005812553438781465,True
AT1G80440,0.23890077609097263,0.04169356895171199,5.7299190761927585,3.7944426175626424e-06,0.0005951196433535505,True
AT3G04340,0.17548128823662723,0.030657331487502378,5.723958339562695,3.856213334015021e-06,0.0006018859739550305,True
AT2G15970,-0.3318031092466025,0.05801470861599146,-5.719292868345851,3.905267945467465e-06,0.0006059678033366003,True
AT4G15500,-0.20335690404502674,0.03557049214607395,-5.717011257812243,3.929486312759566e-06,0.0006059678033366003,True
AT2G36295,-0.17499796249627547,0.03061463722301756,-5.716153394909529,3.938631300897151e-06,0.0006059678033366003,True
AT4G20850,0.18909750926786367,0.03311851664042205,5.709721583274808,4.007882755516262e-06,0.0006136999239240516,True
AT5G62130,-0.17033087442309236,0.029858993272925866,-5.7045082821843485,4.064914374467998e-06,0.0006194967854938044,True
AT4G31470,-0.2270225243576111,0.03982120020368171,-5.701046758922688,4.10323347832445e-06,0.0006224008002403036,True
AT2G47810,-0.14325694735627348,0.025149426663006024,-5.696231141801722,4.157148914892695e-06,0.0006264994040962348,True
AT4G13620,-0.2869443117362946,0.05038373091585388,-5.695177917957718,4.169035621055757e-06,0.0006264994040962348,True
AT2G31060,0.23144796613676374,0.04071690154715243,5.684321678277366,4.293574168603488e-06,0.0006363659600495718,True
AT5G15910,-0.19894577575986463,0.03500707925080959,-5.683015550497939,4.3088081205353595e-06,0.0006363659600495718,True
AT5G10950,0.17926504746871644,0.03154429537256876,5.68296249294594,4.309428104699577e-06,0.0006363659600495718,True
AT5G10990,0.1992691135097422,0.035066439240087253,5.682616137481724,4.313477521769669e-06,0.0006363659600495718,True
AT2G34010,0.11831329569996643,0.02083059100691119,5.679785833283,4.346712094437582e-06,0.0006383541866326537,True
AT2G38870,-0.36215890168497233,0.06379075718700004,-5.677294292389696,4.376182324204559e-06,0.000639774093722738,True
AT2G48140,-0.3238886276231896,0.05707908793247049,-5.674383374982759,4.41086817977469e-06,0.0006419402703618939,True
AT1G69070,0.21758656462963774,0.03837174802188569,5.670488727944715,4.457709728893592e-06,0.0006458481777166954,True
AT5G62020,-0.14202059927497568,0.025061595043197906,-5.666861946742779,4.5017803385482966e-06,0.0006493215221346291,True
AT5G07860,0.1889143233807547,0.033442582142299025,5.648915582442752,4.726402918889857e-06,0.0006786904529173884,True
AT1G59940,0.21700093482894284,0.038445454602050275,5.644384676293314,4.784877454439032e-06,0.0006840469277675694,True
AT3G23990,0.26554815723823044,0.04710493627189534,5.637374302036089,4.876791111681668e-06,0.000693956296050598,True
AT1G67120,0.24971360311664853,0.04430814681043276,5.635839480829994,4.897150499846369e-06,0.000693956296050598,True
AT1G77030,0.1867349047332361,0.03318831888056546,5.626524965161312,5.022557493825685e-06,0.000708619257938926,True
AT3G23805,-0.19784797300314155,0.035181001558412556,-5.623716330947711,5.061003032932025e-06,0.0007109388999608731,True
AT3G21510,0.34311007317142495,0.061040905676799415,5.620985949784738,5.098661601328124e-06,0.0007131283882134648,True
AT5G23400,-0.2195524506222435,0.03910738808527049,-5.614091387119159,5.195015550177882e-06,0.0007198129316214394,True
AT4G31290,0.29343382594886946,0.05227318537409698,5.613467475702661,5.203824926981219e-06,0.0007198129316214394,True
AT2G37890,0.12847527402326608,0.022889701160927183,5.612798223970435,5.213291219146888e-06,0.0007198129316214394,True
AT5G42500,-0.3089317758797317,0.05507322652298956,-5.6094729759617845,5.2605833245610485e-06,0.0007232518580137996,True
AT2G36570,-0.2896001356516541,0.051845242158718004,-5.58585751736057,5.609112847481883e-06,0.0007679018092766617,True
AT3G12380,0.12440311097305996,0.022358909170422495,5.563916827285418,5.953741088464264e-06,0.0008116431258531305,True
AT3G16800,-0.25184974577208324,0.04533151340771656,-5.555732135102556,6.0876930721782255e-06,0.0008264171238193542,True
AT3G13720,-0.2435036773578262,0.04387868863293136,-5.549474812131793,6.192144619170038e-06,0.0008355258064828807,True
AT4G34160,-0.21455868121766886,0.038668819778350176,-5.548622441737814,6.2065119179142456e-06,0.0008355258064828807,True
AT3G61160,-0.16271118360227735,0.029370928461774432,-5.539871979670036,6.355961866051285e-06,0.0008520944893371409,True
AT2G40120,-0.16245085366014622,0.029354269506118375,-5.534147379354347,6.455687790916083e-06,0.0008618876728789575,True
AT3G04140,-0.1443991064578337,0.026108523087319334,-5.53072672762432,6.516027770736399e-06,0.0008663635442169642,True
AT5G10230,-0.3412951513948552,0.061751697178520165,-5.526895081250852,6.584292016310295e-06,0.0008668860531939128,True
AT5G58780,-0.19818507703041158,0.03586142214593843,-5.526414324113955,6.592907808970828e-06,0.0008668860531939128,True
AT1G35720,-0.25221729062507914,0.04564669331751965,-5.525423032740811,6.6107088755716754e-06,0.0008668860531939128,True
AT5G52020,-0.16268299087439927,0.02944753666475443,-5.524502532298857,6.627282030978875e-06,0.0008668860531939128,True
AT1G03700,-0.13916024996275403,0.02521623041817584,-5.518677758529975,6.733128106288822e-06,0.0008771799838148611,True
AT3G49940,-0.21315390261903486,0.03865697554764275,-5.51398291251041,6.819678579503256e-06,0.0008821652167464512,True
AT1G68795,-0.23269805349281916,0.04221478460022851,-5.512240692365384,6.85208085863894e-06,0.0008821652167464512,True
AT1G08990,-0.15882358155619242,0.028820194575065957,-5.510843486587701,6.878178380191487e-06,0.0008821652167464512,True
AT5G61590,0.5248121406993775,0.09523487921419806,5.51071356450186,6.880610189733687e-06,0.0008821652167464512,True
AT3G28130,-0.1757249073825246,0.03194406518910913,-5.501018932381702,7.064531453661475e-06,0.0009006499845028178,True
AT1G03630,-0.14389389784437834,0.02616934848633009,-5.49856630628551,7.111840316186127e-06,0.0009006499845028178,True
AT3G56730,-0.2297643141752582,0.041794264724537546,-5.497508227255948,7.132347973677894e-06,0.0009006499845028178,True
AT1G23800,-0.28991951865830984,0.05273847980892818,-5.497305187951756,7.13629007498596e-06,0.0009006499845028178,True
AT3G22790,0.22535157376233902,0.041007166033089834,5.495419351351822,7.173009363606792e-06,0.0009009384425903792,True
AT1G64510,-0.1281455300903358,0.023323239878273446,-5.49432800756419,7.194345791832548e-06,0.0009009384425903792,True
AT1G03230,0.21937394130848112,0.03996738123736534,5.488824499299176,7.302919619720495e-06,0.000906739677359967,True
AT3G02885,-0.48117072121703863,0.08767730083010146,-5.487973701989724,7.319850755471186e-06,0.000906739677359967,True
AT2G36130,0.18643935745469198,0.03397390632945765,5.487722125525394,7.3248647680507416e-06,0.000906739677359967,True
AT4G35850,0.22877674223846656,0.041718984213114436,5.483756293532913,7.404363411084435e-06,0.0009130823566745306,True
AT3G49760,-0.19603119405831584,0.03578866056766209,-5.477466631859524,7.532229228156753e-06,0.0009253186088688842,True
AT3G26520,-0.2702871404834667,0.04943314788309663,-5.467730704155496,7.734550802335736e-06,0.0009465742495176714,True
AT1G21110,-0.35265876639079546,0.06452569289318975,-5.465400688909397,7.783775969800532e-06,0.0009490038407859826,True
AT5G27350,-0.20584266829083597,0.03767721727568873,-5.463319299423321,7.828014961415841e-06,0.0009491641160099747,True
AT2G16760,-0.15044911309392742,0.02754178176609204,-5.462577344184474,7.843845955450904e-06,0.0009491641160099747,True
AT1G48745,-0.2144184074507942,0.03926480837556739,-5.460829081346454,7.881275846981223e-06,0.0009501348557467027,True
AT1G76800,-0.22200391311339135,0.04067355081998508,-5.458188641949328,7.938147876127136e-06,0.0009534335305940209,True
AT5G43420,-0.21205607579412833,0.038874168591416035,-5.454935333098115,8.008788351907132e-06,0.0009583553439324723,True
AT5G43780,-0.34288117497526127,0.06291065193302942,-5.45028805837635,8.110794684221992e-06,0.0009669803153229829,True
AT4G12400,0.1760363542278623,0.03231361995880559,5.44774477301766,8.167171245245035e-06,0.0009701218226566979,True
AT2G38390,-0.34803259694290123,0.06395765665056281,-5.441609576854918,8.304796466832181e-06,0.0009745337050052666,True
AT5G43175,0.0986799663868497,0.018134595584765822,5.441531129028703,8.306571233403535e-06,0.0009745337050052666,True
AT3G43430,0.15239416723940277,0.028009708922961885,5.440762260634298,8.323985949621767e-06,0.0009745337050052666,True
AT4G39510,-0.1557433498756912,0.028630122436233314,-5.4398422578377685,8.344872086792158e-06,0.0009745337050052666,True
AT5G11340,0.19135753428047278,0.035182679849436224,5.438969831160804,8.36472682003061e-06,0.0009745337050052666,True
AT1G08173,-0.14880067629819724,0.027362781197272985,-5.438068419486062,8.385291095096231e-06,0.0009745337050052666,True
AT4G24265,-0.20692496976440966,0.03806597846980074,-5.435955624484249,8.43369060661204e-06,0.0009766455548710696,True
AT3G61920,-0.13124165408672206,0.02416272023882643,-5.431576113513633,8.534912161504302e-06,0.0009830542394861617,True
AT5G52250,-0.15419721569034542,0.028397285848095276,-5.429998363758699,8.571676503745909e-06,0.0009830542394861617,True
AT5G15180,-0.330775015726695,0.06092037414939664,-5.4296287628754,8.580311849178173e-06,0.0009830542394861617,True
AT5G37550,-0.20405307854976404,0.0376309206589693,-5.422484355325708,8.748963080877485e-06,0.0009988347992228644,True
AT1G31320,-0.23789760927701117,0.04389187040528011,-5.4200836528577865,8.806379146980295e-06,0.001001849661478121,True
AT2G25530,-0.15873429700978814,0.02930581762740545,-5.416477336614118,8.893341895014535e-06,0.0010081929238106126,True
AT3G02940,-0.12762041439431132,0.02358504598626033,-5.411073375420073,9.025271985937984e-06,0.0010162169378041383,True
AT1G55990,-0.37749461949113317,0.06976427318986264,-5.411001967493964,9.027028417771756e-06,0.0010162169378041383,True
AT1G14730,-0.28185555682357855,0.05213251294833446,-5.406521590526615,9.137922910448056e-06,0.0010251289976168966,True
AT5G47600,0.11586950049176478,0.021437009346318182,5.405114986884373,9.173019655770272e-06,0.001025505508852186,True
AT5G54800,-0.21155628828066494,0.03915100520414459,-5.403597868753296,9.211025805665712e-06,0.001026203561225012,True
AT5G57990,0.2123411509494968,0.03933456111811175,5.398335329378406,9.344091639370789e-06,0.0010374510542145389,True
AT4G31550,-0.17134456613412186,0.03175681336270817,-5.395521401254029,9.416034272658782e-06,0.0010418583949155225,True
AT2G46790,-0.20844888007153733,0.03864316499909012,-5.394197915115012,9.450063597262984e-06,0.0010420549650647431,True
AT1G18140,-0.2676494368546405,0.04967385249489781,-5.388135274632298,9.607532472875489e-06,0.0010558155328780074,True
AT2G42350,-0.25915429072811724,0.04814626877565846,-5.3826453704163075,9.7523995942356e-06,0.0010681026389496883,True
AT5G16110,0.23330712809284293,0.04337511038319063,5.378824999676717,9.854504731507697e-06,0.0010756391667914938,True
AT3G19740,0.19598095368074975,0.036526314960418624,5.3654729170769775,1.0219872543936895e-05,0.0011117638451921116,True
AT5G03555,-0.22850371501891503,0.04261532590683608,-5.3620079198375885,1.0316893890069152e-05,0.0011169963826886493,True
AT4G32208,0.18833025763884786,0.0351277891751388,5.361289795377615,1.0337117163140492e-05,0.0011169963826886493,True
AT1G69570,-0.10880902595202027,0.020325498250420137,-5.353326379085007,1.0564064508820346e-05,0.0011357890450341187,True
AT2G35770,-0.2172733979199688,0.040591157959700655,-5.352727264782153,1.058133964391562e-05,0.0011357890450341187,True
AT3G20660,0.13563392317936618,0.02536784023200204,5.3466878511896825,1.0757075896271143e-05,0.0011476213547495834,True
AT1G05370,-0.12860945167117344,0.02405489042869602,-5.346499168325049,1.0762613218890208e-05,0.0011476213547495834,True
AT3G59940,0.23452518570968992,0.043901976177381986,5.3420188822961405,1.0894941872431672e-05,0.001152604622972668,True
AT5G17165,-0.17867925379087124,0.03345061919108675,-5.341582849936664,1.0907907376917702e-05,0.001152604622972668,True
AT5G58040,0.18001360213390402,0.03370221710286495,5.341298514114713,1.0916370504492135e-05,0.001152604622972668,True
AT1G28440,-0.17489484279568024,0.03275287822430998,-5.339831253848984,1.0960147803837542e-05,0.0011534573791341601,True
AT1G08320,-0.17073003653232513,0.032002729247784606,-5.334858636912786,1.110982708527728e-05,0.0011654136470721547,True
AT4G35550,-0.20894342943032299,0.039187565388204046,-5.331880849459906,1.120044182358347e-05,0.0011711167471785057,True
AT4G13100,-0.14521221829812775,0.027245850107020558,-5.329700403097728,1.1267263788057225e-05,0.0011743033088010995,True
AT4G02850,-0.340931902002258,0.06403665693939722,-5.324011563016287,1.144349535531449e-05,0.0011888356637776716,True
AT4G36670,-0.2340542408811362,0.0440009522432621,-5.319299445774542,1.159156413981363e-05,0.001197344237232985,True
AT1G67360,-0.219247452988147,0.04122018105337143,-5.3189347398612306,1.1603104200078803e-05,0.001197344237232985,True
AT1G73340,-0.11791719172722769,0.022173725917431268,-5.317879014393801,1.163657465384745e-05,0.001197344237232985,True
AT5G57180,-0.15754153930867665,0.029663966945809077,-5.310872264538244,1.1861185718964994e-05,0.0012165811091874286,True
AT2G39710,-0.1517527158880071,0.02859536399170388,-5.306899255838595,1.1990475091508327e-05,0.0012259501890238688,True
AT1G32690,-0.17264305793951884,0.032569049027958735,-5.300832019728739,1.2190650788516908e-05,0.0012400888996399611,True
AT4G05100,-0.29472145103033487,0.055613019220582614,-5.299504597320212,1.2234891786461729e-05,0.0012400888996399611,True
AT2G23910,-0.33013244378998474,0.06229813568555955,-5.299234722789755,1.2243906000964052e-05,0.0012400888996399611,True
AT2G47560,-0.24290369688013463,0.04585537165133385,-5.297169952673778,1.2313093472641355e-05,0.001242092320608302,True
AT2G23050,0.24660814018490168,0.04656187716148318,5.296353051437976,1.2340574914583087e-05,0.001242092320608302,True
AT4G26600,0.18002547884310105,0.0340087493878711,5.293504821065412,1.243687506666555e-05,0.0012478975047481283,True
AT2G28671,-0.3368017346132044,0.06366451757214725,-5.2902581760951355,1.2547566410498787e-05,0.0012523521151104997,True
AT2G15880,0.1455492201472554,0.027514391951290282,5.289930462752963,1.2558794307957594e-05,0.0012523521151104997,True
AT5G49700,0.1494153292425297,0.028253182502364783,5.288442434052294,1.2609903185213733e-05,0.0012535795754186783,True
AT3G03700,-0.33642676310178526,0.0636357229155127,-5.286759506895982,1.2667957869547888e-05,0.0012554878859117261,True
AT3G22565,-0.24250547686286283,0.045971853960497765,-5.27508586169356,1.3078109273820707e-05,0.0012921731881586338,True
AT3G61380,-0.17490599312895896,0.033171498945751714,-5.272779304154998,1.3160713622227721e-05,0.0012963704159163275,True
AT1G66725,-0.3595330400117185,0.06823375480043167,-5.269137556086008,1.3292202502722148e-05,0.0013014567604129933,True
AT4G02090,-0.1935050440517489,0.036725643454080185,-5.26893543182429,1.3299538902744513e-05,0.0013014567604129933,True
AT1G21326,0.09473308928043805,0.017982710011379823,5.26800961704265,1.3333194704159856e-05,0.0013014567604129933,True
AT5G15970,-0.34390363784718797,0.06547200519771945,-5.252682223625663,1.3902974491112655e-05,0.0013512025563775102,True
AT5G25060,0.15561650781418698,0.02962959268662045,5.25206368714131,1.3926474086901821e-05,0.0013512025563775102,True
AT5G22300,0.2671604014376191,0.050940263874716236,5.244582205044718,1.4213889408920328e-05,0.001374959739259901,True
AT4G34770,0.17360237563385117,0.03312616001922098,5.240642909806657,1.4367609568930618e-05,0.0013856808882465057,True
AT2G23790,0.2256494014927259,0.04308442878464789,5.23737711878707,1.449631210830804e-05,0.0013935495062967632,True
AT4G38620,-0.27928839859115384,0.05333606251966562,-5.236389515783566,1.4535460200625497e-05,0.0013935495062967632,True
AT4G33666,-0.253557580110057,0.04852936497459854,-5.224827900442861,1.5001723807373283e-05,0.001429901094577692,True
AT3G14770,-0.15242482678455416,0.029173369631428206,-5.224793320424264,1.5003140643840341e-05,0.001429901094577692,True
AT1G71880,-0.30399532084822656,0.05822402712839613,-5.22113182205438,1.5153924305864683e-05,0.0014400239423475942,True
AT2G48160,0.20673521268853867,0.03961464632846491,5.218656023693693,1.5256740450133126e-05,0.0014455170407375224,True
AT1G30880,0.2473814903697335,0.04741297674722792,5.217590359040198,1.5301211053645505e-05,0.0014455170407375224,True
AT3G06400,0.17007500037627943,0.03260688601834867,5.2159228047895825,1.5371059839197354e-05,0.0014478821351155316,True
AT4G14550,-0.2779235916461066,0.05331990737782655,-5.212379490398047,1.5520542297834612e-05,0.0014536433878718409,True
AT3G44750,0.2485275481783915,0.04768060735161165,5.2123402360559705,1.5522206469274354e-05,0.0014536433878718409,True
AT4G27560,-0.2463949707874857,0.04732046978455103,-5.206942617208074,1.5752749120991646e-05,0.001470969859393408,True
AT1G42440,0.15856707461539113,0.030475016722517026,5.203182530109358,1.5915376403726397e-05,0.0014818728997924961,True
AT2G02480,0.15906053110503177,0.030582400611119043,5.201047920587408,1.60084485454495e-05,0.0014862556438359998,True
AT3G05935,-0.2893588478925956,0.05575618110340425,-5.189717842331358,1.6511672948003828e-05,0.001528583499361191,True
AT2G17760,-0.15735525594807082,0.030345266132348468,-5.1854959934039915,1.670321703419781e-05,0.0015418978261654201,True
AT4G23590,0.1773682368942101,0.034240433287033065,5.180081554674131,1.6952133610709058e-05,0.0015604173356934443,True
AT3G52880,-0.17288640140332517,0.033388600120057475,-5.178006888029649,1.704849445626368e-05,0.0015629840158554093,True
AT1G06670,0.23998172298441253,0.046351780242103846,5.177400344300564,1.707676986588751e-05,0.0015629840158554093,True
AT5G42250,-0.21594038782810404,0.041724358952516784,-5.175403367463328,1.717019616059479e-05,0.0015670956716176754,True
AT5G19875,-0.24439984207996845,0.047332436643397285,-5.163474763010355,1.773903413497324e-05,0.0016139480829048022,True
AT3G54600,-0.30020917625062726,0.05815833463175029,-5.16192869262,1.781413152592761e-05,0.0016139480829048022,True
AT2G16530,-0.18461614519077657,0.0357676966317939,-5.161532963424637,1.7833404487821174e-05,0.0016139480829048022,True
AT2G18800,-0.36752239373800727,0.07122581086986274,-5.159960823886027,1.7910178168834554e-05,0.0016163685655219988,True
AT1G26740,0.19951750191711065,0.03871073827564115,5.154060883479912,1.8201261949442014e-05,0.001636985623624415,True
AT5G20820,0.1916857575611329,0.03720735875176808,5.151823832483784,1.8312866621646458e-05,0.001636985623624415,True
AT3G50780,-0.16776755088217277,0.03257567485005254,-5.150086733564698,1.8400002033996835e-05,0.001636985623624415,True
AT2G33850,-0.4019051665716528,0.07804607580262095,-5.149588399397219,1.8425075831140003e-05,0.001636985623624415,True
AT5G24120,-0.2711067940642345,0.052647978304641525,-5.149424589402198,1.8433325445825353e-05,0.001636985623624415,True
AT5G42655,-0.17222557605654198,0.033446795125170764,-5.149240021712325,1.844262487230453e-05,0.001636985623624415,True
AT5G07990,-0.28133121765556407,0.05469128405688844,-5.143986331769624,1.870931282604903e-05,0.001656107364648817,True
AT1G60200,0.15703724906030414,0.03053969265862765,5.142070380853691,1.8807529360602615e-05,0.0016589271799527425,True
AT5G03190,-0.14605786499445203,0.02841452113243954,-5.140254319743033,1.8901102329035156e-05,0.0016589271799527425,True
AT4G27520,-0.3082251252451597,0.05996483425852163,-5.140098010049243,1.8909177998933635e-05,0.0016589271799527425,True
AT1G79280,0.24853062921260577,0.04835813796535572,5.139375494371924,1.8946551406808073e-05,0.0016589271799527425,True
AT1G26660,0.19031903349305365,0.0370466176224134,5.137285012975371,1.905510279296884e-05,0.0016639224760487304,True
AT1G70060,0.1320861481550813,0.0257205412414273,5.135434239709315,1.9151727083967185e-05,0.0016678521572935196,True
AT1G53633,-0.14477766061994457,0.028216913916300664,-5.130882174053336,1.939147352077357e-05,0.0016841911773727777,True
AT4G37260,0.11788010177467553,0.022982482311195367,5.129128358656587,1.9484643412870897e-05,0.001687746230633903,True
AT4G28890,-0.14370085652977108,0.028025193847239983,-5.127559770435744,1.9568353264261295e-05,0.0016904650417513855,True
AT1G80680,0.17726177148485733,0.03460748095986184,5.122065130670666,1.9864434831757747e-05,0.0017114667332780295,True
AT3G07920,0.11816988901145313,0.02308136827849989,5.119709004492919,1.9992767254508944e-05,0.0017179423330476848,True
AT4G14620,-0.21202954987528372,0.0414552629408828,-5.114659390235881,2.0270612530662403e-05,0.0017371968706980678,True
AT2G21830,-0.13922014645173877,0.027237898553071148,-5.111266061163934,2.045949422373496e-05,0.0017487454996683938,True
AT3G06125,-0.27477063929292506,0.05377149289793666,-5.10996858157659,2.053218053459024e-05,0.0017503277596096992,True
AT4G37760,-0.19184626434211474,0.037583990692302525,-5.104467641894298,2.084323443841255e-05,0.0017701024228758148,True
AT4G07950,0.1756605547251916,0.03441670507823052,5.1039329397136735,2.0873720112528565e-05,0.0017701024228758148,True
AT5G04480,0.12722832314681698,0.024944607299038916,5.100433998482667,2.1074315389049422e-05,0.0017810299013564913,True
AT5G13010,0.12238869306883984,0.023998884075966585,5.099766000845207,2.111283085887945e-05,0.0017810299013564913,True
AT1G18100,0.20015167246437482,0.039270975462485855,5.096681966954767,2.1291566724001966e-05,0.001791430284598384,True
AT5G14780,0.20837634147774378,0.040931035221251265,5.090913052928489,2.1629985102831484e-05,0.0018131308566635442,True
AT4G37810,-0.14721805025206208,0.028920855620560033,-5.090376722720602,2.166171997499545e-05,0.0018131308566635442,True
AT3G27150,-0.17122556243798753,0.033646338151270244,-5.088980609663262,2.1744547429987714e-05,0.0018153606793681473,True
AT2G47670,-0.1001375346513101,0.019694647690896433,-5.08450499968056,2.2012217378795467e-05,0.0018329709569368628,True
AT3G62740,-0.2729826119599953,0.05377683604727656,-5.076211841842266,2.2516955004504133e-05,0.0018701807178419642,True
AT5G17000,-0.18906417025072214,0.037253111090422356,-5.075124324296498,2.2583997471908145e-05,0.0018709394213330263,True
AT5G06090,-0.11983394782194709,0.02362235419039143,-5.072904540170279,2.2721462178699566e-05,0.0018775133543007783,True
AT4G22980,-0.13199692953406456,0.02602600458889033,-5.0717323545854525,2.2794389946084102e-05,0.0018787345529796716,True
AT1G55207,-0.10630038562758742,0.02096442802051509,-5.070512084735411,2.2870558332576363e-05,0.001880215952079414,True
AT3G20850,-0.1917743152114147,0.03783936999447366,-5.068115965974666,2.3020864814234785e-05,0.0018877693433581515,True
AT3G25190,-0.4556315091283113,0.08994426564163001,-5.0657093687740975,2.317282433536452e-05,0.0018954196998766891,True
AT3G50820,-0.13126875874577204,0.025920868567210816,-5.064211425068657,2.32679156084219e-05,0.0018983916297790485,True
AT1G18570,0.18293001421807722,0.03613321929806238,5.062654747397133,2.336714943736844e-05,0.0019016857208361132,True
AT2G46535,-0.21851823109949298,0.04318356469355453,-5.0602175306780195,2.3523367001953657e-05,0.0019095891066987956,True
AT2G20890,-0.17172970461518366,0.03395530490844071,-5.057522089059332,2.3697354038310215e-05,0.0019188917584555508,True
AT3G11964,0.19625900335562363,0.0388177984268977,5.055902480539223,2.380251665385601e-05,0.0019225887764235843,True
AT5G55250,-0.133130741025975,0.026348826698920094,-5.052625019975989,2.4016756772557375e-05,0.0019350558467944045,True
AT5G21482,-0.11711695449262918,0.02318485455693595,-5.051442276897641,2.4094543167394197e-05,0.0019364940178988536,True
AT2G45340,0.1468096369457565,0.029069410470647938,5.050313527823126,2.4169013717037463e-05,0.0019376592163368818,True
AT4G33610,-0.48938394637760824,0.09692731072805848,-5.048978896676863,2.425736496373115e-05,0.0019399287242900737,True
AT3G08710,-0.18820845437852887,0.03730626601976645,-5.044955565341437,2.452566691297094e-05,0.0019539849529885554,True
AT4G37930,-0.20190382687990652,0.04002429282647796,-5.044532023469946,2.4554083720119893e-05,0.0019539849529885554,True
AT1G32490,0.17190141519002525,0.034096568990596966,5.041604486288096,2.47514051288773e-05,0.0019642229773090695,True
AT3G23150,0.20417868136917958,0.0405050264887008,5.040823301921228,2.4804326185957485e-05,0.0019642229773090695,True
AT3G52140,0.2246728937015675,0.04458851807960717,5.038806028503625,2.4941510172453396e-05,0.0019699520810817213,True
AT1G07880,-0.22849293280298338,0.045372177654245234,-5.03597016092536,2.5135647689905258e-05,0.0019699520810817213,True
AT1G18880,-0.21528631816107688,0.04275378603925293,-5.035491312124243,2.5168577622907882e-05,0.0019699520810817213,True
AT3G54760,0.19260288488668514,0.03825157810861251,5.035161800117202,2.519126289977002e-05,0.0019699520810817213,True
AT1G53840,0.18022459789446676,0.03579327080563295,5.03515308430835,2.5191863218000155e-05,0.0019699520810817213,True
AT4G08300,-0.22792299008165814,0.04527295213067839,-5.03441855136304,2.5242507089907845e-05,0.0019699520810817213,True
AT5G06460,0.16694081555883594,0.033176760396321975,5.031860060011865,2.541970451967699e-05,0.001977560433535763,True
AT3G11490,-0.19388777551858605,0.03853673090174703,-5.03124606010097,2.5462414198857204e-05,0.001977560433535763,True
AT1G30515,-0.2080003385830152,0.04144697654708532,-5.018468315697745,2.636771393090686e-05,0.0020387285087011624,True
AT1G20220,0.2126241917955087,0.04236933709283814,5.018350684354923,2.6376196002262092e-05,0.0020387285087011624,True
AT4G27500,0.2182536658024283,0.043522546726719756,5.014726439903757,2.6638872687579537e-05,0.0020541177509856975,True
AT1G77660,0.14241599414662018,0.028454113842377317,5.0051108579778365,2.7348543611658915e-05,0.002103819275116876,True
AT1G62190,0.058235673144555584,0.011638709718299481,5.00361934905825,2.7460305612583764e-05,0.002107399083223204,True
AT1G04760,-0.11187470903866256,0.022370551664468295,-5.000981232678135,2.7659105590201527e-05,0.0021176256931607134,True
AT1G66430,-0.1468156190632796,0.029377236456744043,-4.997598030687995,2.7916161801762233e-05,0.0021322535972887378,True
AT5G15960,-0.46849152433119,0.09397392383044777,-4.985335348734238,2.8868078224276993e-05,0.0021931781129248314,True
AT5G62920,-0.2515016441830914,0.05045267696503455,-4.98490187859389,2.8902315076248914e-05,0.0021931781129248314,True
AT5G03510,-0.12952601308939451,0.025985231456797184,-4.984601091767965,2.8926096046453584e-05,0.0021931781129248314,True
AT5G24470,-0.13275647793533712,0.026637318401638882,-4.983852951473118,2.898533084338429e-05,0.0021931781129248314,True
AT5G46090,-0.146394744397433,0.02938576177475538,-4.981825739947205,2.914644803109848e-05,0.0022002163304597213,True
AT5G20900,-0.16521771605185992,0.03318349677911892,-4.978912172867356,2.9379580634398364e-05,0.002212645386286193,True
AT4G04005,-0.10654211341958832,0.02143121885752519,-4.971351098968314,2.9993327373779282e-05,0.0022442714923021677,True
AT1G43160,0.23608508509307932,0.047490775972844713,4.971177670966528,3.0007554287599356e-05,0.0022442714923021677,True
AT5G47690,0.18940599543621492,0.0381022919538991,4.970986933420748,3.0023208958476584e-05,0.0022442714923021677,True
AT4G25560,-0.1951449304454549,0.039261983422804084,-4.9703278701939215,3.0077364083284493e-05,0.0022442714923021677,True
AT3G50300,-0.19801561608866616,0.039847179298035246,-4.9693759903961325,3.01557524013511e-05,0.0022449359546895223,True
AT2G39980,0.2835188902186273,0.05714277045914821,4.961588105381013,3.080481552710915e-05,0.00228762960946842,True
AT4G24415,-0.14745322344823625,0.02972364886310727,-4.960804917570329,3.0870856718816156e-05,0.00228762960946842,True
AT3G61220,-0.23618640874147517,0.04763527706453881,-4.958224729573363,3.108943062030966e-05,0.0022985547229098053,True
AT5G02270,-0.2876045235764333,0.058052832629613825,-4.954185877739942,3.1434682780110775e-05,0.002318774351467121,True
AT5G53550,0.14565087408576294,0.029454801670099076,4.944894069126252,3.224359812144387e-05,0.0023730259947738726,True
AT1G15200,0.2136474547093306,0.04321418248952091,4.943919852264668,3.232960670606797e-05,0.0023739483251507955,True
AT3G62330,0.13986949157385764,0.028300860939759268,4.9422345091049165,3.2478938967063685e-05,0.0023749897542614177,True
AT4G25700,-0.1605874816816274,0.03249376829304235,-4.94210090480681,3.24908066292224e-05,0.0023749897542614177,True
AT5G23840,-0.45504305704427805,0.0920959062354696,-4.940969426815021,3.2591486358636626e-05,0.002376971405781469,True
AT2G39010,-0.18353657205856752,0.03717604733923624,-4.936957670184046,3.295097544146599e-05,0.0023977771746358663,True
AT3G07570,-0.14171115950523927,0.02873085635387892,-4.9323681048618315,3.3367105562629677e-05,0.0024226018283662974,True
AT5G53440,0.18896218588036545,0.0383791712824503,4.923560868203855,3.4180416614243024e-05,0.0024760876241918784,True
AT5G50900,-0.13411197762054577,0.02726362178957602,-4.919081501923643,3.460163904891717e-05,0.0025009940850815766,True
AT1G73720,0.13873645430825393,0.028212758998979126,4.917507511876952,3.475087964254109e-05,0.002506174487434955,True
AT2G33340,0.16602093963944872,0.03376818797537986,4.9164894414972276,3.484775221504568e-05,0.002507563532997574,True
AT2G18220,0.20698665592935783,0.04211113174891666,4.915247995791106,3.496624494288851e-05,0.0025080653533172083,True
AT1G75760,-0.14803969611495646,0.030121260707094304,-4.914790836762335,3.500998094481603e-05,0.0025080653533172083,True
AT1G13195,-0.1372423746294572,0.027948540996278273,-4.910538072371395,3.5419468222010704e-05,0.0025317867229755395,True
AT1G11530,-0.15693216920109423,0.03196984708192883,-4.908755703426595,3.5592507959389355e-05,0.0025385393811477057,True
AT5G43630,-0.2035329867591723,0.04147888752395751,-4.906905631006016,3.577301425676872e-05,0.0025457936511496487,True
AT3G16560,-0.20760372050752057,0.04232921334571516,-4.9045022125017965,3.600887579795111e-05,0.0025569467432000055,True
AT2G24850,0.14778546344721205,0.030166532764009373,4.898987384573731,3.655596864434047e-05,0.002590102611688588,True
AT3G54200,-0.12987043485932917,0.026519964652901046,-4.897081748000087,3.6746939887807445e-05,0.0025904029829664187,True
AT3G58840,0.16014115913799107,0.0327034391294527,4.896768150410457,3.677846210221653e-05,0.0025904029829664187,True
AT1G62870,-0.16197679359376452,0.033080284935287,-4.8964751637003765,3.6807936964174496e-05,0.0025904029829664187,True
AT1G74460,-0.39520319071174315,0.08072371488819605,-4.895750787226621,3.688091157771991e-05,0.0025904029829664187,True
AT1G15910,0.1473605554982842,0.030123128807949796,4.891940556300853,3.7267145783741105e-05,0.0026118529568913045,True
AT3G30580,-0.10053171501267377,0.02056428586949332,-4.888655781711848,3.760335787002474e-05,0.002629711881867163,True
AT1G67760,0.144580354306054,0.029599427845822292,4.884565845635435,3.802622073611701e-05,0.002653540314823336,True
AT4G31800,0.1585912967999262,0.03247649651903136,4.883263707555125,3.8161844664795264e-05,0.0026572651708510133,True
AT2G30260,0.19920416368915966,0.040802386440233714,4.882169428519795,3.8276192689027444e-05,0.0026594957195479304,True
AT1G02870,0.18531785224032543,0.03796749052405308,4.880961308805049,3.84028342263872e-05,0.0026625690365243435,True
AT3G21770,-0.30796993643435255,0.06310708777897119,-4.88011643815666,3.849164669816178e-05,0.0026630120196379204,True
AT1G16180,-0.2220477337853041,0.045518849343873555,-4.878149096165362,3.869924888053591e-05,0.002671398263451185,True
AT1G30130,-0.2123418184789168,0.043535832596804984,-4.877403412620164,3.8778228529468746e-05,0.002671398263451185,True
AT5G05880,0.14517032116200984,0.02976893614967367,4.876570678646883,3.886661851156109e-05,0.0026717905904043134,True
AT5G65940,0.11913127467870305,0.024463136552607036,4.869828299511627,3.9589735066861414e-05,0.0027157213381639607,True
AT5G35460,-0.27359122753101606,0.05622691464159211,-4.865841017152939,4.0023676199884626e-05,0.002739671513436594,True
AT3G18600,0.2034164012667885,0.04184023814760071,4.861741000354541,4.047484072604765e-05,0.002759648586168258,True
AT4G35510,-0.1135396866320671,0.023354208909843303,-4.861637020991644,4.0486348381062685e-05,0.002759648586168258,True
AT3G01970,0.2849298111452358,0.05865539485779848,4.857691467869357,4.0925435418821406e-05,0.002783705037782528,True
AT1G64660,0.3688159353539404,0.0759485983771146,4.856125632794757,4.110100712440847e-05,0.0027897740318960362,True
AT5G56220,0.14316989084688247,0.029489803870482216,4.854894643439396,4.123956167095251e-05,0.00279331026840001,True
AT5G51545,-0.09457216609635016,0.019494463801422744,-4.8512319733281455,4.1654579726852174e-05,0.0028155184443407256,True
AT5G62280,0.1292768202745613,0.0266975856243708,4.842266341738085,4.268816163512342e-05,0.00287244561947402,True
AT4G18010,-0.21741934722415196,0.044901629155491674,-4.842126027793817,4.270453927837966e-05,0.00287244561947402,True
AT2G48100,0.1716168038900013,0.03544781487016642,4.841393031378004,4.2790197707238556e-05,0.00287244561947402,True
AT5G47680,0.20252826285450998,0.041839611517462336,4.840586599853634,4.2884636009698796e-05,0.00287244561947402,True
AT3G13510,-0.18682718454100078,0.03859983349525654,-4.840103379304981,4.2941323909930725e-05,0.00287244561947402,True
AT5G23730,-0.15833476420404036,0.03273876887056087,-4.836307829107681,4.338919962033836e-05,0.0028964083688708927,True
AT3G47910,0.16658651474662,0.03449883929070239,4.828757087822254,4.429410292916982e-05,0.002950717879460923,True
AT2G31083,-0.5189623030360742,0.10753059480951814,-4.826182761802578,4.4606904675755613e-05,0.0029654413233929796,True
AT1G50020,-0.1959541402644548,0.04062535059788884,-4.82344490276566,4.494199695304928e-05,0.002981583120238335,True
AT1G76470,0.15280095041845548,0.03168537444158958,4.822444206873316,4.506510024598076e-05,0.002982457584761395,True
AT2G41660,-0.34498195584819485,0.07154573278397305,-4.821838318294144,4.513979878511629e-05,0.002982457584761395,True
AT1G67810,0.21842878866933926,0.045338995871042675,4.817680331752702,4.5655771947974316e-05,0.0030103925221777596,True
AT5G05160,-0.19388798898045811,0.0402558204823394,-4.816396403236112,4.5816283676499733e-05,0.003014823440537739,True
AT2G46830,-0.11402445599213551,0.023694078492058294,-4.812360861822665,4.6324467657577e-05,0.003037271531317025,True
AT1G70170,-0.15079566496080077,0.03133614844484539,-4.812195258336088,4.634544136120874e-05,0.003037271531317025,True
AT4G37470,-0.23294325873201674,0.04844389748979065,-4.808516052638179,4.681386522563553e-05,0.0030617594566296727,True
AT2G40460,-0.1588043373415018,0.0330392122257199,-4.80654127757556,4.7067232365232424e-05,0.0030721115363399887,True
AT4G02520,0.3939809306962528,0.08206707686054074,4.800718458216289,4.782230440420478e-05,0.003115102485877928,True
AT5G15290,-0.3170363117939186,0.06605075313690646,-4.799889429523729,4.793078690947585e-05,0.0031158869099763686,True
AT3G58190,-0.20392144840231916,0.04249670442749984,-4.798523818481335,4.811001951745266e-05,0.0031212582742758594,True
AT1G52343,0.11651905766497184,0.024286245675060353,4.797738572850959,4.821338347079415e-05,0.0031216958047252264,True
AT1G15100,-0.25884393730969,0.053971196630899734,-4.7959643933760026,4.844774004267978e-05,0.0031305960660778817,True
AT1G79470,0.17150299386167062,0.0357840145706223,4.792726470731707,4.887838070489203e-05,0.003152118966455802,True
AT2G47890,-0.2236829761639994,0.04669606984592755,-4.790188486997631,4.9218598456449756e-05,0.003167736449261823,True
AT1G17560,0.14839598747512117,0.030985863807968445,4.789151220530411,4.935832363791226e-05,0.003170413674785899,True
AT2G11910,0.18391512256475445,0.03842158927048593,4.786765098913578,4.968125072019414e-05,0.0031848244633308582,True
AT1G68850,-0.18285865441980415,0.03820681513313001,-4.78602191212853,4.978226015374901e-05,0.003184980283777182,True
AT1G68990,0.1805876701599985,0.03774127360164421,4.784885429836981,4.99371202708841e-05,0.003188573950260858,True
AT1G44170,-0.18430480078617012,0.03853752401780848,-4.782476442985841,5.0266966080480495e-05,0.003197918650501839,True
AT5G62350,-0.2385411888006631,0.049879271149535734,-4.782371179513183,5.028142853245022e-05,0.003197918650501839,True
AT3G63360,-0.15610953120413892,0.03265102854098561,-4.7811520242978105,5.0449234534553824e-05,0.003202287462822985,True
AT1G02340,-0.11695648876910432,0.024476886586772835,-4.778242051107387,5.085202834213646e-05,0.003221525850404092,True
AT1G02850,0.21138521425113624,0.044257731466786146,4.776232473862184,5.113206189070401e-05,0.003232927177351773,True
AT3G24300,-0.3114555675518008,0.06522237979647015,-4.775286773094055,5.1264376561364876e-05,0.0032349623873459722,True
AT1G27200,-0.11999054416474679,0.02513878541694208,-4.773124165492902,5.1568235719452914e-05,0.003247793621559073,True
AT5G08790,0.22102295787909126,0.04633183382104277,4.770434054753691,5.194872056127455e-05,0.003265391464229999,True
AT4G01440,-0.2618038231138702,0.05490896295986626,-4.7679615312572246,5.230089919421167e-05,0.0032811451496423004,True
AT1G33110,0.10899837793015216,0.02286823663499467,4.766365665613008,5.2529472861597356e-05,0.0032890983307855602,True
AT4G37530,-0.2622127401270437,0.055046552891738494,-4.763472485602222,5.2946402438385884e-05,0.0033087917144715854,True
AT3G32980,-0.4216672163375279,0.08857293058070388,-4.760678161747428,5.335221881539959e-05,0.0033219612802915226,True
AT1G11170,-0.10661991896136314,0.02239708593545276,-4.760437106355542,5.3387372009203074e-05,0.0033219612802915226,True
AT1G75620,-0.11694300885469681,0.024568368508571838,-4.7599012858300185,5.346559366590089e-05,0.0033219612802915226,True
AT1G73490,0.12150916908836025,0.025546477347108774,4.756396251325511,5.398010217509604e-05,0.003347491595345831,True
AT5G19410,-0.19341272198218218,0.04067004274842648,-4.755655733596821,5.408943389164516e-05,0.003347845822998397,True
AT1G30260,-0.17371526610599453,0.036541046680309094,-4.753976196297755,5.433822365435819e-05,0.003353771970664642,True
AT2G05510,0.8437492722747653,0.17749657009980305,4.753608882697511,5.439278568288318e-05,0.003353771970664642,True
AT2G34300,0.20108037683670385,0.04235699722778837,4.7472764831588385,5.5342057904485826e-05,0.003405802950163871,True
AT3G48180,-0.12293054456760483,0.025920143791548906,-4.742664452644184,5.604381425866293e-05,0.00343748243960432,True
AT4G16630,0.17943777639930675,0.03783614732315743,4.742495975257046,5.606961669106059e-05,0.00343748243960432,True
AT1G14160,-0.2914743702734053,0.061475567984085884,-4.741304225913926,5.6252472467555194e-05,0.0034419195020932236,True
AT4G39160,0.19451825239239748,0.04103208870794195,4.740637352803041,5.6355053285688665e-05,0.0034419195020932236,True
AT4G17280,-0.2686934034464551,0.056710828419909314,-4.737955888370088,5.67694118034242e-05,0.0034606847659562874,True
AT1G31800,-0.1291537406952907,0.02727473191192253,-4.73528909880262,5.718451496564591e-05,0.0034794246591808922,True
AT4G23750,0.18321698076366566,0.03870058935452412,4.7342168121852515,5.735227505223204e-05,0.00348307265914016,True
AT3G02170,0.14640973696271598,0.030930791468134655,4.73346235299376,5.747060473977792e-05,0.0034837106351547557,True
AT2G38380,-0.3744839841492801,0.07915969851191594,-4.730740404385306,5.7899542796191e-05,0.0035015376806876585,True
AT5G16780,0.17651915910311525,0.037317302340045315,4.730222927011848,5.798144972508891e-05,0.0035015376806876585,True
AT1G20920,0.1762277578009488,0.03728128921881233,4.726975957473685,5.849802640366597e-05,0.003526143162455306,True
AT1G80930,0.2211522553366954,0.04684025795461941,4.7214141209673945,5.939356810957843e-05,0.0035734577133191238,True
AT2G44300,-0.23752751155106416,0.050361764605229835,-4.71642551473262,6.0208428791509024e-05,0.003615751163243243,True
AT1G65490,-0.18062152642006624,0.03831269265102278,-4.714404389826786,6.054173099898299e-05,0.003629021867989131,True
AT5G46110,-0.19151616971585117,0.04065070584687777,-4.711263082054473,6.106341526312458e-05,0.003653514599511652,True
AT5G07030,-0.2441984851078393,0.05190729089322401,-4.704512235288262,6.219975140359277e-05,0.0037132094836719843,True
AT3G17465,0.17147872374140122,0.03645399980995302,4.703975548235517,6.229098827417176e-05,0.0037132094836719843,True
AT5G67320,0.1921213832039716,0.04087471903094579,4.700249634952075,6.292808107101402e-05,0.003744278768551366,True
AT5G10100,-0.20613681165608133,0.04386794516153074,-4.699030485632355,6.313794954684247e-05,0.0037498603160090686,True
AT1G13670,-0.30520261576380736,0.06500330358177982,-4.695186228186632,6.380429015143355e-05,0.003781419583682688,True
AT3G55720,0.13194540583815684,0.028105675565280937,4.69461783730079,6.390340439786894e-05,0.003781419583682688,True
AT2G37340,0.20171974593384184,0.04298322973004481,4.692987176643963,6.418860607225215e-05,0.0037913522369074854,True
AT1G23010,-0.12153939771085981,0.025904750540191146,-4.691780278767471,6.440050814494334e-05,0.003796927039516377,True
AT5G09590,0.1867241721614274,0.039814082501873016,4.6899026783461135,6.473155564365927e-05,0.0038094933174699225,True
AT4G35060,-0.34887408224579475,0.07442073777861502,-4.687861107795206,6.509343747391297e-05,0.0038202582717648407,True
AT1G05910,0.16728449031195447,0.03569587281589741,4.686381845170995,6.53569050417994e-05,0.0038202582717648407,True
ATCG00400,0.14039748525216642,0.02995863978287531,4.6863771609690765,6.535774101765474e-05,0.0038202582717648407,True
AT5G67240,0.17868978697336835,0.03813482096563862,4.685738190153739,6.5471876162053e-05,0.0038202582717648407,True
AT5G58130,0.19017786374512216,0.04058816968035944,4.685549145054179,6.550568208727357e-05,0.0038202582717648407,True
AT3G22570,-0.2856974118130964,0.061001638673187294,-4.683438314562393,6.58843336737585e-05,0.003832583485190155,True
AT4G28200,0.19411201262292194,0.041452362067719614,4.682773259236864,6.600408579142157e-05,0.003832583485190155,True
AT5G14800,0.2233450474102026,0.04769892441792171,4.682391691966248,6.607288994555438e-05,0.003832583485190155,True
AT5G05270,-0.20208482801566796,0.04317018519089391,-4.681120248200711,6.63026725682694e-05,0.0038382870230230528,True
AT2G22400,0.17143976192429425,0.036628245175042026,4.680534410125411,6.640881630102716e-05,0.0038382870230230528,True
AT2G25900,0.3577772734265795,0.07645288962344282,4.679708970959208,6.65586589207737e-05,0.003840078055484424,True
AT1G45015,-0.3251027459122627,0.06948531474372284,-4.6787259597414685,6.673754511211573e-05,0.0038435353743802984,True
AT2G45050,0.2503015366011717,0.05353729699142927,4.675274073721769,6.736951336490718e-05,0.0038730277710085164,True
AT5G02640,-0.14589866239352478,0.03122466664686788,-4.672545076094823,6.787335173083489e-05,0.003895062382009848,True
AT3G52290,0.12349172366867267,0.026434111628412933,4.671680493924241,6.803375579245332e-05,0.0038973450636496003,True
AT4G33200,0.14233866363350967,0.03048155391393429,4.669665596294983,6.84090420663402e-05,0.00391190750463962,True
AT2G06925,-0.19778328765004782,0.0423923960889297,-4.665536886264769,6.918449069447169e-05,0.0039492609714623424,True
AT5G19240,-0.2046622538272505,0.04397160092799884,-4.6544189774298665,7.131643717494108e-05,0.004063779133483547,True
AT5G65160,-0.09980466184456399,0.021453562608854386,-4.652125321291499,7.176433758039936e-05,0.004082102082544231,True
AT4G09695,-0.3417377157779804,0.07352000379797859,-4.64822766762937,7.253189589318466e-05,0.004118511466455014,True
AT1G70990,-0.16350441662196283,0.03521824126210585,-4.642605955394213,7.365338733034272e-05,0.0041743855882009845,True
AT2G30340,0.14964943976654704,0.03223810462773986,4.642004903656106,7.377430966178966e-05,0.0041743855882009845,True
AT4G04640,-0.17706783669790338,0.038164625282176554,-4.639580118728342,7.426414908830174e-05,0.004181566967574217,True
AT4G22730,-0.20452510911405308,0.044083569277190836,-4.639486150225951,7.428319702572408e-05,0.004181566967574217,True
AT2G18500,-0.11597571568958354,0.02499770212157238,-4.639455063731615,7.428949950130305e-05,0.004181566967574217,True
AT3G61870,-0.13886306262794926,0.029945445319309715,-4.637201455755484,7.474781679870859e-05,0.004200047326868654,True
AT5G34871,0.22345071211615558,0.048198057049343754,4.636093772149224,7.497411750287545e-05,0.004205449240278477,True
AT5G62190,0.20468151687936859,0.04417109100327366,4.633834307244052,7.543784458397324e-05,0.004224127072207264,True
AT2G40890,-0.20868541946941718,0.04506485461941712,-4.630779822365182,7.606928114665787e-05,0.004252114886794756,True
AT1G07730,-0.24526808135420206,0.05298313126246679,-4.629173012429143,7.640355664213117e-05,0.004263424026857713,True
AT2G36290,-0.24621764637441926,0.053201371495219404,-4.628031937044029,7.664182961618486e-05,0.004267536686989484,True
AT4G01070,-0.19353940926216268,0.041823245113087625,-4.627556009555054,7.674142855368133e-05,0.004267536686989484,True
AT5G39600,0.16862609196637907,0.036478300543121206,4.622641116930467,7.777754871315629e-05,0.00431772306077898,True
AT3G09035,-0.1160968890713023,0.02512127898158796,-4.621456143072681,7.802943162276115e-05,0.004324275997083689,True
AT1G13360,-0.22568540556056405,0.04886300053222624,-4.618738167987033,7.861024610703954e-05,0.004349004180603323,True
AT2G26690,-0.1391632788305197,0.030134627682446683,-4.618052039567154,7.875754635323557e-05,0.0043497052395327996,True
AT1G64380,-0.14591836313893974,0.03160424730347713,-4.617049149684564,7.897334423064146e-05,0.0043541805098085236,True
AT3G44550,-0.24968892953113994,0.054112139787354366,-4.614286748081814,7.957079400289762e-05,0.004376994957014173,True
AT5G15540,0.09878307314530252,0.02141251283465212,4.613333984110483,7.977789831427502e-05,0.004376994957014173,True
AT1G14610,0.2028388221853411,0.04397143385857359,4.61296811101809,7.985757137485877e-05,0.004376994957014173,True
AT1G74670,-0.271395750354932,0.058838605364608616,-4.612545601194286,7.994967624187032e-05,0.004376994957014173,True
AT3G20550,0.12181261502260467,0.026411990235001074,4.612019538807001,8.00645027576024e-05,0.004376994957014173,True
AT5G26320,-0.17287476759524525,0.037497047731200446,-4.610356762871229,8.042852608616544e-05,0.004389468326550539,True
AT2G31380,-0.17894478616184792,0.03884642434655585,-4.60646736918306,8.128645556064707e-05,0.004423211291560681,True
AT1G60010,0.31155846084031763,0.06764257107902237,4.605952373932451,8.140073465664047e-05,0.004423211291560681,True
AT2G31560,-0.11505470947338568,0.024980956181398287,-4.605696781096775,8.145751086318379e-05,0.004423211291560681,True
AT5G66540,0.2222265567602993,0.048260570299114215,4.604722973287742,8.167418925696338e-05,0.004427535873663137,True
AT5G49030,0.12162134153048279,0.02643240402393129,4.601221342575182,8.245807300003122e-05,0.004456438109271794,True
AT5G06360,0.2004222545981809,0.04355954793680348,4.601109609515577,8.248320868316979e-05,0.004456438109271794,True
AT4G39680,0.1548138760714118,0.03365207133169668,4.600426361440449,8.263707938452265e-05,0.004457297826101073,True
AT2G16485,0.1587364394690629,0.03451775874735616,4.598689058316137,8.302961563141573e-05,0.0044686718433581425,True
AT1G03660,-0.14513623155009525,0.0315661718875203,-4.597840753933008,8.322195982813265e-05,0.0044686718433581425,True
AT4G17215,-0.2668049100735102,0.058030580684463776,-4.597660525305419,8.326288185030802e-05,0.0044686718433581425,True
AT4G28850,0.22352292755253117,0.04864874569389407,4.594628789793971,8.395426421370277e-05,0.004491850038244487,True
AT2G37040,-0.2831091765525515,0.06161850688462082,-4.594547821203566,8.39728070537519e-05,0.004491850038244487,True
AT1G78100,-0.20506015557592588,0.044691129730346515,-4.588386035734612,8.539595154694232e-05,0.0045492546743224225,True
AT3G29780,-0.18985969436988162,0.04137886135087488,-4.588325733759404,8.540999694937656e-05,0.0045492546743224225,True
AT3G06510,-0.14284877752947361,0.031134794151796295,-4.588075220058331,8.546837064946952e-05,0.0045492546743224225,True
AT3G10080,-0.2577978464387445,0.05620138524812496,-4.587037228719294,8.571066236816366e-05,0.004554647681666118,True
AT3G05180,-0.10030990492383988,0.02187646895383714,-4.585287741614512,8.612058104287767e-05,0.004568916014637659,True
AT5G18790,0.20409744549212616,0.04452317012533068,4.584072628197885,8.640643859566688e-05,0.004576566597684264,True
AT4G31890,-0.14868353245726249,0.03246496995565512,-4.579814263199806,8.741569500507876e-05,0.004622444664352029,True
AT4G03120,0.1526120042594225,0.0333345656931078,4.578190868434693,8.780352774598484e-05,0.004630174877467982,True
AT3G23890,0.2124040076483117,0.046396650199255596,4.578003082897557,8.784850041436976e-05,0.004630174877467982,True
AT3G56400,0.13932156713221508,0.030443586197753267,4.576384865673184,8.823699692775637e-05,0.0046430767650470365,True
AT3G10870,-0.12088728980438274,0.026425694724914642,-4.574611606725629,8.86646774751426e-05,0.004657995226901435,True
AT1G14330,-0.1238222049004245,0.027093936202789822,-4.57010764230244,8.976024815796813e-05,0.004707895872947715,True
AT4G07855,0.19005596538632386,0.04159633817641489,4.569055203375703,9.001818357927388e-05,0.004713772274331863,True
AT2G28160,-0.23647820006002662,0.051765428855617274,-4.568265061989638,9.021231843870398e-05,0.004716294168990431,True
AT3G05130,0.14808386677241167,0.032439792289128,4.564883321464456,9.104791417819182e-05,0.004747665072397842,True
AT1G77280,-0.11645305356428906,0.025512436414876098,-4.564560266630835,9.11281394870628e-05,0.004747665072397842,True
AT1G21510,-0.11014629582749064,0.0241334171261353,-4.564057184765916,9.125321148779164e-05,0.004747665072397842,True
AT2G16900,-0.15774164844127947,0.034589926837429445,-4.56033483917603,9.218394828261824e-05,0.004773515173481428,True
AT2G39210,0.13815861394001974,0.030295899196829817,4.560307421226063,9.219083877436669e-05,0.004773515173481428,True
AT5G48570,0.14100202026673464,0.03091947769385713,4.560297611196322,9.219330428835343e-05,0.004773515173481428,True
AT1G80050,-0.20867972386736605,0.045783846337652145,-4.557933431987562,9.278939915096642e-05,0.004796692315469719,True
AT3G17185,-0.22563936250343364,0.04951275327875802,-4.5571968343808,9.297590367363806e-05,0.0047986557057373355,True
AT3G05800,-0.11683900834814792,0.025642901847958983,-4.556387925239732,9.31811466414618e-05,0.004799169062432865,True
AT1G06230,0.15554437342557323,0.03414065023965539,4.555987432392362,9.328292956166514e-05,0.004799169062432865,True
AT5G09410,0.1443039837241074,0.03168666699558085,4.554091591401287,9.376624840416232e-05,0.004816365214133673,True
AT3G49330,-0.29430841244013234,0.06463950327835558,-4.553073546570414,9.402681150873897e-05,0.004822082941326742,True
AT2G07739,0.1678233714513631,0.036866739903427884,4.552161972850733,9.426073462020524e-05,0.004826418502130288,True
AT1G06650,-0.1455132625940629,0.03198059102039023,-4.550049200194154,9.480512941964745e-05,0.004846612225347135,True
AT1G22540,-0.11841185701494825,0.026033092884783195,-4.548512830919221,9.520296480485702e-05,0.004859261595387244,True
AT5G06200,-0.24143870574063755,0.053088443238710474,-4.5478580838209215,9.537301226297755e-05,0.004860262859944071,True
AT1G04280,-0.16591558912952747,0.036501196366759664,-4.5454835907959685,9.599223964169146e-05,0.004884115386745527,True
AT4G26130,-0.21099151422251344,0.046453166076699665,-4.542026562283,9.690092449674676e-05,0.004922597436423571,True
AT4G20020,0.13956471523853697,0.030732412078469235,4.541287383567083,9.709632532279433e-05,0.00492355123222166,True
AT1G77470,0.13549667017456207,0.029839801100429077,4.54080339605929,9.722447881882507e-05,0.00492355123222166,True
AT3G05700,-0.11148084843729596,0.024555804204697232,-4.539898083076057,9.746464520891487e-05,0.0049259754359195305,True
AT1G78190,0.16565812899714907,0.03649286534854475,4.539466205652584,9.757942365303798e-05,0.0049259754359195305,True
AT1G73810,-0.12974904551182226,0.028586002458610826,-4.538901362640112,9.772974262355439e-05,0.0049259754359195305,True
AT1G17400,-0.13201831328756383,0.02911858476662086,-4.5338162670219715,9.909341836225281e-05,0.0049869303019720035,True
AT4G02590,-0.15495565892760021,0.03418875918650562,-4.532356909541237,9.948825625949486e-05,0.004999014108068459,True
AT4G18820,0.09805711952006976,0.021638461861955942,4.5316122812070425,9.969032185829523e-05,0.005001389144285187,True
AT5G61150,0.14367996787458287,0.03172555418036023,4.52884028621723,0.00010044613386452185,0.005031494789191995,True
AT5G45140,0.10960063878977461,0.024231243692263576,4.523112399086941,0.00010202598458653752,0.0051027206439728185,True
AT1G48325,0.1326557707526378,0.029348666700748573,4.519993092199117,0.00010289670165418591,0.005138314580749757,True
AT4G34190,-0.1935795636976712,0.0428444428968378,-4.5181953739899985,0.00010340186240629087,0.005144966713357143,True
AT2G04160,0.18281066247771266,0.0404636008848313,4.517903955162907,0.00010348398316460847,0.005144966713357143,True
AT4G12500,-0.22958308884297127,0.05081722745667907,-4.517820045154715,0.00010350764070946619,0.005144966713357143,True
AT4G37310,-0.11002527235022191,0.024365507624368458,-4.515615847058459,0.00010413101920126374,0.005161462448513035,True
AT3G18480,0.1291153161181678,0.02859386704607539,4.515489839486028,0.0001041667684182701,0.005161462448513035,True
AT3G55160,0.11724400148935395,0.02596792498425675,4.51495456646744,0.00010431876501529024,0.005161462448513035,True
AT2G24100,-0.11187164395247651,0.024792352653450422,-4.5123448152028045,0.00010506299391128043,0.005189185042474966,True
AT1G02575,-0.1226408276028958,0.02718263081936849,-4.511735027336291,0.00010523764732328546,0.005189185042474966,True
AT1G79160,0.15076920177931358,0.03342537818152961,4.510620671529948,0.00010555756284575491,0.005189185042474966,True
AT1G22550,-0.1246135840371198,0.027627854951635642,-4.510432831476204,0.00010561158408780246,0.005189185042474966,True
AT1G80420,0.10869257961936718,0.0240993472896634,4.51018769566374,0.0001056821244219421,0.005189185042474966,True
AT1G70860,-0.11480248398990475,0.025463015470920235,-4.508597346650231,0.00010614090169035176,0.005199270757943322,True
AT1G73640,-0.1697055849169027,0.037642416193942055,-4.50836056969728,0.00010620937510423077,0.005199270757943322,True
AT4G30440,-0.17287460667161195,0.03836391953401893,-4.5061768654351555,0.00010684295146014436,0.005216620574564668,True
AT2G28250,-0.20722699567031258,0.04598992167727132,-4.505921908815214,0.00010691716846214019,0.005216620574564668,True
AT5G25240,-0.11149551950239636,0.02474668850289035,-4.505472297409569,0.00010704817360290863,0.005216620574564668,True
AT1G47670,-0.17960501028262604,0.03987470756367836,-4.504233918099683,0.0001074098302401246,0.005226361754861726,True
AT3G59930,-0.5548325099387799,0.12327124445588021,-4.50090783448981,0.00010838719858529997,0.005250301006264943,True
AT5G21160,0.15721648095404556,0.03493031796942064,4.500860286805261,0.0001084012342997605,0.005250301006264943,True
AT3G27960,-0.16700877052358432,0.03710827789372614,-4.50057992456234,0.00010848403181003331,0.005250301006264943,True
AT5G23530,-0.18139239803652674,0.040308498036810456,-4.500103126414581,0.00010862498568755481,0.005250301006264943,True
AT3G21190,-0.23099253028475047,0.05133394104813234,-4.499801214719994,0.00010871433263769375,0.005250301006264943,True
AT5G65970,-0.21551278449519978,0.047943397109196005,-4.495150479310995,0.00011009991659996401,0.005297239933536334,True
AT5G55780,0.11994572377574869,0.02668411071350579,4.495024213605883,0.00011013777820399547,0.005297239933536334,True
AT3G10530,0.14637279923710098,0.032564269519289354,4.494889687311962,0.00011017813102653801,0.005297239933536334,True
AT4G08930,-0.19013021089856708,0.042317325986404246,-4.492963732151987,0.00011075745739175613,0.0053171808185293445,True
AT3G06370,-0.149785792708299,0.03334194299434175,-4.4924134365450215,0.00011092354097310858,0.005317253242285111,True
AT5G38610,-0.15464582355051254,0.03442867304286089,-4.491774148773934,0.00011111679365501082,0.005318625905481103,True
AT5G19330,0.12946292629108913,0.028840809833561427,4.488879717255232,0.00011199595419114903,0.005352777047280819,True
AT4G37410,-0.26399055714972897,0.05882096710473134,-4.488034966845938,0.0001122538400559261,0.005353814995906851,True
AT1G23730,0.1733359254865029,0.038624466693667286,4.487723464539703,0.0001123490843797346,0.005353814995906851,True
AT3G50400,-0.12733376075853214,0.028378798009569495,-4.486932840340682,0.00011259118450225844,0.005357450044305549,True
AT1G74430,-0.13525553762035103,0.030159719351948156,-4.484641784692676,0.00011329566694178623,0.005368431698156614,True
AT5G16000,-0.11268423743797018,0.025126930255005148,-4.48460023943928,0.00011330848211528135,0.005368431698156614,True
AT1G57720,0.20841077276401032,0.046472943967023436,4.484561445298059,0.00011332044997192148,0.005368431698156614,True
AT1G22400,0.1193631609665727,0.02664932109874812,4.4790319619879515,0.00011503917773522383,0.005441875246628619,True
AT5G64850,-0.20796742460953024,0.04644305801417639,-4.477901186998706,0.00011539383081476379,0.005450671461687431,True
AT5G14700,-0.14596882674913564,0.03261915403801714,-4.474942133048917,0.0001163270452106633,0.005486730662352292,True
AT5G17220,-0.08596413518078669,0.019221008499270505,-4.472405034525076,0.00011713314831262605,0.005516698088677311,True
AT4G12510,-0.2677175691996308,0.05989894549939446,-4.4694871832482805,0.00011806708448296296,0.005552590149286827,True
AT1G76810,0.1854268105823837,0.041494771712188114,4.468678894500797,0.00011832710376558181,0.005556730226107824,True
AT3G24420,-0.13696947289046638,0.030660120099489374,-4.467349522637634,0.0001187559875996002,0.005568776782809119,True
AT1G48200,0.14431213611338103,0.032309344035293314,4.466575859780402,0.00011900629774566983,0.005572426773717169,True
AT2G40000,0.1348827873048984,0.03021075824274165,4.46472697643413,0.00011960660685224918,0.0055924310575822265,True
AT3G05570,0.12290785668806267,0.027537731030463395,4.463252856674968,0.00012008738768200024,0.005606796833262638,True
AT5G57340,0.2310471286973001,0.05178488435700217,4.461671230246916,0.00012060536480514698,0.005622855312394651,True
AT3G09680,0.1555909033651428,0.03488560814652434,4.460031274548509,0.00012114478625054779,0.0056398658486584265,True
AT3G21250,0.15889392434405225,0.03564935971032696,4.457132628332273,0.0001221040845238474,0.005667664260225913,True
AT5G40490,0.11017541938319052,0.02472109094405622,4.456737756133711,0.00012223534840479476,0.005667664260225913,True
AT5G53320,-0.125510441053513,0.028162576726453382,-4.456639116250319,0.0001222681602456734,0.005667664260225913,True
AT5G40840,0.083704138900502,0.01878538645192253,4.455811389067036,0.0001225438423297299,0.005672305160216681,True
AT5G13980,0.09262584233979765,0.020797391345551215,4.453724065716123,0.00012324178662205548,0.005696450477785394,True
AT2G02990,0.18866370546104264,0.04237290593734718,4.452460865912804,0.0001236660808891918,0.005705299161281085,True
AT2G40360,0.21715460630099548,0.04877573241165277,4.452103444972897,0.00012378639735237986,0.005705299161281085,True
AT5G04560,0.19741822734094394,0.044354001870410865,4.4509676470173085,0.00012416950579210325,0.005714804220280718,True
AT1G44010,0.14157328735521502,0.03181406028805621,4.450022602376382,0.00012448916910139457,0.005718455992646107,True
AT5G49680,0.12712209622559287,0.028568826883332215,4.449678551545956,0.0001246057476590032,0.005718455992646107,True
AT2G34900,0.18661360896635226,0.04194350906450419,4.4491653924177506,0.00012477982837028398,0.005718455992646107,True
AT1G72510,-0.25593551650297636,0.05754313970057362,-4.447715537155944,0.000125272972872322,0.005732924193387892,True
AT4G31570,0.21224648449578623,0.0477394687894113,4.445933100597527,0.0001258818903405923,0.005739104638397399,True
AT4G02060,0.17870724043597397,0.040202540080305695,4.44517286915208,0.0001261424938083878,0.005739104638397399,True
AT4G08460,0.1436181324740125,0.03231436800185985,4.444404806733234,0.0001264063252981045,0.005739104638397399,True
AT1G76590,0.17796850741413647,0.04004958384611657,4.443704286615035,0.00012664743319906911,0.005739104638397399,True
AT2G17300,-0.18228846102050889,0.04102188174067503,-4.44368842397012,0.0001266528981495148,0.005739104638397399,True
AT4G34120,-0.1291481551943946,0.029064646551488802,-4.443479295906976,0.00012672496819702398,0.005739104638397399,True
AT4G21710,0.15758590248732418,0.03546565840393348,4.4433378535514905,0.00012677373535315876,0.005739104638397399,True
AT4G15430,-0.12027173711422742,0.027068857760647307,-4.443177402523368,0.000126829078950625,0.005739104638397399,True
AT1G72490,-0.25419024213840197,0.05722747934683443,-4.44175149839904,0.00012732196345626527,0.005752294721034025,True
AT1G69230,-0.35518182394522513,0.079981335606522,-4.440808861864794,0.00012764884244956528,0.005752294721034025,True
AT5G44180,0.14987562171326357,0.03375799469402243,4.439707484751819,0.00012803182293824809,0.005752294721034025,True
AT1G49200,0.1463402793259247,0.03296233032973872,4.439621770123941,0.0001280616761469054,0.005752294721034025,True
AT1G62770,-0.17372444504527387,0.039134449633399813,-4.439169240213524,0.00012821940051273753,0.005752294721034025,True
AT5G64810,0.18767153483112248,0.04228039398776433,4.438736660907971,0.00012837035147606854,0.005752294721034025,True
AT1G59730,-0.16075017096704003,0.036216720444949536,-4.438562326795574,0.0001284312361711358,0.005752294721034025,True
AT5G19110,0.12655067011255533,0.028513724404740638,4.438237121051618,0.0001285448880679243,0.005752294721034025,True
AT4G32480,0.278869879984334,0.06289120775178556,4.434163215388665,0.00012997710620485037,0.0057967084075866235,True
AT3G10110,0.1697256343194157,0.03827760389388584,4.434071547161977,0.00013000951444248196,0.0057967084075866235,True
AT5G38890,0.14705386449708246,0.033165920573034545,4.433884600707999,0.00013007563203752212,0.0057967084075866235,True
AT3G28860,0.17997679439491704,0.04061101579823384,4.431723532577685,0.00013084236554229724,0.0058228457139202225,True
AT3G11830,0.2051010518830002,0.04630164986057131,4.429670486918358,0.00013157492549819024,0.005847392390537866,True
AT3G15095,0.1334635916178034,0.030134469636953664,4.428934480205288,0.0001318385341072813,0.005850214424224699,True
AT5G09978,-0.37130227860042037,0.08384412793857811,-4.428482801710648,0.0001320005668779537,0.005850214424224699,True
AT4G25730,0.2617394666106805,0.059130341978191524,4.42648322086849,0.0001327202621548893,0.005868138011093664,True
AT3G49250,0.13420056420276635,0.030318559205880186,4.426350318676707,0.00013276823442723293,0.005868138011093664,True
AT1G17060,-0.13350431236981908,0.03019378068104756,-4.421583165755021,0.00013450040196980194,0.005936575802243622,True
AT5G53110,-0.15837683554699655,0.03582728616440825,-4.420564672976324,0.0001348733720214136,0.005944916475634177,True
AT1G65900,-0.1701340421814453,0.038499939539406024,-4.4190729704213485,0.0001354214826355352,0.005960943709089246,True
AT3G17609,-0.245367728351153,0.055546555015621564,-4.417334761483359,0.00013606295683213742,0.005981031390870106,True
AT4G34990,-0.14180338790312902,0.03211142416611331,-4.415979408747991,0.00013656523069324714,0.005994953856614296,True
AT3G54540,0.10972364089630396,0.02487328353347395,4.411305035325961,0.00013831163230397167,0.006061706818717192,True
AT1G60950,-0.18651712648388802,0.042285429471768936,-4.410907700687128,0.00013846109852404245,0.006061706818717192,True
AT2G36830,-0.26188713725654883,0.059421326335114405,-4.4072920180139,0.0001398285987224725,0.006112806650480482,True
AT2G23000,-0.1718047046273183,0.03898606292848306,-4.406823662663266,0.00014000671396067834,0.006112806650480482,True
AT4G37070,-0.31438913009110825,0.07137843388692351,-4.404539480218326,0.00014087861626008814,0.006142573836365976,True
AT1G29640,-0.1806796107538818,0.04103064852048421,-4.40352802768104,0.00014126641866551342,0.006151181564237295,True
AT1G63245,-0.14901621798554854,0.033847329741142705,-4.402598938385787,0.00014162357463013895,0.0061545488094875275,True
AT1G31772,-0.11796835590530474,0.02679676200316666,-4.402336218508939,0.0001417247303927302,0.0061545488094875275,True
AT1G78815,-0.16579648750355291,0.03766962564127935,-4.401330904702935,0.0001421124710970923,0.006158048514547587,True
AT1G17345,0.11195269785891568,0.025437208866888963,4.401139230516834,0.00014218651743639542,0.006158048514547587,True
AT5G19970,-0.17522622391325055,0.039855149471509616,-4.396576759510354,0.00014396039724255853,0.006224345179754372,True
AT1G24706,0.10926981546381821,0.02485543886849705,4.396213482366305,0.00014410257805739176,0.006224345179754372,True
AT1G07750,-0.21961485415122348,0.04997106470629764,-4.394840402981175,0.00014464123775535375,0.006239270695110446,True
AT5G62070,-0.15053537576447823,0.03426985608874468,-4.3926468606887115,0.00014550590979237526,0.006268200585975803,True
AT2G41070,0.2568336137549276,0.058504576754636224,4.3899747336361115,0.00014656616052695582,0.0063054674839752535,True
AT4G24310,-0.18993886859171627,0.04330564902588621,-4.386006741942123,0.00014815473093739983,0.006358110626336971,True
AT5G14130,-0.1527315330588764,0.03482302280407129,-4.385935532311686,0.0001481833947702417,0.006358110626336971,True
AT4G24026,-0.12738857850173213,0.029065917301050664,-4.382747572777527,0.00014947228293250123,0.006404907147567881,True
AT4G30180,-0.12929290538752383,0.029505630926060396,-4.381973925977901,0.00014978673905442812,0.006409880466370223,True
AT4G16270,-0.12055711998178095,0.02753574776236055,-4.378203963161448,0.0001513284831320546,0.0064672909543830055,True
AT5G55920,0.2078923327406109,0.047547739948987755,4.372286316103584,0.0001537803075967047,0.006563392282882341,True
AT1G33390,0.10865675636197994,0.024887758274798263,4.3658715727726864,0.00015648256655922065,0.006669914568551266,True
AT1G69160,-0.1287885339870964,0.029507425279709554,-4.364614423870332,0.00015701763765840074,0.0066839036299147165,True
AT2G02400,-0.09985386847294435,0.02288129888574499,-4.363994761466673,0.0001572820466091123,0.006686349531439224,True
AT1G64880,0.20832868124170384,0.04775030474787078,4.362876474646863,0.00015776033468052703,0.006693804681884056,True
AT3G53130,-0.11071920013301152,0.02537947334770754,-4.362549159949865,0.00015790059864953415,0.006693804681884056,True
AT5G06110,0.18676193168645538,0.04281450889166682,4.362117808218179,0.00015808563426282732,0.006693804681884056,True
AT1G02305,-0.1759187656207475,0.040335315673029754,-4.361407929636603,0.00015839061646121119,0.006693804681884056,True
AT2G36900,0.17711398770216685,0.040611856422587626,4.3611399060216085,0.00015850591786829802,0.006693804681884056,True
AT5G67160,-0.10871032620910459,0.02492962701780996,-4.360688033216097,0.00015870049788985072,0.006693804681884056,True
AT3G62210,-0.12871441982530918,0.02952915359533772,-4.3588929635162845,0.00015947580916572058,0.0067177365297721855,True
AT1G01200,-0.13603516174883828,0.031239207113693823,-4.354629144515219,0.00016133247571924707,0.006787097601579627,True
AT1G54120,0.1071565013315799,0.02461710196599399,4.352929174181659,0.00016207867868604428,0.00680962292544526,True
AT5G65750,0.1943886881814434,0.04467411319641367,4.351260143134715,0.00016281462662538835,0.006831659443687886,True
AT2G02950,-0.21895152151214642,0.050343701528786464,-4.349134347758482,0.00016375677623600116,0.006862279745018108,True
AT4G34131,-0.12317584323335803,0.02833276513915822,-4.347469886132606,0.00016449823095963513,0.006884421430148772,True
AT3G45410,-0.11689845380697908,0.02689180700322609,-4.346991401245565,0.00016471199254649332,0.00688444989286501,True
AT5G06475,-0.1258861311656708,0.028967751403252674,-4.345733619887926,0.00016527521537086333,0.006896630121543868,True
AT3G45770,0.14473718049473916,0.03331082614754369,4.3450492597708195,0.00016558246632874437,0.006896630121543868,True
AT2G40113,-0.4054951082685345,0.09332640803943591,-4.3449128364309155,0.00016564378267102173,0.006896630121543868,True
AT3G60530,0.21968937636327218,0.050578279662034424,4.3435517742248875,0.00016625675347134862,0.0069132425326973,True
AT5G19600,-0.16621002894893577,0.038310490791518534,-4.338499077274484,0.00016855200979721047,0.006998860383009002,True
AT5G46790,-0.16740929703005022,0.03859074490737888,-4.338068555863511,0.00016874902467931574,0.006998860383009002,True
AT3G19320,-0.10991526888013613,0.02534213639668896,-4.337253464332902,0.00016912265104100912,0.007005363759594825,True
AT4G38890,0.15775648391764246,0.036391067469274625,4.335033152045842,0.0001701445706978134,0.0070386695706474425,True
AT5G17860,0.1357150359826963,0.031324075075610656,4.3326111195655335,0.00017126630790017793,0.007076014248013873,True
AT4G17800,-0.1660081216711002,0.038331609567913524,-4.330841400671618,0.0001720905604978589,0.0071009884024589055,True
AT2G07696,0.39849229797394664,0.09205417881479523,4.328888738181864,0.00017300457805079932,0.007129598102351116,True
AT4G34610,-0.12940010872633587,0.02990125145389866,-4.327581704258873,0.0001736190685021436,0.007139694916056764,True
AT2G41370,-0.1468745981600524,0.03394065331242257,-4.327394549777127,0.00017370723421521474,0.007139694916056764,True
AT5G57980,0.2031060529379589,0.04693967453155524,4.32695912285077,0.0001739125289837715,0.007139694916056764,True
AT1G22750,-0.16943018181268976,0.0391718590445296,-4.325303571119403,0.00017469528263058692,0.007154863668404076,True
AT5G61480,-0.14292224925589192,0.033043765238679475,-4.32524103181177,0.0001747249198171041,0.007154863668404076,True
AT5G05640,0.11751806328274672,0.027178985682820574,4.323857580786325,0.00017538180753741712,0.007166733818676176,True
AT1G53060,0.1114023370440579,0.025766295777195046,4.323568199611241,0.00017551951987274689,0.007166733818676176,True
AT1G72440,0.17078716347845213,0.03950686612196557,4.322974212917778,0.00017580252506588256,0.007166733818676176,True
AT5G19120,0.24566292439961612,0.05683003710015165,4.3227655116023245,0.00017590206809898814,0.007166733818676176,True
AT5G38710,-0.10432369253726488,0.024136350013310978,-4.322264653923701,0.0001761411869256242,0.007167437793929462,True
AT1G80790,0.1392844702352666,0.03224552486418397,4.3194976922200405,0.00017746799718980317,0.007212027822676591,True
AT4G22460,-0.2644199976089683,0.0612217910356375,-4.319050343611282,0.00017768343640628206,0.007212027822676591,True
AT5G17900,0.10633739317636719,0.024627560035022738,4.317820889489063,0.00017827686530332145,0.0072136837573427495,True
AT2G29750,-0.19802021964552036,0.045867582702778166,-4.317215078210921,0.00017856999743814516,0.0072136837573427495,True
AT4G39320,-0.25003701223218533,0.057917878051490505,-4.317095526357093,0.0001786279009868983,0.0072136837573427495,True
AT4G17520,0.16606505848670022,0.03847632604122978,4.316032105267825,0.00017914377523827504,0.0072136837573427495,True
AT4G30990,0.21043029659925305,0.04875778518572417,4.315829683356189,0.0001792421387043512,0.0072136837573427495,True
AT5G36120,-0.07552084215370913,0.01749885955122096,-4.315757945976529,0.0001792770110861397,0.0072136837573427495,True
AT3G51820,-0.12928484141448432,0.029956607127798695,-4.3157371214616775,0.00017928713538476054,0.0072136837573427495,True
AT2G03730,-0.1746992961950064,0.04048736436869889,-4.3149090813643545,0.00017969016438330467,0.007220907364502724,True
AT1G48650,0.12005088977024184,0.027827474222081688,4.314113771596954,0.00018007810694333897,0.007224550983128734,True
AT3G26060,-0.14649086163803615,0.03396053162061308,-4.313562086558161,0.0001803476991674732,0.007224550983128734,True
AT2G39795,0.11811682576573279,0.02738705303946811,4.312870961162266,0.00018068599556275749,0.007224550983128734,True
AT1G03220,-0.18666036758248067,0.04328336774342259,-4.312519503772806,0.00018085826997588472,0.007224550983128734,True
AT2G36200,0.1546276866462967,0.03585622164414017,4.312436714077676,0.0001808988747826038,0.007224550983128734,True
AT2G24300,0.16671167906852963,0.03867918120223605,4.310113965362121,0.00018204176886124805,0.007261219148318597,True
AT2G38080,-0.23305571093868488,0.05410417035509123,-4.307536912757673,0.00018331815611625918,0.007303115050505817,True
AT4G25520,0.10682895550285096,0.024811776381950743,4.305574653677896,0.00018429597870455892,0.007333028049218712,True
AT1G77670,0.1718322294235155,0.03991518268806768,4.304934058961062,0.00018461631274819095,0.007336738559140592,True
AT3G47380,0.12133057636175855,0.02819098962289362,4.303877869659006,0.00018514567152968638,0.007348709979837774,True
AT2G33620,-0.15405916246533718,0.035802646869355415,-4.3030104178471,0.00018558155892421763,0.007348709979837774,True
AT1G34000,-0.1612824257525151,0.037481617966074,-4.302973951084444,0.00018559990539935078,0.007348709979837774,True
AT5G26230,0.11317010228526977,0.026306164575436882,4.302037340363225,0.0001860717310084966,0.007358296769010932,True
AT5G63550,0.14998032338916636,0.034866252962445936,4.301589951484278,0.00018629752567553753,0.007358296769010932,True
AT3G60720,-0.13951969164937567,0.032453973707663675,-4.299001808103071,0.00018760907855160092,0.007401052159857965,True
AT4G02450,0.18304154605462386,0.042582150784736705,4.298550981605981,0.0001878384694034549,0.007401064765800274,True
AT2G23620,-0.14753148092594653,0.03432765485270936,-4.297744240291509,0.00018824965078112659,0.0074082313850029466,True
AT3G24080,0.21518329961432192,0.05008017889144169,4.296775777913506,0.00018874443494408462,0.007418666604146508,True
AT5G38770,-0.11346203068237747,0.026411267525015297,-4.295970671415618,0.00018915674050781208,0.007425838552936696,True
AT5G08250,-0.08933385875428154,0.02080266550356852,-4.294346738352211,0.0001899910914459671,0.0074463584250698345,True
AT2G20230,-0.19860333345639666,0.04625535830903526,-4.293628689016178,0.00019036117381078917,0.0074463584250698345,True
AT3G17860,0.1512172607928685,0.03521914279624209,4.293609917416943,0.0001903708582471659,0.0074463584250698345,True
AT3G20470,0.32026033590804054,0.07461399799898354,4.292228596467964,0.00019108483347753328,0.007465247744650088,True
AT3G62730,-0.12155135767015529,0.028324893293131502,-4.291326234214985,0.0001915526752320608,0.007474487178831706,True
AT3G15120,0.14093923508655648,0.032857290675543854,4.289435683492296,0.00019253653407536834,0.007503815294862577,True
AT5G11060,-0.10103182334186278,0.02355831243646836,-4.288584915168419,0.00019298091080685904,0.007511458086500077,True
AT1G31330,-0.2188218345442769,0.051029179556871994,-4.288170737693324,0.0001931976127358186,0.007511458086500077,True
AT4G03960,0.17046783442952707,0.039767226224751984,4.286641302717366,0.0001939999168182026,0.007533585712114553,True
AT2G22620,-0.11522482986160226,0.02688485667572307,-4.2858636462678215,0.00019440911949447978,0.007540413255398736,True
AT1G56680,0.17557462229856152,0.040981743876849594,4.284215499129671,0.00019527919888457049,0.0075597984260296165,True
AT1G80840,0.19386914486707596,0.04525390891160398,4.284030916440107,0.00019537688216084465,0.0075597984260296165,True
AT5G66564,0.06987551351404057,0.016318503897468507,4.281980379640095,0.0001964653063174889,0.007589782920033575,True
AT2G34357,0.1493327546676314,0.03487955422867127,4.281383692251397,0.00019678315290063306,0.007589782920033575,True
AT2G34810,-0.11545239089466164,0.026967006685162054,-4.281246051612637,0.0001968565442133194,0.007589782920033575,True
AT5G59380,0.14099937733332218,0.03297730266899308,4.27564918661152,0.00019986389193278438,0.007696546465382993,True
AT5G59240,0.15233469334491737,0.035635800160870444,4.274765619327584,0.0002003427919715713,0.0077058038878684496,True
AT5G65930,0.20624397567740027,0.04827106394045455,4.27262129402856,0.00020150975696800954,0.007737781854409811,True
AT3G25840,0.19643773920438623,0.04598029071630357,4.2722161200849875,0.00020173101096832501,0.007737781854409811,True
AT5G20950,0.19234171763143054,0.04502464959066421,4.271920367622634,0.00020189266468375594,0.007737781854409811,True
AT5G48100,0.10526025709913939,0.02464324691983035,4.271363162556179,0.00020219757248604003,0.007740285982762402,True
AT5G17230,-0.25210614137158605,0.05904447725990149,-4.269766675414321,0.00020307370916144667,0.007764625407452285,True
AT2G31940,-0.1550681723058568,0.036335728510792316,-4.26765001449741,0.0002042411033403395,0.0078000305057009806,True
AT1G23530,-0.1529775057648147,0.03585660129926881,-4.266369377510808,0.00020495062815913053,0.007800393898009668,True
AT5G57785,-0.3085965983644222,0.07234717140813549,-4.265496388566759,0.00020543569604803175,0.007800393898009668,True
AT3G16620,0.12750344343120643,0.029893023476299983,4.2653244337192815,0.00020553137484969274,0.007800393898009668,True
AT5G15900,-0.09624936393149171,0.022568228507147153,-4.264816970503928,0.00020581399359266529,0.007800393898009668,True
AT3G47960,-0.14123074926572177,0.03311546161439912,-4.2647978430810225,0.00020582465363703747,0.007800393898009668,True
AT5G65700,-0.21186614514994379,0.049679186518033734,-4.264686280099123,0.00020588684050128103,0.007800393898009668,True
AT1G48500,-0.15131626004664014,0.03548201988582065,-4.264589798821156,0.00020594063558148647,0.007800393898009668,True
AT2G42850,0.1363669843951017,0.031991055465345815,4.262659746966483,0.00020701969972930238,0.007832083698541019,True
AT1G65660,0.11416661452051313,0.02680909078461744,4.25850378282951,0.00020936225623818683,0.007911444604443952,True
ATMG09450,0.11111706756730372,0.026097919907356222,4.257698236554981,0.00020981933472002747,0.007919454305454869,True
AT5G09770,0.21801323617953722,0.05122481989036352,4.2560078619339405,0.00021078168740885502,0.007946494210609915,True
AT1G75750,-0.3003591661383475,0.07060394360821518,-4.254141493923563,0.0002118493052838562,0.007977434970181947,True
AT3G15650,-0.19584938931616364,0.04607160812413467,-4.2509779295845265,0.00021367118260332623,0.008027703865620869,True
AT1G63640,0.13641112952824036,0.032089483085404706,4.25096063919722,0.00021368118247033172,0.008027703865620869,True
AT2G18900,0.16520654731431156,0.03887705486220953,4.249461485697589,0.0002145499768585264,0.008050981651942079,True
AT1G13830,-0.16769269849464466,0.039478175738480926,-4.247731698787389,0.0002155567685865402,0.008079377768285994,True
AT5G61190,0.11269122687474185,0.02654140366068256,4.245865377560208,0.00021664826589527414,0.008101539827869663,True
AT3G22830,-0.14821846204168726,0.03490891149460716,-4.24586318208703,0.0002166495531053078,0.008101539827869663,True
AT1G29470,0.1911759680994621,0.045053088764503,4.243348754593897,0.00021812874004219392,0.008134225766053863,True
AT4G33020,-0.07604191663695462,0.017920876600269163,-4.2432029600500965,0.00021821481356768088,0.008134225766053863,True
AT1G72310,-0.2145475415386892,0.0505639330757511,-4.243094405201236,0.0002182789234940326,0.008134225766053863,True
AT5G07870,0.2386708780513858,0.05629733845720663,4.239470010341733,0.0002204301259917401,0.008204927350999,True
AT1G10400,0.11114566940353346,0.026224004756058298,4.238317924261986,0.00022111830759815741,0.008221071806891678,True
AT5G09570,0.13897595780391597,0.032794701073719526,4.237756504976538,0.0002214544322226478,0.008223600843559727,True
AT2G28720,-0.19875293685486464,0.04690495781645114,-4.237354559247793,0.0002216953893571612,0.008223600843559727,True
AT3G60080,-0.15745478592508144,0.03717254272131224,-4.23578196158229,0.0002226406178152904,0.0082491923405897,True
AT1G13080,-0.20074150395772533,0.04742491944564749,-4.232827515664843,0.00022442720558524,0.008301018140898645,True
AT4G34630,-0.124218633208965,0.029347929373693547,-4.232620013059941,0.00022455321598147313,0.008301018140898645,True
AT1G08250,-0.17306175250171596,0.040893514592914626,-4.232009750800469,0.0002249242161381972,0.0083052302848103,True
AT4G18480,-0.15047250838405402,0.035561017619237405,-4.231389269992461,0.0002253020495546868,0.008309684839112302,True
AT3G25590,-0.09216399435088513,0.02178944377526436,-4.229754338911158,0.00022630062511028542,0.008336997601696936,True
AT3G19080,0.13521767386205183,0.031980546754718835,4.228122642778145,0.0002273015852329197,0.008364335896686108,True
AT1G09440,-0.12186700621930896,0.028832150167095217,-4.226774816065923,0.0002281317048453399,0.00838336505173931,True
AT1G05260,-0.2612537573026309,0.06181412359712438,-4.226441177187288,0.00022833765345664034,0.00838336505173931,True
AT1G64740,-0.11004319510274127,0.026043047233513885,-4.225434685735644,0.00022896005421871505,0.00839667467849315,True
AT2G44290,-0.10810822662693935,0.02558859316235716,-4.2248601140751685,0.00022931611293140178,0.008400197610771723,True
AT1G09430,-0.1987415081071614,0.047056357000367144,-4.223478415586034,0.00023017458476902743,0.008422095876899781,True
AT4G04770,-0.18839368520874594,0.0446118824887361,-4.2229485665912625,0.0002305046302762259,0.008424631334383013,True
AT1G71910,-0.06938096567949376,0.016431348390043173,-4.2224754799512505,0.0002307997133530316,0.008425884676523275,True
AT4G21280,-0.15783538697092572,0.037398458292343756,-4.220371485292962,0.0002321165865850983,0.008464395932255012,True
AT3G16520,-0.12062882917087159,0.0285914225397568,-4.219056572058819,0.00023294334673683965,0.008484967970372664,True
AT1G11185,0.3428858642242487,0.08127938485701386,4.21860801268921,0.0002332260463211941,0.008485698570485879,True
AT1G74250,0.20079926916161325,0.04761222598138957,4.217388811858968,0.00023399614800644034,0.008498548099962267,True
AT1G23860,0.22681268993944598,0.05378697864977054,4.216869875073631,0.00023432469336034622,0.008498548099962267,True
AT2G34780,0.12299002186367135,0.029169199941096045,4.216434530670571,0.00023460066683215843,0.008498548099962267,True
AT1G28110,-0.16497283256359213,0.03912659502639774,-4.216386129492972,0.00023463136912830302,0.008498548099962267,True
AT2G37530,-0.13410656484518416,0.03181280435314523,-4.215490195598726,0.00023520040378224193,0.00850961908824239,True
AT5G64420,0.16296748510010609,0.038696073452829396,4.211473427627324,0.00023776837767733157,0.008592906615634123,True
AT2G31790,-0.23197757199903535,0.05512314385967736,-4.208351624311602,0.0002397832986216057,0.008656043123089898,True
AT4G25340,0.25319243306818195,0.060188209795630374,4.206678250240358,0.00024087028663282898,0.008685578226361686,True
AT5G01610,-0.1912604190874963,0.04548367224321459,-4.205034678483534,0.0002419426531589283,0.008714520825988645,True
AT2G38040,0.14676045245740302,0.034913826847832195,4.203505192857866,0.00024294481816167804,0.00873728889263501,True
AT1G06950,0.1719801184089073,0.04091603343805811,4.203245132968822,0.00024311562457763702,0.00873728889263501,True
AT4G28485,-0.0769274225280186,0.01830421044823954,-4.202717333563946,0.00024346264607170447,0.008739474333205492,True
AT3G06530,0.20081002989795854,0.047785398967827804,4.202330298281212,0.00024371742778229433,0.008739474333205492,True
AT4G18490,0.09320559133838383,0.022198104007356778,4.198808659851946,0.0002460478213969117,0.008813258383051907,True
AT2G47630,-0.2085376011814366,0.04967738402454782,-4.197837814454739,0.00024669412485205685,0.008822492272118423,True
AT4G36032,-0.07966651486141585,0.01897905655144732,-4.197601426891822,0.000246851744529235,0.008822492272118423,True
AT4G11160,0.12990696397054496,0.030954235819459844,4.196742724589473,0.00024742515160045887,0.008828475320717375,True
AT1G13860,-0.10949478299949023,0.0260925293278765,-4.196403561478771,0.0002476519933550233,0.008828475320717375,True
AT1G33790,0.18428419345718777,0.04391771520844656,4.19612433348411,0.00024783890296482895,0.008828475320717375,True
AT3G47500,-0.1695282675061986,0.040416870432963985,-4.194492688081346,0.00024893388220650615,0.008857714537676219,True
AT5G16070,0.15158417215269937,0.03615773910454325,4.192302281799823,0.00025041135422123267,0.008900484536340821,True
AT4G22217,-0.18955732677959136,0.04522400859420168,-4.191519784999668,0.0002509412601150457,0.008909517772590123,True
AT1G72230,-0.22943781851890577,0.054757272858248614,-4.190088485831948,0.00025191340071122216,0.008934215217979009,True
AT5G48030,0.14091770694875602,0.03363615259911039,4.189471626802021,0.00025233351810744343,0.008939302233040998,True
AT4G36620,0.11802264805905745,0.028179145985362905,4.188297548845588,0.0002531350467574233,0.008952210766581639,True
AT4G31490,0.14870193705683107,0.035505598597125,4.188126462649525,0.00025325205486569123,0.008952210766581639,True
AT3G06790,0.1722670138731312,0.04113686981416647,4.187654886026523,0.00025357484887280984,0.008953824909542746,True
AT4G37460,0.12664481812278888,0.03025502545456887,4.185910149471185,0.0002547726559822772,0.008986298845121608,True
AT1G79830,0.16701873807436796,0.03990776003107148,4.185119333791977,0.00025531740975241117,0.008995692684504529,True
AT3G21270,-0.1367911844530561,0.03270726358802548,-4.182287646440009,0.00025727746673051934,0.009045658011227824,True
AT3G48350,-0.19248733153565623,0.046024697746897304,-4.182261719440244,0.0002572954815165548,0.009045658011227824,True
AT4G22610,-0.22856392970356215,0.05467484748349078,-4.180421898251799,0.0002585770240356742,0.00908083159735717,True
AT4G29110,-0.07888561969814267,0.018881244770637753,-4.177988297721652,0.00026028185296203977,0.009130777836428385,True
AT1G14580,-0.11860260302349937,0.028398408207517954,-4.176382075953874,0.0002614131454327749,0.009160517696081914,True
AT2G35000,-0.146087075520298,0.03499092383391382,-4.174999100158305,0.0002623910892337182,0.009184825245993717,True
AT2G38560,0.10424437405697638,0.024972413729379254,4.17438118664261,0.00026282920084694185,0.009190204166843987,True
AT1G52342,0.18699319081479565,0.04480666412646191,4.17333435684986,0.00026357307008153874,0.009192913883080087,True
AT3G23210,-0.13546206741954167,0.032460691069764444,-4.173111013823054,0.0002637320446992726,0.009192913883080087,True
AT1G26762,-0.11897182530976934,0.028509415583062206,-4.173071347714751,0.00026376028876211706,0.009192913883080087,True
AT5G04170,-0.11424915859106333,0.02739434960850086,-4.1705373635010545,0.00026557080102275563,0.009246042036901091,True
AT1G80760,-0.11218259153047469,0.026907733745469935,-4.169157930268328,0.00026656154600729104,0.009270545737297704,True
AT3G13080,0.14617691412582784,0.0350792910095047,4.167043002272234,0.0002680876307245792,0.009313594904387558,True
AT2G41040,-0.106610275493733,0.02559416978282855,-4.165412529429229,0.00026927002670355837,0.009344624374613605,True
AT1G80370,0.1036156726868784,0.024877734275259095,4.164996359412206,0.00026957265089672404,0.009345088817405856,True
AT1G74890,0.16101450720486193,0.038677218741225816,4.163032204620172,0.00027100545145696355,0.00938468931524441,True
AT3G14280,-0.3050295946146734,0.07329667805228689,-4.161574613205221,0.00027207358239550184,0.00940875269713733,True
AT1G03905,-0.1213560089272657,0.029163075410174058,-4.161289823532415,0.00027228276244462544,0.00940875269713733,True
AT1G09660,0.16469080576060746,0.03958884128291021,4.160030968921071,0.00027320930294620535,0.009430683086419816,True
AT2G37380,-0.08427773890471618,0.020260909943417373,-4.159622600370791,0.0002735105376337465,0.009431005293926058,True
AT2G36430,-0.12274144266331732,0.02951617252433409,-4.158447121222283,0.00027437946516567567,0.009442472303794776,True
AT1G03910,0.14098102768186305,0.03390285551265702,4.158382105284033,0.00027442760510270497,0.009442472303794776,True
AT5G57870,0.15321567583047832,0.03685805001786634,4.156912146904395,0.00027551823763365997,0.009469913552878639,True
AT1G28060,0.14878460138412875,0.035801896649070596,4.155774283203824,0.000276365408833226,0.009473581580345055,True
AT4G26190,0.2362331646889097,0.05686370183968745,4.154375410783284,0.0002774104311540946,0.009473581580345055,True
AT3G04010,-0.12413871098490026,0.0298819075044653,-4.154310127837388,0.0002774592956370471,0.009473581580345055,True
AT5G45920,0.14143215590016356,0.03404681255125241,4.154049830281719,0.0002776542135972099,0.009473581580345055,True
AT3G59890,0.1788834852142795,0.043063571257795794,4.153939861220781,0.00027773660204129306,0.009473581580345055,True
AT3G09540,-0.11416809366579164,0.02748517848222733,-4.153805795353152,0.0002778370763590615,0.009473581580345055,True
AT1G44575,-0.2380082462958264,0.05730186535186496,-4.153586359437426,0.00027800160779488316,0.009473581580345055,True
AT3G50970,-0.33860653722974987,0.08152162236561784,-4.153579472586145,0.00027800677306088936,0.009473581580345055,True
AT3G53200,0.11488709037817676,0.02766337454309958,4.153039615582058,0.0002784119705868561,0.009473581580345055,True
AT5G23575,0.15137304304192337,0.03645050264963492,4.152838288594616,0.0002785632286059398,0.009473581580345055,True
AT3G20260,0.15222005478106843,0.036657833222545705,4.1524564165305975,0.0002788503538614054,0.009473581580345055,True
AT4G21760,-0.27627568840880423,0.06656769513323178,-4.150296744627448,0.00028047969024502,0.00951224571369354,True
AT3G16350,-0.15744055380560823,0.037935948665467206,-4.150167831414352,0.0002805772436519219,0.00951224571369354,True
AT1G28815,-0.18906061502671595,0.04557664638702903,-4.148190575963966,0.0002820777070040055,0.009546421330166876,True
AT5G14570,0.08460986527917377,0.02039744919645741,4.148061086671007,0.0002821762471852848,0.009546421330166876,True
AT3G42800,0.12833699223999248,0.030944068614124114,4.1473858476843715,0.00028269064847820185,0.009553820252805673,True
AT5G42880,0.11657909958718211,0.02811443189576793,4.146592754190803,0.00028329601354741974,0.009557444813094517,True
AT1G17840,0.1505058735961044,0.03629734672539373,4.146470394509857,0.0002833895240008836,0.009557444813094517,True
AT3G06390,-0.3463614059193588,0.08354599280747618,-4.145757256335631,0.0002839351289464239,0.009565860355714296,True
AT5G18780,-0.11206664785584293,0.02703676552465467,-4.14497243590954,0.0002845367740254136,0.009569111120397624,True
AT1G10290,0.13613163419008217,0.03284349111744585,4.144858830728004,0.0002846239681420693,0.009569111120397624,True
AT4G00050,-0.08011533346200773,0.019337473871526217,-4.143009267615605,0.00028604725604197754,0.009606965483846416,True
AT5G61880,0.20771287205739136,0.05014480166787172,4.142261314206674,0.0002866248176133791,0.009616366804019382,True
AT2G20490,0.20563645292730576,0.04965756639032566,4.141090026662444,0.0002875315851846888,0.009634278340116454,True
AT5G18620,0.15307004461416887,0.03696628047181651,4.140801905424895,0.00028775507128702153,0.009634278340116454,True
AT5G63980,-0.16780537255626102,0.04053670660766532,-4.139590672236055,0.00028869646041221233,0.009644440539177927,True
AT3G07350,0.18819369199625507,0.04546226111502607,4.139558556493658,0.00028872146255880184,0.009644440539177927,True
AT1G57820,0.13710029813673089,0.033121935638799255,4.139259843743271,0.00028895411315497954,0.009644440539177927,True
AT4G32290,-0.11021112627500376,0.026632815248942884,-4.1381703452990495,0.00028980423052218837,0.009662832697565927,True
AT4G16980,-0.218273117240055,0.0527708255965238,-4.136246017997364,0.00029131178140945834,0.009703084892328032,True
AT5G59490,-0.09906939073661145,0.023955284463887148,-4.135596506314071,0.0002918223638061642,0.009710081104236209,True
AT3G01790,0.2134929684744136,0.05164176693140157,4.1341143256776505,0.00029299081632925,0.009732983214769564,True
AT2G46310,-0.08862966705578844,0.02143941355593969,-4.133959486556664,0.0002931131470479057,0.009732983214769564,True
AT1G22740,-0.2032097938490481,0.04916117107950865,-4.133542578153716,0.0002934427761872353,0.009733924697980888,True
AT5G04950,-0.25125523696861185,0.06081559444039877,-4.131427790529123,0.0002951204744618951,0.009779535804501917,True
AT2G14820,0.1808705414494059,0.043791372281692685,4.130277998276391,0.00029603659083651134,0.009796720603216244,True
AT4G08580,0.15133372840601284,0.03664240474900213,4.13001628693963,0.0002962455052568099,0.009796720603216244,True
AT3G50830,-0.2081328179901055,0.05043657009925478,-4.126625136890122,0.0002989657170934996,0.009872012528310626,True
AT2G16640,0.17758288776296577,0.04303561238737224,4.126417120883661,0.0002991333766200162,0.009872012528310626,True
AT1G07937,0.07847627726497239,0.019021224694289438,4.125721583454749,0.0002996946487482169,0.009880443271843,True
AT3G14180,0.09616911641430681,0.02331212657038843,4.125282870438037,0.00030004920733163665,0.009880780394870437,True
AT2G40650,0.1530877385227225,0.03711260681870308,4.124952452695218,0.0003003165170003024,0.009880780394870437,True
AT1G05213,-0.09492180774944114,0.023014683414621036,-4.124402062777805,0.0003007623067390627,0.009881619758611264,True
AT1G76410,0.15212525898299611,0.036886308589910384,4.124165979151607,0.0003009537231877645,0.009881619758611264,True
AT4G23450,-0.1889394821822945,0.04581894204959666,-4.123610754211155,0.00030140437278220833,0.009886369421543521,True
AT2G29970,-0.13070525149886522,0.03170657710113111,-4.122338752681141,0.0003024393055022428,0.009910255092770754,True
AT5G65180,0.08685886703736437,0.021072299795414636,4.121945296937404,0.0003027601400319208,0.009910697101853336,True
AT5G60030,0.19060539401669976,0.04624581972556708,4.121570233759383,0.0003030662891649725,0.009910697101853336,True
AT2G08635,-0.08130360854374089,0.01973001948876334,-4.120807310405597,0.00030368997532408495,0.009921050973453853,True
AT1G12140,-0.17942614666947837,0.04355037776805235,-4.119967629789463,0.00030437787307692525,0.009923592547354454,True
AT1G26910,0.1709018670651219,0.04148141309788504,4.1199625157860265,0.00030438206736291013,0.009923592547354454,True
AT2G38460,-0.1236711650246343,0.030020373203421283,-4.119574536486444,0.00030470043752781864,0.009923958100893441,True
AT2G28860,-0.13222845380756768,0.032108028824804666,-4.118236423950641,0.0003058009940636106,0.009949772726285193,True
AT2G25640,0.11727966962145633,0.02849193080911738,4.116241556501569,0.00030744899152257036,0.009993329443765318,True
AT3G44100,-0.13871106207110012,0.033724975833060146,-4.113007011709213,0.0003101397361028023,0.010070658023864764,True
AT1G04945,0.11872596290349999,0.028868810513505497,4.112603214045041,0.00031047727195932705,0.010071496164391463,True
AT1G72900,0.12668094350269873,0.030819111308351483,4.110467113578653,0.00031226887941990743,0.010119453585935596,True
AT4G33660,-0.1247753989953937,0.030363190512921818,-4.109429769651262,0.0003131426012741606,0.010137599503574003,True
AT1G61740,0.15013164692479639,0.036536769928378114,4.109056362100283,0.00031345770006315247,0.010137642473814207,True
AT3G23000,-0.1628930441781733,0.039664436180375844,-4.106778259431439,0.0003153868505767317,0.010189833755283624,True
AT2G28470,-0.23000644035448542,0.05601825816455674,-4.105919175116598,0.0003161173778498708,0.010203233127823652,True
AT5G58770,-0.1312500903472643,0.031999220776335234,-4.101665201932955,0.00031975941627716267,0.010310486008481886,True
AT2G42740,0.20532694433593218,0.05006853815822193,4.100917500069147,0.000320403820511721,0.010320964144479755,True
AT2G18350,0.11249837747859223,0.02743846884410329,4.10002387953105,0.00032117566329582613,0.010335522415761798,True
AT3G58660,0.16672344695522812,0.04071121294788744,4.095270931098103,0.00032531179917017427,0.010458207879989214,True
AT5G22760,0.11075715253093099,0.02705373510819931,4.093968987571083,0.0003264539123674531,0.010484492499681952,True
AT5G05600,0.12245488555652767,0.0299185959155102,4.0929355743277185,0.00032736327279854005,0.01050222982327313,True
AT2G26370,-0.16488883979741017,0.040291292829177046,-4.092418689479368,0.00032781904581580593,0.01050222982327313,True
AT5G09350,0.0848423177152752,0.020732514706293347,4.0922347779414014,0.0003279813640682964,0.01050222982327313,True
AT5G26010,-0.15864361094982077,0.03878894143995489,-4.089918545351395,0.00033003243662902483,0.010549828769120282,True
AT3G06470,-0.10088871904691366,0.024668260511841237,-4.089818939543189,0.0003301209225163455,0.010549828769120282,True
AT5G45670,0.20055786749219878,0.04906088176890404,4.087938501327899,0.00033179582289360115,0.010592876721214782,True
AT4G23070,-0.1108275847426057,0.027114586044621886,-4.0873788211341,0.00033229594309303837,0.010598370804928902,True
AT5G40390,-0.19715425707873002,0.04827862711869985,-4.083675714182972,0.00033562373764622373,0.01068868301672728,True
AT4G21740,-0.1538450483538458,0.03767486948817445,-4.083492536109126,0.000335789199974564,0.01068868301672728,True
AT3G13400,0.07261852768715088,0.017785703864332467,4.082971820574412,0.0003362599944585176,0.010693134016693154,True
AT3G22300,0.15267395001886197,0.0374065838754097,4.081472676771925,0.0003376190491847481,0.010725795339341225,True
AT2G28140,-0.13058630785952624,0.03200149570437773,-4.080631388790442,0.0003383840909431557,0.010738982048430205,True
AT4G37235,-0.12567053658762833,0.03080202263867418,-4.0799442965748565,0.00033901017844692195,0.010738982048430205,True
AT2G02450,-0.132820307931161,0.032554626123862514,-4.0799211585416995,0.0003390312819771212,0.010738982048430205,True
AT3G51970,-0.10589295995442757,0.025960422305343473,-4.0790153067976656,0.0003398585009705827,0.01075464085000838,True
AT3G02140,-0.12466843838759352,0.030566823288138017,-4.078553967234575,0.0003402805576114413,0.010757460406915907,True
AT4G09650,-0.12723689240765182,0.031209285708344036,-4.076892165899013,0.000341805140840719,0.010795095107940167,True
AT5G27920,-0.13133065749542117,0.03221758559748855,-4.076365595367853,0.0003422896337295096,0.010799839625162818,True
AT5G25160,-0.22039105317236612,0.054079496396512085,-4.075316300219476,0.00034325709876945477,0.010819798638187623,True
AT5G62720,-0.22465113771949766,0.055144432974840445,-4.073867942789335,0.00034459693092446335,0.010851244429469515,True
AT1G14630,-0.17477974077146852,0.042906394984094307,-4.073512604269377,0.00034492643006794367,0.010851244429469515,True
AT5G62680,-0.1925895202311015,0.04729329718643682,-4.0722371179130645,0.0003461117241278596,0.01087794133739982,True
AT5G14270,0.08734020005941347,0.021452635445754212,4.071303979423161,0.00034698141857399903,0.01088629938066877,True
AT3G06868,0.1391958571746983,0.03419013342618329,4.071228837852389,0.0003470515448354586,0.01088629938066877,True
AT5G42630,0.15094022878655725,0.0370828200049654,4.070354648496158,0.00034786841311946755,0.010901339048959142,True
AT1G51380,0.13246375861430737,0.03256738984546876,4.067374120027541,0.0003506677661891639,0.010974850337298055,True
AT2G34925,-0.09945016976174842,0.024452801915231855,-4.067025533781472,0.00035099660869358275,0.010974850337298055,True
AT2G46620,-0.15984215918604447,0.03930440311846021,-4.06677487772282,0.0003512332554014729,0.010974850337298055,True
AT5G12950,0.08836598789235181,0.021733691493446797,4.065852684022692,0.0003521052602240686,0.010981995652279536,True
AT5G47550,-0.12346442794211297,0.030366471091420582,-4.06581415306421,0.0003521417405602649,0.010981995652279536,True
AT2G19385,0.16935546597213885,0.041657371783654945,4.0654380898458085,0.0003524979851437487,0.010982504727106438,True
AT3G29200,-0.18518945594912473,0.04555642552216801,-4.065056769192976,0.00035285957246676455,0.01098282812500868,True
AT1G65840,-0.18472447620151877,0.04544860311930392,-4.0644698301642315,0.00035341685132270765,0.01098282812500868,True
AT1G13610,-0.11833577642409404,0.02911552832695229,-4.064352708810385,0.0003535281577891308,0.01098282812500868,True
AT5G53620,0.12463779978645811,0.030677926247947362,4.062784387024776,0.000355021945020972,0.01101863979028106,True
AT2G40080,-0.20263838791286165,0.04988678288881014,-4.061965438110351,0.00035580444169349014,0.01102310768784166,True
AT4G25030,-0.19389765903408382,0.04773891679594779,-4.061626698881077,0.0003561285995731273,0.01102310768784166,True
AT1G21740,0.15608352579842039,0.03842942226513514,4.0615631617242975,0.00035618943409287485,0.01102310768784166,True
AT2G01880,-0.18060249723561617,0.044487147353510746,-4.059655607955356,0.00035802062029774775,0.01106758468732045,True
AT1G79340,-0.17209040591495786,0.0423935527333337,-4.0593532464110895,0.00035831172685434987,0.01106758468732045,True
AT5G07680,-0.16823595803548863,0.041453370672801866,-4.058438561327187,0.00035919378371546145,0.011084233006745792,True
AT1G05300,-0.08004639686263723,0.019725921704822028,-4.057929361195314,0.0003596857459011195,0.011088823248396251,True
AT2G45030,0.12786636966635018,0.03153097309961048,4.0552624006370985,0.00036227327860133995,0.01115313957349604,True
AT5G42780,-0.08531358497233232,0.021039376858364905,-4.054948278490152,0.00036257924931854934,0.01115313957349604,True
AT1G70320,0.18607322839865376,0.04589059208705705,4.054714047830595,0.00036280756729531515,0.01115313957349604,True
AT2G29330,-0.18032762800714414,0.04449226769724757,-4.053010496884603,0.0003644723792267574,0.011193667395852952,True
AT4G10360,-0.16898852234937153,0.041703358443094925,-4.052156196963364,0.0003653100813897284,0.011208740189573347,True
AT4G37700,-0.185448810018284,0.0457826408784208,-4.050635927943892,0.00036680550417262454,0.011237665414045646,True
AT2G02160,0.17244428261076844,0.04257367443026512,4.050490941138495,0.00036694843578625634,0.011237665414045646,True
AT4G37750,-0.1843659183066308,0.04552484382919604,-4.049786947064562,0.00036764323053475775,0.011240986364571267,True
AT2G25090,-0.12038284009678665,0.029726535226442728,-4.049676128743796,0.0003677527186651345,0.011240986364571267,True
AT3G55515,-0.10607473496390155,0.026208919116831677,-4.047276215056847,0.00037013171536721436,0.01130301095633207,True
AT2G02130,-0.20919334977074322,0.05173581695322105,-4.043491764320519,0.0003739139947539065,0.011407224974451464,True
AT5G19340,0.15539355662671045,0.03843371890523404,4.0431569219170305,0.0003742504711665032,0.011407224974451464,True
AT3G17160,0.1796679722714516,0.044488183492440894,4.038554918790502,0.00037890523722422704,0.011538218010817673,True
AT1G57790,-0.11556525203775393,0.028627629764487524,-4.036843182215254,0.0003806510979590724,0.011572886525399442,True
AT4G18590,0.1359357922633479,0.03367701646244547,4.03645591392976,0.00038104718340192844,0.011572886525399442,True
AT4G33160,-0.12531396786234694,0.031046078063499377,-4.036386419116737,0.0003811183033527811,0.011572886525399442,True
AT5G15810,0.1585808482181712,0.03929650171806939,4.035495305813755,0.0003820314138613852,0.01158972108023239,True
AT3G09490,-0.1282299947388275,0.031778615215716885,-4.035103287804946,0.0003824337904187479,0.011591044403976855,True
AT1G10130,0.16314852240198913,0.040461509583432496,4.032190693863594,0.0003854364341770168,0.01166911565012319,True
AT3G23900,0.11948686547914497,0.029636445424855152,4.031754273032187,0.000385888341913079,0.01166911565012319,True
AT1G17235,0.1272065656276907,0.031552717145951335,4.031556618064924,0.00038609318239443165,0.01166911565012319,True
AT4G36750,-0.1358083264837884,0.03370614541549131,-4.029185918760413,0.00038855841897205687,0.01172879393808203,True
AT2G03440,-0.13765709406868504,0.03416905214911925,-4.028706838806277,0.000389058481318087,0.01172879393808203,True
AT5G48800,-0.14051688524952022,0.03488144100306095,-4.028413999214925,0.0003893644582534971,0.01172879393808203,True
AT1G14650,0.15149030426019747,0.037606833078628006,4.028265393777322,0.00038951982096511865,0.01172879393808203,True
AT1G80270,0.17341322225903338,0.04305322519200327,4.027879943620188,0.0003899230823612956,0.011730004532598788,True
AT4G01660,-0.1169228059247706,0.02903934070789333,-4.026358831658641,0.00039151849622573004,0.01175637354876851,True
AT2G20060,0.20451062796669417,0.050793052878876435,4.026350384064925,0.00039152737436859447,0.01175637354876851,True
AT1G08670,-0.16120740200373176,0.04007607773855623,-4.022534417050449,0.00039555815027013814,0.01185731767831888,True
AT5G38840,0.14056773131750466,0.034945598043941976,4.022473192210053,0.0003956231532151336,0.01185731767831888,True
AT4G31920,-0.14599638978576995,0.03632619521138594,-4.019038848858286,0.00039928630227390615,0.011948759379709045,True
AT3G60360,0.21577020568299976,0.05368860587987828,4.018919883406161,0.0003994137896587876,0.011948759379709045,True
AT2G29320,-0.09919862730107787,0.024687028845505995,-4.018248932339053,0.00040013355352269377,0.011959218298579752,True
AT1G25350,0.14585357303574442,0.036307290253252196,4.017197979204182,0.0004012635304718344,0.011981907029588259,True
AT3G03990,-0.14154576417275958,0.035240665220212665,-4.016546319096567,0.00040196576654718397,0.01199179312222804,True
AT1G70560,0.11263907750751277,0.028053963108682266,4.015086106413704,0.00040354369993463626,0.012027761440210484,True
AT2G41960,0.16137323149150587,0.0401985957483286,4.014399719378644,0.000404287526304066,0.012038825518302368,True
AT3G19450,-0.21168084577430385,0.052746953864183696,-4.013138774219143,0.0004056575078516853,0.012068497625396041,True
AT5G02120,-0.17304627008736367,0.043127416187748915,-4.012442325179695,0.00040641613660957873,0.012079943843347634,True
AT2G17480,-0.1377931778309181,0.034346658504991336,-4.0118364879918,0.00040707719836527553,0.012088471692999711,True
AT3G01205,-0.34123404451491707,0.08512518285982545,-4.008614525701787,0.00041061066327804046,0.012182203783149869,True
AT5G05790,-0.1658602898004276,0.04137974909281487,-4.008247837085784,0.00041101471059552206,0.012183003930853874,True
AT2G04030,0.17141504537073587,0.04280208891273416,4.0048289633765455,0.00041480077095218723,0.012283957936474993,True
AT5G26080,-0.2840282483758499,0.07093225319358928,-4.004218611252572,0.0004154802734565855,0.012292813328854232,True
AT3G45650,-0.19839951604654657,0.04956841589821345,-4.002538964609061,0.0004173558731667903,0.0123309563843913,True
AT1G77580,0.13524404549170055,0.033790897917324994,4.002380931770366,0.00041753277057550783,0.0123309563843913,True
AT1G76020,-0.14748527492346147,0.0368531893919474,-4.001967736222247,0.00041799563824738864,0.012333352580945095,True
AT3G26700,-0.13908532646049732,0.03475812047444487,-4.001520351560917,0.0004184973739888445,0.012336890197267863,True
AT4G27310,-0.09115618846498214,0.02278623741445745,-4.000493227861534,0.0004196515206733592,0.01235963626384281,True
AT1G13930,-0.21774966202723692,0.05446931693821685,-3.997657291612905,0.00042285444815037576,0.012442626926494072,True
AT4G18610,-0.17374495795577147,0.0434963805148996,-3.994469330528674,0.0004264836564446856,0.012534997814031713,True
AT5G56230,-0.10159243787122388,0.025434867140034435,-3.994219325459639,0.00042676955632903787,0.012534997814031713,True
AT1G69640,-0.18027229893372307,0.04513850823998138,-3.993758455093274,0.0004272970907071715,0.012537423343548642,True
AT4G12520,-0.2525762207362442,0.063247315183957,-3.9934694461198474,0.00042762823128510955,0.012537423343548642,True
AT3G47650,-0.09825634207454478,0.024608284955833504,-3.9928155192811468,0.00042837841882383123,0.012548031127632968,True
AT1G49740,-0.14232980808448353,0.035676216912050446,-3.9894871262655776,0.000432216862371536,0.0126489987376467,True
AT5G27807,-0.09906137664936585,0.02484553378042907,-3.9870898940958512,0.0004350023773060921,0.012718997111658399,True
AT3G27280,0.1752655954265257,0.04397063297846587,3.985969351688889,0.00043631046016389286,0.012745709455185546,True
AT2G31970,0.14973480216033513,0.03757417777056693,3.985045343497237,0.0004373920237775852,0.012748255062388093,True
AT5G01750,-0.16414326346276908,0.04119019691728968,-3.985007981204129,0.00043743581221756774,0.012748255062388093,True
AT3G13460,0.164801024794001,0.041356544089908326,3.9848838538279883,0.00043758131988574066,0.012748255062388093,True
AT5G04600,0.1956273416953186,0.04909846844252693,3.984387861798858,0.0004381632189590428,0.01275370760481776,True
AT4G35320,-0.1461183657989844,0.03669482464852496,-3.981988392056753,0.00044098904014891216,0.012824405848938977,True
AT1G31200,-0.10859376987927366,0.027276615869414274,-3.981203914707091,0.00044191678748298495,0.012839828675168849,True
AT1G18070,0.13961716500246335,0.03507499171409951,3.9805330858093915,0.0004427116519899126,0.012851366364907534,True
AT3G57150,0.2322650329312866,0.058368553464001445,3.9792836921088868,0.0004441958047093428,0.012862941582249359,True
AT4G00930,0.17542658570067904,0.044084981859158254,3.979282247662664,0.0004441975233913841,0.012862941582249359,True
AT1G27470,0.15131862425965698,0.03802747379925404,3.9791921245798165,0.0004443047697480666,0.012862941582249359,True
AT4G05105,0.09198881358794539,0.02312576043457609,3.977763838217829,0.00044600783009233336,0.012900686644989435,True
AT2G15760,-0.09362344792936264,0.02354070257720544,-3.9770880933697628,0.00044681580891822964,0.012912497290106514,True
AT1G79620,-0.12849195076664793,0.03231528904806401,-3.9761968576402325,0.0004478836472558286,0.0129208701440334,True
AT4G13000,-0.08960673213362745,0.022535891307848183,-3.9761787501354195,0.00044790536882346744,0.0129208701440334,True
AT3G62460,0.1455340996538318,0.03661422639999935,3.9747965193615116,0.0004495665372721554,0.012957221456490694,True
AT2G12462,-0.15476388139805836,0.03895256796763591,-3.9731368038853128,0.0004515691882779849,0.012997916004133045,True
AT2G16650,0.09816005877325293,0.02470715678265929,3.9729402956695745,0.00045180687926475206,0.012997916004133045,True
AT2G47360,-0.14820842009670857,0.037307932563426106,-3.972571244593729,0.0004522536057002451,0.012997916004133045,True
AT2G36490,0.13647741558966836,0.03435731707127298,3.9722954882231063,0.0004525876846900144,0.012997916004133045,True
AT1G63660,0.14400604593186245,0.03626127100563261,3.97134578954757,0.0004537401019050166,0.0129992013896734,True
AT1G77690,-0.2014747858459699,0.050733611512003826,-3.971228931697479,0.0004538821027956495,0.0129992013896734,True
AT1G63250,0.10060679312717968,0.02533427118753245,3.9711737662574045,0.00045394915275915156,0.0129992013896734,True
AT5G52790,-0.1713663270347982,0.04315517876137193,-3.9709330827332288,0.0004542418016324017,0.0129992013896734,True
AT1G24764,0.16106297577925083,0.0405685535633519,3.9701434148430925,0.0004552032671310938,0.01301518792720222,True
AT5G20270,-0.11176441691712367,0.02816244753369056,-3.968561922163214,0.00045713484070698904,0.013058859034838293,True
AT1G08160,-0.2469503500721264,0.06224336514942072,-3.967496768198509,0.00045844031448886746,0.013078890711075375,True
AT3G50370,0.19695697305843898,0.049647215880787875,3.9671302723473763,0.00045889034551863117,0.013078890711075375,True
AT2G18110,0.15336081024663292,0.03866114370906525,3.9667944487289684,0.000459303094279408,0.013078890711075375,True
AT1G72610,-0.15714992814996553,0.03961758873025468,-3.96667069315996,0.0004594552897666455,0.013078890711075375,True
AT1G74470,-0.17744542738755364,0.044742196797760224,-3.965952503173391,0.00046033950360506876,0.013092525547514233,True
AT4G18130,0.09369432612913363,0.02363223716282416,3.964682881421148,0.0004619067155432769,0.013125544478881033,True
AT2G04805,-0.1941064676280183,0.04896301851056671,-3.96434847222763,0.00046232037926999015,0.013125754950645089,True
AT2G30320,0.07853420030402053,0.019813162596495626,3.9637387479932635,0.0004630755443100639,0.013135652116869055,True
AT4G11190,-0.34833460170376446,0.08791338253144003,-3.962247745150646,0.0004649273128034495,0.013165564594558914,True
AT5G62480,-0.25686690809774565,0.06482881636240964,-3.9622335021789388,0.00046494503706062456,0.013165564594558914,True
AT1G33680,0.1898947429807523,0.047944709929082945,3.9607027190618873,0.0004668538506999556,0.013206964565787193,True
AT5G41070,0.15800829190303162,0.039896992500999186,3.9604060857237404,0.0004672246277722852,0.013206964565787193,True
AT3G62690,-0.1415230290454381,0.035741065833895816,-3.959675676801492,0.0004681388365178876,0.013221239221203173,True
AT1G05450,-0.08995004693103839,0.022723284434638245,-3.9584967212716404,0.0004696181725123299,0.013241960184317676,True
AT5G58320,-0.1563262231382679,0.03949189838473371,-3.958437794388192,0.00046969223347141843,0.013241960184317676,True
AT2G43290,-0.16795385329778917,0.042436064836213684,-3.957809329070077,0.0004704828203418767,0.013252684779795725,True
AT3G45590,0.11485949182116774,0.029023916892117557,3.957408376274733,0.00047098788745286626,0.013255355100796739,True
AT4G34920,-0.20986984637853662,0.05305201821477122,-3.9559257770160148,0.0004728600991002612,0.013292929414193563,True
AT5G54020,-0.13690443020063944,0.034609406644154045,-3.9557000097765123,0.000473145836340419,0.013292929414193563,True
AT1G01180,-0.0846762356337631,0.02141840136719542,-3.9534339739964834,0.00047602320394356197,0.013362149171340177,True
AT1G75030,-0.10041693859968731,0.025402973922777967,-3.9529599528363457,0.0004766272767609724,0.013364234444903237,True
AT4G02230,0.1808762224252005,0.04575986020821167,3.9527267260476027,0.00047692476755620516,0.013364234444903237,True
AT1G70890,-0.28292585352090033,0.07158851220672094,-3.9521124940258003,0.0004777091197943252,0.013374613476113392,True
AT3G52500,-0.1542134360339329,0.03902770764370956,-3.9513833977074193,0.00047864179420810133,0.013389123574951988,True
AT1G02290,-0.13867582600486822,0.035101638541726904,-3.9506938070716555,0.00047952557776141994,0.013402242121015326,True
AT5G13580,-0.17637198452111164,0.044672257354581815,-3.948132352506293,0.0004828224083579394,0.013482721859668681,True
AT1G51680,-0.2407580201700304,0.06100257702581395,-3.9466860566915205,0.00048469374804784444,0.013523290419410885,True
AT1G15940,0.10592544960858634,0.026851011260330526,3.944933342792931,0.0004869711052959255,0.01357510736928909,True
AT3G62570,0.10460006777304384,0.02652087061673073,3.9440661388791938,0.00048810177345078666,0.013594896722777127,True
AT3G43590,0.14772407105634283,0.03746355921369591,3.943140325074558,0.0004893117028570654,0.013616857715425432,True
AT3G26400,0.09986352458533135,0.02533108966985137,3.942330388739147,0.000490372608977459,0.013634637369580658,True
AT1G51035,-0.09617130980976293,0.024399570348004673,-3.941516528287046,0.0004914409301689162,0.013652592444391671,True
AT1G09640,0.14805860674950852,0.037572845284208616,3.9405747855815343,0.00049267996953428,0.013675255271205371,True
AT2G21500,0.10018431608606088,0.025438781512826844,3.9382513677215845,0.0004957499958057423,0.01374865803818689,True
AT2G43660,0.08919184235281466,0.022657141058697854,3.936588562596903,0.0004979586511179756,0.013798066945943974,True
AT1G64550,0.12525669723697685,0.0318366492206716,3.9343555400185592,0.0005009399139766855,0.013868781217371664,True
AT5G47950,-0.16515180855375133,0.04198350239092685,-3.9337310883677645,0.0005017767372249741,0.013871912591982569,True
AT4G14940,-0.08658604164320167,0.02201461578374304,-3.9331161848912295,0.0005026021060380915,0.013871912591982569,True
AT5G09300,0.09108078793722033,0.023157768540843195,3.9330554572467453,0.0005026836914405842,0.013871912591982569,True
AT1G56300,0.1762100260174342,0.044803059583222386,3.9329909085811723,0.0005027704245012717,0.013871912591982569,True
AT4G00520,-0.10100145844776838,0.025686496080007507,-3.932083929749396,0.0005039906727556791,0.013893715568313342,True
AT5G61430,-0.13235058783827408,0.03367405010505644,-3.930343615495201,0.0005063402364326238,0.013946587126088357,True
AT2G20340,-0.14862841209327085,0.03782826680279522,-3.929030448793608,0.0005081202311392218,0.013974643063308964,True
AT1G03760,0.0752469847966761,0.019152755552747057,3.9287811401051123,0.0005084588616423679,0.013974643063308964,True
AT5G26260,0.3169729954907165,0.08068271384134719,3.9286357684250137,0.0005086564190303427,0.013974643063308964,True
AT5G13630,-0.13647179081998623,0.03474551565856372,-3.9277526389610524,0.000509858195643055,0.01398818823537386,True
AT4G12360,0.07035662169146113,0.017913217578852055,3.927637309252727,0.0005100153437515989,0.01398818823537386,True
AT3G56150,0.20578549526099238,0.0524017432919217,3.927073458502982,0.000510784330731164,0.013997396897025598,True
AT1G36060,0.2881332102700686,0.07338752015310436,3.9261881266590297,0.0005119940547569912,0.014018657555206468,True
AT5G45720,0.09891869511364063,0.025213667626759168,3.923217224005071,0.0005160741059014679,0.01409496986414106,True
AT1G22230,-0.11367636519297519,0.028978819369128505,-3.9227396998124786,0.000516732877730551,0.01409496986414106,True
AT4G35420,-0.13280724455401371,0.03385934565281888,-3.9223216513328323,0.0005173102769201567,0.01409496986414106,True
AT3G27550,0.1153764188234297,0.029416164922388664,3.922211448291705,0.0005174625923251517,0.01409496986414106,True
AT5G24970,0.09643377995456408,0.024587616962262353,3.9220466181237854,0.0005176904919104026,0.01409496986414106,True
AT2G34470,0.13508110738379814,0.03444243098050293,3.9219388277286362,0.0005178395797091245,0.01409496986414106,True
AT5G02260,0.1317828012049634,0.033602404003577786,3.921826580947362,0.0005179948760431663,0.01409496986414106,True
AT3G10985,0.14074698604056354,0.03589113272401907,3.921497466319106,0.000518450478201346,0.01409496986414106,True
AT3G23370,0.08265082879641825,0.021077340868245857,3.9213119583284883,0.0005187074551506924,0.01409496986414106,True
AT2G45970,-0.11310838412545074,0.028849062337775972,-3.920695334951759,0.0005195625380281818,0.014096700112430274,True
AT5G52060,-0.19035292566698947,0.04855153236275935,-3.9206368244928256,0.0005196437473739347,0.014096700112430274,True
AT1G68580,0.11244012832918016,0.028683016948056063,3.9200941983475897,0.000520397476770384,0.014105303755850956,True
AT2G23560,-0.14305272449636325,0.0364989047746879,-3.919370331231712,0.000521404627653082,0.014120756173380912,True
AT2G45680,-0.10244901324976109,0.026153002143285444,-3.9172945686491287,0.0005243033547788585,0.014187367746691909,True
AT5G10970,-0.11426596235012902,0.02917506294059836,-3.916562668014779,0.000525329193853301,0.014203230898917407,True
AT3G03000,-0.13557766433160084,0.03462015086897081,-3.9161488592216327,0.0005259100636426898,0.014207047028621795,True
AT3G23880,0.20567955059930487,0.052534361478459655,3.9151432474084302,0.0005273242846163408,0.014233350302146496,True
AT5G12420,-0.2495592620242608,0.06375693557360161,-3.9142292486151127,0.0005286129044394658,0.014256222311798584,True
AT5G65340,-0.10161524875163824,0.025963093656720802,-3.9138343871949997,0.0005291705632026331,0.014259359238126667,True
AT1G14710,0.1082245224570864,0.027670826286276172,3.911141696218961,0.0005329888437237848,0.014350280459893137,True
AT2G43710,0.1380409285575947,0.03533497506861481,3.906637213965526,0.0005394367949201779,0.014511793011720255,True
AT5G44020,-0.2659410240540655,0.06809312308044793,-3.905548930981946,0.0005410060623748548,0.014531010600194946,True
AT1G50660,0.1678815427807857,0.0429857296012366,3.9055180483886947,0.0005410506593220007,0.014531010600194946,True
AT5G24010,-0.12558982957017592,0.03216201404098115,-3.9049118444556408,0.0005419267971106727,0.014542452564658408,True
AT4G39800,0.2067913707792886,0.052970854800500074,3.903870752286527,0.0005434347214323173,0.014561399185867376,True
AT1G55940,-0.11190042748510765,0.028664472013996453,-3.9038021502879334,0.0005435342294145921,0.014561399185867376,True
AT1G65440,0.1625182126188639,0.04164093712944684,3.9028471456742837,0.0005449213323090522,0.014586465058469899,True
AT4G28650,0.1453244284269311,0.03725069343672094,3.9012543128572577,0.0005472425828246375,0.014636474013643389,True
AT2G24830,0.10760401928048181,0.027584797941196806,3.900844933135416,0.0005478407409338945,0.014637975275760794,True
AT5G59540,0.22788496968987423,0.05842569392139068,3.9004238442847408,0.0005484566767480318,0.014637975275760794,True
AT1G30700,-0.13752707989426144,0.035262871158571296,-3.9000533812412757,0.0005489991227478589,0.014637975275760794,True
AT4G23800,0.22939741166796213,0.058820195337974,3.8999770461466725,0.0005491109608536965,0.014637975275760794,True
AT2G07721,0.06287724348689336,0.016127764911130996,3.898695438169302,0.0005509919779881333,0.01467600974181253,True
AT1G32200,0.09386847828984707,0.024083363725915678,3.897648159041707,0.0005525337617979786,0.01470495330307322,True
AT4G36680,0.11354030893143441,0.029138016614470175,3.896638210956657,0.0005540245952728636,0.014725508662438857,True
AT3G50630,-0.13842697665040019,0.035530069731823405,-3.8960513642452708,0.0005548926798259948,0.014725508662438857,True
AT1G71140,0.10362436919158458,0.026599721371089097,3.8956937836278467,0.0005554222797623542,0.014725508662438857,True
AT4G32420,0.13145521286680048,0.033753679422840216,3.894544687114858,0.0005571275242887035,0.014725508662438857,True
AT3G53780,-0.14640754245004628,0.03759394174274626,-3.89444510639259,0.0005572755423475538,0.014725508662438857,True
AT1G80070,0.2266725627459813,0.058209364685607425,3.8940909932663685,0.0005578022131328003,0.014725508662438857,True
AT4G28840,0.17268747281015243,0.04434630756068181,3.89406654824313,0.0005578385881082496,0.014725508662438857,True
AT1G62740,0.15786129402094978,0.04054069831647309,3.8938967648913256,0.0005580912953599582,0.014725508662438857,True
AT1G54010,0.2125531347263323,0.05458725377884402,3.89382355792205,0.0005582002919902111,0.014725508662438857,True
AT4G00430,-0.1718762461912392,0.04414349166608638,-3.893580677563044,0.0005585620620457173,0.014725508662438857,True
AT2G35605,0.21084700220936486,0.054153174508392125,3.8935298645638934,0.0005586377770391189,0.014725508662438857,True
AT2G25000,-0.12333847662966096,0.03167855537030833,-3.8934375380407538,0.0005587753759060955,0.014725508662438857,True
AT1G63810,0.11719006633163961,0.030108327413836976,3.8922808537608176,0.000560502060060092,0.014758973967792594,True
AT1G14345,-0.1260233468161095,0.032386335260120656,-3.891250609367032,0.0005620444016079574,0.014787534667387211,True
AT1G64790,0.20556634961345305,0.05283590351045826,3.8906564656884033,0.0005629357640732004,0.014798935395802303,True
AT1G14620,0.17494250071564266,0.0449706632593382,3.890147221240187,0.0005637008599162444,0.014801896472696597,True
AT4G24210,-0.10849141907221964,0.027890027233532656,-3.8899717868248818,0.0005639646710789411,0.014801896472696597,True
AT4G23493,-0.1422378397909283,0.03657146276853483,-3.8893122949762393,0.0005649574716907777,0.014815917981215372,True
AT2G43390,-0.12637408127844718,0.03252148884645681,-3.885863955217276,0.0005701765856200236,0.014925408059522891,True
AT1G27510,0.11585283275713962,0.029813959377154798,3.8858586775265027,0.0005701846096065198,0.014925408059522891,True
AT4G00620,0.13412123247934185,0.03451716068484551,3.885639195642958,0.0005705183990068022,0.014925408059522891,True
AT5G46900,-0.2833340325564634,0.07293305303286207,-3.8848508429888318,0.0005717189114214967,0.014934385030891329,True
AT1G68790,0.278043682247433,0.07157385989937759,3.8847099016082387,0.0005719337994146627,0.014934385030891329,True
AT3G10260,-0.13524861521797682,0.034817475747431305,-3.884503753203732,0.0005722482487308015,0.014934385030891329,True
AT1G02740,-0.07872072971467432,0.020270911396180993,-3.883433170622273,0.0005738839943592638,0.014963480969867278,True
AT4G27410,-0.133036717237549,0.034263515533604585,-3.882751526388784,0.0005749278680218164,0.014963480969867278,True
AT1G69490,0.1049479981858081,0.02702993958174442,3.8826575201332774,0.0005750719757114657,0.014963480969867278,True
AT4G21350,-0.11916289280542741,0.030691805445533422,-3.8825638008457135,0.0005752156787450915,0.014963480969867278,True
AT2G28290,0.23714383988379992,0.06109386650523312,3.8816308976529887,0.0005766480525030752,0.0149886741177167,True
AT1G67740,-0.10636239464081351,0.027409557656156516,-3.8804856311471063,0.0005784112700378836,0.01501900945091321,True
AT1G20990,-0.08997061588049897,0.023186910207636517,-3.8802330743864055,0.0005788008095310647,0.01501900945091321,True
AT4G38060,-0.21412211217269037,0.05518656426822423,-3.8799681591336053,0.0005792096869552712,0.01501900945091321,True
AT2G28690,-0.1456175555328143,0.03753646911156438,-3.8793620971651777,0.0005801461648091408,0.015022155495212384,True
AT1G02570,-0.12163224649175647,0.0313558274379118,-3.8790954163975586,0.0005805587060793772,0.015022155495212384,True
AT2G07658,0.0918631710676358,0.02368333661671767,3.8788103447717384,0.000581000015091707,0.015022155495212384,True
AT5G63320,0.16026002245001814,0.04131810999886036,3.87868715327101,0.0005811908251266049,0.015022155495212384,True
AT1G16800,0.11266140638319616,0.029061931071066825,3.876597398421278,0.0005844370006716105,0.015093984855874551,True
AT1G13350,0.11937065133370572,0.030796507355622837,3.8761100392090726,0.0005851966051527675,0.015101531242716265,True
AT2G30130,0.11233115862685021,0.028985509931659634,3.8754246135982475,0.0005862665565416876,0.015109020318713345,True
AT1G26820,-0.15308249730186368,0.039501846767518146,-3.875325075377018,0.0005864220953810559,0.015109020318713345,True
AT3G06960,0.1218385746416602,0.03144770577240767,3.874323154872614,0.0005879899551013482,0.015137344589139009,True
AT2G37230,0.14239442816980574,0.03675686469007389,3.873954684939683,0.0005885675897737752,0.015140151479300083,True
AT3G57020,-0.23330556022738552,0.060233156990852924,-3.8733742656526466,0.0005894786168783694,0.015151523176390801,True
AT1G19220,0.09390160622601915,0.024250747785229208,3.8721117821864985,0.0005914649889878847,0.015190494697304904,True
AT1G35780,-0.11826392275951066,0.030545044889257834,-3.871787492481376,0.0005919762796393168,0.01519155013412763,True
AT2G17770,-0.08458851418811927,0.021850189913749533,-3.871294232316525,0.0005927548079548979,0.015199456420805392,True
AT1G19050,-0.16383260664564706,0.042324599395944046,-3.870860184948309,0.0005934407088689579,0.015204976893613924,True
AT3G51240,-0.19342041745485872,0.04999986850097551,-3.868418522962416,0.0005973136529764158,0.015292081469108574,True
AT2G36930,0.17822136185092238,0.046080440168869356,3.8676141373172843,0.0005985949797311202,0.015303047630194255,True
AT1G14850,0.14313756899363406,0.03700983412208738,3.8675549996104928,0.0005986892879558494,0.015303047630194255,True
AT3G01860,-0.13796619966245624,0.035679843303587186,-3.866782667416742,0.0005999222811934699,0.015322441883857564,True
AT2G36400,0.16885441216214336,0.04368451826963541,3.8653147350719914,0.0006022726326398426,0.015370321080537657,True
AT1G62370,-0.14620992281035755,0.037832160591391516,-3.864699253883659,0.0006032607814266597,0.01538338799298654,True
AT5G19520,0.16916292179693107,0.043799092390450836,3.862247196560911,0.0006072133329396471,0.015471968118254777,True
AT2G47020,0.19622245856253584,0.05081054735209288,3.861845006368613,0.000607864054658413,0.015476343374277907,True
AT1G08890,-0.15294988927246858,0.039608589553139055,-3.861533344106342,0.0006083687770532393,0.015476997494341031,True
AT1G15085,-0.19214293671263394,0.049767480305854976,-3.8608130355763453,0.000609536854822281,0.015494513172661746,True
AT1G60900,0.15944090325100413,0.041312997865059244,3.8593399532947568,0.0006119325042690876,0.015542074463737858,True
AT5G62460,-0.12623830920965318,0.03271209322885833,-3.8590715771831685,0.0006123699524076355,0.015542074463737858,True
AT3G15020,-0.15907573935443003,0.04122733541384844,-3.8585015926349637,0.0006133000335036699,0.015553462152645267,True
AT3G04950,0.09498364875013818,0.02462058693408367,3.8578953866711823,0.0006142907384005635,0.015566368209399066,True
AT3G09670,0.08240878162395032,0.021365344968707508,3.85712384914212,0.0006155539081090423,0.01558533862768967,True
AT2G01275,-0.0919057059286621,0.023829608144114663,-3.8567862875815093,0.0006161073676355259,0.01558533862768967,True
AT5G09760,-0.15850808507155195,0.04110247470170283,-3.856412204420994,0.00061672127687124,0.01558533862768967,True
AT3G25150,0.13747441579939823,0.03564966188411508,3.856261421111953,0.0006169688973603357,0.01558533862768967,True
AT3G21070,-0.14697087396719621,0.03811763123740702,-3.855718972981859,0.0006178605264526996,0.015595668554031461,True
AT5G22740,-0.11840583973960064,0.03071355604753437,-3.855165437579022,0.0006187716813322357,0.015606474826044657,True
AT2G01610,-0.19700577901095195,0.05115345473019578,-3.851270262195211,0.0006252207226008142,0.015756830207885885,True
AT3G21720,0.6429089862746511,0.16698230749760237,3.8501623070688633,0.0006270671051028585,0.01579104528352943,True
AT2G34350,-0.09687469436387519,0.02516765812490117,-3.8491739629928565,0.0006287186656587262,0.015820304804336282,True
AT2G15000,0.1726027133047854,0.04485301333116605,3.848185450337462,0.0006303747700942916,0.01584963303266651,True
AT5G09460,-0.15775612253186683,0.04099805879263269,-3.847892489978463,0.0006308664015543917,0.01584965985056053,True
AT1G55870,0.08020654544160097,0.020855238924693327,3.845870370088814,0.0006342700808272575,0.015918501696135665,True
AT5G27540,0.13222105765293718,0.03438171332611086,3.8456797192978502,0.0006345919150893786,0.015918501696135665,True
AT2G38440,0.08797082398761069,0.022879862681089925,3.844901746736359,0.0006359068559322485,0.015939111410640045,True
AT3G07690,-0.10786354045780426,0.028062612456681027,-3.8436742346888866,0.0006379870447695569,0.01597885537167412,True
AT1G28130,-0.14783052039913352,0.03846985312510371,-3.8427627971021785,0.0006395359121683905,0.01599375376914726,True
AT1G72970,0.13869564050301098,0.03609288736574955,3.842741621016073,0.0006395719418656802,0.01599375376914726,True
AT1G54095,-0.09462164017213458,0.024627767121851725,-3.8420714189788927,0.0006407132736594708,0.015996824574529493,True
AT4G02530,-0.12587173880593755,0.032768036940201,-3.841296292348645,0.0006420357765081597,0.015996824574529493,True
AT4G03190,0.18849717295836296,0.04907329948970381,3.8411350962433657,0.0006423111411547138,0.015996824574529493,True
AT4G36240,-0.1312127799297924,0.03416034551237028,-3.84108468347538,0.0006423972829458692,0.015996824574529493,True
AT3G10525,0.1289251216510515,0.03357064226576316,3.8404127222354365,0.000643546564175273,0.015996824574529493,True
AT3G20540,0.1030279296664181,0.02682799399338298,3.840314325842981,0.0006437150242663372,0.015996824574529493,True
AT1G09560,-0.23264671587358987,0.060584640512837074,-3.840027998916576,0.0006442054776111415,0.015996824574529493,True
AT4G38410,0.24243046998097664,0.06313651518687773,3.8397822442909124,0.0006446267259597673,0.015996824574529493,True
AT2G28315,-0.16097347640406393,0.041925986167834293,-3.839467860330573,0.0006451660052768797,0.015996824574529493,True
AT2G37860,0.17362141136446785,0.04522223220293939,3.8392932614498996,0.0006454656947174148,0.015996824574529493,True
AT4G29840,0.1757929533095149,0.045790848558318886,3.839041180589311,0.0006458986182807752,0.015996824574529493,True
AT1G68350,-0.1372719258227703,0.03575721844186818,-3.838998999487007,0.0006459710878572379,0.015996824574529493,True
AT4G38770,-0.22168703426205782,0.05774825725256975,-3.83885237077337,0.0006462230664391944,0.015996824574529493,True
AT3G06755,-0.09028681300944852,0.023520657258593352,-3.8386177740191307,0.0006466264166125698,0.015996824574529493,True
AT4G00940,-0.11501615908004545,0.02996836514603828,-3.8379190362758315,0.0006478292415788013,0.016013669991722476,True
AT1G04770,-0.1687074739671524,0.04396117902335854,-3.83764670819021,0.000648298627291869,0.016013669991722476,True
ATMG00630,0.06347519722213238,0.016541394255867616,3.8373547138939785,0.0006488022797797812,0.01601386772910997,True
AT1G72430,-0.24158304785200155,0.06296613976289932,-3.8367136489816427,0.0006499093785887685,0.01601446980490519,True
AT3G58050,0.10979527245163231,0.0286193199421754,3.8364039632482823,0.0006504448585771702,0.01601446980490519,True
AT1G27730,0.1457186399389761,0.037984465007479845,3.836269377764868,0.0006506777060408064,0.01601446980490519,True
AT4G30610,0.11343166014147857,0.029568807092252448,3.8361933164087527,0.0006508093365266802,0.01601446980490519,True
AT4G22120,-0.15540787119595642,0.04051809330782462,-3.8355178763050275,0.0006519793862297295,0.01602280912101504,True
AT1G76520,0.12968332076280284,0.03381198014189934,3.835425201912415,0.000652140084624556,0.01602280912101504,True
AT2G27035,-0.12411500656394855,0.03237469872802639,-3.8337038317055807,0.0006551320201389756,0.016074024639639067,True
AT2G30840,-0.14800720797232003,0.03860799586283252,-3.8335895107884865,0.0006553311980920926,0.016074024639639067,True
AT2G29540,0.19045466795074417,0.04968695178348972,3.833092212632565,0.0006561983162030276,0.016074024639639067,True
AT4G38220,-0.16072908997702146,0.041932067671714486,-3.8330828623898787,0.0006562146305885027,0.016074024639639067,True
AT4G39840,0.2240911476356047,0.0584680485360622,3.832711254205597,0.0006568633374802686,0.016077725432310605,True
AT2G07706,0.123911483030248,0.032333046377997735,3.8323479198844788,0.0006574982080305266,0.01608108221291316,True
AT3G07940,-0.133925078210733,0.03495543688632931,-3.8313089504857434,0.0006593169639426111,0.016113367464464314,True
AT4G36530,-0.10223075858991582,0.026698183424041927,-3.8291278835793827,0.0006631510456186052,0.016194820206267207,True
AT2G05440,-0.23098162647753323,0.06033037264261313,-3.828612626774728,0.0006640599948181483,0.01620476916357972,True
AT1G62200,-0.13695340661266925,0.03577617559242909,-3.828061673580648,0.0006650332644900216,0.016216271503704232,True
AT5G13520,0.14387598296516077,0.03760236191420459,3.826248555700712,0.0006682460440089637,0.016271055397942498,True
AT2G40030,0.11171645332329203,0.02919756202615236,3.826225395915837,0.0006682871804472344,0.016271055397942498,True
AT3G07340,-0.10422375724201821,0.02724293352940178,-3.825717121452259,0.0006691906026994216,0.01628078251702983,True
AT4G15075,-0.0706811865173258,0.01848784451267999,-3.8231166682978497,0.0006738314663942602,0.016375150976618933,True
AT5G01070,-0.07622396333481643,0.01993838306035872,-3.8229761713407995,0.0006740830975549594,0.016375150976618933,True
AT1G70290,0.1682948537084431,0.044048316358728246,3.820687545418412,0.0006781950221608881,0.01646266188654856,True
AT3G57450,0.17061267731269025,0.04465919595033412,3.8203257734964615,0.0006788472534549103,0.016466123056962982,True
AT5G03204,-0.11634334579735296,0.03045808151714099,-3.8197857515050004,0.0006798219907256192,0.016477395872733707,True
AT5G62420,-0.15795946932370541,0.041373288754842134,-3.8179094308817447,0.0006832194027118656,0.016535321088226886,True
AT5G43810,0.13116942286295338,0.03435642690995836,3.8179005985320713,0.0006832354344852175,0.016535321088226886,True
AT3G61390,-0.09024251822975879,0.02363847344951263,-3.81761192923477,0.0006837596065952102,0.01653562060590168,True
AT1G77180,0.12152568124101443,0.03183686957456083,3.817136636389628,0.0006846235116120238,0.01654412942159527,True
AT2G13370,0.12703102098306915,0.03328256651993168,3.816743546715216,0.000685338809070182,0.016549037056986928,True
AT5G49450,0.26904802867877853,0.07050601141531597,3.8159587144130156,0.0006867691417420736,0.0165711905903993,True
AT5G05680,0.1260059573457646,0.03303138079212727,3.8147347862550447,0.0006890055462054024,0.016612746412201753,True
AT5G23810,-0.11150400096143827,0.029236209889470077,-3.8139006862718667,0.0006905337254247293,0.016625720237901195,True
AT5G13760,0.08233929417177174,0.02159119300217554,3.81355926759004,0.0006911602050887189,0.016625720237901195,True
AT1G61250,-0.15636657534034576,0.04100452553608153,-3.8133979919546324,0.0006914563281375067,0.016625720237901195,True
AT4G10320,0.1487687468417473,0.0390129329963229,3.8133186975654776,0.0006916019684836797,0.016625720237901195,True
AT1G71500,-0.13341594605882373,0.03499395617636899,-3.8125425255266783,0.0006930291532122184,0.01664764231311046,True
AT3G50610,-0.15979737012652412,0.04194020339863094,-3.8101238710668817,0.0006974949593104664,0.01674247001512768,True
AT1G43010,-0.0966898053901908,0.02538486785145245,-3.8089544509745594,0.000699664265943843,0.01678207332470648,True
AT2G45890,-0.14200605962902427,0.03728785158471451,-3.808373333239642,0.0007007447097565256,0.01679551990172373,True
AT1G55320,-0.19024623960497913,0.04996130110913689,-3.8078720005589894,0.0007016781248676652,0.01680356902879952,True
AT2G30820,-0.10495759617780208,0.027565039593748134,-3.8076345154826807,0.0007021207152458867,0.01680356902879952,True
AT3G23260,0.07212130770832133,0.018952622243752208,3.8053471852474843,0.000706397521575263,0.0168934104549039,True
AT5G55180,-0.19298131961035905,0.050739961027850354,-3.8033399257921126,0.0007101716499724348,0.016971106389762868,True
AT3G11385,0.11889839590978434,0.03127234343771009,3.802030255475176,0.0007126447726459777,0.01700576834730164,True
AT2G03200,-0.14914063477927902,0.03922674139594966,-3.8020143777397344,0.0007126748070892451,0.01700576834730164,True
AT1G31070,-0.18693280208030266,0.049224387762107844,-3.7975647962086096,0.0007211406567927448,0.01719330994735088,True
AT4G03070,-0.07233183325985937,0.019048098922385234,-3.7973255785046005,0.0007215985728003897,0.01719330994735088,True
AT1G52510,-0.08204680117319142,0.02160954729205527,-3.7967848222047604,0.000722634749463496,0.01720531033192048,True
AT4G15910,0.21151623711828155,0.05571858175430586,3.7961525663193294,0.000723848100122766,0.017221508296661598,True
AT5G22850,-0.14726336244177846,0.038797130884859775,-3.79572816553934,0.0007246636775521376,0.017224582721084986,True
AT5G12010,-0.10935723961794153,0.028812108205221836,-3.7955306442352557,0.0007250435637338073,0.017224582721084986,True
AT2G27980,0.09071233732220513,0.023902359853210462,3.7951205604504796,0.0007258328865008114,0.017224614569258036,True
AT2G48030,-0.15233987221321765,0.04014251165300468,-3.794976097411557,0.0007261111468423487,0.017224614569258036,True
AT5G11260,-0.19323504552752296,0.05095064244281618,-3.7925929146898967,0.0007307166502541591,0.01732114765448395,True
AT5G06860,0.17969460141522392,0.04745337853954607,3.7867609629833288,0.0007421077554049463,0.017576259274231978,True
AT4G27280,0.16054996785056705,0.0424003147861687,3.7865277335851206,0.0007425668980570939,0.017576259274231978,True
AT5G03080,-0.12982238280114847,0.034300299514028,-3.7848760693198678,0.0007458263755053157,0.017617959376080093,True
AT3G49580,0.08696806761572196,0.022977919943828133,3.784853800009934,0.0007458704183448903,0.017617959376080093,True
AT3G17360,0.13858953454714512,0.03661733964169733,3.784806212118392,0.0007459645432070807,0.017617959376080093,True
AT3G53950,-0.1251255574614955,0.03306289882132959,-3.7844702649234834,0.0007466293491569543,0.01762077986991383,True
AT3G22540,-0.14913691056923378,0.03942014229091294,-3.7832666728758246,0.0007490158975805123,0.017664200463451657,True
AT1G64600,0.10364441384839868,0.027403871405027723,3.7821084589304883,0.0007513195106101466,0.017705603259156256,True
AT2G47580,0.14836846138845605,0.03925606943378961,3.7795037437127643,0.0007565254613330578,0.017815292368957555,True
AT1G76930,-0.34617584081401265,0.09163037140422645,-3.77795959471627,0.0007596283328718023,0.01787533270703209,True
AT3G28450,-0.133953733960759,0.03546098980650235,-3.7774956280604552,0.0007605630738495365,0.017884303022565266,True
AT4G09980,0.11991368733427715,0.03175066750880987,3.776729648313839,0.0007621087340070462,0.01789315714299319,True
AT1G55525,0.08093436047578748,0.02143026998237207,3.7766374638472486,0.0007622949587259635,0.01789315714299319,True
AT3G46630,-0.09955640052256776,0.02636217922685901,-3.776485990245263,0.0007626010519019969,0.01789315714299319,True
AT4G29740,-0.1055936083074154,0.02796424031775473,-3.7760227743563317,0.0007635378501295712,0.017902136719765108,True
AT3G52430,-0.15501314841563837,0.041060041702735126,-3.7752798581622606,0.0007650426583667749,0.01792441134820314,True
AT1G12750,-0.1542802898297676,0.04087613693945272,-3.774336358112642,0.000766957937944124,0.01795626378046138,True
AT5G36710,-0.16374852385013836,0.04339833046417688,-3.7731526097600563,0.000769367546594549,0.017997292761972115,True
AT3G55340,0.17147899798859928,0.04544983971706146,3.772928552798122,0.0007698244636802583,0.017997292761972115,True
AT3G44300,0.403153622485492,0.10686799141538375,3.7724450244271894,0.000770811422393599,0.018007336403553714,True
AT2G18150,-0.3331223496675994,0.08833189040038765,-3.7712580151702206,0.0007732395469979785,0.018051009049102375,True
AT1G74450,-0.07053427283030868,0.01870622209772524,-3.7706316359242824,0.0007745238694795155,0.01806793624477521,True
AT2G42840,0.319296546694195,0.08468787609084481,3.7702745827712705,0.000775256901061909,0.018071987890627143,True
AT4G00780,-0.12049671092318626,0.03196586744473608,-3.7695429705296113,0.00077676102320533,0.018093995601111034,True
AT5G13830,0.09129517155100861,0.02422888570336887,3.7680301384357353,0.0007798803098764319,0.018153568394666884,True
ATMG00810,0.2085383912454632,0.0553627750596042,3.766761890475114,0.0007825047247170264,0.01819389395161199,True
AT3G03520,-0.1266009271771214,0.033612427503586485,-3.7664916395465022,0.0007830650759874892,0.01819389395161199,True
AT5G20540,-0.11224370645833079,0.029801502767010483,-3.766377398343206,0.0007833020671234726,0.01819389395161199,True
AT3G57300,0.12207804542855438,0.032431843584798926,3.7641414096413985,0.000787954721858578,0.018284049024917686,True
AT1G54000,0.1762395993052235,0.046824846479791314,3.763805170856995,0.0007886567013266902,0.018284049024917686,True
AT2G37170,-0.23661083484547762,0.06287466289269676,-3.763214369026244,0.0007898916233930401,0.018284049024917686,True
AT1G45332,0.09592934258101206,0.025492797859360605,3.7629978125679964,0.0007903447531891433,0.018284049024917686,True
AT5G64610,0.10333508143120895,0.02746142309874763,3.762917932535023,0.0007905119609101268,0.018284049024917686,True
AT3G62760,0.2365344765301472,0.06286478371026262,3.7625911133379617,0.0007911964306451105,0.018284049024917686,True
AT3G47600,0.09587788362624203,0.02548327049815365,3.762385351330345,0.0007916276628688939,0.018284049024917686,True
AT1G45145,-0.28036606115449225,0.0745189528705144,-3.762345689983887,0.0007917108107914155,0.018284049024917686,True
AT1G09840,-0.16653886380532568,0.04427312756700486,-3.7616241037699125,0.0007932250694805915,0.01830593483560602,True
AT1G17180,0.33895346361025025,0.09011591987253355,3.7613050401049057,0.0007938955312087418,0.01830833027681887,True
AT3G62270,-0.22623400560951878,0.06016651134405528,-3.760131683817026,0.000796365920463283,0.018347056958711774,True
AT3G29630,-0.18818258317996006,0.05004898154892238,-3.7599682821919855,0.0007967105423588664,0.018347056958711774,True
AT2G07715,0.2778859792368556,0.07391349949910335,3.7596106410876495,0.0007974653333608339,0.018348638301420743,True
AT4G02630,-0.0820394755136725,0.021822505004941414,-3.7593977178649176,0.0007979150333806724,0.018348638301420743,True
AT1G49400,0.13075531570059667,0.03478779599179998,3.7586547802976,0.0007994860809394061,0.01837168975040631,True
AT1G70620,0.13499355844005792,0.035919031448141736,3.7582739009807513,0.0008002926764017816,0.018377154287039916,True
AT1G17530,0.13340651593544764,0.035503982019469686,3.7575085482605903,0.0008019158839307887,0.018401349640568075,True
AT5G10510,0.14660385613489754,0.03902100796887514,3.7570494399282346,0.0008028911327797447,0.018410652667835894,True
AT3G12050,0.1289935814543961,0.034337797777849906,3.75660612509068,0.0008038339325998378,0.018419198956289476,True
AT5G23660,-0.18958796978520664,0.05047781411770201,-3.755867267610549,0.000805407669098284,0.018442180284122225,True
AT3G19050,0.14394123118452162,0.03833156790749424,3.755161582012395,0.0008069135617286335,0.01845090238266608,True
AT5G26310,-0.1311093575803568,0.03491627187549565,-3.754964391612776,0.0008073348463411189,0.01845090238266608,True
AT2G30910,0.22638427822345564,0.060290581925613165,3.7548862690157767,0.0008075018096842935,0.01845090238266608,True
AT1G52720,0.15335090379971794,0.0408577307977261,3.753289788875219,0.0008109212010324293,0.0185159385753758,True
AT3G25230,0.1751068626073911,0.04665957340562772,3.7528603419737023,0.0008118434161604672,0.018523904613508856,True
AT1G73120,-0.21672512303236488,0.0577628122439413,-3.7519835792810974,0.0008137294019218891,0.01855383433076522,True
AT2G01735,-0.10519193167968155,0.028040979491635382,-3.7513643812285613,0.0008150639244205322,0.018571156794148783,True
AT2G21660,0.15390426236004984,0.041043536652993304,3.7497807184904377,0.0008184868394576864,0.018600353038819323,True
AT4G23000,0.09394652632809208,0.025054877112795325,3.7496302977321068,0.0008188126870128758,0.018600353038819323,True
AT3G29680,-0.09763597757463344,0.026039224664957446,-3.749573147084831,0.0008189365222886481,0.018600353038819323,True
AT1G44970,-0.13010131028416172,0.03469877644455119,-3.749449508459304,0.0008192044877909496,0.018600353038819323,True
AT1G17470,0.13496098890905062,0.035994966622496356,3.749440590526951,0.0008192238191909343,0.018600353038819323,True
AT2G28760,-0.1661259667666075,0.044321544425199456,-3.748198961048725,0.0008219196545023549,0.018640777096358634,True
AT2G25170,0.17326958133228232,0.0462287760215603,3.748089312411654,0.0008221581405277494,0.018640777096358634,True
AT2G20515,0.20722858728782853,0.05531033364742138,3.7466522731325043,0.0008252899601958882,0.01869450199829789,True
AT3G55200,0.18738343382205996,0.050015978455055086,3.7464714199372264,0.0008256849283967654,0.01869450199829789,True
AT2G27830,0.16829288315952529,0.04492600051530248,3.746001897101928,0.0008267111891123853,0.01870463011836979,True
AT3G19130,0.16804236890773427,0.044883556609577935,3.743962858591176,0.000831182498119616,0.01879263494174015,True
AT4G13440,-0.11540003147078962,0.030829497284574243,-3.7431694200388677,0.0008329287687423269,0.018818947964542546,True
AT5G66860,0.18107999674488312,0.048387422985742674,3.7422947032793674,0.0008348580772584298,0.018849356826095464,True
AT4G35970,-0.10570177056240343,0.028252487773783558,-3.741326123517083,0.0008369995068524298,0.018865680255744654,True
AT2G05100,-0.14211745267641115,0.037987974229369476,-3.74111690763801,0.0008374627656656755,0.018865680255744654,True
AT2G17840,-0.1241822241226832,0.033195479286144115,-3.7409378262695308,0.0008378594977065085,0.018865680255744654,True
AT3G13882,0.17391970524056038,0.04649444088739339,3.740655913290429,0.0008384844121341925,0.018865680255744654,True
AT1G33055,0.36383840485840935,0.09726612782336762,3.7406485998818524,0.0008385006297703217,0.018865680255744654,True
AT5G65320,-0.08351465797709519,0.02232859009979253,-3.7402566666254122,0.000839370198285478,0.01887210280891128,True
AT5G07350,0.132126690765477,0.035337877924565185,3.7389537381821367,0.0008422672958710779,0.018903042818478207,True
AT1G14360,0.11284216825728302,0.030181893302198594,3.738737233196138,0.0008427496461063276,0.018903042818478207,True
AT1G32370,0.09775581713015474,0.026147227595177135,3.7386685366285577,0.0008429027511804002,0.018903042818478207,True
AT5G28500,-0.07595155213204165,0.020315582095513405,-3.7385860653638456,0.0008430865920154476,0.018903042818478207,True
AT1G06220,0.1445481386296673,0.03866847982429843,3.7381386412515867,0.00084408465035375,0.018911819889467565,True
AT3G10250,-0.13663189850463558,0.03655325464639173,-3.73788599199669,0.0008446487387570551,0.018911819889467565,True
AT4G17460,0.14658105523112802,0.039228502482034515,3.736595739239798,0.0008475352243679567,0.018963307177357558,True
AT1G69260,-0.08420689507679398,0.022540383179061464,-3.7358235841800886,0.0008492672547693867,0.018988910542798696,True
AT5G62710,-0.13449494482945692,0.036013563318426124,-3.7345636598154504,0.000852100831517046,0.019039091124124646,True
AT1G74740,-0.09648344491197922,0.025837735850208786,-3.7342066453241323,0.0008529054365315137,0.01904389892805575,True
AT4G16750,-0.07066006815376405,0.018927819097908062,-3.733133108904952,0.0008553293426293228,0.019084831305946678,True
AT4G27810,-0.05788667435146222,0.015508447997233759,-3.7325897705423174,0.0008565586929919619,0.01909907164380766,True
AT4G14380,-0.10569064162578609,0.02832513923164615,-3.7313370558017818,0.0008593996483030067,0.019149202232428858,True
AT1G80150,0.09518764546386146,0.025539669416411465,3.7270508052345854,0.0008691899490131555,0.019354002799907677,True
AT1G75720,-0.1053194639700247,0.02826113074376762,-3.726654284462791,0.0008701011331491002,0.019360948698976775,True
AT3G28310,0.05802101237942777,0.015571583953480916,3.7260828797354035,0.0008714158321548756,0.01937685761947135,True
AT1G67195,-0.16347798436437982,0.043878144313373786,-3.725726940429264,0.0008722357643741512,0.01938175055788477,True
AT5G57740,-0.12326037161095689,0.03310064661088992,-3.723805551593211,0.0008766748487728858,0.019467001848112144,True
AT4G18050,-0.0851589560165,0.022877046659919083,-3.722462837202659,0.0008797900767265363,0.019522759333075318,True
AT3G51410,0.10622738082774197,0.028539993680856933,3.7220534109295715,0.0008807421338169996,0.019530471929645462,True
AT2G32910,0.1137072775797155,0.030552068130049733,3.7217538628056994,0.0008814393234445161,0.019532526132488938,True
AT1G16515,-0.12372160192679858,0.033251699743552666,-3.7207602282282597,0.0008837558393523624,0.01956106637431316,True
AT4G36710,-0.10989115275864339,0.029535216503976492,-3.72068214715298,0.000883938125800774,0.01956106637431316,True
AT5G55660,0.21510698976210246,0.05782418136949088,3.7200179002550815,0.0008854903478286169,0.019582003865841743,True
AT2G20130,-0.12476939125814511,0.03354275756993638,-3.7197118035987926,0.0008862065343863811,0.019584437017434737,True
AT5G13680,0.12662302073537365,0.03406345112753102,3.717269288461304,0.0008919416792492432,0.019697705888492,True
AT2G43650,0.18764893348100947,0.05050018650168436,3.7158067421147187,0.0008953931350733589,0.019760421312216635,True
AT1G49660,-0.1663525295684356,0.04479872198161972,-3.7133320373890952,0.0009012628924986255,0.019876384159548184,True
AT2G19580,-0.1039643257166816,0.028005889422100482,-3.7122308150884686,0.0009038869433401262,0.019920657061648115,True
AT2G28120,-0.09446609120464411,0.02545098814642295,-3.7116865821149263,0.0009051865222705143,0.019935699623747815,True
AT3G51644,-0.071666688461191,0.01931903431219551,-3.7096413466148266,0.0009100866828081625,0.020015782591112925,True
AT1G44608,-0.11829970769878012,0.031890845856425126,-3.7095192843543217,0.0009103799478613967,0.020015782591112925,True
AT1G03545,0.0670682591873838,0.018080651628737388,3.7093939181254676,0.0009106812469880219,0.020015782591112925,True
AT5G28640,0.22344932341353518,0.06027113340675999,3.7074020477682468,0.0009154814886715532,0.02009986594936512,True
AT5G03170,-0.20514748880560085,0.05533759790703518,-3.7071990213640995,0.0009159721498389231,0.02009986594936512,True
AT5G39590,-0.15447654157820548,0.04167120595822404,-3.707033142575004,0.0009163732255227589,0.02009986594936512,True
AT3G10610,0.16385274724721044,0.04420913841265729,3.7063094448431637,0.0009181250485583446,0.02012462835405126,True
AT5G19770,-0.13969268373024887,0.03769340912289318,-3.706024129438751,0.0009188165967453472,0.020126132491013846,True
AT1G78620,-0.08660418683263373,0.023376975903358646,-3.704678791245664,0.0009220842858598037,0.02014169494304377,True
AT1G29350,0.1635813572411386,0.04415606363470581,3.7046182058802635,0.0009222317080621964,0.02014169494304377,True
AT5G48820,0.10163217517782289,0.027433968800331235,3.704610729767827,0.0009222499012600369,0.02014169494304377,True
AT3G62900,0.13703387298738057,0.0369926400879527,3.7043550463436117,0.0009228723203970497,0.02014169494304377,True
AT2G45960,-0.19954142839536884,0.05386818324480345,-3.7042539097439895,0.0009231186338922806,0.02014169494304377,True
AT1G55210,-0.1630237062295081,0.04401058892788602,-3.7041927908902146,0.0009232675171205491,0.02014169494304377,True
AT2G23360,0.09484683466440666,0.0256099030192332,3.703521820960278,0.0009249035159608221,0.0201637703759637,True
AT2G40480,-0.17404859049025745,0.047023065608860964,-3.7013450364550446,0.0009302305797479636,0.020266230479485472,True
AT5G46840,0.18695691384052382,0.050532559017152555,3.6997317665441,0.0009341979044044707,0.0203275491733651,True
AT1G13030,0.13259639831650955,0.03583987753201487,3.699688934429658,0.0009343034610308946,0.0203275491733651,True
AT1G72200,-0.19058585750935436,0.051553039865815824,-3.696888835370685,0.0009412294056015176,0.02045379118152621,True
AT1G26665,0.17237939299571067,0.046628957128318015,3.6968314028842766,0.000941371985729347,0.02045379118152621,True
AT1G65030,0.145029496097661,0.03924220141802526,3.6957533180349076,0.0009440523195056614,0.020477946737175005,True
AT1G54380,0.10322370466195915,0.027931219734863993,3.6956389889810084,0.0009443370005740069,0.020477946737175005,True
AT1G77640,0.11668048024533229,0.03157264314318451,3.6956196450254986,0.0009443851755978446,0.020477946737175005,True
AT5G57480,-0.12310017840765772,0.03331340256082686,-3.695214806800038,0.0009453939525592833,0.020486071906933523,True
AT3G45210,-0.13829803076621805,0.03744612916753727,-3.6932530502007435,0.0009502971706099567,0.020577803343119518,True
AT4G16780,0.10170044993510216,0.027538617791726193,3.6930121440465844,0.0009509009994514666,0.020577803343119518,True
AT5G23190,-0.15843528640018378,0.042912015661633544,-3.692096117075116,0.0009532004309234999,0.020613756842508272,True
AT5G24800,0.13885887834798874,0.03761240912151736,3.691836858930426,0.0009538522107364431,0.020614054231895478,True
AT4G12490,-0.29022066314845474,0.07862644230041407,-3.691133092854264,0.0009556236843148901,0.020638533166129534,True
AT5G01050,-0.13226397578816682,0.035869412772742935,-3.6873749962439817,0.000965137775093918,0.02083008441917795,True
AT2G44090,-0.10821307524938448,0.0293503131688976,-3.686947891379142,0.0009662248731880904,0.020835365012022624,True
AT2G03640,0.14693882763151167,0.03985715848550055,3.6866358068392118,0.0009670199682955539,0.020835365012022624,True
AT5G16440,0.11538822470533634,0.031301705946363646,3.6863238349710814,0.0009678154141084458,0.020835365012022624,True
AT1G30360,-0.18764230050627045,0.05090307664709622,-3.6862663883200577,0.0009679619574436213,0.020835365012022624,True
AT3G47550,-0.09401197554963152,0.025505678603577917,-3.685923319697269,0.0009688375577835168,0.02084032799895316,True
AT1G04503,0.21711388142794585,0.058909681743890885,3.685538183211476,0.0009698214466285173,0.020847612188370435,True
AT5G45160,0.08708421858327217,0.02363803441351078,3.6840719096972583,0.0009735761868505392,0.02091441025329393,True
AT1G05380,0.13584653344524344,0.036882907577963586,3.683183956093733,0.0009758568903232166,0.020943232916558707,True
AT2G20180,0.11323047387211421,0.030743711953266133,3.6830449766195166,0.0009762143295161537,0.020943232916558707,True
AT5G16750,0.16389964658602948,0.04452857301406414,3.6807747361286998,0.0009820712352939663,0.02105490347784523,True
AT2G35585,-0.17096498037173347,0.046457306785490725,-3.680045017700601,0.000983961074395885,0.021081431268339952,True
AT1G23080,0.1484933521671771,0.04035673114445146,3.6795188300971464,0.0009853260053996136,0.021093998142147363,True
AT3G49860,-0.18026837444545218,0.04899508186049371,-3.679315710885837,0.0009858533905302707,0.021093998142147363,True
AT5G65140,0.14786616612249914,0.04019539820410757,3.6786839471436976,0.0009874954818790832,0.02110795129361683,True
AT4G19950,-0.10144368825412765,0.0275769938637744,-3.678562237611612,0.0009878121376690285,0.02110795129361683,True
AT1G61667,-0.1875003125083275,0.05097864409011538,-3.6780168608816197,0.0009892322789402772,0.02111699219555898,True
AT3G15240,0.18631437998155911,0.05065995300101905,3.6777448249470606,0.0009899413946340804,0.02111699219555898,True
AT3G13437,-0.15590295958168704,0.042392038035262786,-3.677647190540897,0.0009901960189505046,0.02111699219555898,True
AT5G39990,0.13188149548797612,0.035885073768954424,3.6751072698663907,0.0009968424544973772,0.02124471165063045,True
AT3G43720,0.23903707821371667,0.06504812150399397,3.674772963259819,0.0009977204970636068,0.021249407738713293,True
AT3G02880,-0.15006184212173057,0.04086569155055328,-3.6720739678685037,0.0010048369689405353,0.021386875908761368,True
AT3G61190,0.37796316119010553,0.10294549361779481,3.6714881623994864,0.0010063880922409148,0.02140578859263444,True
AT1G27070,0.08596035260077046,0.023419173727854087,3.6705117609905984,0.0010089786430482336,0.02144677038042459,True
AT2G15910,0.1581183693875495,0.04308435193192459,3.6699720965371454,0.001010413248314417,0.021463143747396777,True
AT1G55330,-0.24067416728988414,0.0656072888977206,-3.6684059246082623,0.00101458791552304,0.021537661604884295,True
AT5G58910,-0.10129401658316167,0.027617985707953784,-3.667682996663646,0.0010165205636174632,0.021564519297384514,True
AT5G57920,0.09674807893725268,0.026382520521521537,3.6671279705186035,0.0010180067841168653,0.021581877419968375,True
AT4G33790,-0.1598063831721387,0.043603740146409706,-3.6649696249805994,0.0010238064502164368,0.02169059842625761,True
AT5G15490,-0.1652164698445719,0.04512249474544757,-3.6615100910669542,0.001033169767396709,0.02187462779477082,True
AT3G55150,-0.15840709945455056,0.04328477886045699,-3.659649041184408,0.0010382412167353654,0.021967606726589994,True
AT2G29140,0.10889576394426026,0.029765313913624594,3.658478598957929,0.0010414431453653853,0.02202093362801717,True
AT5G08630,0.09836303407151728,0.026902124169501135,3.6563296434053036,0.0010473470225026832,0.022131285121019747,True
AT4G08535,-0.054450920735006035,0.01489614330126605,-3.655370362231824,0.001049992995447055,0.022172695222156143,True
AT3G18760,0.16256956545521684,0.04447851812911601,3.655013078072793,0.001050980151609877,0.022179044884626724,True
AT5G44400,-0.2500955928164323,0.06843475122866778,-3.6545116088865908,0.0010523672084743153,0.022186633795818977,True
AT5G59530,-0.1145853220988997,0.031356993216446756,-3.654219054357535,0.0010531772339551517,0.022186633795818977,True
AT3G61480,0.11209036755493518,0.03067490787722911,3.654138685715277,0.0010533998651393206,0.022186633795818977,True
AT5G67340,-0.11409968588667263,0.031230625858009533,-3.653454990157047,0.0010552956425328992,0.022212082680518202,True
AT5G11970,-0.1541062787369759,0.042191382486527935,-3.65255342808886,0.0010578006113276287,0.022237391787109147,True
AT5G05210,0.17657307553189505,0.048345788228125366,3.652294894825459,0.001058520008105215,0.022237391787109147,True
AT2G45040,-0.08338211270349709,0.0228301566135866,-3.652279487818977,0.0010585628948148772,0.022237391787109147,True
AT3G49690,-0.11667531754819609,0.03194906084427778,-3.651916972360493,0.0010595724760427642,0.022244137185487765,True
AT2G07641,0.16742494559443794,0.045855037146889994,3.651178932820756,0.001061630766633891,0.022272875609853495,True
AT1G34750,-0.09795130632270671,0.026830195660439326,-3.650786135232486,0.0010627278128313798,0.022281423040083743,True
AT3G24530,-0.11402268843970102,0.031235276138382503,-3.6504459872402975,0.0010636787060126587,0.022286897089859266,True
AT1G13260,0.19140970405359864,0.05244716933952154,3.649571682591494,0.001066126654220863,0.022323386908717623,True
AT2G22860,0.1831905458086493,0.05019839437516091,3.649330782167315,0.0010668021104664337,0.022323386908717623,True
AT2G46280,0.16363216644825312,0.044844295909772784,3.6488958769133726,0.0010680225891735993,0.022325582550493314,True
AT5G45800,-0.11041018365625524,0.030259305410256666,-3.6488009939194015,0.001068289040919331,0.022325582550493314,True
AT3G02730,-0.11061172519289134,0.03031998938463991,-3.6481452479969265,0.001070132286955338,0.022349647097117013,True
AT5G04290,0.12050721249777777,0.03303831420331117,3.647498832906561,0.0010719523371780263,0.02234975370660651,True
AT1G15950,-0.16038506008821246,0.04397841980824688,-3.6469036583742125,0.0010736307804459905,0.02234975370660651,True
AT4G39850,0.10766709858920649,0.02952348640353685,3.6468287355218387,0.0010738422506646893,0.02234975370660651,True
AT3G09685,0.06903563946976937,0.018931710575912458,3.6465611067182735,0.0010745979660277405,0.02234975370660651,True
AT1G25530,0.20378042201135366,0.05588321910503917,3.6465405049112163,0.0010746561617385744,0.02234975370660651,True
AT4G34570,0.13288613189033194,0.0364417533443281,3.646535078450464,0.0010746714908436402,0.02234975370660651,True
AT3G43850,-0.05528476306128668,0.015161356054956564,-3.646426009711244,0.0010749796422070172,0.02234975370660651,True
AT3G44590,0.1918251741220537,0.05262305815245542,3.645268459432988,0.0010782553721511566,0.022393196162208414,True
AT1G78320,-0.10860378009688854,0.029794875054493047,-3.6450490192779363,0.0010788774572176578,0.022393196162208414,True
AT3G52870,-0.12860423998867201,0.03528282072412749,-3.644953474502917,0.001079148423800133,0.022393196162208414,True
AT4G11420,0.17345914366866289,0.04759211973585007,3.6447030439369152,0.00107985896371763,0.02239355793244731,True
ATMG01400,0.07478955652379396,0.02052200329337079,3.644359444574945,0.0010808345905816876,0.022399412948751602,True
AT1G06900,0.11687851047718331,0.03207385136876011,3.6440435273396203,0.0010817323735544096,0.022403648241775268,True
AT4G16660,0.1857663302588745,0.05098529966995835,3.6435272806356003,0.0010832010223819392,0.022416035716729475,True
AT3G48730,-0.12861000923683474,0.03529997432744747,-3.643345687558592,0.001083718090610401,0.022416035716729475,True
AT2G47530,-0.11540432969667397,0.03168092487387905,-3.6427070912890214,0.0010855383400350399,0.02243932068342425,True
AT5G57120,0.2423735913014149,0.06656701709816062,3.6410462999116744,0.0010902862003438938,0.022523054249943008,True
AT5G56280,0.10179868351487695,0.027961093164382327,3.640726166048155,0.0010912037194098357,0.022527604453937627,True
AT5G17720,-0.04206156958406926,0.011559462862807894,-3.6387131550377365,0.0010969903616118342,0.02263260638142832,True
AT1G19960,0.20575634667787962,0.056559123615244324,3.637898424268058,0.0010993408895220583,0.022659963898363274,True
AT2G08735,-0.11175914556128325,0.030725636991669428,-3.637325585522743,0.0011009964862015303,0.022659963898363274,True
AT2G28110,-0.14276757885347788,0.03925077574330558,-3.6373186554874044,0.0011010165299833302,0.022659963898363274,True
AT1G78060,-0.18825857551962133,0.05176111843048358,-3.6370654504395437,0.0011017491201747768,0.022659963898363274,True
AT1G79270,-0.1880036771839289,0.051691398303784566,-3.637039881936494,0.0011018231231028105,0.022659963898363274,True
AT2G03810,-0.09587209976972247,0.026367560743905054,-3.635986684581114,0.0011048756026240671,0.022708286161056607,True
AT5G27400,0.1577097950353742,0.043377788887784416,3.635726925670633,0.0011056297264455282,0.02270933937172827,True
AT3G62150,0.11985914153076796,0.03297423308697696,3.634933410418144,0.0011079365405090027,0.022742262825479902,True
AT4G28240,0.2051932077171485,0.05645557048016184,3.6345963024012344,0.0011089179591558162,0.02274795577293033,True
AT5G56650,-0.14564017753620914,0.04008014263202826,-3.6337240332030976,0.0011114613172388196,0.022776155940856767,True
AT5G51500,0.09291726292640819,0.025571390441062814,3.633641398599923,0.001111702557142936,0.022776155940856767,True
AT5G49480,-0.15678476236452454,0.0431526445195088,-3.633259655584816,0.0011128176632742392,0.022781664065287473,True
AT1G11000,0.13280231809563098,0.03655392097214735,3.6330526127914187,0.0011134229096237788,0.022781664065287473,True
AT3G02220,0.16011502323258764,0.04407567196226312,3.6327301684629005,0.0011143661466472116,0.022781664065287473,True
AT5G26570,0.1072824371832101,0.029533361363855593,3.6325847187346483,0.0011147918811235105,0.022781664065287473,True
AT3G50530,-0.13467551329526403,0.03707742775749654,-3.632277680536631,0.0011156911086295544,0.02278562833673342,True
AT5G59470,-0.1736710375120466,0.04782463010802649,-3.631414129492642,0.0011182239923034477,0.022820334221586865,True
AT5G13480,0.34834037707102933,0.09592937604974022,3.631216957883806,0.001118803101519502,0.022820334221586865,True
AT1G09890,-0.10119036058565052,0.0278736439643071,-3.630324069405038,0.0011214292459301213,0.022850903900448413,True
AT2G15230,-0.11884779588207914,0.032738396172821656,-3.6302265772183024,0.001121716351051137,0.022850903900448413,True
AT3G25250,-0.1058811877153773,0.029171428918976762,-3.6296195160497904,0.0011235056988101553,0.022861762780759912,True
AT3G21740,0.07606123752372293,0.02095601643706299,3.6295656549114157,0.001123664591780827,0.022861762780759912,True
AT4G21590,0.11499652075697682,0.03169042913269715,3.6287460884626257,0.0011260850536826917,0.0228965903080139,True
AT5G27990,0.13915332390338192,0.038353686842179796,3.6281602985386754,0.0011278182031659023,0.022917407752256064,True
AT2G19950,0.11173298819837119,0.030802864159287985,3.6273571061631404,0.0011301987935547584,0.0229513468390702,True
AT5G13740,0.19844508087874582,0.05472294238985191,3.626359844925781,0.0011331613956129937,0.022997054981696113,True
AT1G62935,-0.09284428949936316,0.02560556709369116,-3.625941544650993,0.001134406305755661,0.023007867754337507,True
AT4G26210,0.15034326565852885,0.041469536209092,3.625390573467923,0.0011360480920318027,0.023026711295768828,True
AT5G16280,0.07127652186852533,0.019668946262833758,3.6238098836646233,0.0011407710865612881,0.02310794547693333,True
AT2G22795,0.19455002796023818,0.053703414160216505,3.6226752247040723,0.0011441731507050308,0.023162337297073208,True
AT2G21880,-0.18006719634428142,0.049714798446623125,-3.622003949942846,0.0011461904912067155,0.02318864657507688,True
AT3G13435,-0.2707853879258007,0.07478718944946282,-3.620745610567208,0.0011499814332862888,0.02324284801056087,True
ATMG00070,0.14304964059712777,0.03951132339466668,3.620472014269127,0.0011508072983404225,0.02324284801056087,True
AT5G43180,-0.23641278126492543,0.06530211586605036,-3.6202928209839684,0.0011513485157082642,0.02324284801056087,True
AT3G23810,-0.16096129345682791,0.04446246972794049,-3.6201608781906875,0.001151747180813642,0.02324284801056087,True
AT5G41620,-0.08515380505836134,0.02352909715149534,-3.619085105989695,0.0011550026439302726,0.02329399527012683,True
AT3G22810,-0.07773802565310983,0.021487309792339343,-3.6178575356522757,0.0011587284150980884,0.023342830906746884,True
AT2G19650,-0.07428688063475755,0.020535455427268676,-3.6174936999991383,0.0011598349300810634,0.023342830906746884,True
AT3G51940,0.05690987934223315,0.015732353985070006,3.6173785179408364,0.0011601854417331748,0.023342830906746884,True
AT5G55310,0.13884236998907895,0.03838248914778251,3.617336266402628,0.0011603140436483796,0.023342830906746884,True
AT4G10930,0.08898728543267131,0.024608253830398222,3.616156028216297,0.0011639119720164269,0.023400642130602823,True
AT1G01900,-0.10834503338260719,0.029964294629941143,-3.61580456742492,0.0011649854885699149,0.023407659297391407,True
AT1G79510,-0.09697599381061056,0.026825894697747925,-3.6150143323552166,0.001167402736068664,0.02343560354084793,True
AT1G23030,-0.19080220386255298,0.052782505972312196,-3.6148758068182847,0.0011678269739318818,0.02343560354084793,True
AT2G37410,0.14316871361498995,0.03961223936449137,3.6142544807332246,0.001169731646811017,0.023459254982505992,True
AT1G78820,-0.11285703429339092,0.031230915544450673,-3.6136319517358544,0.0011716430390992345,0.023483011755742658,True
AT1G09090,-0.12565567961420587,0.034777481300666734,-3.6131334103196506,0.001173175935522429,0.0234860518742256,True
AT2G23010,0.09687401180370067,0.02681180949140845,3.613109806510556,0.0011732485599987655,0.0234860518742256,True
AT3G62820,-0.06612074317623741,0.018304477582468264,-3.6122715263705096,0.0011758306289150874,0.023523165194809636,True
AT1G78380,-0.19293725418232222,0.053431768719049644,-3.610908993052586,0.001180039304987416,0.023592753653984173,True
AT5G58070,-0.2083688490753839,0.05773632469423438,-3.6089732101737306,0.001186043886518721,0.02369813972141828,True
AT5G08280,-0.07630266247623857,0.021153370350565057,-3.6071160865483707,0.0011918324135374882,0.023792276015027394,True
AT4G34650,-0.1540442521981698,0.04270715307755942,-3.606989487648914,0.0011922280128858632,0.023792276015027394,True
AT1G27440,-0.12993938789979087,0.03602721843415586,-3.6067005321898766,0.0011931314266611518,0.02379560695308343,True
AT5G06280,-0.15813334149430586,0.04384751328779357,-3.6064380768048614,0.0011939525656795035,0.023797293920135153,True
AT2G34340,-0.08730893985616531,0.02421488912327949,-3.6055890824719503,0.001196612565547354,0.023820419534384484,True
AT5G47720,-0.15823637845240085,0.043888724388490986,-3.6053993515905294,0.0011972078026739163,0.023820419534384484,True
AT5G20150,0.2605942525219087,0.07227963335331411,3.605362125290307,0.0011973246254554583,0.023820419534384484,True
AT5G55620,0.09119522471270473,0.025300297463543186,3.604511956593149,0.0011999956277691003,0.023858866915441146,True
AT4G03420,-0.16878950908309595,0.046831388620801204,-3.604196118330011,0.0012009893831250954,0.023863939716721225,True
AT1G74730,-0.10485931950297935,0.02909620505528254,-3.603883025423678,0.0012019752907181517,0.023866926807316564,True
AT5G19730,-0.17656901736548394,0.04899687266739465,-3.6036793320277187,0.001202617129663913,0.023866926807316564,True
AT5G28540,0.13367779026941898,0.03709861863731806,3.6033091036697114,0.0012037845750564743,0.02387543022437055,True
AT3G22370,-0.15285639836553117,0.042435132218975886,-3.6021190549555486,0.001207544642368505,0.023909926085105983,True
AT3G20780,0.09701225350257102,0.026934029975902683,3.6018469419305563,0.0012084060119216926,0.023909926085105983,True
AT3G59820,0.13350373985373654,0.037067563421472494,3.6016324659850856,0.0012090853534098124,0.023909926085105983,True
AT1G24620,-0.11611351450496442,0.03224176523781655,-3.6013386254910826,0.0012100166812422774,0.023909926085105983,True
AT5G46400,0.07850783530237632,0.02179981262936065,3.601307801913838,0.001210114417044995,0.023909926085105983,True
AT1G22220,-0.11526357902590403,0.03200810286773401,-3.601074999733779,0.001210852837334942,0.023909926085105983,True
AT1G30380,-0.13929592033032423,0.03868217128932322,-3.601036748647347,0.0012109742070646413,0.023909926085105983,True
AT1G65960,-0.15691596160862947,0.04357700993230183,-3.6008886762171852,0.0012114441487300286,0.023909926085105983,True
AT4G01430,-0.2585193224641314,0.071810782411372,-3.6000070432764444,0.0012142458872062853,0.023950592411323485,True
AT4G04015,-0.06106394702300742,0.016966431634434082,-3.5991037089422853,0.0012171231281732147,0.023992697466838558,True
AT5G61140,0.13378270717408344,0.03717999614921626,3.5982442450280763,0.001219866792178628,0.024020648994572267,True
AT5G41050,-0.0618411371585123,0.017187294050471567,-3.598072912286944,0.0012204144559159252,0.024020648994572267,True
AT4G34540,0.11963258107734134,0.03325193462055747,3.5977630307074056,0.0012214055974504073,0.024020648994572267,True
AT4G10770,-0.10572870958990972,0.029387625845217515,-3.5977288586282925,0.0012215149431453228,0.024020648994572267,True
AT4G14030,0.10147925323713011,0.02821025462893635,3.5972469788712544,0.0012230579027094782,0.02403386817120125,True
AT1G08290,-0.12600236736309184,0.03502931894951527,-3.597054443013527,0.0012236749246843314,0.02403386817120125,True
AT2G34750,0.1258419797889009,0.03499066537020602,3.596444321863433,0.0012256321879012707,0.024057685515736425,True
AT3G12320,-0.0985582409627627,0.02741075795168814,-3.595604365865148,0.0012283317418253414,0.02408408445515817,True
AT3G55250,-0.08144340535869139,0.022651091722535214,-3.595562031019663,0.0012284679557430023,0.02408408445515817,True
AT3G01300,-0.09126946532867011,0.025386741476853835,-3.5951626722903507,0.00122975363031918,0.024094669522123944,True
AT3G42725,-0.14620893809699287,0.04067299974451806,-3.5947419422069804,0.001231109522365664,0.024106616701886203,True
AT1G10380,-0.19668706946159192,0.05472602789246351,-3.5940315245988885,0.0012334022951461126,0.02413371712611991,True
AT3G58810,-0.21378489535482353,0.059487293125854594,-3.5937909446060763,0.0012341796741237253,0.02413371712611991,True
AT3G44050,0.12048196907202771,0.03352945955481773,3.5933167629812295,0.0012357132786088283,0.02413371712611991,True
AT3G11470,0.09398492969342093,0.026156421021164472,3.5931876772197926,0.001236131090342733,0.02413371712611991,True
AT2G01150,-0.14453114162903746,0.040223991366900906,-3.593157633480593,0.0012362283525868473,0.02413371712611991,True
AT2G21090,0.13289266008088974,0.03699472694410587,3.5922054589475128,0.0012393147383148316,0.024173889541223147,True
AT5G02050,0.1868153277152968,0.05201100981148351,3.5918419656226295,0.0012404949437418364,0.024173889541223147,True
AT1G54500,-0.17977786349904426,0.050052995572900806,-3.5917503326489775,0.0012407926340012327,0.024173889541223147,True
AT4G29160,-0.13273075780014654,0.03695784117764579,-3.5914099300916327,0.0012418991165942062,0.024173889541223147,True
AT4G24190,0.18152992480641916,0.050546141771861536,3.5913705466531733,0.001242027194850674,0.024173889541223147,True
AT3G14000,0.10930003372408166,0.030437415243275954,3.590976199867285,0.001243310352277708,0.02418429510640606,True
AT3G15980,0.10486912591590311,0.029212775907543852,3.5898377561860495,0.0012470219497562275,0.02423414146298121,True
AT3G46640,-0.1811600094804652,0.05046619056829194,-3.5897302221636,0.0012473730927276534,0.02423414146298121,True
AT4G26760,0.15203127775676084,0.042355677404133964,3.58939549723557,0.001248466723382539,0.024240812118850028,True
AT2G07718,0.3086438206248542,0.0860093363994838,3.588492058481997,0.001251423142123852,0.02428362180112885,True
AT5G42690,-0.11135514329346613,0.031039596397716973,-3.58751904717603,0.001254614845080832,0.02433094299502797,True
AT5G46530,-0.13962839520961345,0.03893395357819557,-3.5862886343967504,0.0012586622200264704,0.024394791641772783,True
AT3G23240,0.07656349902489083,0.021351757786601217,3.5858171392772364,0.001260216539586886,0.024410273487717446,True
AT1G01620,-0.16958633407200918,0.047302148505943824,-3.5851719092780647,0.0012623466143972205,0.024436882423343197,True
AT4G28740,-0.12461041543061917,0.03476138303377877,-3.5847369855661713,0.00126378438729548,0.02444464694524883,True
AT2G43470,0.08291739665253435,0.023131607350374256,3.5845929509603573,0.0012642608884679437,0.02444464694524883,True
AT2G27740,-0.14403136504622618,0.04019322198324412,-3.5834739774350624,0.0012679686772839249,0.024501674637778907,True
AT4G11393,-0.26954639009319326,0.07522857713191324,-3.5830318792357847,0.0012694365093217498,0.024506000944172133,True
AT5G36130,0.11369379958323199,0.03173189944902711,3.5829496991147756,0.001269709541630634,0.024506000944172133,True
AT3G62260,-0.07579804934301596,0.021157149072329146,-3.5826211312255745,0.0012708017344876506,0.024509789873205047,True
AT4G39990,-0.10032820349925692,0.028005594539994592,-3.5824343366815126,0.0012714230656316091,0.024509789873205047,True
AT2G22610,0.13380901585965596,0.03736075010556102,3.5815398642046787,0.0012744024282368975,0.024511809773918532,True
AT1G55500,0.08615308018421955,0.024055051804820357,3.581496347763236,0.0012745475484277641,0.024511809773918532,True
AT2G05310,-0.11580879903416103,0.03233676951714281,-3.5813348322493033,0.001275086316655582,0.024511809773918532,True
AT4G05410,0.10009379680489157,0.027949247294431687,3.581269854978642,0.001275303124161057,0.024511809773918532,True
AT3G60580,-0.06911079257168586,0.01929787472841654,-3.5812644420330244,0.001275321186974436,0.024511809773918532,True
AT2G02960,-0.16816074436547837,0.04695968136508953,-3.58096008058716,0.0012763372309371333,0.024516753623274577,True
AT4G00895,-0.12954109565622182,0.03618227589150157,-3.5802362472905753,0.0012787567520844948,0.024548634523528186,True
AT5G11790,-0.1765146583218674,0.04931010213801934,-3.5796855140920534,0.0012806006467268485,0.024569433666922654,True
AT2G05620,-0.13013693995062217,0.03635732372041313,-3.579387221990591,0.0012816004291731921,0.024574022709885263,True
AT5G52810,-0.12664166925591727,0.035388750145081964,-3.578585531750318,0.001284291207505008,0.024599241366700286,True
AT2G35742,0.09709517947929416,0.027136507556458477,3.5780278385965536,0.0012861662768216152,0.024599241366700286,True
AT5G23100,-0.10438296642630084,0.02917383384103507,-3.577965343707373,0.0012863765621466232,0.024599241366700286,True
AT1G15080,-0.09067982293195828,0.02534409593117336,-3.577946642019361,0.00128643949683833,0.024599241366700286,True
AT2G39435,-0.0976172036503197,0.02728366511985235,-3.577862549679615,0.0012867225203418082,0.024599241366700286,True
AT5G45410,-0.1479944356287608,0.0413701312119461,-3.5773257491149972,0.0012885306181554396,0.024619240533402777,True
AT5G15930,-0.12249643741686965,0.03424923436098558,-3.5766182719812663,0.0012909173764987674,0.024647953149555746,True
AT1G19300,-0.11068674116833119,0.030948961722896327,-3.5764282549887327,0.0012915591532451601,0.024647953149555746,True
AT4G22110,-0.12046657188693835,0.03368936197245557,-3.5758044923923418,0.0012936680737549804,0.0246736256168534,True
AT5G43270,0.12873612224326156,0.03600791133334944,3.575217708449255,0.0012956550260059888,0.024696942911638636,True
AT2G24190,-0.11975028580295949,0.03351148791610435,-3.573409993097085,0.0013017949280549358,0.02479299302295516,True
AT4G35730,-0.09399515886268296,0.026304989000660146,-3.5732825761806657,0.001302228764739079,0.02479299302295516,True
AT3G22125,-0.09612049892236582,0.02690433628968468,-3.5726768312518873,0.0013042931638738498,0.0248176724567728,True
AT2G16940,0.15000621838948053,0.042000070968943606,3.5715705933068693,0.0013080714720521472,0.02487491535640543,True
AT2G39380,-0.1607002227826423,0.04500389589848967,-3.5708069173636896,0.0013106859788849974,0.024909972524585516,True
AT4G00165,-0.11150373092609941,0.03123118670218982,-3.570268782590998,0.001312531376866843,0.024930379926626004,True
AT1G61520,-0.1801840229970778,0.0504731660683577,-3.5698973738451008,0.0013138065024449414,0.024939937889244188,True
AT1G07143,-0.10647146197919319,0.029826943389700426,-3.569640394863892,0.0013146894708026542,0.024942044692990578,True
AT3G52490,0.10576661625373344,0.029636791402656605,3.5687606939883736,0.0013177164523754813,0.024977829678997743,True
AT1G49760,0.18410501733410944,0.05159168412452779,3.5685017936172,0.0013186085974985675,0.024977829678997743,True
AT1G76730,-0.0696025327994041,0.019505147278697565,-3.5684187258314166,0.0013188949652533396,0.024977829678997743,True
AT4G36990,-0.19198514932997776,0.05380593720454093,-3.568103434387818,0.0013199824506531302,0.024983780315261852,True
AT2G42060,-0.20369664440245305,0.057103737973512154,-3.5671332846360904,0.0013233341049542482,0.025032553628200706,True
AT3G05220,0.17444808012305837,0.048917286913633735,3.566184699307965,0.0013266192548883457,0.02508001258407698,True
AT1G25180,0.1114661734715695,0.031266470448466636,3.565038581994342,0.0013305990728524105,0.025140541195782767,True
AT3G58700,0.16403912776391938,0.046024505992780386,3.564169223014611,0.0013336256008564047,0.025177567943780475,True
AT1G53940,-0.18333450955906816,0.051442832650072455,-3.5638494249754333,0.0013347406063521383,0.025177567943780475,True
AT1G78600,-0.12964479376994112,0.03637819813278318,-3.563804707883766,0.0013348965888048518,0.025177567943780475,True
AT1G74880,0.12355747396542036,0.0346770724225976,3.56308838473063,0.0013373976877252755,0.025210024441491206,True
AT5G01160,0.09610568969226818,0.026978715265550273,3.5622782162272824,0.0013402319425087888,0.02524871943470347,True
AT1G78340,-0.2600802327395677,0.07301808093018601,-3.5618606984239345,0.001341694844794264,0.025248780257675945,True
AT5G15190,-0.09022165324652183,0.02533013139069386,-3.5618312378619845,0.0013417981275319446,0.025248780257675945,True
AT5G41400,-0.13770095536530816,0.03866587126238052,-3.5613048631670847,0.00134364479273591,0.025268812344880397,True
AT3G44820,-0.12431397351441054,0.0349162513455553,-3.560347079762765,0.001347011293189491,0.025317386778161297,True
AT5G52920,0.12669605836744452,0.035600152397193725,3.558862809178077,0.0013522445328527023,0.025387050240086084,True
AT3G13784,-0.21914805565118672,0.06157833188688429,-3.5588501496557035,0.0013522892526289317,0.025387050240086084,True
AT4G24250,-0.10216186413106021,0.02871369101944261,-3.5579495531203,0.0013554743004298897,0.025432066883036765,True
AT3G22942,-0.08014691193696814,0.022528786365754692,-3.5575334878578713,0.0013569482160868574,0.025440797936819096,True
AT3G51960,-0.08476504559399617,0.02382798419918976,-3.557373753709242,0.0013575144895563503,0.025440797936819096,True
AT4G33465,-0.02803149889743128,0.007880621872954385,-3.557016102197844,0.0013587832324099163,0.025449813017931585,True
AT3G24463,-0.09425803672450618,0.026502185541096963,-3.556613720719001,0.001360212028683854,0.02546124323519757,True
AT1G08210,0.11876617978651702,0.03339567907961959,3.556333725191309,0.0013612071118681785,0.02546124323519757,True
AT3G04630,-0.1460026653496054,0.04105636178657239,-3.55615205527919,0.0013618531314080753,0.02546124323519757,True
AT2G46370,-0.10820410021055994,0.030428964282430238,-3.5559573834406604,0.0013625457164770374,0.02546124323519757,True
AT3G47670,-0.15875520086113765,0.04466316189240212,-3.5544998189692505,0.0013677421844089939,0.02554357354686138,True
AT5G62770,-0.08935047341879658,0.025146893132840846,-3.5531416524019184,0.0013726016055859865,0.02560757956043228,True
AT4G17480,-0.0997369888871888,0.028070422371079942,-3.553098972602016,0.0013727545822733204,0.02560757956043228,True
AT3G10910,-0.19048912345363045,0.05363625977423811,-3.551499009353441,0.0013785012733720417,0.02569139617634064,True
AT2G26170,-0.1700508839904532,0.04788372542274585,-3.551329444172178,0.0013791116792671557,0.02569139617634064,True
AT1G05650,-0.08344512726329988,0.023498613124784427,-3.5510660488847634,0.0013800603783100719,0.02569139617634064,True
AT1G14340,-0.10515638113926151,0.029613475154265587,-3.5509638970593618,0.0013804284800559394,0.02569139617634064,True
AT1G01225,-0.10535510167906958,0.029672487778559496,-3.5505988734519325,0.0013817446136017504,0.025701086195082875,True
AT1G11240,0.11811026640744825,0.0332798046903924,3.5490071983969815,0.0013874978345689592,0.02579324944596577,True
AT1G15820,-0.1690452649702801,0.04763638877435789,-3.548658269857668,0.0013887621669655772,0.025801907333232222,True
AT1G23440,-0.2021882595637103,0.05697956422105287,-3.5484346419238775,0.0013895730645680808,0.025802135714442596,True
AT1G53163,-0.08892062603763908,0.025061447049500262,-3.54810422007983,0.0013907720494980666,0.025809565851368777,True
AT1G80450,-0.09991151518694866,0.028163073885855844,-3.547606898021404,0.0013925785511559145,0.025828255114406683,True
AT4G30240,-0.10603439894774154,0.029893408857245188,-3.547082885531881,0.0013944844703113436,0.02584876577813494,True
AT1G07933,0.11889236735977535,0.0335252179190337,3.5463562875835946,0.0013971314181705978,0.02588298107206069,True
AT1G55480,-0.09871640777052472,0.027846830352533655,-3.544978244231052,0.0014021649471546167,0.025961345144767053,True
AT1G54780,-0.10462807741871707,0.029518395483968046,-3.5445042219704117,0.001403900458465147,0.025978591015206432,True
AT5G35525,-0.09882599513887128,0.027885728828044815,-3.5439631414432133,0.0014058840360791547,0.026000404877894335,True
AT3G21810,0.08464265692204914,0.023886744953053127,3.543499002832129,0.0014075877163334746,0.026017020324381142,True
AT1G34317,0.08502387733032377,0.023997611880293656,3.543014103005125,0.0014093697446036992,0.02602615476157099,True
AT2G07708,0.38669366462946647,0.10914527758530226,3.542926209768873,0.0014096929905830955,0.02602615476157099,True
AT1G56670,-0.07612703830918338,0.02148971727120266,-3.5424867320705786,0.0014113103430680473,0.026041134137170498,True
AT4G39090,-0.13640002272879787,0.03851279862598723,-3.5416803658812634,0.0014142825948003856,0.026081082394637932,True
AT1G64460,0.09691200731705199,0.027367898920581574,3.5410832084070187,0.0014164876232622022,0.02610684462063804,True
AT2G44230,-0.117334434638136,0.033148205553315865,-3.539691898236068,0.0014216380500947045,0.026161177382922583,True
AT2G42380,0.07657692821178916,0.02163509019907367,3.5394781120472465,0.0014224310652677925,0.026161177382922583,True
AT5G23900,0.1493011254493632,0.042184615217585784,3.5392316530393058,0.0014233458094780056,0.026161177382922583,True
AT3G01820,0.12434862651407165,0.035136659593739676,3.5389996645050155,0.0014242073676725934,0.026161177382922583,True
AT5G52910,0.0842874352975941,0.02381676611229843,3.5389958023759576,0.0014242217151178706,0.026161177382922583,True
AT2G44210,-0.10736558832679349,0.030338034758018776,-3.53897637678773,0.0014242938814745373,0.026161177382922583,True
AT4G38690,-0.09305073059879182,0.026305535915872674,-3.537306021682125,0.00143051257213655,0.026260471984749883,True
AT4G14465,-0.1761184624786889,0.04979314231913571,-3.5370023717303307,0.0014316458815264376,0.026266352519158247,True
AT3G03550,-0.11003269242390643,0.031111639791397323,-3.536705013354248,0.0014327565537056045,0.026271811290394083,True
AT5G52380,0.14818656155327775,0.04191053532957409,3.5357830766888387,0.0014362054270840327,0.02630944861732867,True
AT5G54960,-0.1758778462815196,0.04974313409022054,-3.5357210497136133,0.0014364377529780487,0.02630944861732867,True
AT3G60550,0.0932497665247346,0.02638107973423163,3.5347213785088307,0.0014401871200002382,0.026350237786465325,True
AT2G06990,0.10877828861777045,0.030775021684202177,3.5346291461302166,0.0014405335251100378,0.026350237786465325,True
ATCG00890,0.15950368014909,0.0451279655149135,3.53447531545331,0.0014411114602335023,0.026350237786465325,True
AT3G16770,0.3519051701649457,0.09959086602139622,3.5335084855004877,0.0014447489544906818,0.026401806544479323,True
AT1G55640,-0.12719182203678303,0.03601647646008977,-3.5314898773544825,0.0014523722960460594,0.026517847622150682,True
AT4G35200,0.17104144331957927,0.048434558191058935,3.5313926606881627,0.0014527404219012259,0.026517847622150682,True
AT5G51310,-0.10221106793429519,0.0289670239931068,-3.5285318905600405,0.001463613805697437,0.026701241359841046,True
AT4G04320,-0.11835341069549143,0.03354553297524234,-3.5281422054864944,0.0014651010430425395,0.026713289841795378,True
AT1G11210,-0.07987811570609855,0.022642871483036547,-3.5277378916336284,0.0014666456616831834,0.02672637037976423,True
AT3G54230,0.11373447890728156,0.03224302112819233,3.5274138380238678,0.001467884799402475,0.026733872595205505,True
AT1G69900,-0.08568659133649564,0.024293624473953685,-3.527122576063699,0.0014689994132669627,0.026739099742671718,True
AT1G13250,-0.13450496922356364,0.038139160898713005,-3.526689262534417,0.0014706591564421698,0.026754237998586748,True
AT1G32580,0.1815802585618992,0.05152450960294052,3.5241530673692494,0.0014804102378170533,0.026912124221884465,True
AT1G55310,0.1487603836131907,0.04221351268664051,3.523999168642261,0.0014810039576127574,0.026912124221884465,True
AT5G66950,-0.10538417688569302,0.029917510394937227,-3.522491527354047,0.001486832460260715,0.027002849892390914,True
AT2G07671,0.23083467372027697,0.06554255674126905,3.5219052352733637,0.0014891050565382356,0.027028929927917895,True
AT3G60910,0.1617676171911097,0.045947742079696784,3.520686977621714,0.001493838073597613,0.027099615002731767,True
AT1G08847,0.11173440993867836,0.03175951202705209,3.5181400093145423,0.0015037804331623427,0.027255743037174675,True
AT5G02000,-0.08607684145049413,0.024469120295016737,-3.517774256397118,0.0015052134500273132,0.027255743037174675,True
AT4G16230,0.0885616176057768,0.025175910768217142,3.5177125634548942,0.001505455293015032,0.027255743037174675,True
AT3G62360,0.12835647829118935,0.0364895822057322,3.5176198392051097,0.0015058188529931845,0.027255743037174675,True
AT5G64650,0.14347084119532272,0.04079066180180397,3.5172472045790077,0.001507280765174091,0.027257915133039927,True
AT2G28450,0.12032960259454263,0.03421215685597955,3.5171592104258576,0.0015076261828822417,0.027257915133039927,True
AT1G22060,0.1346220967401436,0.038287263685996734,3.5161065006946575,0.0015117645150944028,0.02731667735202415,True
AT3G44200,-0.13408509961518456,0.03813786489962664,-3.515799847948416,0.0015129720763742576,0.02731667735202415,True
AT5G52230,0.08418751689638342,0.023948036478165957,3.515424614169907,0.001514450974642958,0.02731667735202415,True
AT2G07798,0.08794371811886659,0.025017624212650188,3.515270569712921,0.0015150585116843448,0.02731667735202415,True
AT3G03610,-0.13119408290552143,0.03732131224085112,-3.5152591114392586,0.0015151037114991884,0.02731667735202415,True
AT1G30480,0.0691353337542196,0.019670705486492288,3.5146341752559036,0.001517570899513276,0.027339281269558143,True
AT2G07672,0.0904075937891551,0.02572494635091472,3.514393871065951,0.0015185206345368425,0.027339281269558143,True
AT5G55100,0.10884775854992793,0.030972822833663198,3.514298943124596,0.0015188959695087087,0.027339281269558143,True
AT2G40150,-0.1240472111133399,0.03530802349588471,-3.513286749902557,0.0015229036740924495,0.027381475902553222,True
AT3G07050,0.13351248856928927,0.03800224687510207,3.5132788071213397,0.0015229351634803968,0.027381475902553222,True
AT1G43650,-0.1654555817235628,0.04710931922156537,-3.5121624438126404,0.0015273673074444004,0.027439112849496135,True
AT3G48060,0.1085440359862413,0.030906231492353907,3.512043712385145,0.0015278394260498172,0.027439112849496135,True
AT2G19060,-0.1628448703966337,0.046374080413515414,-3.511549316871708,0.0015298068418753276,0.0274591829189722,True
AT2G40430,0.20134275639713523,0.05735348860287051,3.510558142178262,0.0015337585643951462,0.027514828127175334,True
AT3G02760,0.1439950729347969,0.04102497802051353,3.509936625993942,0.0015362415417089566,0.027531064196854475,True
AT4G34430,0.10324443024918098,0.029415163422312596,3.5099050366269897,0.0015363678463254393,0.027531064196854475,True
AT5G41080,0.23493716239738524,0.06694694052863472,3.5093039434251265,0.0015387731337695807,0.027558880919601653,True
AT3G27170,-0.20936899508589324,0.05967126948438104,-3.508706901915261,0.0015411658239063673,0.027586441332183284,True
AT3G60190,-0.10632047624126442,0.03030851480039017,-3.5079408193203756,0.0015442412458245556,0.02762618516685801,True
AT3G56230,-0.1833230564329568,0.05226989097882403,-3.5072400764567506,0.0015470595749716412,0.02766128821680064,True
AT1G31870,0.09354855501235985,0.02668602887536684,3.5055255110928862,0.0015539764665821717,0.02776959383783373,True
AT5G21940,0.3358316688483258,0.09582530540228128,3.5046240389058108,0.0015576252026499326,0.027819409990280083,True
AT1G02335,-0.1619779822351758,0.046222281646078764,-3.504326841228468,0.0015588299394503331,0.02782554503519382,True
AT1G16880,-0.15025549481863756,0.04288104992085088,-3.5040069003901873,0.0015601278792408255,0.02783333608525225,True
AT5G11560,0.11725454682320939,0.0334666712398465,3.5036214382625044,0.0015616930186629523,0.027845882858709342,True
AT4G32040,-0.10261640333416111,0.029294382312057776,-3.502937943563448,0.0015644720412866463,0.027876161305593575,True
AT3G26570,-0.16523536865405986,0.0471726428297113,-3.502779550650652,0.001565116735533342,0.027876161305593575,True
AT1G61930,-0.08717797969422916,0.024894966581501428,-3.501831561365021,0.001568980650775187,0.027929584488096702,True
AT3G02620,-0.13564404654959367,0.03876411743512131,-3.499216686065877,0.001579686647123338,0.02809361787807725,True
AT1G10410,-0.16799980759827055,0.0480115178092983,-3.499156353805885,0.0015799344976466733,0.02809361787807725,True
AT3G45030,0.11673354975020833,0.033366842128419234,3.4984895873854343,0.0015826761483384644,0.0281268887110382,True
AT3G18260,-0.13852551256702167,0.03960039238050665,-3.4980843431039093,0.0015843447097361036,0.028141062796516642,True
AT2G02080,0.07449116929835542,0.021296170402016566,3.4978668883726503,0.0015852407655392174,0.02814150763395966,True
AT4G29080,-0.21250902354277743,0.060767934280407984,-3.4970585401533363,0.0015885759996423425,0.02818522897992556,True
AT5G42020,0.1701625862788605,0.048662490283147564,3.496791579895572,0.0015896789679347187,0.02818931820801472,True
AT3G45440,-0.09998462487832563,0.028596771221736334,-3.496360624178703,0.0015914610639758936,0.028205439120130085,True
AT2G32800,-0.08789628474129363,0.02514529137918512,-3.495536536675522,0.0015948742409066003,0.028249062843085128,True
AT2G38110,-0.13928830899762468,0.039850045363882765,-3.495311177835337,0.0015958088594435439,0.028249062843085128,True
AT3G18130,0.16233618561427027,0.0464481712952875,3.494996274067316,0.0015971157323057122,0.028249062843085128,True
AT5G46600,-0.09806898295935704,0.028062074379155755,-3.4947160938395117,0.0015982793723097824,0.028249062843085128,True
AT4G30800,0.18905053827635201,0.0540961629189431,3.494712528125564,0.0015982941866711942,0.028249062843085128,True
AT2G23840,-0.0671482300550289,0.019216321711245904,-3.494333154077659,0.0015998711211073593,0.028261474057877347,True
AT5G02490,0.16179125527609237,0.04630453625273497,3.494069228833626,0.0016009690620569937,0.02826541498688492,True
AT2G20780,0.10011688274049226,0.02865576974776251,3.4937774703577644,0.0016021836406385015,0.028271409746253057,True
AT3G04495,-0.03493525392710038,0.010005428057179617,-3.4916301159181105,0.001611150513198438,0.028414116774524198,True
AT5G59820,-0.08318859926338566,0.023834622929999386,-3.4902418849966597,0.0016169733276632141,0.028492919991671032,True
AT5G48290,-0.15726550584146837,0.04505988405095633,-3.4901444855833055,0.0016173826260399479,0.028492919991671032,True
AT5G03760,-0.14141718277049048,0.040523994612964354,-3.4897147756812843,0.0016191895812139921,0.028509207727216823,True
AT3G58730,-0.13639587413470927,0.039094558360249165,-3.4888710822065407,0.0016227430561256359,0.02855621209170107,True
AT3G51800,0.15364228035714467,0.044043253786207895,3.4884407292645943,0.001624558530283896,0.028572597471389436,True
AT2G46020,0.13958664393417122,0.04002013393793841,3.487910464033841,0.0016267981990661672,0.028583220589451567,True
AT5G09175,0.07345846416360624,0.02106107112717521,3.487878831994561,0.0016269318971184942,0.028583220589451567,True
AT3G14172,0.0946371185075662,0.027141642498627307,3.4867867157395684,0.0016315544446625382,0.028648854648153234,True
AT4G34250,0.11615984054249366,0.03331990974325807,3.486199135518288,0.0016340467314842184,0.028677031964977517,True
AT1G13120,0.12988609155977573,0.03726125307497388,3.4858218884488434,0.001635648811551898,0.02867969405422062,True
AT4G23680,0.3343713009801081,0.09592533621318168,3.4857454159661323,0.0016359737578361634,0.02867969405422062,True
AT3G12340,0.15053204841920864,0.04319451057946332,3.484980994107584,0.001639225373919757,0.02872111312688364,True
AT1G54290,-0.13653560998896597,0.03918120170128252,-3.484722368392717,0.001640326905834094,0.028724835772679536,True
AT5G53120,-0.11000955527894216,0.031578780974201054,-3.4836542730644595,0.0016448837139982774,0.028782807424081847,True
AT2G39220,-0.14495549895812498,0.041611681750869864,-3.483528972127996,0.0016454190879407959,0.028782807424081847,True
AT1G77300,0.09973113182085629,0.028635756559719016,3.4827482770664706,0.0016487585736884925,0.028825617292912067,True
AT5G41220,0.19200345819454143,0.05514552356640473,3.4817596384471012,0.0016529969816203734,0.02888408841491219,True
AT1G61590,-0.14334523879786973,0.04117627913033086,-3.481257700438508,0.0016551528872363682,0.02890485463344266,True
AT3G03800,0.06922542514520422,0.019888201107597987,3.4807283358954817,0.0016574295465664043,0.02890485463344266,True
AT1G07720,0.08734406433484138,0.025096675559356248,3.480304159340291,0.0016592560095155964,0.02890485463344266,True
AT1G64670,0.10462702663289183,0.030064137894977937,3.4801272864827184,0.0016600181829051826,0.02890485463344266,True
AT2G34070,-0.1576689617374549,0.0453056057192445,-3.4801203788007564,0.0016600479560926,0.02890485463344266,True
AT5G62430,-0.11646313512919808,0.033466042977740966,-3.480039011682988,0.001660398700019788,0.02890485463344266,True
AT1G70690,-0.11229869965306757,0.03226948528822956,-3.480027606576949,0.0016604478690045985,0.02890485463344266,True
AT3G25290,-0.157669802459803,0.04532562545450144,-3.478601803698757,0.0016666058283783063,0.02899642849169343,True
AT5G51700,0.07842564685411632,0.022547749081738736,3.478202927033311,0.0016683325111282838,0.029010847740604803,True
AT4G21880,0.1017519849093755,0.029258134434837234,3.4777331800150897,0.0016703682048486105,0.029030622017457642,True
AT2G26070,0.16184394473846475,0.04654628462253428,3.4770539915469825,0.0016733157895575841,0.029066214970331173,True
AT4G22210,-0.23572549154291123,0.06780395351689916,-3.47657443727319,0.0016754000241868375,0.029074250403533234,True
AT4G36940,-0.11592433123448195,0.033346769836544915,-3.4763286460039624,0.0016764692548848041,0.029074250403533234,True
AT1G15280,0.12647781723006918,0.036382604590487824,3.4763266306430576,0.001676478024754168,0.029074250403533234,True
AT3G50500,-0.13211803209317985,0.03800839461762607,-3.4760224266854785,0.0016778022821205114,0.029078799095909883,True
AT3G25950,-0.0742584750116882,0.021364992468948945,-3.475707989114089,0.0016791721535748961,0.029078799095909883,True
AT5G13660,-0.08667686826110516,0.02493834441583278,-3.4756464509358533,0.0016794403761480653,0.029078799095909883,True
AT4G07270,-0.08742701424277273,0.02516090196654776,-3.474717017657387,0.0016834964900402356,0.029133416227482577,True
AT5G63690,0.07183168682162687,0.020677746327853158,3.4738643990843805,0.0016872257249765917,0.029182321171450053,True
AT3G03860,-0.16130139986240294,0.046438166410452564,-3.4734661665301307,0.0016889702796765312,0.02919686504337563,True
AT1G23160,0.14026418785633327,0.04038456369875387,3.4732129063625696,0.0016900806565131035,0.029200436326888696,True
AT4G15417,-0.1334784935966149,0.03843724099618446,-3.4726346152124936,0.0016926187291375129,0.029228657680226564,True
AT5G47090,0.14058966079365776,0.04049063601193398,3.472152444140941,0.0016947377612644972,0.029249616628576197,True
AT4G29940,0.10386111576452328,0.0299170693577525,3.471634020115324,0.0016970189840650833,0.029273350964313282,True
AT5G14580,0.12186257451175504,0.03511847113368386,3.4700421338920595,0.0017040423726180681,0.02937881804531332,True
AT5G26330,-0.1601972211418105,0.04616918945757209,-3.4697863017289112,0.0017051737251263812,0.029382644205391065,True
AT1G33520,0.10524138727059323,0.030339629690269078,3.4687762621027516,0.0017096474792343919,0.029428583372821927,True
AT2G33435,0.16373650791298938,0.04720300301193151,3.4687731174985132,0.0017096614253238032,0.029428583372821927,True
AT2G21620,-0.17520620992072716,0.05051538296559723,-3.468373387172949,0.001711435097658671,0.029443427353702874,True
AT1G29630,0.08596197853902812,0.024786825490641262,3.4680511456170415,0.0017128662364831405,0.02945236574482905,True
AT2G45540,0.1521327170888599,0.043897722331495734,3.4656175539136735,0.0017237117989728895,0.02962308750692292,True
AT3G16920,-0.20666043053561553,0.0596412931590439,-3.465056164770262,0.001726223115639307,0.029643067606472024,True
AT5G01710,-0.11297025043624082,0.03260452277203319,-3.4648644062701024,0.0017270817392941677,0.029643067606472024,True
AT1G07460,-0.07898867070477625,0.022797845988913806,-3.4647427104818176,0.001727626862576583,0.029643067606472024,True
AT2G24420,-0.12116656564797934,0.0349776295924353,-3.464115980980722,0.0017304368705194928,0.02967552274395663,True
AT1G13730,0.15673547981812003,0.04525541601122381,3.4633529781109074,0.00173386384999659,0.02971851837110866,True
AT4G27010,0.10195298750119042,0.029439691936534156,3.4631132595062417,0.0017349418873791205,0.02972122875892471,True
AT3G08040,-0.2536550071931436,0.07326079286345093,-3.4623568388882333,0.001738347840591735,0.029763388173074907,True
AT3G57660,0.091595000406266,0.026456044686874642,3.4621577597995237,0.0017392453146419084,0.029763388173074907,True
AT3G47890,0.13810980682887153,0.03989445851475427,3.461879468242288,0.001740500640777155,0.02976910280723616,True
AT3G10720,0.14882259906037115,0.04299760856356002,3.4611831688355013,0.0017436453751584794,0.029807110278304398,True
AT5G04860,-0.11666662134807693,0.03370958016109367,-3.4609336808866327,0.0017447734894394243,0.02981062224764588,True
AT3G18050,0.08407729021410087,0.024295317196935687,3.4606376830801513,0.0017461128249894751,0.02981773745379754,True
AT1G52200,-0.24570103581096142,0.07100918165110302,-3.4601305084487595,0.0017484100116416726,0.029827411849373254,True
AT4G38710,0.13888573975777435,0.04013916940067966,3.4601049755509554,0.001748525737185086,0.029827411849373254,True
AT3G01190,-0.2860048825355586,0.08270007266855327,-3.458338950702181,0.0017565481094936517,0.029948450063129496,True
AT2G37770,0.09065773308125565,0.02622376531950198,3.4570829923434254,0.0017622751211739196,0.030016425466185402,True
AT1G48950,0.12666443824518756,0.036639382130167986,3.4570571576559175,0.0017623931136634902,0.030016425466185402,True
AT1G18330,-0.1634688999926536,0.047293215525026494,-3.4564978967469355,0.001764949252696944,0.03004412297438649,True
AT1G21520,0.14969218123264436,0.04331887380764144,3.4555880168389486,0.0017691155919971546,0.030099186762420255,True
AT1G09540,-0.10718626776474904,0.031030647129600717,-3.454206653089811,0.0017754590641016073,0.03019121415897833,True
AT2G30860,-0.16561257595313028,0.047951251819216764,-3.453769602877396,0.0017774706598455052,0.030209521067305855,True
AT5G23000,-0.1023393085720256,0.029651569582346153,-3.4513959973625146,0.0017884341643930968,0.03037987351071323,True
AT5G67260,0.14307808910047276,0.04145994161379101,3.4509959139180273,0.0017902885556019704,0.030395393033601715,True
AT5G65530,-0.15112072538515797,0.04380542029601211,-3.4498179532114994,0.0017957592315340025,0.030472261035521055,True
AT5G25360,0.1143004491849167,0.03314211887820671,3.4487972722853684,0.0018005125532991409,0.03053688193414275,True
AT1G49450,-0.10349226646502523,0.030013672636676373,-3.4481706959966916,0.0018034365566179731,0.03057042586976395,True
AT5G40240,-0.14940844097713574,0.04334358390088375,-3.447071689290774,0.001808576326134681,0.03062634809872142,True
AT3G58270,-0.07937698224240058,0.023027585912118956,-3.447038805775384,0.0018087303320828542,0.03062634809872142,True
AT2G36885,-0.09336124463893816,0.027085901458196178,-3.4468575758141182,0.0018095793283747312,0.03062634809872142,True
AT3G61780,0.08535432911392549,0.024767002514133104,3.446292261860057,0.001812230097152666,0.030655152988955752,True
AT5G51030,-0.060522880356922784,0.017565118123411074,-3.4456289978634933,0.0018153449476366059,0.03065595573914014,True
AT2G07678,0.165814116731613,0.04812509298718555,3.445481482514017,0.0018160384200217009,0.03065595573914014,True
AT5G15790,-0.12639127732644587,0.03668372768715438,-3.4454316748923137,0.001816272624470876,0.03065595573914014,True
AT3G23450,0.1556370213380271,0.045172632723404695,3.445383010793368,0.0018165014801049813,0.03065595573914014,True
AT5G13780,0.15997138168431024,0.046432143199528056,3.4452724053008223,0.0018170217351342773,0.03065595573914014,True
AT3G21540,0.0947153899586864,0.02749583069902947,3.444718255485535,0.001819630461634046,0.03068394602553987,True
AT5G06250,0.10135341065589472,0.02943212223783143,3.443632431154325,0.0018247526242871786,0.030754268407978326,True
AT5G47190,-0.1473554601677312,0.04280945684520356,-3.4421240311588104,0.0018318913687129573,0.030853325770742172,True
AT4G04580,-0.037921497785088853,0.011017326543554586,-3.4419872766024064,0.0018325399162479256,0.030853325770742172,True
AT4G34360,0.12906994087287038,0.03750950436202449,3.4409929714652225,0.0018372620145749713,0.030916717931720183,True
AT3G02040,0.2155861870898762,0.06266471753478992,3.4403121177429394,0.0018405022772244742,0.030955121329956033,True
AT1G73630,-0.13415736763521635,0.03900223566199415,-3.4397353217868587,0.0018432516432589727,0.030970820826539982,True
AT3G21550,-0.2250139984648408,0.06541839538574266,-3.4396135389447435,0.0018438326435189127,0.030970820826539982,True
AT5G64270,0.1357823466059787,0.03947719886078578,3.4395132006403966,0.0018443114695677033,0.030970820826539982,True
AT4G18640,-0.16420000574625682,0.04775023734274526,-3.438726483549173,0.0018480699477180136,0.031017813995231843,True
AT1G25320,-0.1114000241243473,0.032397981143145065,-3.438486602981368,0.0018492174317989167,0.031020958465208307,True
AT4G33330,-0.09001840098007247,0.026189597804975286,-3.4371814966540457,0.0018554725814449308,0.031100753153814074,True
AT5G58300,-0.149908647999411,0.04361495748319869,-3.4370926088179417,0.0018558993494244185,0.031100753153814074,True
AT4G25570,-0.16389555106272458,0.04770541388744982,-3.43557549777053,0.001863197959481456,0.031206875517307598,True
AT3G16690,-0.17654083981455038,0.05139908030524567,-3.434708145867992,0.0018673831385240286,0.031243225860274827,True
AT1G79990,0.12018884641511814,0.03499438542347045,3.434517993692453,0.0018683018828696697,0.031243225860274827,True
AT2G22170,-0.14146262809405719,0.041189539337534616,-3.434430934874456,0.0018687226645288674,0.031243225860274827,True
AT2G37790,0.1409898911481749,0.04105316294943067,3.4343246906906146,0.0018692362991089553,0.031243225860274827,True
AT3G15950,0.15678233648339368,0.045657546931950274,3.433875602582591,0.0018714089125638222,0.0312633663681616,True
AT5G10010,0.13079517508799232,0.03810164510589637,3.432796004594334,0.001876641829057864,0.03132940902413665,True
AT3G56940,-0.14550707346799344,0.0423890129060882,-3.4326601044086757,0.0018773015528406496,0.03132940902413665,True
AT5G44568,-0.10364293764603758,0.030199409862253394,-3.4319524162484423,0.0018807406340620482,0.03137059842328896,True
AT5G63530,0.1589437995594744,0.04631809293831803,3.4315704614855456,0.0018825993131545541,0.03138539794051109,True
AT5G58650,-0.15054048959063193,0.04388453665786123,-3.430376644153652,0.001888420165382129,0.03146051691347817,True
AT1G49300,-0.17629651454439357,0.05139469769197934,-3.4302471356282815,0.0018890526730059008,0.03146051691347817,True
AT1G07135,0.1274750397498769,0.037173363856059904,3.429203777292709,0.0018941558201986185,0.03152925316578937,True
AT3G12500,-0.2362940828940137,0.06891815014366565,-3.4286190561040732,0.0018970215657726798,0.03156069504044774,True
AT4G20400,0.11245587542898844,0.03281115736950736,3.4273669216404383,0.0019031724487657924,0.03162315491292082,True
AT1G66190,-0.08832561464457452,0.025770966543633235,-3.4273303057931104,0.0019033526074701116,0.03162315491292082,True
AT2G34770,0.14419797502055792,0.042073869854122384,3.427257238768814,0.0019037121639676562,0.03162315491292082,True
AT1G49470,-0.2398835791622011,0.0700066853878646,-3.4265810162722548,0.0019070429155687246,0.03164972049109598,True
AT2G22840,0.1927777674512542,0.05626352311116601,3.426336581702536,0.001908248270927686,0.03164972049109598,True
AT5G21280,-0.10523053090852309,0.030713005499911714,-3.426253119670284,0.0019086600075114578,0.03164972049109598,True
AT1G73170,-0.10321001714032885,0.030124305470500667,-3.426137649593204,0.0019092297885154623,0.03164972049109598,True
AT5G03560,0.18784265719459148,0.05484244352923774,3.425132891725518,0.0019141946624580165,0.031701569747915145,True
AT2G02810,0.1256936127782347,0.03669771242811981,3.42510757378766,0.0019143199287561502,0.031701569747915145,True
AT3G61600,-0.11211921829853169,0.03275673597316331,-3.4227835884011117,0.0019258522082289803,0.031876208501880186,True
AT1G78510,-0.09728928241891974,0.028428042313447976,-3.4222997611374995,0.001928261533712795,0.031899744952753044,True
AT1G63300,0.14897883506176327,0.043540983856535556,3.4215771410365443,0.0019318654103905656,0.03194300897866366,True
AT2G09990,0.16738813432689034,0.04892988768394456,3.4209793287920354,0.0019348517637201793,0.03197602334221753,True
AT3G04470,0.1063439758371071,0.031093694377972485,3.4201138836832365,0.0019391829803717248,0.032031218258093075,True
AT2G17410,0.10720097350322706,0.03135354676843567,3.41910196938704,0.0019442591097537866,0.032091485149972655,True
AT5G60210,0.13355978466290025,0.039064097176459825,3.4189906926451097,0.001944818097856525,0.032091485149972655,True
AT2G17525,0.10064280338335281,0.02944111658868191,3.4184438311026244,0.001947567464072602,0.03211294333127024,True
AT5G01790,-0.11791429444522233,0.03449814273110652,-3.417989639740825,0.0019498537843836204,0.03211294333127024,True
AT5G14520,0.15272594050976612,0.04468332483182353,3.417962765407163,0.001949989146402199,0.03211294333127024,True
AT4G37800,-0.3620001371457525,0.10591380883092565,-3.417874790279967,0.00195043232758866,0.03211294333127024,True
AT1G61795,-0.19912499384938162,0.05826210413782951,-3.417744635145953,0.0019510881723137047,0.03211294333127024,True
AT3G59400,-0.11595189950752618,0.03393650760319221,-3.4167304680644057,0.001956205815399838,0.03218078090109641,True
AT5G40140,-0.08543163997438784,0.025015516640161974,-3.415145935352334,0.001964227602997727,0.032296300063742275,True
AT1G05630,0.0711503557493526,0.02083564881189221,3.414837540779754,0.0019657925615284666,0.032305590981903984,True
AT1G06000,-0.17911706050468418,0.05245801490601845,-3.414484151289039,0.00196758733052139,0.03230611083312777,True
AT3G56710,0.10813762680517613,0.0316706996528852,3.414437571331797,0.0019678240155868473,0.03230611083312777,True
AT5G22010,0.09039754271313132,0.026480709601365688,3.4137130036904013,0.0019715092816369414,0.03233516389170517,True
AT5G08470,0.07995753544653988,0.023422569843256955,3.413696105150417,0.0019715953098721466,0.03233516389170517,True
AT3G13300,0.16563899048770175,0.04854480330863617,3.412084902983517,0.001979814418756009,0.032441055449510876,True
AT2G20560,0.11269040110068039,0.03302731073970203,3.41203684395701,0.0019800600868623433,0.032441055449510876,True
AT1G09500,0.10688067627592236,0.03132685093003551,3.4117912622186823,0.0019813159116201136,0.032445177794492776,True
AT3G45330,-0.06549512523980852,0.019198293990104046,-3.4115075679937314,0.0019827675897528757,0.0324525015487972,True
AT3G17740,0.07019315061581097,0.02058422621366119,3.410045628493224,0.0019902647280910066,0.03255871549361637,True
AT2G01023,0.0791843328198164,0.02322334766207896,3.4096864057680736,0.001992111089023992,0.03256204885153409,True
AT5G22870,-0.10990516025225897,0.03223390234115527,-3.409613862108634,0.001992484155482463,0.03256204885153409,True
AT5G41750,0.059976320062642946,0.017595939003163138,3.4085319375033802,0.0019980561336064196,0.032627628664056545,True
AT1G04130,0.09949132245538678,0.029189671995935078,3.4084426323544106,0.001998516732989814,0.032627628664056545,True
AT3G09290,-0.15038259815681038,0.04413821889215052,-3.4070835192571445,0.0020055391616946652,0.03272573978545098,True
AT5G26670,-0.10101103394308174,0.02965032722849804,-3.4067426360811375,0.002007304215791013,0.0327380070206925,True
AT1G24460,0.1529348134524739,0.04490803745598572,3.405510953409287,0.0020136942505020175,0.03282565466169005,True
AT4G20780,-0.18273865127937572,0.05366730837468691,-3.4050273213546793,0.0020162087313739165,0.032850069542087676,True
AT4G00550,-0.09196126338758129,0.027013541107311613,-3.40426540238705,0.002020176228377716,0.0328722548180419,True
AT1G78230,-0.08562040180065913,0.025151039797040857,-3.4042489889715335,0.002020261779990891,0.0328722548180419,True
AT5G49690,0.10983261892522468,0.03226483684895939,3.404096522768161,0.0020210566466406015,0.0328722548180419,True
AT5G62260,0.06955337583921822,0.020432928795353012,3.4039846434073855,0.002021640110292775,0.0328722548180419,True
AT4G01140,-0.16537054702350648,0.0485847659663762,-3.4037530846182027,0.0020228482330633657,0.03287535390444883,True
AT5G16770,-0.12668088859907067,0.03722747888703857,-3.402886587712953,0.002027375242944812,0.03292850551778588,True
AT1G10480,-0.1256751248709907,0.036933539051086775,-3.402737135403023,0.0020281570454174966,0.03292850551778588,True
AT5G09530,-0.2691581042108381,0.0791276296704707,-3.401569152668351,0.002034276943849813,0.0330084308224903,True
AT1G11740,-0.11137526074134214,0.032743870590642064,-3.4014079194770668,0.002035123160679708,0.0330084308224903,True
AT1G24190,0.1624560647351198,0.047781855351498016,3.3999530478681304,0.00204277431369124,0.03311590331211755,True
AT1G02860,-0.11718400913246695,0.034475321522171525,-3.3990693620392896,0.0020474351693992804,0.03317481589173588,True
AT1G34110,0.09736540005160624,0.028650331750583322,3.3984039312083665,0.00205095165607017,0.033206252505628225,True
AT3G13440,0.10304017596191403,0.03032097568279675,3.3983133339728266,0.0020514308706934274,0.033206252505628225,True
AT3G22520,0.10140274956155647,0.029848678918800883,3.397227389440194,0.002057183408786232,0.03328269341736323,True
AT2G18860,-0.1493946700061598,0.04397911988868064,-3.3969454228348726,0.00205867960836512,0.03329022996329763,True
AT5G13460,0.13883976288282138,0.04087774842174666,3.396463069599001,0.002061241557920111,0.03330251329449699,True
AT2G44480,-0.07841999774459593,0.023089055283603603,-3.396414308916523,0.0020615007146304117,0.03330251329449699,True
AT5G13400,0.11365089202807177,0.03347063135223895,3.395540730380317,0.0020661490095727785,0.033339305907955696,True
AT1G71280,0.06912408416469121,0.02035749815806651,3.395509783568434,0.0020663138625707502,0.033339305907955696,True
AT2G33210,0.16354427414555872,0.04816635727856782,3.3954046638758304,0.0020668739278106797,0.033339305907955696,True
AT5G18820,0.07474475684238518,0.022021641386966374,3.3941501239150713,0.002073569298707607,0.033430614007956126,True
AT5G01870,0.3008233339242114,0.08866065452169913,3.39297443208686,0.002079862881850508,0.033505840864290266,True
AT5G44040,-0.1443960563525682,0.042559796457850387,-3.392780707858239,0.002080901674367745,0.033505840864290266,True
AT1G09460,0.1427113858936691,0.04206550911487443,3.392598565821378,0.002081878817778372,0.033505840864290266,True
AT1G78580,-0.1657807232663545,0.048868410854233046,-3.3923903063034504,0.002082996617714517,0.033505840864290266,True
AT5G07250,-0.0891126387498222,0.026269003488825767,-3.3923113523407418,0.002083420542151077,0.033505840864290266,True
AT4G19810,-0.12526381405167014,0.03693234173777604,-3.3917105755453556,0.0020866490008835054,0.033526592933659415,True
ATCG00570,-0.06993624900506111,0.02062057779008119,-3.3915756249420665,0.0020873748639108586,0.033526592933659415,True
AT1G01550,-0.16585927625205496,0.048904514285365165,-3.391492149052769,0.002087823980393164,0.033526592933659415,True
AT3G22310,0.1679688444466978,0.0495313186992083,3.391164395737814,0.0020895882598411185,0.0335382548868389,True
AT1G59640,0.08610870993536318,0.025393707920413535,3.3909466945605833,0.002090760930195191,0.03354039015643078,True
AT4G06744,-0.1946004817629492,0.05739150096305172,-3.3907543538237785,0.0020917975228328957,0.03354039015643078,True
AT1G53708,0.08294768079117956,0.024464705012246273,3.390504024048462,0.002093147382644288,0.03354538630250709,True
AT1G14810,0.1424034750014787,0.04200664208837879,3.3900228135796384,0.0020957445904779635,0.033570357944349295,True
AT3G53470,-0.05729237571135613,0.016902575873126085,-3.3895647705653555,0.0020982196498485193,0.03358767424504806,True
AT5G59720,-0.08402674361357415,0.024790759364331314,-3.3894380716094945,0.00209890477268724,0.03358767424504806,True
AT4G06536,-0.06665148835929408,0.019668299471848304,-3.3887773803065135,0.0021024809548865985,0.033628246124470844,True
AT4G12543,-0.06822499768945321,0.020136877805747782,-3.388062357411702,0.0021063578543782284,0.03367297786504185,True
AT4G16220,0.09120497709824128,0.02692155750858797,3.3878046271708806,0.002107756976543419,0.03367297786504185,True
AT4G09500,-0.09100445396559853,0.02686334256984598,-3.387681697799988,0.00210842463080334,0.03367297786504185,True
AT4G36920,-0.09816855387621784,0.028979701468968753,-3.387493621400344,0.002109446507129429,0.03367297786504185,True
AT5G58110,0.13945112225042888,0.0411755933557281,3.3867422636917333,0.0021135336374939356,0.0337215596512551,True
AT2G04850,-0.13286007677899875,0.03924894447643597,-3.385061141166852,0.0021227060944049568,0.033851190130370065,True
AT5G15220,0.13310076343976696,0.039330084099613354,3.3841972751102114,0.0021274344203766507,0.03390633698464061,True
AT5G01830,-0.09739505004692643,0.028780815875569837,-3.384026723495311,0.0021283691274563378,0.03390633698464061,True
AT1G70230,-0.12510293435593126,0.03697205963210124,-3.383715584168045,0.002130075346559084,0.03390633698464061,True
AT5G51550,-0.24269159328186102,0.07172450936994058,-3.3836633448422297,0.0021303619449323853,0.03390633698464061,True
AT5G57280,0.1313419095965757,0.03882652027188433,3.3827885856586812,0.0021351666356827356,0.03396607524976539,True
AT4G01970,0.10951594229357584,0.0323840998215188,3.3817812722033413,0.0021407123570796613,0.034031388772571274,True
AT5G58860,-0.25400598687254394,0.07511280257371065,-3.3816603584093343,0.0021413789772087464,0.034031388772571274,True
AT2G04842,-0.04733055314513043,0.013997621209710742,-3.3813283297232837,0.0021432105440773452,0.03404375096784412,True
AT4G08170,0.12303450903077023,0.036388828706873266,3.381106603399163,0.0021444344934077137,0.03404645407740041,True
AT5G22070,-0.11804437058364756,0.034922938956473824,-3.380138502397294,0.002149786410699171,0.03411466067941037,True
AT5G09440,-0.14522859952864578,0.04297408624522871,-3.379445899091574,0.002153623216809333,0.03415876902891151,True
AT3G11540,0.14933407409157368,0.04419606550687511,3.3788997364107756,0.002156653449976772,0.03418201792694613,True
AT2G35155,-0.10149260684001098,0.030038833642888358,-3.3787133031391576,0.0021576887658892128,0.03418201792694613,True
AT1G13690,0.10466761781662567,0.03097949137023207,3.378609950878661,0.002158262916554833,0.03418201792694613,True
AT2G40880,-0.11320214212298552,0.033512444851022054,-3.377913566921785,0.0021621353716117734,0.034226571152084655,True
AT3G25870,-0.09775669089044486,0.02894542647602874,-3.3772758874844158,0.0021656872663990173,0.03426600876106065,True
AT3G57130,-0.05115775655694717,0.015149531551986159,-3.3768540222776853,0.002168040164989936,0.03428573969729114,True
AT3G16780,0.15997214807406918,0.0473756860691217,3.3766719038256854,0.002169056669697703,0.03428573969729114,True
AT2G29730,-0.19203682373285258,0.05688252400482913,-3.376025011065777,0.002172671060904629,0.03432607790061989,True
AT5G14640,0.15028696216967397,0.044523163767612534,3.37547805349352,0.0021757316196630095,0.034357630938265965,True
AT3G28420,-0.08114798101735364,0.02404250704054298,-3.375187990192265,0.002177356388167805,0.034366491228780466,True
AT1G29950,-0.15856915939985874,0.0469907726439023,-3.3744744016341532,0.0021813584902054877,0.0344128473926021,True
AT1G14920,0.08037905447392779,0.023821956811145212,3.3741583494233387,0.002183133311307212,0.034424038143008644,True
AT5G24230,-0.10026408884070107,0.02971963045088851,-3.373665396223106,0.0021859043201305243,0.034438311664434264,True
AT4G13670,-0.05595914469959919,0.016587278983339105,-3.3736181055257277,0.0021861703309837715,0.034438311664434264,True
AT3G31910,0.06523834079842177,0.019340335782208288,3.3731751885319556,0.002188663263058715,0.03446078039286746,True
AT4G37100,-0.09627818086764975,0.028547891491213534,-3.3725146005014848,0.0021923864435119526,0.03450258821404173,True
AT2G23700,-0.09790066521148351,0.029033714021910517,-3.3719649211121254,0.0021954891852359708,0.034534595952185485,True
AT1G09155,-0.0695449538349743,0.020641861668741598,-3.3691221727489666,0.002211603245359426,0.034771138323268946,True
AT1G21650,0.08749769496695385,0.02597339790910882,3.3687427141085986,0.0022137628167701985,0.03478816286334063,True
AT2G08650,-0.16747398381569228,0.04972225563835735,-3.3681895896632943,0.00221691439994171,0.03482075223515639,True
AT5G22840,0.09310318126037573,0.0276442750061987,3.3679009935872477,0.0022185604767146045,0.03482967465606033,True
AT2G32550,-0.0758118547070877,0.022513663540013978,-3.3673708666892797,0.002221587256839878,0.03486025385198622,True
AT5G25450,0.10203081368288637,0.030315679358225014,3.3656119817484536,0.0022316582563289664,0.034985469183485836,True
AT1G07175,-0.10570041673716202,0.03140612309759463,-3.3655990078335245,0.0022317327056598567,0.034985469183485836,True
AT5G49665,0.10185763197591056,0.030271062393597413,3.3648515751285397,0.0022360258124831897,0.03501416899579101,True
AT3G26500,-0.08653087380659606,0.025716902291618993,-3.3647471544345384,0.0022366262186698832,0.03501416899579101,True
AT3G45310,-0.15742212961193552,0.0467861790033962,-3.364714387137883,0.002236814658680635,0.03501416899579101,True
AT3G06010,0.09655349093868752,0.028699644761245747,3.3642747755912112,0.0022393442837664707,0.035016437132596986,True
AT5G53900,0.1253702706407405,0.03726663837421638,3.3641421955429247,0.0022401077213523063,0.035016437132596986,True
AT5G49160,0.1330766496297443,0.039557590286051526,3.364124272167021,0.0022402109490568564,0.035016437132596986,True
AT5G58620,-0.12213256051325169,0.03631403315505172,-3.363233160904398,0.002245348998299942,0.03507977794297526,True
AT3G10060,-0.08841654945050338,0.026293838991469136,-3.3626337135170545,0.0022488117424867993,0.03510519947071469,True
AT1G34040,-0.1161193493019036,0.034532861787457146,-3.362575335244294,0.002249149243380464,0.03510519947071469,True
AT4G23490,-0.07983542041795647,0.02374568123487833,-3.362102760003867,0.002251883131259058,0.0351308991249874,True
AT2G23130,-0.07716118047329462,0.022953771441181072,-3.3615905199291443,0.0022548501055950953,0.03516020852397294,True
AT2G44600,-0.08740544966353217,0.02600723218284224,-3.3608132172248686,0.0022593595709036645,0.03521353033107887,True
AT2G35620,-0.10725073683721094,0.03191449426013608,-3.3605651389305025,0.002260800610290587,0.0352190004425644,True
AT5G12880,-0.10748880684909395,0.03199186521001816,-3.3598793363080985,0.0022647889232088473,0.0352378289657321,True
AT1G61260,-0.0949569324061796,0.028262710152408114,-3.3597957129418754,0.0022652757024453104,0.0352378289657321,True
AT5G61640,-0.10296505814543921,0.030646433290739107,-3.359772968313207,0.00226540811846553,0.0352378289657321,True
AT1G08570,-0.17273483633704656,0.05141572385928828,-3.3595721964311487,0.0022665773080604973,0.0352378289657321,True
AT2G36880,-0.19221319950363663,0.05721618161840905,-3.3594202560660373,0.0022674625157001775,0.0352378289657321,True
AT1G56290,0.09674641830015818,0.028801589552031284,3.359065239277218,0.0022695321512825888,0.03524548455525161,True
AT5G27930,-0.12247377497633305,0.03646179712397868,-3.3589615607780776,0.0022701369079661583,0.03524548455525161,True
AT5G53590,-0.18591979259567695,0.05535384162727714,-3.3587513915937466,0.00227136330195313,0.03524758737886824,True
AT1G01120,-0.10638980079118579,0.03167941982398281,-3.3583254170154877,0.00227385094004939,0.035257804368903946,True
AT5G42220,0.10579850400272295,0.031503918040978005,3.358264958190532,0.0022742042249774314,0.035257804368903946,True
AT5G56550,0.3260981739319604,0.09711357695635213,3.357905085491041,0.0022763082002622797,0.03527349719053909,True
AT4G09420,-0.09411245784764796,0.028029008791487245,-3.357680556874743,0.0022776218453987966,0.035276933941989316,True
AT4G36250,0.1788241797822951,0.05326857784521848,3.3570293598207406,0.002281435929744618,0.035302854384651076,True
AT3G46690,-0.11720542909768153,0.03491351525235955,-3.357021722118356,0.002281480700583474,0.035302854384651076,True
AT1G47530,-0.1296128371309208,0.038612944288420256,-3.35671986478873,0.0022832508129865116,0.035313331985055624,True
AT4G27030,-0.13897905954841416,0.041408037737125564,-3.356330489039535,0.0022855360966911624,0.035317014155437775,True
AT4G30450,-0.21083942185799004,0.06281887600608498,-3.3563068183131293,0.0022856750935968425,0.035317014155437775,True
AT4G27440,-0.10495831393622182,0.03127997629447023,-3.3554473618567506,0.00229072743701094,0.035378160976284156,True
AT3G57000,0.12978367867937415,0.03868077044229624,3.3552506114888465,0.0022918855553833296,0.03537913540796942,True
AT2G34020,0.15343225844477873,0.045740374274754345,3.3544163308139603,0.002296802604562508,0.03543627247601383,True
AT1G68620,0.13820822216264778,0.04120542487698075,3.3541268552689347,0.0022985110808204437,0.03543627247601383,True
AT2G35940,-0.12248818657362624,0.036519325889981996,-3.3540648297461395,0.002298877313124052,0.03543627247601383,True
AT2G35945,-0.07480779573992764,0.022306324417705626,-3.3536585561603784,0.0023012775650245736,0.035448889190117856,True
AT3G12710,0.0958287439723151,0.028575271902561362,3.353554930258614,0.0023018901705675592,0.035448889190117856,True
AT3G54900,-0.12625929773541572,0.0376583139310231,-3.352760242178626,0.002306593362809389,0.03550439493044714,True
AT2G34170,0.10648455540699493,0.03176854059795529,3.351886910846908,0.0023117726804467976,0.03556717311074075,True
AT1G69310,-0.21866002832740095,0.06524531202243869,-3.351352327845424,0.002314948574735253,0.03558923240767008,True
AT4G37910,0.15781494797699175,0.04709101985810333,3.35127479618251,0.002315409530499938,0.03558923240767008,True
AT2G26870,0.07475606765870343,0.022310128166522204,3.350768184778058,0.0023184237117838905,0.03561861707276544,True
AT3G62110,-0.09752285731575082,0.029106829608787767,-3.3505145914726238,0.002319933934822295,0.03562487904000643,True
AT2G24090,-0.1001821813780881,0.029910095082778736,-3.3494437614064876,0.002326321514751287,0.03570599611406144,True
AT1G02950,-0.17204492203025404,0.05137441105064555,-3.3488446584944778,0.002329902604976755,0.0357439806572621,True
AT5G14310,-0.08500550365966755,0.025386106099672418,-3.348505017898923,0.0023319351409201304,0.03575818342097223,True
AT2G27580,-0.10227432386206636,0.030545004317328466,-3.348315907883018,0.0023330675869131967,0.03575857716583419,True
AT1G17500,0.12226441807433791,0.03651729894635316,3.3481232621819634,0.002334221751046028,0.03575930325014041,True
AT1G60620,0.07366072022778153,0.022003208487055483,3.3477263223277745,0.002336601603329135,0.03576506806877877,True
AT1G62560,-0.11148209912018295,0.03330118902936053,-3.3476912497596696,0.0023368119933514495,0.03576506806877877,True
AT3G27630,-0.08899034714707012,0.026589822835407124,-3.3467822519136976,0.002342271182204918,0.03583164755012249,True
AT2G37600,0.14810384356537037,0.04426041418572609,3.3461919932311344,0.0023458226971871405,0.03585915294003185,True
AT4G16140,0.14589235202677725,0.043600525040965316,3.3461145683384,0.002346288938538096,0.03585915294003185,True
AT3G51642,-0.2578322451474898,0.07708566817159611,-3.3447494360889993,0.002354524260087515,0.03596800204215959,True
AT5G63400,0.12552075215692537,0.03753105600320314,3.344450317257597,0.002356332449623182,0.03597861300324924,True
AT4G27745,-0.17996525594170798,0.05381743258912628,-3.3439955658172673,0.002359084012690615,0.035980882226729766,True
AT3G23940,0.1705788705461906,0.05101201117661221,3.3438962042805507,0.0023596856315912787,0.035980882226729766,True
AT5G17040,-0.10153239685522181,0.030363705831415972,-3.3438736832370033,0.002359822013632127,0.035980882226729766,True
AT5G02750,0.1349643807756529,0.0403731559075237,3.3429237259726268,0.0023655816552383135,0.036051687593912585,True
AT3G13222,0.09198686625116738,0.027525662147392185,3.3418584359062304,0.002372056691581153,0.0361333237379988,True
AT4G15233,0.08788426048555893,0.026303826341206857,3.3411207687256455,0.002376550385148894,0.036184715548433374,True
AT3G53620,-0.15295959254157648,0.04578454709739905,-3.3408562984401757,0.002378163473748404,0.036192055685890685,True
AT5G51840,0.13130717635412442,0.03930558807064401,3.3406745147312336,0.0023792728427630633,0.036192055685890685,True
AT2G32430,-0.10981899980737293,0.03288128927348274,-3.339862950445102,0.0023842316552729207,0.03625041908245308,True
AT1G21380,-0.15586539195924753,0.046674719925755656,-3.3393964057455263,0.002387086842032356,0.03627401044842457,True
AT3G45710,-0.14863915940362082,0.044513996832864715,-3.3391555461018596,0.0023885621586952816,0.03627401044842457,True
AT1G62180,-0.16019331141489127,0.047977101131902185,-3.3389535348222896,0.002389800198743276,0.03627401044842457,True
AT5G57560,0.17708180556001804,0.05303634927672954,3.3388762230984708,0.0023902741726669324,0.03627401044842457,True
AT5G22060,0.138930335758475,0.04161580276318429,3.338403359633872,0.0023931751234538964,0.03629160735559221,True
AT3G10300,-0.09213338658359109,0.02759871936019497,-3.3383210786393613,0.0023936802523992387,0.03629160735559221,True
AT2G24610,0.09317344370837397,0.027913395380808278,3.337947334505745,0.0023959759888279304,0.036309375339137716,True
AT3G04980,0.07857523740064329,0.023545886111748286,3.337111078671104,0.00240112041151037,0.03637027631293415,True
AT1G73300,-0.08194919234159749,0.02456165660064843,-3.336468450561841,0.0024050809230246315,0.03641319566166955,True
AT1G63780,0.14220369503597274,0.04262474534638125,3.3361769995429555,0.0024068792084900705,0.03642335379255536,True
AT5G24630,0.14399652390609707,0.04318037256555755,3.334767982547577,0.0024155913000212794,0.03653808020242861,True
AT4G38062,0.12092126116513778,0.03628023461943935,3.33297902931275,0.002426696386850724,0.03666236489007711,True
AT2G42720,0.10294099988600788,0.030885784546534567,3.3329572616460545,0.002426831814187462,0.03666236489007711,True
AT5G49430,0.09214963784351933,0.02765005372000835,3.3327109877127397,0.0024283645127905346,0.03666236489007711,True
AT5G33355,-0.5582544984635526,0.16750809335793465,-3.3327016460671137,0.0024284226693727312,0.03666236489007711,True
AT4G18070,-0.15623991374671137,0.046883250798883266,-3.3325315775763764,0.0024294816685646444,0.03666236489007711,True
AT5G03680,-0.10184069549644695,0.030562287028137222,-3.3322341159445017,0.0024313350022929,0.03666643443466794,True
AT3G18170,-0.138089543755099,0.041441897554187035,-3.3321240557226193,0.002432021077516896,0.03666643443466794,True
AT3G22680,0.10281375932563185,0.03088215586525803,3.3292286903226147,0.0024501369067947837,0.0369223289746421,True
AT2G37950,-0.07552037796035524,0.02269488348104736,-3.3276389377994726,0.002460138973072145,0.03705577159952817,True
AT3G54690,0.06453713997185269,0.019401629647269585,3.326377275783897,0.002468104827617825,0.037156725265373954,True
AT3G23470,0.13849116721493354,0.04163628456158628,3.3262133899119752,0.0024691413892338936,0.037156725265373954,True
AT1G62320,-0.07119849396022851,0.021409363327960087,-3.3255773592877036,0.002473168194094698,0.037199995895254,True
AT5G54540,-0.12047360690587461,0.03623329384627786,-3.3249421765791385,0.002477195946777451,0.037243240504621994,True
AT2G29995,-0.21742483724145184,0.06540000490419248,-3.324538546441512,0.002479758687180353,0.037264429499586055,True
AT4G34930,-0.08467187540756768,0.025472150412351055,-3.324096082854143,0.00248257092566782,0.037289346367922645,True
AT3G22530,-0.1888341673518191,0.056814221268168666,-3.3237130270694624,0.0024850080582503376,0.03730860843587833,True
AT2G20830,-0.11331819632036859,0.03409733817603332,-3.323373681996644,0.002487169014143826,0.037323708164409136,True
AT1G19570,-0.22737267248464285,0.06843667810691091,-3.3223803196502923,0.0024935051788981463,0.037401420067326004,True
AT1G06923,-0.20244972875066145,0.060941699099088545,-3.322023044048821,0.0024957878634794665,0.037418287740676605,True
AT4G19450,-0.12458658883282789,0.037507223399100134,-3.3216692024133394,0.0024980505926426,0.03743484072249061,True
AT5G27600,0.10753342119797767,0.03237759133820096,3.32122979979377,0.002500863214682672,0.03744618710295277,True
AT3G02495,-0.04392083061501545,0.013224430506458888,-3.3211888098745925,0.0025011257472584134,0.03744618710295277,True
AT1G15480,0.09845718766034114,0.02965294950971354,3.320316841604209,0.0025067168322586105,0.03750070262823739,True
AT1G60640,0.17355676266072229,0.052272219416458696,3.3202485870740612,0.002507154990102196,0.03750070262823739,True
AT1G78990,-0.16193953419439056,0.048776855153349154,-3.320007689820719,0.0025087020124981503,0.03750070262823739,True
AT2G13440,0.0735278271246055,0.02214883387725333,3.319715499790622,0.0025105796673307273,0.03750070262823739,True
AT3G14370,0.11681021819540728,0.035187874770917366,3.319615604973974,0.0025112219162353876,0.03750070262823739,True
AT1G19485,0.056025647640130384,0.016877551714026388,3.319536422665456,0.002511731111687323,0.03750070262823739,True
AT1G16920,0.14840203174024807,0.04470940953550238,3.319257249917527,0.0025135271738662333,0.03751018450828828,True
AT1G25560,0.1476336473251601,0.04448100527167637,3.319026771617659,0.002515010892031252,0.03751499857370163,True
AT2G02250,-0.11821073105014711,0.03562043295296088,-3.318621399303376,0.002517622548743261,0.03753662525488972,True
AT1G20970,0.1803209166277615,0.05433921715631537,3.3184305196933517,0.002518853216802387,0.03753765155981011,True
AT1G80120,-0.09432012188082534,0.02843268139358187,-3.317313642536588,0.002526065743154001,0.03762254982386065,True
AT3G09630,0.12879651019432806,0.03882701672740831,3.3171879029121887,0.0025268789847342106,0.03762254982386065,True
AT1G74810,0.047050035429370064,0.01418692390567305,3.3164367231543235,0.002531742619928285,0.03767036664822879,True
AT2G15310,-0.08173709466039558,0.02464683832915768,-3.3163318381367817,0.0025324224321381945,0.03767036664822879,True
AT1G53090,-0.09106319585635826,0.027466506259678683,-3.3154269784228307,0.002538294587757891,0.037740340467496414,True
AT1G71190,-0.1566320735282665,0.04725112432387577,-3.3148856407025438,0.002541813908977866,0.03777528315784999,True
AT3G61590,-0.1613962700324099,0.048695839190102945,-3.31437495927193,0.0025451382375419117,0.03780729715712259,True
AT5G10965,-0.10433426112796457,0.03148923770063076,-3.313330799553609,0.002551948334571275,0.03789103802466145,True
AT1G18630,0.10442925760948427,0.03152170397379485,3.312931867398417,0.002554554835067494,0.03791231610757725,True
AT2G41170,-0.070790492061896,0.02136990515667274,-3.3126254675862103,0.0025565584986322622,0.03792463201667114,True
AT1G64000,-0.09990912462195257,0.030168626988302347,-3.311689479958487,0.002562688653801212,0.037981441281373596,True
AT4G11140,0.07148893457387898,0.021586897423239347,3.311681765667615,0.00256273923654073,0.037981441281373596,True
AT3G13810,-0.10562881239006428,0.03189854302817093,-3.3113992791701823,0.0025645921679679795,0.0379852555809666,True
AT4G10450,0.15563737019739565,0.04700211912349778,3.3112841101580845,0.002565347973557495,0.0379852555809666,True
AT3G28050,-0.15902138092245177,0.04803359754076945,-3.310628165784986,0.002569656752056386,0.03803162620347676,True
AT3G11050,0.2356381817020252,0.07119525723354571,3.309745492302224,0.002575465875342009,0.03810014970990154,True
AT3G01380,0.1052681253614018,0.03180979936513634,3.3092986269123115,0.0025784116433837318,0.03812627084031349,True
AT4G21980,-0.15865098460668317,0.047947434060174335,-3.3088524488625435,0.00258135611802002,0.0381523489556765,True
AT3G06250,0.08825575366627056,0.0266751513268438,3.308538069190139,0.00258343275675089,0.03816558250473914,True
AT2G46890,-0.17743889928578965,0.05363535373208595,-3.3082451580745604,0.002585369032563034,0.0381767312948259,True
AT5G52050,0.07019999575969144,0.021222004525803244,3.3078871354653243,0.002587737623341143,0.03818958980571485,True
AT2G41480,-0.1938196507821295,0.0585955053272214,-3.3077562809597914,0.0025886038464364583,0.03818958980571485,True
AT3G23605,-0.09707406198042112,0.029355903767781796,-3.306798617011418,0.002594951841013967,0.03826576861310829,True
AT5G47120,-0.15401772608780395,0.04658307532389776,-3.30630223567036,0.0025982480631748964,0.038283273751050256,True
AT1G53635,-0.11025109903786659,0.03334706535432127,-3.306170958866092,0.002599120481290929,0.038283273751050256,True
AT1G79410,-0.1427294970605469,0.04317177750894598,-3.306083402078378,0.0025997025088227103,0.038283273751050256,True
AT3G52550,-0.09278481050221718,0.02806637435208231,-3.3059065392011795,0.0026008785751201,0.038283273751050256,True
AT5G50060,-0.04958544990725888,0.015002778763623669,-3.305084390598742,0.00260635225936932,0.03834637301819825,True
AT4G11450,0.10882135693580683,0.03293068777705758,3.3045576719360654,0.002609864864649365,0.03838057528992095,True
AT3G27200,-0.21290239861276697,0.06444752705218428,-3.303499891320519,0.002616932815411301,0.03844570371901144,True
AT1G78260,-0.136543150804514,0.04133369396758278,-3.303434503376402,0.0026173703334328516,0.03844570371901144,True
AT1G67900,-0.09251307857215797,0.02800747935168977,-3.3031561823351447,0.0026192333986444828,0.03844570371901144,True
AT1G09570,0.13943694137152074,0.04221370186082775,3.3031204377958474,0.002619472763070007,0.03844570371901144,True
AT4G18550,-0.06464609174367349,0.0195719001101634,-3.3030053995679105,0.002620243263154638,0.03844570371901144,True
AT1G64390,-0.17465909597686743,0.05288434496487418,-3.3026616117279346,0.002622547177352887,0.03845072816052066,True
AT4G24340,0.14609631381231386,0.04423798577381467,3.3025082687826877,0.0026235754429830304,0.03845072816052066,True
AT4G02860,-0.1438757779091382,0.043566748921910356,-3.3024217199916186,0.0026241559811182045,0.03845072816052066,True
AT3G05880,-0.24862253180440508,0.07528906126168244,-3.302239762829117,0.00262537688768246,0.03845117944883618,True
AT4G38530,-0.07391221883786342,0.02239267079492489,-3.3007326153615852,0.002635510681433585,0.03857899834495295,True
AT3G53710,0.07805306360113304,0.02364823751800746,3.3005869271102277,0.0026364922574408406,0.03857899834495295,True
AT3G60140,0.196140107742007,0.059436967422147186,3.2999682899185396,0.0026406642537160933,0.03862255381317938,True
AT5G02020,0.2806823601832986,0.08507152019406906,3.299369278261316,0.0026447099549701558,0.03866422350005917,True
AT3G23510,-0.15651791143433955,0.04744307183437065,-3.299067817125375,0.002646748268438588,0.0386765218475723,True
AT5G40410,0.07166742853699845,0.021730268731928935,3.2980461227198425,0.0026536676564417453,0.038760103215179184,True
AT1G29520,-0.20411981903158927,0.06190792906929218,-3.2971514650913694,0.002659740991748813,0.03883125698256322,True
AT4G27000,0.11647530540495515,0.035329473725253316,3.2968310343581266,0.0026619194715263904,0.0388320570807557,True
AT1G68440,-0.13770760676295996,0.041770210718205324,-3.296789850833595,0.0026621995863033167,0.0388320570807557,True
AT5G65380,-0.10967958734339003,0.03327383804522441,-3.2962709980831826,0.002665731058436464,0.03886602200677965,True
AT1G04247,-0.09641974132993496,0.029253321965938058,-3.296027078299143,0.002667392809847243,0.038872708296506346,True
AT1G12060,-0.09625773262718977,0.02921096522695329,-3.2952602517349088,0.0026726234643247655,0.03892596269386281,True
AT3G20490,-0.07452063387098906,0.02261532855921857,-3.295138236698869,0.0026734566596824903,0.03892596269386281,True
AT2G37510,0.1004340936363922,0.030483317434247936,3.2947232155104857,0.002676292557332552,0.03894970100669253,True
AT5G08450,0.1081495034762914,0.03284190409678867,3.2930338983258407,0.0026878658085295075,0.03910052066986936,True
AT5G54240,-0.09047731586271016,0.027478136771491857,-3.2927019985059167,0.002690145258158259,0.039116068022428084,True
AT1G06060,-0.09704898202727458,0.029482410288675244,-3.2917587496078275,0.002696633545440379,0.03917457705975542,True
AT4G39880,0.11540267190851931,0.03505907177337686,3.2916636428507426,0.002697288587670716,0.03917457705975542,True
AT5G60020,-0.12674541609561016,0.038505851569461354,-3.2915884451216972,0.002697806616049887,0.03917457705975542,True
AT2G37360,-0.12692131171524623,0.038570917250427585,-3.2905961476412444,0.00270465141312237,0.03925632637312248,True
AT4G35030,-0.15487461900319333,0.047095716091355495,-3.2885075725947153,0.0027191129105384954,0.03944528929231235,True
AT3G10880,-0.08782265001844819,0.02670709793006318,-3.2883636495596,0.0027201121837033618,0.03944528929231235,True
AT2G35240,0.1338354072468535,0.0407052007233097,3.2879191078454277,0.002723200916991847,0.039472363583261366,True
AT4G35770,0.25915910772871187,0.07884381799595953,3.286993379011565,0.0027296438373030185,0.03954801019705078,True
AT1G45170,0.09751298496030589,0.029677088101615436,3.28580029908655,0.0027379691158825204,0.039641402419601665,True
AT1G17050,-0.09964823943004301,0.0303290185304274,-3.2855741549985056,0.0027395498953340994,0.039641402419601665,True
AT2G29350,0.11135373569863649,0.03389203855918569,3.2855425767375834,0.0027397707017540168,0.039641402419601665,True
AT3G57530,-0.13167337754994957,0.04007888050670126,-3.2853556757388356,0.0027410779306260105,0.039642563500714316,True
AT4G26060,-0.15032472166675664,0.04576251723110437,-3.28488751848166,0.002744354966006226,0.03967219892469582,True
AT5G65860,0.10184714938274471,0.031008123811105116,3.284531176512834,0.002746851836508599,0.039690534877350775,True
AT2G36255,-0.15176014553838635,0.046210253737105314,-3.2841227490713374,0.00274971635592347,0.03971416439138641,True
AT5G56030,0.15361583278297214,0.04680326567005955,3.2821605625959878,0.0027635183391555994,0.03989567203743443,True
AT3G21295,0.0894545105494721,0.02726235302843355,3.281246870223366,0.0027699679575084817,0.03997092217022847,True
AT1G50450,-0.08825674677549813,0.026899748507753445,-3.28095062859266,0.002772062190263022,0.03998328451125356,True
AT1G55365,-0.08292729011349023,0.025278087288425503,-3.2805998795431615,0.002774543724099397,0.04000121962602741,True
AT2G39580,0.12888449157820156,0.039289104618475804,3.280413051652831,0.002775866395333444,0.04000243861143097,True
AT4G19160,0.20668756359158486,0.0630311393499322,3.279134182298534,0.002784936611866285,0.040115255012388676,True
AT3G18490,-0.12858484199317832,0.039216755147091616,-3.278824102373865,0.0027871401048597142,0.04012910412117313,True
AT5G58590,0.183482409493323,0.05597223259417973,3.2780970311411592,0.0027923134047019,0.04018568097662079,True
AT1G55900,0.1255653714370655,0.03831168653512034,3.277469169151811,0.0027967882368655854,0.04023215990422538,True
AT3G51160,-0.14288734757384536,0.043601898466107326,-3.277090048840756,0.0027994936029707494,0.04025315479233731,True
AT1G51190,0.07179738182437712,0.021911489888599773,3.2767001326428398,0.0028022786333812,0.040275275963484514,True
AT4G07960,0.08875629917788735,0.0270940990086824,3.2758535040949357,0.0028083349741399163,0.04033549131635572,True
AT2G38610,-0.08726325754827444,0.026639042780753394,-3.2757655095370697,0.0028089651633229247,0.04033549131635572,True
AT2G47070,0.10602973850862404,0.032372937842290346,3.275258458937645,0.002812599150414477,0.04036973165292819,True
AT1G30230,0.1588506063899262,0.04850693256820176,3.2748021360983595,0.0028158734419847222,0.04039878109994866,True
AT5G18500,-0.12564954064172518,0.03837613419629009,-3.274158361002188,0.0028204990111750906,0.040443660733675266,True
AT3G27210,-0.18127668296039856,0.05536825320612982,-3.2740184575721707,0.0028215051934044402,0.040443660733675266,True
AT2G14878,0.2587479184418559,0.07903745096106246,3.2737381493910678,0.0028235222023069856,0.04045462476023787,True
AT4G12730,-0.1587688278670955,0.0485089788552147,-3.272978149900344,0.0028289978980926105,0.040515112185050606,True
AT5G23030,-0.1017410134570609,0.031096689379937606,-3.271763505561473,0.002837770461891215,0.040597901237052494,True
AT1G61690,0.13113501633392455,0.04008189510878246,3.2716770496510574,0.0028383958715325805,0.040597901237052494,True
AT2G34460,-0.09748052485162748,0.029795469223934785,-3.2716559728927206,0.002838548357872469,0.040597901237052494,True
AT4G35300,-0.12134237381150448,0.0370951677689945,-3.2711099884262254,0.002842501198371261,0.040636447441671275,True
AT4G01690,-0.10003352323726436,0.030585053925801915,-3.2706668910880974,0.002845713043513301,0.04066437095217658,True
AT1G73140,-0.06899489597633557,0.02110115646125422,-3.26972107443606,0.002852580591594183,0.04074448555871638,True
AT1G73600,-0.2061639147344816,0.0630708054429361,-3.2687693345062847,0.0028595072356510957,0.040811800070294835,True
AT5G07370,-0.10646239449957595,0.03256999204818156,-3.2687264504726805,0.0028598197207944384,0.040811800070294835,True
AT5G12980,0.08440628187030433,0.0258272015467107,3.2681156616077187,0.0028642739515074077,0.04084288116308791,True
AT3G51990,-0.07603801840940799,0.023266869849224613,-3.2680811343405534,0.002864525943717144,0.04084288116308791,True
AT5G67230,-0.10283193253742376,0.03147060526098651,-3.2675549670759745,0.0028683687374784976,0.04087290502427064,True
AT2G21390,0.14031156558398145,0.042942269193356204,3.2674464628825364,0.002869161799964277,0.04087290502427064,True
AT2G28570,0.13517866849471752,0.04137448924658241,3.2671984828400866,0.0028709750899792177,0.04088071140684819,True
AT1G06080,0.1893380351199267,0.05795961852982904,3.266723279458499,0.002874452971648418,0.0409006608769488,True
ATMG00690,0.2599016817238534,0.07956187355724394,3.266661154439216,0.002874907946750154,0.0409006608769488,True
AT1G53500,-0.1369488699225057,0.04193399534495784,-3.265819743526358,0.002881076877984771,0.04096562071769117,True
AT1G44910,0.10569435972189498,0.032365066547835566,3.2656926431984536,0.0028820098390947425,0.04096562071769117,True
AT5G16730,0.16354845961555836,0.050085639307605095,3.2653763010014103,0.002884333163534551,0.040980615734669226,True
AT1G80620,0.1420269093487164,0.04350457715209185,3.264642909921658,0.0028897263657082038,0.04102543737555883,True
AT1G60390,-0.11140888652193998,0.034126330289332825,-3.2646020119181713,0.0028900274061955463,0.04102543737555883,True
AT5G04240,0.12166241085744925,0.037275942139309716,3.263831948305042,0.0028957012937106024,0.041087928457837444,True
AT5G16190,0.06787790327253929,0.02080519387521764,3.2625460584336525,0.002905199710480551,0.0412046081852134,True
AT1G14140,0.07990706732858743,0.024499379171663626,3.261595600798294,0.002912239652746318,0.04127571904034227,True
AT3G23340,-0.1223978181680238,0.03752779607392109,-3.2615242826125033,0.0029127685602148125,0.04127571904034227,True
AT5G16630,0.10333413301928177,0.03171677945958148,3.2580272896548785,0.0029388164182865568,0.04160575309019798,True
AT3G23530,-0.12375291078314123,0.03798526607302341,-3.2579187557943357,0.002939628420407055,0.04160575309019798,True
AT4G24080,0.05673720594362816,0.017415496271213457,3.257857545949501,0.002940086460376013,0.04160575309019798,True
AT5G11390,0.0828464052986011,0.025431500353336082,3.257629481059437,0.00294179369899841,0.04160575309019798,True
AT3G26510,0.1522192931710339,0.04673076687776897,3.2573677545071176,0.0029437540949686218,0.04160575309019798,True
AT4G24570,0.12956249022077168,0.03977526161448516,3.2573636215528556,0.002943785061877266,0.04160575309019798,True
AT5G39510,-0.15884230334757343,0.048771415003570615,-3.256872972333167,0.0029474635660138443,0.04163952792056899,True
AT3G53940,0.09483576307215918,0.029126989111790767,3.255941172229475,0.0029544616410442657,0.04172014910860978,True
AT3G09060,0.07595380968854741,0.023329593187210212,3.255685132571747,0.0029563873646249353,0.04172910413441112,True
AT5G06340,0.0966287198644641,0.02969281595666116,3.254279419153131,0.0029669815188999023,0.041860351918837094,True
AT1G48740,0.05944537786380098,0.01827012548238231,3.25369291640189,0.002971412474204818,0.04190456814887973,True
AT3G07360,-0.10552050111332192,0.032446170014667604,-3.252171244421772,0.0029829381914683486,0.04204875655678485,True
AT4G05780,-0.07437718482473682,0.022871559735839323,-3.25195070575747,0.0029846121950557313,0.04205400584825801,True
AT1G20980,0.09982446176999969,0.03070338170840778,3.2512529961044607,0.00298991412375753,0.04211034674127378,True
AT2G16018,0.2495672710897572,0.07677301066028183,3.2507162210178855,0.002993999262144655,0.042141784262922435,True
AT5G56360,0.197527433704973,0.06076613555881612,3.250617007128655,0.0029947549186811694,0.042141784262922435,True
AT1G33750,0.1415088183339221,0.04354178262212048,3.249954636952129,0.0029998045189685903,0.04219101303539552,True
AT1G13160,0.12391174718368987,0.03812885406142227,3.249815664118277,0.0030008650207477452,0.04219101303539552,True
AT3G66652,0.09561502104642233,0.02942472088412505,3.249479287261741,0.0030034334042853515,0.04220569425918694,True
AT4G34680,-0.10004620345421236,0.03078973005197105,-3.249336817352439,0.0030045218606620434,0.04220569425918694,True
AT2G35860,-0.1554130396672767,0.04783499313191424,-3.2489403570874402,0.003007552774262271,0.042229909858165895,True
AT3G15357,0.18034928769312591,0.05552666163602293,3.2479764203242554,0.0030149342702784744,0.042315165655268126,True
AT5G57150,-0.187234603337602,0.05765953884437415,-3.247244204345046,0.003020552958762242,0.04237561682355592,True
AT1G30990,-0.18261455748381566,0.05625265101899997,-3.2463280250051776,0.003027597468633177,0.04245600981513425,True
AT1G47760,-0.08930239235075835,0.027511379300774356,-3.246016543715959,0.0030299960442139733,0.042471211363344585,True
AT5G48450,0.11684898529912817,0.036006512108305216,3.245218113536077,0.00303615273250321,0.04253905404789514,True
AT1G70330,-0.14203640705337578,0.043771216229029554,-3.244972822097999,0.0030380465848828787,0.042547137889458575,True
AT2G20520,0.19480401770690767,0.06003714552132171,3.2447248451831308,0.003039962325001964,0.04255552112586155,True
AT3G57010,-0.1738581015118187,0.05359018910308688,-3.2442151151469663,0.0030439038784752454,0.042592243572826635,True
AT1G30760,-0.11096251983560079,0.03420593598627041,-3.2439550807830244,0.003045916518617415,0.04260195532467968,True
AT2G38090,-0.12375795380333124,0.03816763565067345,-3.242484154271882,0.0030573254358036805,0.04274302358519304,True
AT4G01680,-0.09383149889402909,0.028941463952477174,-3.242113082050841,0.0030602100537384246,0.04274642185729321,True
AT1G32360,0.07941106039703602,0.024493616579399483,3.2421124965198165,0.0030602146075681446,0.04274642185729321,True
AT4G25740,0.15284443949917836,0.047147190702860525,3.241856772813082,0.003062204060883093,0.04274721825640058,True
AT3G52850,0.1442291482587063,0.04449093165966295,3.2417650716330035,0.003062917771010162,0.04274721825640058,True
AT2G04390,0.1342896477888997,0.04143047524874698,3.241325304202518,0.0030663427014244894,0.04276142581646052,True
AT4G24010,-0.06962524297291653,0.021480690237104295,-3.2412944930722283,0.003066582797881056,0.04276142581646052,True
AT1G55675,-0.07021310299419437,0.021666578632386774,-3.2406179205996652,0.003071859559228908,0.04281652739392872,True
AT5G66985,-0.18505843332481586,0.05711955091086963,-3.239843982904984,0.003077906391965235,0.04288231031393048,True
AT4G02510,0.21441002511376334,0.0661853906410594,3.2395370494459224,0.003080307650829383,0.0428972671942442,True
AT4G35210,0.08827997347350591,0.02725567203691064,3.2389578710058555,0.003084843689514452,0.042914136200699886,True
AT5G19050,-0.09941762396057288,0.03069587479330773,-3.238794288483603,0.0030861260048381947,0.042914136200699886,True
AT3G07660,0.1122330514641753,0.0346538076718223,3.2386932058676545,0.0030869186423982255,0.042914136200699886,True
AT4G18430,-0.1683100119975476,0.05197467329834255,-3.2383082243042196,0.0030899392595091623,0.042914136200699886,True
AT1G08440,0.07867241581193621,0.02429446747423532,3.2382852554957045,0.00309011956558334,0.042914136200699886,True
AT2G29400,0.13513025944949977,0.04172930949455222,3.238257739854073,0.0030903355777855204,0.042914136200699886,True
AT4G35020,0.20554234899154825,0.06347794362640266,3.238012091274742,0.0030922646906592272,0.042914136200699886,True
AT1G08650,-0.1350103810728702,0.04169659707764424,-3.2379232487836864,0.0030929626680116997,0.042914136200699886,True
AT2G28410,-0.13885506091105915,0.04288484813111825,-3.2378582870695225,0.0030934731254891835,0.042914136200699886,True
AT5G63570,-0.10288850632764755,0.03178311402925404,-3.2372065944496877,0.0030985984885354627,0.04296678908415977,True
AT2G39180,0.09321152998723962,0.028798406786323078,3.2366905113482733,0.0031026631101013645,0.04300469430470399,True
AT4G11020,-0.05305948892353172,0.016394923804794858,-3.236336414568389,0.0031054549043737587,0.04301600170990151,True
AT2G35840,-0.1000089409676144,0.03090273031273593,-3.2362493525822136,0.0031061416939304905,0.04301600170990151,True
AT5G42760,-0.09130204764277156,0.028217966817260992,-3.2355997947705393,0.003111270344947515,0.043068566227467554,True
AT5G41570,-0.13797489599500878,0.04264712740890298,-3.235268220344549,0.0031138914595062895,0.04308638936410651,True
AT1G72410,0.11547480844885072,0.03569575148494158,3.234973453285171,0.0031162233902821477,0.04310019756704876,True
AT3G61430,-0.2657233799561373,0.08215830661715405,-3.234285015079123,0.0031216762260490127,0.043114678288154504,True
AT5G18850,-0.1571133273572458,0.048579046662233435,-3.234178893003877,0.003122517590029955,0.043114678288154504,True
AT2G07773,0.1165721522274906,0.03604385859309351,3.234175162639979,0.0031225471693068336,0.043114678288154504,True
AT3G06260,0.06879963235427275,0.021272748855682207,3.2341674703641106,0.0031226081647306183,0.043114678288154504,True
AT4G26780,0.14192081100392173,0.04389897864031799,3.2328955114590725,0.0031327098365685722,0.04321702669141208,True
AT1G05680,0.15773538281254534,0.04879142181568344,3.2328507131522684,0.0031330661882449278,0.04321702669141208,True
AT3G14850,-0.13055329986928244,0.04038685731729768,-3.232568923191914,0.0031353086014468874,0.04321702669141208,True
AT5G17930,0.12967089053183598,0.04011398037816274,3.2325610500230053,0.0031353712762595535,0.04321702669141208,True
AT3G59050,-0.1019173315172692,0.03153824540587144,-3.2315472914132175,0.003143451418374723,0.04330992404105285,True
AT1G22410,-0.16196415656218838,0.050125953283963354,-3.2311436681246137,0.0031466740516450835,0.043335844814407935,True
AT5G39670,0.15328803063910318,0.04744370873692663,3.230945360723776,0.0031482585514813082,0.04333919281628018,True
AT5G41360,0.06491487222544445,0.020098052786400963,3.229908534689893,0.003156555397367675,0.04343490133456227,True
AT1G64355,-0.0688434185347204,0.021320851571825623,-3.2289244312217495,0.0031644497663908355,0.0435150573080572,True
AT2G31650,0.07302694377901803,0.022617658806266427,3.2287578659018967,0.0031657878093364587,0.0435150573080572,True
AT5G37350,0.10334164290914033,0.032007406499078316,3.228679053147157,0.0031664211127315142,0.0435150573080572,True
AT3G54770,0.15496318401755704,0.04800649484482412,3.2279628937388374,0.003172181420704892,0.043575684320388754,True
AT1G71930,-0.07526763607278882,0.023328819626594166,-3.226379957389097,0.0031849492197248293,0.04371977504419819,True
AT4G00300,-0.11885215172420716,0.03683947165197486,-3.2262175974458045,0.0031862615842340415,0.04371977504419819,True
AT1G73010,0.26884829794495113,0.08333384874178222,3.226159621860295,0.0031867303299107598,0.04371977504419819,True
AT2G07727,0.3486599168671466,0.10808038149438354,3.225931589492631,0.0031885746653718817,0.0437265105532683,True
AT5G24313,-0.20483845563128644,0.0635030749019081,-3.225646253314445,0.0031908839198808133,0.04373961330820076,True
AT1G18150,-0.12006763948505678,0.0372273173856212,-3.2252562880459417,0.0031940425448957572,0.04376434291053309,True
AT3G01460,0.10006929441844203,0.031035111641117635,3.2243897033662594,0.003201072422526456,0.04383723252671188,True
AT5G03615,-0.06801746559809321,0.021096530848077947,-3.2241066594269037,0.0032033717377107623,0.04383723252671188,True
AT1G23330,-0.11922760166686619,0.03698012861269133,-3.2240991618928034,0.003203432665683455,0.04383723252671188,True
AT1G53680,-0.2249438547111652,0.0697778945147789,-3.2237122698438876,0.003206578216071767,0.04386170007750327,True
AT1G56110,0.18853116624117985,0.058493876430360824,3.2230923602000177,0.0032116244527658384,0.04391213476276406,True
ATMG00560,0.3423041228685374,0.10622916190669066,3.2223178336774394,0.003217940026400452,0.04396528734790928,True
AT5G18661,-0.1277792306434374,0.03965488906112142,-3.222281884246025,0.003218233451292378,0.04396528734790928,True
AT1G34550,0.09275718304310368,0.02879260445491678,3.2215627866642667,0.0032241082360666773,0.044026928571039,True
AT5G09840,0.08229540913889585,0.025550779329055327,3.220857104946024,0.003229883424284793,0.04407035399279136,True
AT4G03270,-0.15820622749174273,0.04911954161852944,-3.2208408767410477,0.0032300163500860427,0.04407035399279136,True
AT2G01430,-0.08778620077091616,0.02725977353142221,-3.220356936191177,0.0032339827381232165,0.044105845625168005,True
AT1G27650,0.12226978314817614,0.03798229816146295,3.2191254628249886,0.003244097017258987,0.04421813355327881,True
AT3G19380,-0.08998092071538173,0.02795288073154588,-3.2190213802842464,0.0032449532531128806,0.04421813355327881,True
AT3G20830,-0.09316273846749937,0.028944316454376146,-3.2186884984604265,0.0032476931644699523,0.04423119938897116,True
AT1G10200,-0.1637530186476859,0.050877533073212855,-3.2185723001161444,0.003248650102139607,0.04423119938897116,True
AT1G08380,-0.1471618040724727,0.04572746195231672,-3.218236871006066,0.003251414007064876,0.044250183300024885,True
AT4G01330,0.09567030802612592,0.029732988549466086,3.217648567918473,0.0032562670211793805,0.04427949496727824,True
AT2G47370,-0.0759547410437087,0.023605704234424194,-3.2176435106284145,0.0032563087697623913,0.04427949496727824,True
AT4G32720,0.14887260743461686,0.046276664812772185,3.2170124626943424,0.00326152218502049,0.04433048353394548,True
AT5G64030,0.1476105803925817,0.04588866756932419,3.2167109705154506,0.0032640157955311716,0.04433048353394548,True
AT3G49420,0.10145826550247955,0.0315413154187494,3.2166783203394482,0.0032642859515176923,0.04433048353394548,True
AT2G09465,0.23607075805084846,0.07339508635419284,3.2164381810467404,0.003266273585431034,0.04433048353394548,True
AT1G51310,0.08132677145443293,0.025285342774508127,3.2163602518540495,0.0032669188552516075,0.04433048353394548,True
AT3G18850,0.0710866442993333,0.022104267341702243,3.2159692606151284,0.0032701581905543523,0.04435581065433273,True
AT2G42820,-0.13415053480266292,0.04172609111720783,-3.215027605289854,0.0032779723952898877,0.044431541255264335,True
AT2G41970,-0.12391537875006503,0.038543304720953624,-3.214965080114157,0.0032784918862406812,0.044431541255264335,True
AT3G11430,-0.134813111864085,0.04193723854607862,-3.2146396982233068,0.0032811965999936473,0.04444307979429839,True
AT1G73130,-0.09825218150054563,0.030566230425243864,-3.2144029582202482,0.003283165829897346,0.04444307979429839,True
AT2G47540,-0.19661667030197516,0.061168095191389174,-3.2143664059961363,0.00328346997644589,0.04444307979429839,True
AT4G08350,0.11094809349689444,0.03452809631372194,3.213269926289048,0.0032926062289049232,0.04453722416458273,True
AT1G69690,-0.09554590648110851,0.029735428939358002,-3.2132008815465025,0.003293182349475012,0.04453722416458273,True
AT4G24630,0.16840330998086894,0.05241906703926619,3.2126346288216276,0.003297910905270778,0.04458244590915567,True
AT3G24100,0.16363811166691367,0.050938407428182356,3.212470116927501,0.003299285900795172,0.04458244590915567,True
AT1G31670,-0.10854751711655897,0.03379712244859499,-3.2117384336982653,0.003305407998290214,0.04464649958894587,True
AT2G07633,0.06893458950879651,0.02146583244008044,3.211363440072496,0.003308549846265971,0.04465329629350632,True
AT5G36950,0.10641192493061537,0.03313628813686046,3.211341128225037,0.0033087368742159068,0.04465329629350632,True
AT4G29800,-0.07952214515517875,0.024764122633161096,-3.2111836277491363,0.0033100574026725567,0.04465329629350632,True
AT3G01500,0.06178385223431018,0.01924198247429846,3.210888083742668,0.003312536691832938,0.04466809180986244,True
AT2G23380,0.08956876570700846,0.027896940469077983,3.2107021128818714,0.003314097696008157,0.04467049748032021,True
AT4G13505,-0.1419665901996376,0.0442313535536216,-3.2096370287997567,0.00332305141445295,0.044767797179293224,True
AT5G56340,-0.10305616135733042,0.03210958510711846,-3.2095139508508823,0.0033240875741472795,0.044767797179293224,True
AT2G43140,0.14191685860900774,0.04423062949982238,3.208565200492515,0.003332085254941858,0.04483310023323193,True
AT5G44500,0.09168434452198429,0.028575500343326173,3.20849480920453,0.0033326793674189805,0.04483310023323193,True
AT4G33730,-0.13494387192206114,0.04205896299647101,-3.2084450568451657,0.0033330993457000553,0.04483310023323193,True
AT1G57980,-0.08144822996701875,0.025388784712150905,-3.2080397266135456,0.0033365227821323526,0.04486047214644785,True
AT1G29370,0.11524564349174848,0.0359277563617889,3.207704993633235,0.0033393524939912098,0.0448798418171223,True
AT5G26110,0.10958866444912121,0.034172128722724966,3.206960424922055,0.0033456550675132752,0.044945850135670026,True
AT5G01215,0.15554646556357593,0.04850772244643512,3.2066330414778563,0.003348429890409973,0.04496443114266659,True
AT5G66030,0.14621940047410442,0.045613122027339505,3.205643331900494,0.0033568318605318582,0.04504061534468279,True
AT3G44540,-0.1764291220321262,0.055037160656731136,-3.205636336011615,0.003356891322851099,0.04504061534468279,True
AT4G25910,-0.06618954114731229,0.020654910896557643,-3.2045425651457773,0.0033662003850637246,0.04514391711873316,True
AT5G16420,0.058824328262956777,0.018357340627913856,3.2044035928335672,0.003367384947109069,0.04514391711873316,True
AT3G27400,-0.12416387020777922,0.03876335068460439,-3.20312532366025,0.003378299332744531,0.04527145298284656,True
AT4G15730,0.08919735438258256,0.02784984747830881,3.2027950764202564,0.0033811246295135334,0.04527460020515935,True
AT3G19170,0.09246717996648307,0.02887099968216727,3.2027702879854627,0.0033813367883577185,0.04527460020515935,True
AT4G02770,-0.15102273104385158,0.047160200793607054,-3.2023343518996197,0.0033850699582631265,0.04530580997577604,True
AT5G41763,0.0795807304127282,0.02485261702618327,3.2021066565700735,0.0033870214147773987,0.045313157304365616,True
AT5G55670,0.1074153791358963,0.03355345401335234,3.2013210649833894,0.0033937625922099,0.04538455115550896,True
AT5G09790,0.07162567885376639,0.022385345655342982,3.1996682095757865,0.003407987819009257,0.045555928193781584,True
AT3G63380,0.08690519276939847,0.02716304363088867,3.1993908322767464,0.003410380650734613,0.04556906056434434,True
AT3G57990,-0.09002295554795814,0.028140769066353023,-3.1990225759535327,0.003413559951825181,0.04557756243121557,True
AT1G63770,0.09970370135915448,0.03116724039971984,3.198990352705423,0.0034138382829410284,0.04557756243121557,True
AT5G09670,-0.10159332200563934,0.0317616968360893,-3.198611287360557,0.003417114127176813,0.04560245366995277,True
AT1G01110,0.08810243622102157,0.02754695378163914,3.1982642044342646,0.0034201162260370853,0.04562367264534773,True
AT3G11850,-0.06244840187545974,0.019527883091479264,-3.1979094499346057,0.0034231872938419103,0.04563979015177558,True
AT3G45870,-0.06505827943233913,0.020344709831954334,-3.197798345108644,0.003424149658853694,0.04563979015177558,True
AT5G14420,-0.09807342586634063,0.030671135627094722,-3.197580521919217,0.003426037147276965,0.04564611719231813,True
AT3G13660,-0.06602726997132163,0.020650754056662245,-3.197329733827334,0.003428211519806381,0.04565625968401664,True
AT1G67370,0.07401811035340045,0.023152978333941306,3.1969152860516856,0.0034318077483651644,0.045685322019748696,True
AT5G52540,-0.13852123507590386,0.0433421728196955,-3.1959919418935363,0.0034398327622264997,0.04577329353985831,True
AT5G40340,0.15902871863203047,0.04976542336965818,3.195566476964602,0.0034435366367321038,0.04580371560155519,True
AT1G18670,-0.10975759917416249,0.03435354444346047,-3.1949425001779086,0.003448975568525982,0.045840306365609075,True
AT3G55560,0.10988924380620563,0.034394933122088425,3.1949253518284864,0.0034491251593919857,0.045840306365609075,True
AT2G37970,-0.16297048196611758,0.05101425938270098,-3.194606448043057,0.0034519081990355828,0.045858430099769996,True
AT4G11547,-0.14382740755096107,0.045024410752793856,-3.194431757044956,0.0034534336215201935,0.0458598384207546,True
AT1G03040,-0.1130899670380477,0.035423826366755035,-3.1924831007014447,0.003470493392934217,0.04605083419622166,True
AT4G09750,-0.11964792114971501,0.037478244665397606,-3.192463313528178,0.0034706670360518665,0.04605083419622166,True
AT5G02160,-0.10003453016124667,0.0313363612734477,-3.192282897440588,0.0034722506687721384,0.04605179109992736,True
AT3G18750,0.08078503796408809,0.025307562060300087,3.192130390576633,0.0034735898638312227,0.04605179109992736,True
AT5G09635,-0.0900252128821464,0.028204564924123935,-3.19186674654733,0.003475906145866936,0.04606359789450978,True
AT5G44800,0.13155376382555103,0.041218939959525996,3.1915853235121348,0.0034783802617367092,0.04607748580420309,True
AT5G17440,0.10547096125936531,0.033069525647274944,3.1893702493448535,0.00349791299489267,0.04631724219343741,True
AT2G18620,-0.0677034718426354,0.021237977745919914,-3.1878492694833946,0.0035113859769830345,0.04647659546511466,True
AT2G24650,0.09486112997731694,0.02976171753229628,3.187354018610561,0.003515783680628902,0.046510507249171634,True
AT1G27090,0.09258828779995729,0.029049706582361355,3.187236591786294,0.0035168271753915716,0.046510507249171634,True
AT1G51355,-0.09803502182543601,0.030762105292725418,-3.1868762197046117,0.0035200314182274976,0.046519250456782235,True
AT4G15340,-0.13008268649903257,0.04081872706098026,-3.1868383917190344,0.003520367927414422,0.046519250456782235,True
AT1G10090,-0.10280855395963204,0.03227018977035799,-3.185867659633894,0.0035290138955315392,0.046589754933977844,True
AT5G48530,0.12366816422074242,0.03881904775508507,3.1857598620394443,0.0035299752652076448,0.046589754933977844,True
AT1G69580,-0.17920310866952566,0.056251399311876046,-3.185753792113959,0.00353002940599764,0.046589754933977844,True
AT1G15170,0.09099987931532334,0.02857394642114149,3.1847151238442066,0.003539305552092253,0.04669305186651522,True
AT2G26460,0.08651198867476881,0.02716612379385196,3.184554017763387,0.0035407464506163077,0.04669305186651522,True
AT3G15590,0.12082864040204304,0.037948982931777196,3.1839757239149935,0.003545923220056097,0.04670435189404362,True
AT3G57157,-0.17563878307496136,0.0551639144466071,-3.1839434318056115,0.0035462125062086817,0.04670435189404362,True
AT4G26850,-0.1457728319325663,0.04578671805653638,-3.1837362038608967,0.003548069478730322,0.04670435189404362,True
AT4G01720,-0.10377950066009149,0.032597478835749226,-3.1836664787179147,0.0035486944962155654,0.04670435189404362,True
AT2G18170,-0.11862765426141536,0.03726151053026886,-3.1836512415418547,0.003548831096594667,0.04670435189404362,True
AT4G25680,-0.12289916084069685,0.03862508039773153,-3.1818486738454737,0.003565026616827796,0.046898389642951656,True
AT2G27930,-0.09089310982595503,0.02857148569810784,-3.181252483204766,0.003570398777079296,0.04693827327239024,True
AT3G18060,-0.12815015606296043,0.04028371894003055,-3.181189806575074,0.00357096399466202,0.04693827327239024,True
AT5G62740,-0.11266922715038608,0.035425731929058575,-3.180434701420161,0.0035777802722667664,0.04700874453707481,True
AT1G55090,0.08315265449914776,0.02615231539672281,3.1795522972917247,0.0035857614655924997,0.04709445820806019,True
AT4G31210,0.09370088117843042,0.029473914069469902,3.1791122467676947,0.003589748019156014,0.047127658980459834,True
AT2G17070,0.15206442899222467,0.04784307968885098,3.1783996762160927,0.0035962124232480864,0.04716836147989726,True
AT5G62820,-0.06576399821219642,0.020691389247233457,-3.1783268598549705,0.003596873637376392,0.04716836147989726,True
AT1G67800,-0.09588580249069638,0.03017039273250419,-3.178142337782479,0.003598549724764414,0.04716836147989726,True
AT3G18790,0.09704964740674946,0.030536973053925554,3.178103056755772,0.003598906626551454,0.04716836147989726,True
AT4G31930,0.09540759808727767,0.03002425246431505,3.177684380341298,0.0036027127682996462,0.04716836147989726,True
AT4G17030,0.1807198849015333,0.0568733617553189,3.177584009874922,0.003603625798240125,0.04716836147989726,True
AT3G62600,0.14878523707624586,0.04682366053799803,3.1775652600997444,0.00360379638200991,0.04716836147989726,True
AT5G02430,0.09274846374359341,0.029189269801754503,3.1774848899446777,0.0036045276701187384,0.04716836147989726,True
AT4G19020,0.1025247005900135,0.032268811225226894,3.1772072381105394,0.003607055118546089,0.04718232543526542,True
AT5G20810,0.07936118616449239,0.02497963012231939,3.177036080033182,0.003608614006393083,0.0471836138941943,True
AT3G11450,0.15428872343920236,0.04857451526022532,3.1763306872470203,0.0036150454562201314,0.047248585616915945,True
AT2G22900,-0.09734269100930983,0.03064920719918276,-3.176026393658411,0.0036178232555663034,0.047265770951917384,True
AT3G55990,-0.13437234046668636,0.04232211553242773,-3.1749911075151385,0.0036272893751838164,0.04737028796395066,True
AT1G07090,-0.11878772237504934,0.037420402404587876,-3.1744106087027415,0.0036326075329098082,0.04742057243668,True
AT5G15980,0.11583407850073818,0.03649389682549922,3.1740671338721476,0.0036357577454697375,0.047442527059120256,True
AT3G46540,-0.15707028912792337,0.049495889158356884,-3.173400696477914,0.0036418775069375947,0.04750319756626836,True
AT3G20120,-0.06963064728528826,0.021943423793385614,-3.173189741988985,0.0036438167151097364,0.047509311641840385,True
AT2G02300,-0.07264022160801795,0.02289503098943882,-3.1727505257156428,0.0036478574035919086,0.04754280954120653,True
AT3G03660,0.08690597651660575,0.027398080251951187,3.171973208247561,0.003655019067273944,0.0476169399373201,True
AT3G06145,-0.10268334237049795,0.03237553464525438,-3.171633874023122,0.003658149678531678,0.04763851590636034,True
AT1G79560,0.10888425127416927,0.03433826744114154,3.17093025909957,0.003664649237186047,0.047672532700953764,True
AT4G09830,0.10933266996025147,0.034480181150082924,3.170884441829231,0.00366507285209968,0.047672532700953764,True
AT1G61560,-0.0906272037266301,0.028582094728809574,-3.1707684334025252,0.003666145646457048,0.047672532700953764,True
AT4G26720,0.0904772192576078,0.028535296723657847,3.17071240344228,0.0036666638943288277,0.047672532700953764,True
AT5G49530,0.0970718069287236,0.03062337230770691,3.169860130142942,0.0036745556338980637,0.047755920344172385,True
AT3G02470,-0.17387713386988413,0.054866555580164095,-3.169091480799023,0.0036816869963677613,0.04780675286954948,True
AT1G62390,0.10011664930584982,0.03159252342660011,3.1689981820684237,0.0036825535034137814,0.04780675286954948,True
AT2G29210,0.11406602589246893,0.035994779745569944,3.1689602408668054,0.003682905936188327,0.04780675286954948,True
AT4G16430,-0.08535757332233239,0.026939133230979618,-3.1685345103892355,0.00368686272792128,0.047838894729481385,True
AT3G63050,-0.08542972441075945,0.026966967311107676,-3.1679396287016304,0.003692398451687615,0.04789148999420921,True
AT1G61050,-0.1476532328039791,0.04662139706881667,-3.167070102726263,0.0037005042252612743,0.04797736397029154,True
AT1G67050,-0.07325258367860368,0.02313282650933041,-3.1666075759941372,0.0037048228678072583,0.048011124042957334,True
AT2G35150,-0.11891989073382953,0.03755594632566618,-3.1664730187495835,0.003706080143710285,0.048011124042957334,True
AT3G28320,0.12995411639383694,0.0410433107643812,3.1662678758999045,0.0037079977437177595,0.048016713066844526,True
AT4G34670,0.1407821078739773,0.04447185400074107,3.1656451262776524,0.0037138248005098096,0.048072902836406826,True
AT3G47510,0.2435674599943391,0.07697730229686775,3.164146478594509,0.0037278835839212945,0.04823555895591234,True
AT5G62900,-0.10596381598935316,0.03349484045673035,-3.1635862283398666,0.0037331523553741,0.04826260514169782,True
AT1G50110,0.16428173221414621,0.05193223790273293,3.1633863443712853,0.003735033852945983,0.04826260514169782,True
AT1G31760,0.09623547065911738,0.03042191604494457,3.16335994474975,0.003735282419103588,0.04826260514169782,True
AT1G36940,0.07257949604868863,0.022944385392951953,3.1632791554740693,0.0037360431905321474,0.04826260514169782,True
AT1G80160,0.19192236072085878,0.060675577757467854,3.163090782390404,0.0037378176267913728,0.04826260514169782,True
AT5G16300,0.09380933956986387,0.029658605351831974,3.162972043257907,0.0037389365399631575,0.04826260514169782,True
AT1G65470,0.12000237396914791,0.03794516491769114,3.1625208173281467,0.0037431914981504097,0.048298232473538975,True
AT2G21960,-0.08118014756775527,0.02567192867875814,-3.162214595700657,0.003746081739107317,0.04831622950451829,True
AT1G15540,-0.08295781104332524,0.026240372034056495,-3.161457121707615,0.003753240261279549,0.04838924166068673,True
AT5G13100,0.12795549510331533,0.04048021390963051,3.1609392032603334,0.00375814239648023,0.04842266212755517,True
AT5G48930,-0.17814787458662862,0.056360453099087875,-3.1608666146353555,0.0037588299426137726,0.04842266212755517,True
AT5G60650,-0.12473625176886184,0.03946860947772355,-3.160391344399,0.0037633345915603213,0.04846136999550515,True
AT4G32920,0.09134147377502766,0.028906890603591976,3.1598512281247415,0.003768460130770974,0.048508039189274654,True
AT3G26560,0.16410949686286036,0.05195042250698318,3.1589636608018106,0.0037768973928507714,0.04859728310060357,True
AT4G02410,-0.06490048075884997,0.02054777741965524,-3.158515854701082,0.0037811611223324683,0.04863277655312091,True
AT3G06860,0.11329440946404074,0.03587424209749791,3.158099038193829,0.0037851339286253585,0.04866450143253351,True
AT1G34520,-0.09142612680345753,0.02895274123925022,-3.1577710050996597,0.003788263322480483,0.04868536184805964,True
AT1G61810,-0.08543015642126243,0.027056459847696314,-3.1574772495055843,0.0037910678153110894,0.04870203182699244,True
AT4G11600,-0.13636051994004036,0.04319451526573362,-3.15689432098375,0.0037966389364870465,0.04874034824603526,True
AT1G65010,0.2127152515074741,0.06738213248428312,3.156849503940676,0.003797067582880026,0.04874034824603526,True
AT2G33855,-0.07498068333803612,0.023753166681570712,-3.1566605136573695,0.003798875663864073,0.04874419135178091,True
AT5G52040,0.11721350959008703,0.03713576858540456,3.1563507113235127,0.0038018413436838043,0.04876287890951967,True
AT4G18425,-0.10147679692444092,0.03215671865751954,-3.155695019918071,0.0038081254656650953,0.048792805803737786,True
AT4G00355,-0.08921908304075196,0.028272548129702754,-3.155678880851196,0.003808280267186353,0.048792805803737786,True
AT2G36090,-0.1267304609630066,0.04016005581705492,-3.1556345822902845,0.003808705197840438,0.048792805803737786,True
AT5G03140,-0.09683888559871273,0.03069075652022998,-3.1553111287719755,0.0038118092774998683,0.0488132167842819,True
ATMG01330,0.09590792246783117,0.030404024289930213,3.154448291228204,0.0038201015025943574,0.048870600461548314,True
AT5G15580,0.1324347642084374,0.041984416444548166,3.1543790630829296,0.0038207675613734153,0.048870600461548314,True
AT5G18660,-0.07142613563636764,0.022644281391459287,-3.154268152810861,0.003821834884501791,0.048870600461548314,True
AT3G45600,-0.17598075647004452,0.055792240924152456,-3.1542155962024188,0.0038223407523084152,0.048870600461548314,True
AT3G53980,-0.2648469917208296,0.08397927868607186,-3.1537183441509486,0.0038271300748776416,0.04890896639432643,True
AT1G20380,-0.11770524215083784,0.037324620489666116,-3.1535549620236947,0.00382870495604944,0.04890896639432643,True
AT4G16240,0.07939714898367281,0.025178005639119337,3.1534328064615496,0.0038298828492879964,0.04890896639432643,True
AT4G35890,0.11475799205954672,0.0363943801004534,3.153178917810914,0.0038323320973652967,0.048920907836339546,True
AT1G63190,0.037712252069727364,0.011963451475959412,3.152288630543638,0.003840932494147772,0.04901133015537929,True
AT4G04745,-0.2420743859460879,0.07679993151799083,-3.152013044300444,0.0038435984678245345,0.049025986141706626,True
AT4G31430,0.12001741169712662,0.03808033563060004,3.1516899656915,0.0038467261295273,0.04904651717399271,True
AT3G52700,0.15561104824370586,0.049376880970897596,3.151496108784635,0.003848603989946289,0.049051103081331225,True
AT3G10930,0.07174042518883157,0.02276974584525745,3.150690643469518,0.0038564158015681202,0.049131284752706776,True
AT2G16720,-0.19892533318912753,0.06314972499133115,-3.1500585824631053,0.00386255647374645,0.04919012105253215,True
AT4G14930,0.09152553157012397,0.029058367297717894,3.149713493273655,0.003865913072096577,0.04921346944301352,True
AT2G21045,-0.17023029101758702,0.05404989105847483,-3.149502944111772,0.0038679624033469266,0.04922016435200309,True
AT2G17710,-0.1944667971067781,0.061750350966621216,-3.1492419729224856,0.003870503948532441,0.04923311498942309,True
AT2G25670,0.1538357787410689,0.0488558203600323,3.1487707627752384,0.0038750970163762446,0.04927214069346717,True
AT1G52155,-0.14758222845210706,0.04687912021740003,-3.148144158160401,0.0038812128542466957,0.049327431505469664,True
AT5G19310,0.06503298664329596,0.020658426997255293,3.1480125109204264,0.0038824989420412066,0.049327431505469664,True
AT5G52470,0.1307447422612558,0.04153641644466781,3.1477135837037284,0.0038854207352698846,0.0493447337933901,True
AT4G04460,-0.08235951858425117,0.026166141017761706,-3.1475607552655593,0.003886915333318202,0.0493447337933901,True
AT2G45750,-0.09759992995695874,0.031012083378990557,-3.1471581178283166,0.003890855592994786,0.049375354813066985,True
ATMG00100,0.08447467348287721,0.02684318153528875,3.1469694965861104,0.0038927027781201647,0.04937940088664484,True
AT1G50200,0.12909529500497857,0.041040886437130025,3.1455289154813433,0.003906838223726065,0.04953926066340872,True
AT1G22980,0.12244407770848667,0.0389335737679823,3.1449483275840624,0.0039125490131037945,0.04959221108841526,True
AT4G10070,0.10492898906374719,0.03336637845639259,3.1447521102981457,0.003914480854301655,0.04959723996926752,True
AT2G44065,0.12707398906191852,0.04041391669505837,3.144312639152259,0.0039188109429451855,0.04963263926131556,True
AT5G08330,-0.10803118506035256,0.03436111796102491,-3.143995058102884,0.003921942906130799,0.04964554603762277,True
AT2G41940,-0.034863899710036936,0.011089387332560166,-3.143897734338407,0.003922903185925004,0.04964554603762277,True
AT2G45080,-0.09012862949890801,0.028678766113809963,-3.142695510024314,0.003934783930147846,0.04977640328862441,True
AT5G13930,-0.19497737986176714,0.06205267464627512,-3.142126926409145,0.003940414827816417,0.04981909341907295,True
AT4G21140,0.08771087959740573,0.027915234721742028,3.142043420795288,0.003941242464302531,0.04981909341907295,True
AT3G03280,-0.05855879559401965,0.018638218183467233,-3.1418666214543727,0.0039429952975169645,0.049821757945825426,True
AT5G27260,0.04807317401629918,0.015304623730085305,3.141088266142642,0.003950720980689806,0.0498998608933178,True
AT2G38600,-0.12062156956898244,0.03841243728721713,-3.140169645239429,0.003959857521356824,0.04999471839530921,True
AT1G09320,0.06735342236734534,0.021449982883469568,3.1400221964396655,0.003961325918226859,0.04999471839530921,True
