source,native,name,p_value,significant,description,term_size,query_size,intersection_size,effective_domain_size,precision,recall,query,parents
GO:BP,GO:0042221,response to chemical,2.2021662410409213e-10,True,"""Any process that results in a change in state or activity of a cell or an organism (in terms of movement, secretion, enzyme production, gene expression, etc.) as a result of a chemical stimulus."" [GOC:jl]",2619,389,96,22737,0.2467866323907455,0.03665521191294387,query_1,['GO:0050896']
GO:BP,GO:0050896,response to stimulus,1.9199002427364438e-08,True,"""Any process that results in a change in state or activity of a cell or an organism (in terms of movement, secretion, enzyme production, gene expression, etc.) as a result of a stimulus. The process begins with detection of the stimulus and ends with a change in state or activity or the cell or organism."" [GOC:ai, GOC:bf]",5155,389,145,22737,0.37275064267352187,0.028128031037827354,query_1,['GO:0008150']
GO:BP,GO:0006950,response to stress,4.5297562965786534e-07,True,"""Any process that results in a change in state or activity of a cell or an organism (in terms of movement, secretion, enzyme production, gene expression, etc.) as a result of a disturbance in organismal or cellular homeostasis, usually, but not necessarily, exogenous (e.g. temperature, humidity, ionizing radiation)."" [GOC:mah]",3210,389,99,22737,0.2544987146529563,0.0308411214953271,query_1,['GO:0050896']
GO:BP,GO:0019748,secondary metabolic process,4.5297562965786534e-07,True,"""The chemical reactions and pathways resulting in many of the chemical changes of compounds that are not necessarily required for growth and maintenance of cells, and are often unique to a taxon. In multicellular organisms secondary metabolism is generally carried out in specific cell types, and may be useful for the organism as a whole. In unicellular organisms, secondary metabolism is often used for the production of antibiotics or for the utilization and acquisition of unusual nutrients."" [GOC:go_curators]",245,389,21,22737,0.05398457583547558,0.08571428571428572,query_1,['GO:0008152']
GO:BP,GO:0007043,cell-cell junction assembly,8.041080061884993e-05,True,"""The aggregation, arrangement and bonding together of a set of components to form a junction between cells."" [GOC:ai]",5,389,4,22737,0.010282776349614395,0.8,query_1,"['GO:0034329', 'GO:0045216']"
GO:BP,GO:0009636,response to toxic substance,9.126854134507117e-05,True,"""Any process that results in a change in state or activity of a cell or an organism (in terms of movement, secretion, enzyme production, gene expression, etc.) as a result of a toxic stimulus."" [GOC:lr]",286,389,19,22737,0.04884318766066838,0.06643356643356643,query_1,['GO:0042221']
GO:BP,GO:0034329,cell junction assembly,0.0001433444925681571,True,"""A cellular process that results in the aggregation, arrangement and bonding together of a set of components to form a cell junction."" [GOC:mah]",6,389,4,22737,0.010282776349614395,0.6666666666666666,query_1,"['GO:0022607', 'GO:0034330']"
GO:BP,GO:0070887,cellular response to chemical stimulus,0.0001433444925681571,True,"""Any process that results in a change in state or activity of a cell (in terms of movement, secretion, enzyme production, gene expression, etc.) as a result of a chemical stimulus."" [GOC:mah]",1473,389,51,22737,0.13110539845758354,0.034623217922606926,query_1,"['GO:0042221', 'GO:0051716']"
GO:BP,GO:0009414,response to water deprivation,0.0001433444925681571,True,"""Any process that results in a change in state or activity of a cell or an organism (in terms of movement, secretion, enzyme production, gene expression, etc.) as a result of a water deprivation stimulus, prolonged deprivation of water."" [GOC:lr]",393,389,22,22737,0.056555269922879174,0.05597964376590331,query_1,"['GO:0006950', 'GO:0009415']"
GO:BP,GO:0001101,response to acid chemical,0.0001548182180961413,True,"""Any process that results in a change in state or activity of a cell or an organism (in terms of movement, secretion, enzyme production, gene expression, etc.) as a result of a stimulus by the chemical structure of the anion portion of a dissociated acid (rather than the acid acting as a proton donor). The acid chemical may be in gaseous, liquid or solid form."" [GOC:go_curators, GOC:rn]",429,389,23,22737,0.05912596401028278,0.053613053613053616,query_1,['GO:0042221']
GO:BP,GO:0009415,response to water,0.0001623212238344919,True,"""Any process that results in a change in state or activity of a cell or an organism (in terms of movement, secretion, enzyme production, gene expression, etc.) as a result of a stimulus reflecting the presence, absence, or concentration of water."" [GOC:jl]",403,389,22,22737,0.056555269922879174,0.05459057071960298,query_1,"['GO:0001101', 'GO:0009628', 'GO:1901700']"
GO:BP,GO:0009698,phenylpropanoid metabolic process,0.0001623212238344919,True,"""The chemical reactions and pathways involving aromatic derivatives of trans-cinnamic acid."" [GOC:jl]",150,389,13,22737,0.033419023136246784,0.08666666666666667,query_1,['GO:0019748']
GO:BP,GO:1901700,response to oxygen-containing compound,0.00022211606656538717,True,"""Any process that results in a change in state or activity of a cell or an organism (in terms of movement, secretion, enzyme production, gene expression, etc.) as a result of an oxygen-containing compound stimulus."" [GOC:pr, GOC:TermGenie]",1517,389,51,22737,0.13110539845758354,0.03361898483849703,query_1,['GO:0042221']
GO:BP,GO:0009725,response to hormone,0.00037538569038068074,True,"""Any process that results in a change in state or activity of a cell or an organism (in terms of movement, secretion, enzyme production, gene expression, etc.) as a result of a hormone stimulus."" [GOC:jl]",1425,389,48,22737,0.12339331619537275,0.03368421052631579,query_1,"['GO:0009719', 'GO:0042221']"
GO:BP,GO:0009719,response to endogenous stimulus,0.00037538569038068074,True,"""Any process that results in a change in state or activity of a cell or an organism (in terms of movement, secretion, enzyme production, gene expression, etc.) as a result of a stimulus arising within the organism."" [GOC:sm]",1426,389,48,22737,0.12339331619537275,0.033660589060308554,query_1,['GO:0050896']
GO:BP,GO:0098754,detoxification,0.0003850455747617536,True,"""Any process that reduces or removes the toxicity of a toxic substance. These may include transport of the toxic substance away from sensitive areas and to compartments or complexes whose purpose is sequestration of the toxic substance."" [GOC:dos]",249,389,16,22737,0.04113110539845758,0.0642570281124498,query_1,"['GO:0008150', 'GO:0009636']"
GO:BP,GO:0009628,response to abiotic stimulus,0.0003850455747617536,True,"""Any process that results in a change in state or activity of a cell or an organism (in terms of movement, secretion, enzyme production, gene expression, etc.) as a result of an abiotic (not derived from living organisms) stimulus."" [GOC:hb]",2000,389,61,22737,0.15681233933161953,0.0305,query_1,['GO:0050896']
GO:BP,GO:0010344,seed oilbody biogenesis,0.0005330246430116556,True,"""A cellular process that results in the biosynthesis of constituent macromolecules, assembly, and arrangement of constituent parts of a seed oilbody. Seed oilbodies are simple organelles comprising a matrix of triglyceride surrounded by a phospholipid monolayer embedded and covered with unique proteins called oleosins. Seed oilbodies supply the energy requirements for the growth of the seedling after germination."" [GOC:jl, PMID:16877495]",9,389,4,22737,0.010282776349614395,0.4444444444444444,query_1,"['GO:0044085', 'GO:0048316']"
GO:BP,GO:0045216,cell-cell junction organization,0.0008302458739553915,True,"""A process that is carried out at the cellular level which results in the assembly, arrangement of constituent parts, or disassembly of a cell-cell junction. A cell-cell junction is a specialized region of connection between two cells."" [GOC:ai, GOC:dph, GOC:jl, GOC:mah]",10,389,4,22737,0.010282776349614395,0.4,query_1,['GO:0034330']
GO:BP,GO:0034330,cell junction organization,0.001222700273955242,True,"""A process that is carried out at the cellular level which results in the assembly, arrangement of constituent parts, or disassembly of a cell junction. A cell junction is a specialized region of connection between two cells or between a cell and the extracellular matrix."" [GOC:dph, GOC:jl, GOC:mah]",11,389,4,22737,0.010282776349614395,0.36363636363636365,query_1,['GO:0016043']
GO:BP,GO:0050826,response to freezing,0.001361407721385828,True,"""Any process that results in a change in state or activity of a cell or an organism (in terms of movement, secretion, enzyme production, gene expression, etc.) as a result of a freezing stimulus, temperatures below 0 degrees Celsius."" [GOC:jl]",22,389,5,22737,0.012853470437017995,0.22727272727272727,query_1,['GO:0009409']
GO:BP,GO:0071456,cellular response to hypoxia,0.0013702423002668607,True,"""Any process that results in a change in state or activity of a cell (in terms of movement, secretion, enzyme production, gene expression, etc.) as a result of a stimulus indicating lowered oxygen tension. Hypoxia, defined as a decline in O2 levels below normoxic levels of 20.8 - 20.95%, results in metabolic adaptation at both the cellular and organismal level."" [GOC:mah]",222,389,14,22737,0.03598971722365039,0.06306306306306306,query_1,"['GO:0001666', 'GO:0033554', 'GO:0036294']"
GO:BP,GO:0036294,cellular response to decreased oxygen levels,0.001386246867230756,True,"""Any process that results in a change in state or activity of a cell (in terms of movement, secretion, enzyme production, gene expression, etc.) as a result of a stimulus reflecting a decline in the level of oxygen."" [GOC:al]",224,389,14,22737,0.03598971722365039,0.0625,query_1,"['GO:0036293', 'GO:0071453']"
GO:BP,GO:0071453,cellular response to oxygen levels,0.001386246867230756,True,"""Any process that results in a change in state or activity of a cell (in terms of movement, secretion, enzyme production, gene expression, etc.) as a result of a stimulus reflecting the presence, absence, or concentration of oxygen."" [GOC:mah]",224,389,14,22737,0.03598971722365039,0.0625,query_1,"['GO:0070482', 'GO:0070887']"
GO:BP,GO:0009753,response to jasmonic acid,0.0014413133318804242,True,"""Any process that results in a change in state or activity of a cell or an organism (in terms of movement, secretion, enzyme production, gene expression, etc.) as a result of a jasmonic acid stimulus."" [GOC:jl]",197,389,13,22737,0.033419023136246784,0.06598984771573604,query_1,"['GO:0009725', 'GO:0070542']"
GO:BP,GO:0000160,phosphorelay signal transduction system,0.0015390400468476095,True,"""A conserved series of molecular signals found in prokaryotes and eukaryotes; involves autophosphorylation of a histidine kinase and the transfer of the phosphate group to an aspartate that then acts as a phospho-donor to response regulator proteins."" [PMID:9191038]",199,389,13,22737,0.033419023136246784,0.06532663316582915,query_1,['GO:0035556']
GO:BP,GO:0070542,response to fatty acid,0.001643536806535197,True,"""Any process that results in a change in state or activity of a cell or an organism (in terms of movement, secretion, enzyme production, gene expression, etc.) as a result of a fatty acid stimulus."" [GOC:lp]",201,389,13,22737,0.033419023136246784,0.06467661691542288,query_1,"['GO:0033993', 'GO:1901700']"
GO:BP,GO:0141061,disruption of cell in another organism,0.0017648229344564383,True,"""The disruption of a cell of another organism, leading to damage or temporary subversion of that cell."" [GOC:pg]",40,389,6,22737,0.015424164524421594,0.15,query_1,['GO:0141060']
GO:BP,GO:0001906,cell killing,0.0017648229344564383,True,"""Any process in an organism that results in the killing of its own cells or those of another organism, including in some cases the death of the other organism. Killing here refers to the induction of death in one cell by another cell, not cell-autonomous death due to internal or other environmental conditions."" [GOC:add]",40,389,6,22737,0.015424164524421594,0.15,query_1,['GO:0009987']
GO:BP,GO:0031640,killing of cells of another organism,0.0017648229344564383,True,"""Any process in an organism that results in the killing of cells of another organism, including in some cases the death of the other organism. Killing here refers to the induction of death in one cell by another cell, not cell-autonomous death due to internal or other environmental conditions."" [GOC:add]",40,389,6,22737,0.015424164524421594,0.15,query_1,"['GO:0001906', 'GO:0141061']"
GO:BP,GO:0141060,disruption of anatomical structure in another organism,0.0017648229344564383,True,"""The disruption of an anatomical structure of another organism, leading to damage or temporary subversion of that structure."" [GOC:pg]",40,389,6,22737,0.015424164524421594,0.15,query_1,['GO:0044419']
GO:BP,GO:0009404,toxin metabolic process,0.0019469266662994116,True,"""The chemical reactions and pathways involving a toxin, a poisonous compound (typically a protein) that is produced by cells or organisms and that can cause disease when introduced into the body or tissues of an organism."" [GOC:cab2]",59,389,7,22737,0.017994858611825194,0.11864406779661017,query_1,['GO:0019748']
GO:BP,GO:0009699,phenylpropanoid biosynthetic process,0.002372325196171218,True,"""The chemical reactions and pathways resulting in the formation of aromatic derivatives of trans-cinnamic acid."" [GOC:jl]",105,389,9,22737,0.02313624678663239,0.08571428571428572,query_1,"['GO:0009698', 'GO:0044550']"
GO:BP,GO:0001666,response to hypoxia,0.0029312609905551004,True,"""Any process that results in a change in state or activity of a cell or an organism (in terms of movement, secretion, enzyme production, gene expression, etc.) as a result of a stimulus indicating lowered oxygen tension. Hypoxia, defined as a decline in O2 levels below normoxic levels of 20.8 - 20.95%, results in metabolic adaptation at both the cellular and organismal level."" [GOC:hjd]",248,389,14,22737,0.03598971722365039,0.056451612903225805,query_1,"['GO:0006950', 'GO:0036293']"
GO:BP,GO:0009407,toxin catabolic process,0.0030865666938254374,True,"""The chemical reactions and pathways resulting in the breakdown of toxin, a poisonous compound (typically a protein) that is produced by cells or organisms and that can cause disease when introduced into the body or tissues of an organism."" [GOC:go_curators]",45,389,6,22737,0.015424164524421594,0.13333333333333333,query_1,"['GO:0009056', 'GO:0009404', 'GO:0098754']"
GO:BP,GO:0036293,response to decreased oxygen levels,0.0032770098508438502,True,"""Any process that results in a change in state or activity of a cell or an organism (in terms of movement, secretion, enzyme production, gene expression, etc.) as a result of a stimulus reflecting a decline in the level of oxygen."" [GOC:al]",252,389,14,22737,0.03598971722365039,0.05555555555555555,query_1,['GO:0070482']
GO:BP,GO:0070482,response to oxygen levels,0.003323815763892785,True,"""Any process that results in a change in state or activity of a cell or an organism (in terms of movement, secretion, enzyme production, gene expression, etc.) as a result of a stimulus reflecting the presence, absence, or concentration of oxygen."" [GOC:BHF, GOC:mah]",253,389,14,22737,0.03598971722365039,0.05533596837944664,query_1,['GO:0009628']
GO:BP,GO:0071369,cellular response to ethylene stimulus,0.004424830717685382,True,"""Any process that results in a change in state or activity of a cell (in terms of movement, secretion, enzyme production, gene expression, etc.) as a result of an ethylene (ethene) stimulus."" [GOC:mah]",170,389,11,22737,0.028277634961439587,0.06470588235294118,query_1,"['GO:0009723', 'GO:0032870']"
GO:BP,GO:0044550,secondary metabolite biosynthetic process,0.004769044626295076,True,"""The chemical reactions and pathways resulting in the formation of secondary metabolites, the compounds that are not necessarily required for growth and maintenance of cells, and are often unique to a taxon."" [GOC:jl]",144,389,10,22737,0.02570694087403599,0.06944444444444445,query_1,"['GO:0009058', 'GO:0019748']"
GO:BP,GO:0009873,ethylene-activated signaling pathway,0.012536580567494997,True,"""The series of molecular signals generated by the reception of ethylene (ethene, C2H4) by a receptor and ending with modulation of a cellular process, e.g. transcription."" [GOC:jy, PMID:24012247]",163,389,10,22737,0.02570694087403599,0.06134969325153374,query_1,"['GO:0000160', 'GO:0009755', 'GO:0071369']"
GO:BP,GO:0033993,response to lipid,0.014358515815646547,True,"""Any process that results in a change in state or activity of a cell or an organism (in terms of movement, secretion, enzyme production, gene expression, etc.) as a result of a lipid stimulus."" [GOC:sl]",921,389,30,22737,0.07712082262210797,0.03257328990228013,query_1,['GO:0042221']
GO:BP,GO:0051716,cellular response to stimulus,0.01473360730025801,True,"""Any process that results in a change in state or activity of a cell (in terms of movement, secretion, enzyme production, gene expression, etc.) as a result of a stimulus. The process begins with detection of the stimulus by a cell and ends with a change in state or activity or the cell."" [GOC:bf, GOC:jl]",2546,389,65,22737,0.16709511568123395,0.025530243519245877,query_1,"['GO:0009987', 'GO:0050896']"
GO:BP,GO:0035556,intracellular signal transduction,0.014979166212382919,True,"""The process in which a signal is passed on to downstream components within the cell, which become activated themselves to further propagate the signal and finally trigger a change in the function or state of the cell."" [GOC:bf, GOC:jl, GOC:signaling, ISBN:3527303782]",442,389,18,22737,0.04627249357326478,0.04072398190045249,query_1,['GO:0007165']
GO:BP,GO:0006749,glutathione metabolic process,0.019682128941857994,True,"""The chemical reactions and pathways involving glutathione, the tripeptide glutamylcysteinylglycine, which acts as a coenzyme for some enzymes and as an antioxidant in the protection of sulfhydryl groups in enzymes and other proteins; it has a specific role in the reduction of hydrogen peroxide (H2O2) and oxidized ascorbate, and it participates in the gamma-glutamyl cycle."" [ISBN:0198506732]",44,389,5,22737,0.012853470437017995,0.11363636363636363,query_1,"['GO:0006575', 'GO:0006790']"
GO:BP,GO:0071495,cellular response to endogenous stimulus,0.019929475611096804,True,"""Any process that results in a change in state or activity of a cell (in terms of movement, secretion, enzyme production, gene expression, etc.) as a result of a stimulus arising within the organism."" [GOC:mah]",904,389,29,22737,0.07455012853470437,0.032079646017699116,query_1,['GO:0009719']
GO:BP,GO:0032870,cellular response to hormone stimulus,0.019929475611096804,True,"""Any process that results in a change in state or activity of a cell (in terms of movement, secretion, enzyme production, gene expression, etc.) as a result of a hormone stimulus."" [GOC:mah]",903,389,29,22737,0.07455012853470437,0.03211517165005537,query_1,"['GO:0009725', 'GO:0070887', 'GO:0071495']"
GO:BP,GO:0009409,response to cold,0.02235326794728497,True,"""Any process that results in a change in state or activity of a cell or an organism (in terms of movement, secretion, enzyme production, gene expression, etc.) as a result of a cold stimulus, a temperature stimulus below the optimal temperature for that organism."" [GOC:lr]",386,389,16,22737,0.04113110539845758,0.04145077720207254,query_1,"['GO:0006950', 'GO:0009266']"
GO:BP,GO:0009867,jasmonic acid mediated signaling pathway,0.024736846406636294,True,"""The series of molecular signals mediated by jasmonic acid."" [GOC:jy, PMID:16478936, PMID:19522558, PMID:20159850]",95,389,7,22737,0.017994858611825194,0.07368421052631578,query_1,"['GO:0009755', 'GO:0071395']"
GO:BP,GO:0010150,leaf senescence,0.024736846406636294,True,"""The last stage of leaf development during which programmed degradation of macromolecules and nutrient recycling take place."" [ISBN:0387987819, PMID:17177638, PMID:34938309]",152,389,9,22737,0.02313624678663239,0.05921052631578947,query_1,"['GO:0048366', 'GO:0090693']"
GO:BP,GO:0009755,hormone-mediated signaling pathway,0.028860095117282887,True,"""The series of molecular signals mediated by the detection of a hormone."" [GOC:sm]",845,389,27,22737,0.06940874035989718,0.03195266272189349,query_1,"['GO:0007165', 'GO:0032870']"
GO:BP,GO:0071395,cellular response to jasmonic acid stimulus,0.029056581279827673,True,"""Any process that results in a change in state or activity of a cell (in terms of movement, secretion, enzyme production, gene expression, etc.) as a result of a jasmonic acid stimulus."" [GOC:mah]",100,389,7,22737,0.017994858611825194,0.07,query_1,"['GO:0009753', 'GO:0032870', 'GO:0071398']"
GO:BP,GO:0071492,cellular response to UV-A,0.029056581279827673,True,"""Any process that results in a change in state or activity of a cell (in terms of movement, secretion, enzyme production, gene expression, etc.) as a result of a UV-A radiation stimulus. UV-A radiation (UV-A light) spans the wavelengths 315 to 400 nm."" [GOC:mah]",4,389,2,22737,0.005141388174807198,0.5,query_1,"['GO:0034644', 'GO:0070141']"
GO:BP,GO:0170062,nutrient storage,0.029056581279827673,True,"""The accumulation and maintenance in cells or tissues of a nutrient, a substance that is used by an organism to survive, to grow, and to reproduce; such as proteins, vitamins, and minerals. Nutrient reserves can be accumulated for mobilization and utilization when needed."" [GOC:ew]",14,389,3,22737,0.007712082262210797,0.21428571428571427,query_1,['GO:0009987']
GO:BP,GO:0070141,response to UV-A,0.029056581279827673,True,"""Any process that results in a change in state or activity of a cell or an organism (in terms of movement, secretion, enzyme production, gene expression, etc.) as a result of a UV-A radiation stimulus. UV-A radiation (UV-A light) spans the wavelengths 315 to 400 nm."" [GOC:BHF, GOC:mah]",4,389,2,22737,0.005141388174807198,0.5,query_1,['GO:0009411']
GO:BP,GO:0090693,plant organ senescence,0.029056581279827673,True,"""A plant organ developmental process during which a plant dismantles cellular components to reclaim the cellular building blocks and nutrients that have been deposited in the plant organs during growth."" [GOC:tb, PMID:17177638, PMID:34938309]",159,389,9,22737,0.02313624678663239,0.05660377358490566,query_1,"['GO:0032502', 'GO:0099402']"
GO:BP,GO:0006979,response to oxidative stress,0.029056581279827673,True,"""Any process that results in a change in state or activity of a cell or an organism (in terms of movement, secretion, enzyme production, gene expression, etc.) as a result of oxidative stress, a state often resulting from exposure to high levels of reactive oxygen species, e.g. superoxide anions, hydrogen peroxide (H2O2), and hydroxyl radicals."" [GOC:jl, PMID:12115731]",402,389,16,22737,0.04113110539845758,0.03980099502487562,query_1,['GO:0006950']
GO:BP,GO:0019915,lipid storage,0.029056581279827673,True,"""The accumulation and maintenance in cells or tissues of lipids, compounds soluble in organic solvents but insoluble or sparingly soluble in aqueous solvents. Lipid reserves can be accumulated during early developmental stages for mobilization and utilization at later stages of development."" [GOC:dph, GOC:mah, GOC:tb, PMID:11102830]",14,389,3,22737,0.007712082262210797,0.21428571428571427,query_1,['GO:0170062']
GO:BP,GO:0009646,response to absence of light,0.029294201843602753,True,"""Any process that results in a change in state or activity of a cell or an organism (in terms of movement, secretion, enzyme production, gene expression, etc.) as a result of an absence of light stimuli."" [GOC:go_curators]",51,389,5,22737,0.012853470437017995,0.09803921568627451,query_1,['GO:0009642']
GO:BP,GO:0009266,response to temperature stimulus,0.029920996820336315,True,"""Any process that results in a change in state or activity of a cell or an organism (in terms of movement, secretion, enzyme production, gene expression, etc.) as a result of a temperature stimulus."" [GOC:hb]",605,389,21,22737,0.05398457583547558,0.03471074380165289,query_1,['GO:0009628']
GO:BP,GO:0002213,defense response to insect,0.029920996820336315,True,"""A response to protect an organism from a directly detected or perceived external threat from an insect or insects to that organism."" [GOC:add]",31,389,4,22737,0.010282776349614395,0.12903225806451613,query_1,"['GO:0006952', 'GO:0051707']"
GO:BP,GO:0071398,cellular response to fatty acid,0.03301914969727461,True,"""Any process that results in a change in state or activity of a cell (in terms of movement, secretion, enzyme production, gene expression, etc.) as a result of a fatty acid stimulus."" [GOC:mah]",104,389,7,22737,0.017994858611825194,0.0673076923076923,query_1,"['GO:0070542', 'GO:0071396', 'GO:1901701']"
GO:BP,GO:2001141,regulation of RNA biosynthetic process,0.034286722395404895,True,"""Any process that modulates the frequency, rate or extent of RNA biosynthetic process."" [GOC:dph]",1695,389,45,22737,0.11568123393316196,0.02654867256637168,query_1,"['GO:0010556', 'GO:0032774', 'GO:0051252']"
GO:BP,GO:0006355,regulation of DNA-templated transcription,0.034286722395404895,True,"""Any process that modulates the frequency, rate or extent of cellular DNA-templated transcription."" [GOC:go_curators, GOC:txnOH]",1695,389,45,22737,0.11568123393316196,0.02654867256637168,query_1,"['GO:0006351', 'GO:0010468', 'GO:2001141']"
GO:BP,GO:0009723,response to ethylene,0.03809108603920047,True,"""Any process that results in a change in state or activity of a cell or an organism (in terms of movement, secretion, enzyme production, gene expression, etc.) as a result of an ethylene (ethene) stimulus."" [GOC:jl]",235,389,11,22737,0.028277634961439587,0.04680851063829787,query_1,['GO:0009725']
GO:BP,GO:0009825,multidimensional cell growth,0.04792236397074092,True,"""The process in which a cell irreversibly increases in size in two or three [spatial] dimensions or along two or three axes."" [ISBN:0943088399]",36,389,4,22737,0.010282776349614395,0.1111111111111111,query_1,['GO:0016049']
GO:BP,GO:0006970,response to osmotic stress,0.04910534716514338,True,"""Any process that results in a change in state or activity of a cell or an organism (in terms of movement, secretion, enzyme production, gene expression, etc.) as a result of a stimulus indicating an increase or decrease in the concentration of solutes outside the organism or cell."" [GOC:jl]",512,389,18,22737,0.04627249357326478,0.03515625,query_1,"['GO:0006950', 'GO:0009628']"
GO:BP,GO:0048731,system development,0.05564228671235504,False,"""The process whose specific outcome is the progression of an organismal system over time, from its formation to the mature structure. A system is a regularly interacting or interdependent group of organs or tissues that work together to carry out a given biological process."" [GOC:dph, GOC:jid]",1891,389,48,22737,0.12339331619537275,0.02538339502908514,query_1,"['GO:0007275', 'GO:0048856']"
GO:BP,GO:0009642,response to light intensity,0.056932426177570314,False,"""Any process that results in a change in state or activity of a cell or an organism (in terms of movement, secretion, enzyme production, gene expression, etc.) as a result of a light intensity stimulus."" [GOC:go_curators]",148,389,8,22737,0.02056555269922879,0.05405405405405406,query_1,['GO:0009416']
GO:BP,GO:0046622,positive regulation of organ growth,0.056932426177570314,False,"""Any process that activates or increases the frequency, rate or extent of growth of an organ of an organism."" [GOC:bf, GOC:tb]",6,389,2,22737,0.005141388174807198,0.3333333333333333,query_1,"['GO:0035265', 'GO:0046620', 'GO:0048639', 'GO:0051240']"
GO:BP,GO:0006790,sulfur compound metabolic process,0.056932426177570314,False,"""The chemical reactions and pathways involving the nonmetallic element sulfur or compounds that contain sulfur, such as the amino acids methionine and cysteine or the tripeptide glutathione."" [GOC:ai]",287,389,12,22737,0.030848329048843187,0.041811846689895474,query_1,['GO:0008152']
GO:BP,GO:0071486,cellular response to high light intensity,0.056932426177570314,False,"""Any process that results in a change in state or activity of a cell (in terms of movement, secretion, enzyme production, gene expression, etc.) as a result of a high light intensity stimulus."" [GOC:mah]",6,389,2,22737,0.005141388174807198,0.3333333333333333,query_1,"['GO:0009644', 'GO:0071484']"
GO:BP,GO:0051252,regulation of RNA metabolic process,0.06219829660010596,False,"""Any process that modulates the frequency, rate or extent of the chemical reactions and pathways involving RNA."" [GOC:ai]",1763,389,45,22737,0.11568123393316196,0.025524673851389675,query_1,"['GO:0016070', 'GO:0019219', 'GO:0060255']"
GO:BP,GO:0048367,shoot system development,0.06584881381809325,False,"""The process whose specific outcome is the progression of the shoot system over time, from its formation to the mature structure."" [GOC:go_curators]",878,389,26,22737,0.06683804627249357,0.029612756264236904,query_1,['GO:0048731']
GO:BP,GO:1990961,xenobiotic detoxification by transmembrane export across the plasma membrane,0.06907684648306772,False,"""A process that reduces or removes the toxicity of a xenobiotic by exporting it outside the cell."" [PMID:28355133]",42,389,4,22737,0.010282776349614395,0.09523809523809523,query_1,"['GO:0046618', 'GO:0098754', 'GO:0140115']"
GO:BP,GO:0046618,xenobiotic export from cell,0.06907684648306772,False,"""The directed movement of a xenobiotic from a cell, into the extracellular region. A xenobiotic is a compound foreign to the organism exposed to it. It may be synthesized by another organism (like ampicilin) or it can be a synthetic chemical."" [GOC:go_curators, GOC:krc]",42,389,4,22737,0.010282776349614395,0.09523809523809523,query_1,"['GO:0042908', 'GO:0055085', 'GO:0140352']"
GO:BP,GO:0050898,nitrile metabolic process,0.06907684648306772,False,"""The chemical reactions and pathways involving nitriles, an organic compound containing trivalent nitrogen attached to one carbon atom. The nitriles are named with reference to the acids produced by their decomposition; for example, hydrocyanic acid is formic nitrile, and methyl cyanide is acetic nitrile."" [PMID:18987211]",7,389,2,22737,0.005141388174807198,0.2857142857142857,query_1,['GO:0008152']
GO:BP,GO:0080028,nitrile biosynthetic process,0.06907684648306772,False,"""The chemical reactions and pathways resulting in the formation of a nitrile, an organic compound containing trivalent nitrogen attached to one carbon atom."" [PMID:18987211]",7,389,2,22737,0.005141388174807198,0.2857142857142857,query_1,"['GO:0009058', 'GO:0050898']"
GO:BP,GO:0080037,negative regulation of cytokinin-activated signaling pathway,0.06907684648306772,False,"""Any process that stops, prevents, or reduces the frequency, rate or extent of cytokinin signaling."" [GOC:dhl, PMID:14973166]",7,389,2,22737,0.005141388174807198,0.2857142857142857,query_1,"['GO:0009736', 'GO:0009968', 'GO:0080036']"
GO:BP,GO:0006097,glyoxylate cycle,0.06907684648306772,False,"""A modification of the TCA cycle occurring in some plants and microorganisms, in which isocitrate is cleaved to glyoxylate and succinate. Glyoxylate can then react with acetyl-CoA to form malate."" [ISBN:0198506732]",7,389,2,22737,0.005141388174807198,0.2857142857142857,query_1,"['GO:0005975', 'GO:0046487']"
GO:BP,GO:0043617,cellular response to sucrose starvation,0.06907684648306772,False,"""Any process that results in a change in state or activity of a cell (in terms of movement, secretion, enzyme production, gene expression, etc.) as a result of deprivation of sucrose."" [GOC:jl]",7,389,2,22737,0.005141388174807198,0.2857142857142857,query_1,['GO:0009267']
GO:BP,GO:0033554,cellular response to stress,0.06907684648306772,False,"""Any process that results in a change in state or activity of a cell (in terms of movement, secretion, enzyme production, gene expression, etc.) as a result of a stimulus indicating the organism is under stress. The stress is usually, but not necessarily, exogenous (e.g. temperature, humidity, ionizing radiation)."" [GOC:mah]",1022,389,29,22737,0.07455012853470437,0.02837573385518591,query_1,"['GO:0006950', 'GO:0051716']"
GO:BP,GO:0015695,organic cation transport,0.07080856633407437,False,"""The directed movement of organic cations into, out of or within a cell, or between cells, by means of some agent such as a transporter or pore. Organic cations are atoms or small molecules with a positive charge which contain carbon in covalent linkage."" [GOC:ai]",22,389,3,22737,0.007712082262210797,0.13636363636363635,query_1,['GO:0006810']
GO:BP,GO:0051259,protein complex oligomerization,0.0777196423729071,False,"""The process of creating protein oligomers, compounds composed of a small number, usually between three and ten, of component monomers; protein oligomers may be composed of different or identical monomers. Oligomers may be formed by the polymerization of a number of monomers or the depolymerization of a large protein polymer."" [GOC:ai, PMID:18293929]",44,389,4,22737,0.010282776349614395,0.09090909090909091,query_1,['GO:0065003']
GO:BP,GO:0009651,response to salt stress,0.07880662728793629,False,"""Any process that results in a change in state or activity of a cell or an organism (in terms of movement, secretion, enzyme production, gene expression, etc.) as a result of a stimulus indicating an increase or decrease in the concentration of salt (particularly but not exclusively sodium and chloride ions) in the environment."" [GOC:jl]",425,389,15,22737,0.038560411311053984,0.03529411764705882,query_1,['GO:0006970']
GO:BP,GO:0006351,DNA-templated transcription,0.0788857400490562,False,"""The synthesis of an RNA transcript from a DNA template."" [GOC:jl, GOC:txnOH]",1853,389,46,22737,0.11825192802056556,0.0248246087425796,query_1,"['GO:0010467', 'GO:0032774']"
GO:BP,GO:0071490,cellular response to far red light,0.08455910412619874,False,"""Any process that results in a change in state or activity of a cell (in terms of movement, secretion, enzyme production, gene expression, etc.) as a result of far red light stimulus. Far red light is electromagnetic radiation of wavelength 700-800nm. An example of this response is seen at the beginning of many plant species developmental stages. These include germination, and the point when cotyledon expansion is triggered. In certain species these processes take place in response to absorption of red light by the pigment molecule phytochrome, but the signal can be reversed by exposure to far red light. During the initial phase the phytochrome molecule is only present in the red light absorbing form, but on absorption of red light it changes to a far red light absorbing form, triggering progress through development. An immediate short period of exposure to far red light entirely returns the pigment to its initial state and prevents triggering of the developmental process. A thirty minute break between red and subsequent far red light exposure renders the red light effect irreversible, and development then occurs regardless of whether far red light exposure subsequently occurs."" [GOC:mah]",8,389,2,22737,0.005141388174807198,0.25,query_1,"['GO:0010218', 'GO:0071489']"
GO:BP,GO:0009686,gibberellin biosynthetic process,0.08455910412619874,False,"""The chemical reactions and pathways resulting in the formation of gibberellin. Gibberellins are a class of highly modified terpenes that function as plant growth regulators."" [ISBN:0387969845]",24,389,3,22737,0.007712082262210797,0.125,query_1,"['GO:0009685', 'GO:0016102', 'GO:0046394']"
GO:BP,GO:0046487,glyoxylate metabolic process,0.08455910412619874,False,"""The chemical reactions and pathways involving glyoxylate, the anion of glyoxylic acid, HOC-COOH."" [ISBN:0198506732]",8,389,2,22737,0.005141388174807198,0.25,query_1,"['GO:0006081', 'GO:0032787']"
GO:BP,GO:0009718,anthocyanin-containing compound biosynthetic process,0.08789636794504772,False,"""The chemical reactions and pathways resulting in the formation of anthocyanins, any member of a group of intensely colored soluble glycosides of anthocyanidins."" [GOC:ai]",25,389,3,22737,0.007712082262210797,0.12,query_1,"['GO:0009813', 'GO:0046148', 'GO:0046283']"
GO:BP,GO:0051260,protein homooligomerization,0.08789636794504772,False,"""The process of creating protein oligomers, compounds composed of a small number, usually between three and ten, of identical component monomers. Oligomers may be formed by the polymerization of a number of monomers or the depolymerization of a large protein polymer."" [GOC:ai]",25,389,3,22737,0.007712082262210797,0.12,query_1,['GO:0051259']
GO:BP,GO:0042430,indole-containing compound metabolic process,0.08789636794504772,False,"""The chemical reactions and pathways involving compounds that contain an indole (2,3-benzopyrrole) skeleton."" [GOC:jl, GOC:mah]",73,389,5,22737,0.012853470437017995,0.0684931506849315,query_1,['GO:0008152']
GO:BP,GO:0009736,cytokinin-activated signaling pathway,0.08789636794504772,False,"""The series of molecular signals generated by the binding of a cytokinin to a receptor, and ending with the regulation of a downstream cellular process, e.g. transcription."" [GOC:sm, PMID:24080474]",73,389,5,22737,0.012853470437017995,0.0684931506849315,query_1,"['GO:0009755', 'GO:0071368']"
GO:BP,GO:0031647,regulation of protein stability,0.08789636794504772,False,"""Any process that affects the structure and integrity of a protein, altering the likelihood of its degradation or aggregation."" [GOC:dph, GOC:mah, GOC:tb]",25,389,3,22737,0.007712082262210797,0.12,query_1,['GO:0065008']
GO:BP,GO:0050832,defense response to fungus,0.08789636794504772,False,"""Reactions triggered in response to the presence of a fungus that act to protect the cell or organism."" [GOC:ai]",316,389,12,22737,0.030848329048843187,0.0379746835443038,query_1,"['GO:0006952', 'GO:0009620']"
GO:BP,GO:0010227,floral organ abscission,0.08789636794504772,False,"""The controlled shedding of floral organs."" [GOC:PO_curators, PMID:12972671, PO:0025395]",25,389,3,22737,0.007712082262210797,0.12,query_1,"['GO:0003006', 'GO:0009838', 'GO:0048437']"
GO:BP,GO:0009685,gibberellin metabolic process,0.09360874436196047,False,"""The chemical reactions and pathways involving gibberellin. Gibberellins are a class of highly modified terpenes that function as plant growth regulators."" [ISBN:0387969845]",26,389,3,22737,0.007712082262210797,0.11538461538461539,query_1,"['GO:0016101', 'GO:0019752']"
GO:BP,GO:0010117,photoprotection,0.09360874436196047,False,"""Protection mechanism used by plants and cyanobacteria under conditions of excess energy absorption as a consequence of the light reactions of photosynthesis."" [PMID:30765616]",9,389,2,22737,0.005141388174807198,0.2222222222222222,query_1,['GO:0009416']
GO:BP,GO:0009061,anaerobic respiration,0.09360874436196047,False,"""The enzymatic release of energy from inorganic and organic compounds (especially carbohydrates and fats) which uses compounds other than oxygen (e.g. nitrate, sulfate) as the terminal electron acceptor."" [GOC:das, GOC:jl, ISBN:0140513590]",9,389,2,22737,0.005141388174807198,0.2222222222222222,query_1,['GO:0045333']
GO:BP,GO:0071368,cellular response to cytokinin stimulus,0.09360874436196047,False,"""Any process that results in a change in state or activity of a cell (in terms of movement, secretion, enzyme production, gene expression, etc.) as a result of a cytokinin stimulus."" [GOC:mah]",76,389,5,22737,0.012853470437017995,0.06578947368421052,query_1,"['GO:0009735', 'GO:0032870']"
GO:BP,GO:0019219,regulation of nucleobase-containing compound metabolic process,0.09360874436196047,False,"""Any cellular process that modulates the frequency, rate or extent of the chemical reactions and pathways involving nucleobases, nucleosides, nucleotides and nucleic acids."" [GOC:go_curators]",1835,389,45,22737,0.11568123393316196,0.02452316076294278,query_1,"['GO:0006139', 'GO:0080090']"
GO:BP,GO:0048609,multicellular organismal reproductive process,0.09360874436196047,False,"""The process, occurring above the cellular level, that is pertinent to the reproductive function of a multicellular organism. This includes the integrated processes at the level of tissues and organs."" [GOC:dph, GOC:jid, GOC:tb]",171,389,8,22737,0.02056555269922879,0.04678362573099415,query_1,['GO:0022414']
GO:BP,GO:0010431,seed maturation,0.09777369354611756,False,"""A process in seed development that occurs after embryogenesis by which a quiescent state is established in a seed. Seed maturation is characterized by storage compound accumulation, acquisition of desiccation tolerance, growth arrest and the entry into a dormancy period of variable length that is broken upon germination."" [PMID:16096971]",77,389,5,22737,0.012853470437017995,0.06493506493506493,query_1,"['GO:0003006', 'GO:0021700', 'GO:0048316', 'GO:0048609']"
GO:BP,GO:1900055,regulation of leaf senescence,0.09809553516545437,False,"""Any process that modulates the frequency, rate or extent of leaf senescence."" [GOC:TermGenie]",50,389,4,22737,0.010282776349614395,0.08,query_1,"['GO:0010150', 'GO:0050793']"
GO:BP,GO:0015850,organic hydroxy compound transport,0.09862485672297144,False,"""The directed movement of an organic hydroxy compound (organic alcohol) into, out of or within a cell, or between cells, by means of some agent such as a transporter or pore. An organic hydroxy compound is an organic compound having at least one hydroxy group attached to a carbon atom."" [GOC:ai]",27,389,3,22737,0.007712082262210797,0.1111111111111111,query_1,['GO:0006810']
GO:BP,GO:0009682,induced systemic resistance,0.09862485672297144,False,"""A response to non-pathogenic bacteria that confers broad spectrum systemic resistance to disease that does not depend upon salicylic acid signaling."" [PMID:10234273, PMID:15233292, PMID:23386685]",27,389,3,22737,0.007712082262210797,0.1111111111111111,query_1,"['GO:0042742', 'GO:0045087']"
GO:BP,GO:0048366,leaf development,0.10092235730613427,False,"""The process whose specific outcome is the progression of the leaf over time, from its formation to the mature structure."" [GOC:go_curators]",367,389,13,22737,0.033419023136246784,0.035422343324250684,query_1,['GO:0048827']
GO:BP,GO:0065007,biological regulation,0.10336676852392958,False,"""Any process that modulates a measurable attribute of any biological process, quality or function."" [GOC:dph, GOC:isa_complete, GOC:mah, GOC:pr, GOC:vw]",4414,389,94,22737,0.2416452442159383,0.021295876755777075,query_1,['GO:0008150']
GO:BP,GO:0035195,miRNA-mediated post-transcriptional gene silencing,0.10632637087104115,False,"""A post-transcriptional gene silencing pathway in which regulatory microRNAs (miRNAs) elicit silencing of specific target genes. miRNAs are endogenous 21-24 nucleotide small RNAs processed from stem-loop RNA precursors (pre-miRNAs). Once incorporated into a RNA-induced silencing complex (RISC), miRNAs can downregulate protein production by either of two posttranscriptional mechanisms: endonucleolytic cleavage of the RNA (often mRNA) or mRNA translational repression, usually accompanied by poly-A tail shortening and subsequent degradation of the mRNA. miRNAs are present in all the animals and in plants, whereas siRNAs are present in lower animals and in plants."" [GOC:aruk, GOC:bc, GOC:rl, PMID:14744438, PMID:15066275, PMID:15066283, PMID:23209154, PMID:23985560, PMID:28379604]",52,389,4,22737,0.010282776349614395,0.07692307692307693,query_1,['GO:0035194']
GO:BP,GO:0009864,"induced systemic resistance, jasmonic acid mediated signaling pathway",0.10632637087104115,False,"""The series of molecular signals mediated by jasmonic acid involved in induced systemic resistance."" [GOC:jy]",10,389,2,22737,0.005141388174807198,0.2,query_1,"['GO:0002218', 'GO:0002252', 'GO:0009682', 'GO:0009867']"
GO:BP,GO:0032501,multicellular organismal process,0.11174074021368714,False,"""Any biological process, occurring at the level of a multicellular organism, pertinent to its function."" [GOC:curators, GOC:dph, GOC:isa_complete, GOC:tb]",2583,389,59,22737,0.15167095115681234,0.022841656987998452,query_1,['GO:0008150']
GO:BP,GO:0009889,regulation of biosynthetic process,0.11174074021368714,False,"""Any process that modulates the frequency, rate or extent of the chemical reactions and pathways resulting in the formation of substances."" [GOC:go_curators]",2275,389,53,22737,0.13624678663239073,0.023296703296703296,query_1,"['GO:0009058', 'GO:0019222']"
GO:BP,GO:0071483,cellular response to blue light,0.1126427562703357,False,"""Any process that results in a change in state or activity of a cell (in terms of movement, secretion, enzyme production, gene expression, etc.) as a result of a blue light stimulus. Blue light is electromagnetic radiation with a wavelength of between 440 and 500nm."" [GOC:mah]",29,389,3,22737,0.007712082262210797,0.10344827586206896,query_1,"['GO:0009637', 'GO:0071482']"
GO:BP,GO:0003006,developmental process involved in reproduction,0.11299585796716258,False,"""A developmental process in which a progressive change in the state of some part of an organism, germline or somatic, specifically contributes to its ability to form offspring."" [GOC:dph, GOC:isa_complete]",1332,389,34,22737,0.08740359897172237,0.025525525525525526,query_1,"['GO:0022414', 'GO:0032502']"
GO:BP,GO:0042545,cell wall modification,0.11614434009178973,False,"""The series of events leading to chemical and structural alterations of an existing cell wall that can result in loosening, increased extensibility or disassembly."" [GOC:jl]",114,389,6,22737,0.015424164524421594,0.05263157894736842,query_1,['GO:0071555']
GO:BP,GO:0010468,regulation of gene expression,0.11614434009178973,False,"""Any process that modulates the frequency, rate or extent of gene expression. Gene expression is the process in which a gene's coding sequence is converted into a mature gene product (protein or RNA)."" [GOC:txnOH-2018]",2132,389,50,22737,0.12853470437017994,0.02345215759849906,query_1,"['GO:0010467', 'GO:0010556']"
GO:BP,GO:0034205,amyloid-beta formation,0.11956134346240067,False,"""The generation of amyloid-beta by cleavage of the amyloid precursor protein (APP)."" [GOC:mah]",1,389,1,22737,0.002570694087403599,1.0,query_1,"['GO:0042987', 'GO:0050435']"
GO:BP,GO:0009737,response to abscisic acid,0.11956134346240067,False,"""Any process that results in a change in state or activity of a cell or an organism (in terms of movement, secretion, enzyme production, gene expression, etc.) as a result of an abscisic acid stimulus."" [GOC:jl]",561,389,17,22737,0.043701799485861184,0.030303030303030304,query_1,"['GO:0009725', 'GO:0033993', 'GO:0097305']"
GO:BP,GO:0042982,amyloid precursor protein metabolic process,0.11956134346240067,False,"""The chemical reactions and pathways involving amyloid precursor protein (APP), the precursor of amyloid-beta, a glycoprotein associated with Alzheimer's disease."" [GOC:go_curators]",1,389,1,22737,0.002570694087403599,1.0,query_1,['GO:0019538']
GO:BP,GO:0042744,hydrogen peroxide catabolic process,0.11956134346240067,False,"""The chemical reactions and pathways resulting in the breakdown of hydrogen peroxide (H2O2)."" [GOC:jl]",84,389,5,22737,0.012853470437017995,0.05952380952380952,query_1,"['GO:0009056', 'GO:0042743']"
GO:BP,GO:0060416,response to growth hormone,0.11956134346240067,False,"""Any process that results in a change in state or activity of a cell or an organism (in terms of movement, secretion, enzyme production, gene expression, etc.) as a result of a growth hormone stimulus. Growth hormone is a peptide hormone that binds to the growth hormone receptor and stimulates growth."" [GOC:BHF, GOC:dph]",1,389,1,22737,0.002570694087403599,1.0,query_1,['GO:0043434']
GO:BP,GO:2000068,regulation of defense response to insect,0.11956134346240067,False,"""Any process that modulates the frequency, rate or extent of defense response to insect."" [GOC:obol]",12,389,2,22737,0.005141388174807198,0.16666666666666666,query_1,"['GO:0002213', 'GO:0002831', 'GO:0031347', 'GO:0032101']"
GO:BP,GO:0071491,cellular response to red light,0.11956134346240067,False,"""Any process that results in a change in state or activity of a cell (in terms of movement, secretion, enzyme production, gene expression, etc.) as a result of a red light stimulus. Red light is electromagnetic radiation of wavelength of 580-700nm. An example of this response is seen at the beginning of many plant species developmental stages. These include germination, and the point when cotyledon expansion is triggered. In certain species these processes take place in response to absorption of red light by the pigment molecule phytochrome, but the signal can be reversed by exposure to far red light. During the initial phase the phytochrome molecule is only present in the red light absorbing form, but on absorption of red light it changes to a far red light absorbing form, triggering progress through development. An immediate short period of exposure to far red light entirely returns the pigment to its initial state and prevents triggering of the developmental process. A thirty minute break between red and subsequent far red light exposure renders the red light effect irreversible, and development then occurs regardless of whether far red light exposure subsequently occurs."" [GOC:mah]",12,389,2,22737,0.005141388174807198,0.16666666666666666,query_1,"['GO:0010114', 'GO:0071489']"
GO:BP,GO:0050435,amyloid-beta metabolic process,0.11956134346240067,False,"""The chemical reactions and pathways involving amyloid-beta, a glycoprotein associated with Alzheimer's disease, and its precursor, amyloid precursor protein (APP)."" [GOC:ai]",1,389,1,22737,0.002570694087403599,1.0,query_1,['GO:0008152']
GO:BP,GO:0070778,L-aspartate transmembrane transport,0.11956134346240067,False,"""The directed movement of L-aspartate across a membrane by means of some agent such as a transporter or a pore."" [PMID:21307582]",1,389,1,22737,0.002570694087403599,1.0,query_1,"['GO:0015810', 'GO:1902475']"
GO:BP,GO:0015879,carnitine transport,0.11956134346240067,False,"""The directed movement of carnitine into, out of or within a cell, or between cells, by means of some agent such as a transporter or pore. Carnitine is a compound that participates in the transfer of acyl groups across the inner mitochondrial membrane."" [GOC:ai]",1,389,1,22737,0.002570694087403599,1.0,query_1,"['GO:0015695', 'GO:0015838']"
GO:BP,GO:0015838,amino-acid betaine transport,0.11956134346240067,False,"""The directed movement of betaine, the N-trimethyl derivative of an amino acid, into, out of or within a cell, or between cells, by means of some agent such as a transporter or pore."" [GOC:ai]",1,389,1,22737,0.002570694087403599,1.0,query_1,"['GO:0015697', 'GO:0072337']"
GO:BP,GO:0090437,socket cell differentiation,0.11956134346240067,False,"""The process in which a relatively unspecialized cell acquires specialized features of a socket cell, a shoot epidermal cell that surrounds a trichome and provides its support."" [GOC:tb]",1,389,1,22737,0.002570694087403599,1.0,query_1,"['GO:0090558', 'GO:0090627']"
GO:BP,GO:0071484,cellular response to light intensity,0.11956134346240067,False,"""Any process that results in a change in state or activity of a cell (in terms of movement, secretion, enzyme production, gene expression, etc.) as a result of a light intensity stimulus."" [GOC:mah]",11,389,2,22737,0.005141388174807198,0.18181818181818182,query_1,"['GO:0009642', 'GO:0071482']"
GO:BP,GO:1902993,positive regulation of amyloid precursor protein catabolic process,0.11956134346240067,False,"""Any process that activates or increases the frequency, rate or extent of amyloid precursor protein catabolic process."" [GO_REF:0000058, GOC:PARL, GOC:rl, GOC:TermGenie, PMID:24499793]",1,389,1,22737,0.002570694087403599,1.0,query_1,"['GO:0042987', 'GO:0051247', 'GO:1902991']"
GO:BP,GO:1902991,regulation of amyloid precursor protein catabolic process,0.11956134346240067,False,"""Any process that modulates the frequency, rate or extent of amyloid precursor protein catabolic process."" [GO_REF:0000058, GOC:PARL, GOC:rl, GOC:TermGenie, PMID:24499793]",1,389,1,22737,0.002570694087403599,1.0,query_1,"['GO:0042987', 'GO:0051246']"
GO:BP,GO:0042987,amyloid precursor protein catabolic process,0.11956134346240067,False,"""The chemical reactions and pathways resulting in the breakdown of amyloid precursor protein (APP), the precursor of amyloid-beta, a glycoprotein associated with Alzheimer's disease."" [GOC:go_curators]",1,389,1,22737,0.002570694087403599,1.0,query_1,['GO:0042982']
GO:BP,GO:1904277,negative regulation of wax biosynthetic process,0.11956134346240067,False,"""Any process that stops, prevents or reduces the frequency, rate or extent of wax biosynthetic process."" [GO_REF:0000058, GOC:TermGenie, PMID:24692420]",1,389,1,22737,0.002570694087403599,1.0,query_1,"['GO:0010025', 'GO:0051055', 'GO:1904276']"
GO:BP,GO:0000304,response to singlet oxygen,0.11956134346240067,False,"""Any process that results in a change in state or activity of a cell or an organism (in terms of movement, secretion, enzyme production, gene expression, etc.) as a result of a singlet oxygen stimulus. Singlet oxygen is a dioxygen (O2) molecule in which two 2p electrons have similar spin. Singlet oxygen is more highly reactive than the form in which these electrons are of opposite spin, and it is produced in mutant chloroplasts lacking carotenoids and by leukocytes during metabolic burst."" [GOC:krc, ISBN:0124325653, ISBN:0198506732]",11,389,2,22737,0.005141388174807198,0.18181818181818182,query_1,['GO:0000302']
GO:BP,GO:1902603,carnitine transmembrane transport,0.11956134346240067,False,"""The directed movement of carnitine across a membrane."" [GO_REF:0000069, GOC:pr, GOC:TermGenie]",1,389,1,22737,0.002570694087403599,1.0,query_1,"['GO:0015879', 'GO:0055085']"
GO:BP,GO:1901811,beta-carotene catabolic process,0.11956134346240067,False,"""The chemical reactions and pathways resulting in the breakdown of beta-carotene."" [GOC:TermGenie, GOC:yaf, MetaCyc:PWY-5943, PMID:11387982, UniPathway:UPA00802]",1,389,1,22737,0.002570694087403599,1.0,query_1,"['GO:0016118', 'GO:0016121', 'GO:1901810']"
GO:BP,GO:1902003,regulation of amyloid-beta formation,0.11956134346240067,False,"""Any process that modulates the frequency, rate or extent of amyloid-beta formation."" [GOC:dph, GOC:TermGenie, PMID:17098871]",1,389,1,22737,0.002570694087403599,1.0,query_1,"['GO:0034205', 'GO:1902991']"
GO:BP,GO:1902004,positive regulation of amyloid-beta formation,0.11956134346240067,False,"""Any process that activates or increases the frequency, rate or extent of amyloid-beta formation."" [GOC:dph, GOC:TermGenie, PMID:17098871]",1,389,1,22737,0.002570694087403599,1.0,query_1,"['GO:0034205', 'GO:1902003', 'GO:1902993']"
GO:BP,GO:0010254,nectary development,0.11956134346240067,False,"""The process whose specific outcome is the progression of the floral nectaries over time, from its formation to the mature structure."" [GOC:lr]",1,389,1,22737,0.002570694087403599,1.0,query_1,"['GO:0003006', 'GO:0009908', 'GO:0048856']"
GO:BP,GO:1901810,beta-carotene metabolic process,0.11956134346240067,False,"""The chemical reactions and pathways involving beta-carotene."" [GOC:TermGenie, GOC:yaf, MetaCyc:PWY-5943, PMID:11387982, UniPathway:UPA00802]",1,389,1,22737,0.002570694087403599,1.0,query_1,"['GO:0016116', 'GO:0016119']"
GO:BP,GO:0010556,regulation of macromolecule biosynthetic process,0.12278952070657169,False,"""Any process that modulates the rate, frequency or extent of the chemical reactions and pathways resulting in the formation of a macromolecule, any molecule of high relative molecular mass, the structure of which essentially comprises the multiple repetition of units derived, actually or conceptually, from molecules of low relative molecular mass."" [GOC:dph, GOC:tb]",2164,389,50,22737,0.12853470437017994,0.02310536044362292,query_1,"['GO:0009059', 'GO:0009889', 'GO:0060255']"
GO:BP,GO:0006575,modified amino acid metabolic process,0.1258097349176693,False,"""The chemical reactions and pathways involving compounds derived from amino acids, organic acids containing one or more amino substituents."" [GOC:ai]",89,389,5,22737,0.012853470437017995,0.056179775280898875,query_1,['GO:0008152']
GO:BP,GO:0044419,biological process involved in interspecies interaction between organisms,0.1258097349176693,False,"""Any process evolved to enable an interaction with an organism of a different species."" [GOC:cc]",1123,389,29,22737,0.07455012853470437,0.025823686553873553,query_1,['GO:0008150']
GO:BP,GO:0032502,developmental process,0.1288626045964135,False,"""A biological process whose specific outcome is the progression of an integrated living unit: an anatomical structure (which may be a subcellular structure, cell, tissue, or organ), or organism over time from an initial condition to a later condition."" [GOC:isa_complete]",2847,389,63,22737,0.16195372750642673,0.022128556375131718,query_1,['GO:0008150']
GO:BP,GO:0097305,response to alcohol,0.12983970983831922,False,"""Any process that results in a change in state or activity of a cell or an organism (in terms of movement, secretion, enzyme production, gene expression, etc.) as a result of an alcohol stimulus."" [GOC:pr, PMID:24014527]",569,389,17,22737,0.043701799485861184,0.029876977152899824,query_1,['GO:1901700']
GO:BP,GO:0031099,regeneration,0.13302015186995503,False,"""The regrowth of a lost or destroyed body part, such as an organ or tissue. This process may occur via renewal, repair, and/or growth alone (i.e. increase in size or mass)."" [GOC:mah, GOC:pr]",13,389,2,22737,0.005141388174807198,0.15384615384615385,query_1,['GO:0048856']
GO:BP,GO:0080036,regulation of cytokinin-activated signaling pathway,0.13302015186995503,False,"""Any process that modulates the frequency, rate or extent of cytokinin signaling."" [GOC:dhl]",13,389,2,22737,0.005141388174807198,0.15384615384615385,query_1,"['GO:0009736', 'GO:0009966']"
GO:BP,GO:0009838,abscission,0.14261786980811667,False,"""The controlled shedding of a body part."" [ISBN:0140514031]",35,389,3,22737,0.007712082262210797,0.08571428571428572,query_1,"['GO:0007275', 'GO:0032502']"
GO:BP,GO:0042908,xenobiotic transport,0.14768690565705395,False,"""The directed movement of a xenobiotic into, out of or within a cell, or between cells, by means of some agent such as a transporter or pore. A xenobiotic is a compound foreign to the organism exposed to it. It may be synthesized by another organism (like ampicilin) or it can be a synthetic chemical."" [GOC:go_curators, GOC:krc]",63,389,4,22737,0.010282776349614395,0.06349206349206349,query_1,['GO:0006810']
GO:BP,GO:0007275,multicellular organism development,0.14768690565705395,False,"""The biological process whose specific outcome is the progression of a multicellular organism over time from an initial condition (e.g. a zygote or a young adult) to a later condition (e.g. a multicellular animal or an aged adult)."" [GOC:dph, GOC:ems, GOC:isa_complete, GOC:tb]",2403,389,54,22737,0.13881748071979436,0.02247191011235955,query_1,"['GO:0032501', 'GO:0048856']"
GO:BP,GO:0034644,cellular response to UV,0.1483752064863471,False,"""Any process that results in a change in state or activity of a cell (in terms of movement, secretion, enzyme production, gene expression, etc.) as a result of an ultraviolet radiation (UV light) stimulus. Ultraviolet radiation is electromagnetic radiation with a wavelength in the range of 10 to 380 nanometers."" [GOC:mah]",14,389,2,22737,0.005141388174807198,0.14285714285714285,query_1,"['GO:0009411', 'GO:0071482']"
GO:BP,GO:0048639,positive regulation of developmental growth,0.1483752064863471,False,"""Any process that activates, maintains or increases the rate of developmental growth."" [GOC:go_curators]",14,389,2,22737,0.005141388174807198,0.14285714285714285,query_1,"['GO:0045927', 'GO:0048589', 'GO:0048638', 'GO:0051094']"
GO:BP,GO:0010114,response to red light,0.15240400865654,False,"""Any process that results in a change in state or activity of a cell or an organism (in terms of movement, secretion, enzyme production, gene expression, etc.) as a result of a red light stimulus. Red light is electromagnetic radiation of wavelength of 580-700nm. An example of this response is seen at the beginning of many plant species developmental stages. These include germination, and the point when cotyledon expansion is triggered. In certain species these processes take place in response to absorption of red light by the pigment molecule phytochrome, but the signal can be reversed by exposure to far red light. During the initial phase the phytochrome molecule is only present in the red light absorbing form, but on absorption of red light it changes to a far red light absorbing form, triggering progress through development. An immediate short period of exposure to far red light entirely returns the pigment to its initial state and prevents triggering of the developmental process. A thirty minute break between red and subsequent far red light exposure renders the red light effect irreversible, and development then occurs regardless of whether far red light exposure subsequently occurs."" [GOC:mtg_far_red, GOC:sm]",64,389,4,22737,0.010282776349614395,0.0625,query_1,['GO:0009639']
GO:BP,GO:0048827,phyllome development,0.1555715253967282,False,"""The process whose specific outcome is the progression of a phyllome over time, from its formation to the mature structure. A phyllome is a collective term for all the different types of leaves appearing on plants."" [GOC:devbiol, GOC:tb, PO:0006001]",497,389,15,22737,0.038560411311053984,0.030181086519114688,query_1,"['GO:0048367', 'GO:0099402']"
GO:BP,GO:0048608,reproductive structure development,0.1555715253967282,False,"""The reproductive developmental process whose specific outcome is the progression of somatic structures that will be used in the process of creating new individuals from one or more parents, from their formation to the mature structures."" [GOC:dph, GOC:isa_complete, GOC:jid]",1151,389,29,22737,0.07455012853470437,0.02519548218940052,query_1,"['GO:0003006', 'GO:0048856', 'GO:0061458']"
GO:BP,GO:0061458,reproductive system development,0.1555715253967282,False,"""The progression of the reproductive system over time from its formation to the mature structure. The reproductive system consists of the organs that function in reproduction."" [GOC:dph]",1152,389,29,22737,0.07455012853470437,0.025173611111111112,query_1,['GO:0048731']
GO:BP,GO:0019760,glucosinolate metabolic process,0.1585976509424179,False,"""The chemical reactions and pathways involving glucosinolates, substituted thioglucosides found in rapeseed products and related cruciferae. They are metabolized to a variety of toxic products which are most likely the cause of hepatocytic necrosis in animals and humans."" [GOC:curators]",97,389,5,22737,0.012853470437017995,0.05154639175257732,query_1,"['GO:0006790', 'GO:0043436', 'GO:1901135']"
GO:BP,GO:0019762,glucosinolate catabolic process,0.1587774004419004,False,"""The chemical reactions and pathways resulting in the breakdown of glucosinolates, substituted thioglucosides found in rapeseed products and related cruciferae."" [GOC:ai]",15,389,2,22737,0.005141388174807198,0.13333333333333333,query_1,"['GO:0016145', 'GO:0019760']"
GO:BP,GO:0015918,sterol transport,0.1587774004419004,False,"""The directed movement of sterols into, out of or within a cell, or between cells, by means of some agent such as a transporter or pore. Sterols are steroids with one or more hydroxyl groups and a hydrocarbon side-chain in the molecule."" [GOC:ai]",15,389,2,22737,0.005141388174807198,0.13333333333333333,query_1,"['GO:0006869', 'GO:0015850']"
GO:BP,GO:0016145,S-glycoside catabolic process,0.1587774004419004,False,"""The chemical reactions and pathways resulting in the breakdown of S-glycosides, any compound in which a glycosyl group has been substituted into a thiol group."" [ISBN:0198506732]",15,389,2,22737,0.005141388174807198,0.13333333333333333,query_1,"['GO:0044273', 'GO:1901658']"
GO:BP,GO:0006521,regulation of amino acid metabolic process,0.1587774004419004,False,"""Any process that modulates the frequency, rate or extent of the chemical reactions and pathways involving amino acids."" [GOC:go_curators]",15,389,2,22737,0.005141388174807198,0.13333333333333333,query_1,"['GO:0006520', 'GO:0080090']"
GO:BP,GO:0015740,C4-dicarboxylate transport,0.1587774004419004,False,"""The directed movement of a C4-dicarboxylate into, out of or within a cell, or between cells, by means of some agent such as a transporter or pore. A C4-dicarboxylate is the anion of a dicarboxylic acid that contains four carbon atoms."" [GOC:krc, GOC:mah]",15,389,2,22737,0.005141388174807198,0.13333333333333333,query_1,['GO:0006835']
GO:BP,GO:0043207,response to external biotic stimulus,0.15950779284126004,False,"""Any process that results in a change in state or activity of a cell or an organism (in terms of movement, secretion, enzyme production, gene expression, etc.) as a result of an external biotic stimulus, an external stimulus caused by, or produced by living things."" [GOC:go_curators]",1111,389,28,22737,0.07197943444730077,0.025202520252025202,query_1,"['GO:0009605', 'GO:0009607']"
GO:BP,GO:0051707,response to other organism,0.15950779284126004,False,"""Any process that results in a change in state or activity of a cell or an organism (in terms of movement, secretion, enzyme production, gene expression, etc.) as a result of a stimulus from another living organism."" [GOC:ai]",1111,389,28,22737,0.07197943444730077,0.025202520252025202,query_1,"['GO:0043207', 'GO:0044419']"
GO:BP,GO:0009267,cellular response to starvation,0.16974477481467617,False,"""Any process that results in a change in state or activity of a cell (in terms of movement, secretion, enzyme production, gene expression, etc.) as a result of deprivation of nourishment."" [GOC:jl]",135,389,6,22737,0.015424164524421594,0.044444444444444446,query_1,"['GO:0031669', 'GO:0033554', 'GO:0042594']"
GO:BP,GO:0042594,response to starvation,0.16980271793834498,False,"""Any process that results in a change in state or activity of a cell or an organism (in terms of movement, secretion, enzyme production, gene expression, etc.) as a result of a starvation stimulus, deprivation of nourishment."" [GOC:go_curators]",173,389,7,22737,0.017994858611825194,0.04046242774566474,query_1,"['GO:0006950', 'GO:0031667']"
GO:BP,GO:0009611,response to wounding,0.16980271793834498,False,"""Any process that results in a change in state or activity of a cell or an organism (in terms of movement, secretion, enzyme production, gene expression, etc.) as a result of a stimulus indicating damage to the organism."" [GOC:go_curators]",216,389,8,22737,0.02056555269922879,0.037037037037037035,query_1,['GO:0006950']
GO:BP,GO:0009607,response to biotic stimulus,0.16980271793834498,False,"""Any process that results in a change in state or activity of a cell or an organism (in terms of movement, secretion, enzyme production, gene expression, etc.) as a result of a biotic stimulus, a stimulus caused or produced by a living organism."" [GOC:hb]",1134,389,28,22737,0.07197943444730077,0.024691358024691357,query_1,['GO:0050896']
GO:BP,GO:1901503,ether biosynthetic process,0.16980271793834498,False,"""The chemical reactions and pathways resulting in the formation of ether."" [GOC:pr, GOC:TermGenie]",2,389,1,22737,0.002570694087403599,0.5,query_1,['GO:0009058']
GO:BP,GO:1901599,(-)-pinoresinol biosynthetic process,0.16980271793834498,False,"""The chemical reactions and pathways resulting in the formation of (-)-pinoresinol."" [GOC:TermGenie]",2,389,1,22737,0.002570694087403599,0.5,query_1,"['GO:0009807', 'GO:0046189', 'GO:1901503', 'GO:1901598']"
GO:BP,GO:1901598,(-)-pinoresinol metabolic process,0.16980271793834498,False,"""The chemical reactions and pathways involving (-)-pinoresinol."" [GOC:TermGenie]",2,389,1,22737,0.002570694087403599,0.5,query_1,"['GO:0009806', 'GO:0018958', 'GO:0042537']"
GO:BP,GO:0072489,methylammonium transmembrane transport,0.16980271793834498,False,"""The process in which methylammonium is transported across a membrane."" [GOC:mah]",2,389,1,22737,0.002570694087403599,0.5,query_1,"['GO:0015843', 'GO:0055085']"
GO:BP,GO:0072593,reactive oxygen species metabolic process,0.16980271793834498,False,"""The chemical reactions and pathways involving a reactive oxygen species, any molecules or ions formed by the incomplete one-electron reduction of oxygen. They contribute to the microbicidal activity of phagocytes, regulation of signal transduction and gene expression, and the oxidative damage to biopolymers."" [GOC:mah]",174,389,7,22737,0.017994858611825194,0.040229885057471264,query_1,['GO:0008152']
GO:BP,GO:0010433,bract morphogenesis,0.16980271793834498,False,"""The process in which the anatomical structure of a bract are generated and organized. A bract is a leaf, usually different in form from the foliage leaves, subtending a flower or inflorescence."" [GOC:tb, PMID:16554366, PO:0009055]",2,389,1,22737,0.002570694087403599,0.5,query_1,"['GO:0010432', 'GO:1905392']"
GO:BP,GO:0010434,bract formation,0.16980271793834498,False,"""The process that gives rise to a bract. This process pertains to the initial formation of a structure from unspecified parts. A bract is a leaf, usually different in form from the foliage leaves, subtending a flower or inflorescence."" [GOC:tb, PMID:16554366, PO:0009055]",2,389,1,22737,0.002570694087403599,0.5,query_1,"['GO:0010433', 'GO:1905393']"
GO:BP,GO:0051410,detoxification of nitrogen compound,0.16980271793834498,False,"""Any process that reduces or removes the toxicity of nitrogenous compounds which are dangerous or toxic. This includes the aerobic conversion of toxic compounds to harmless substances."" [GOC:ai]",2,389,1,22737,0.002570694087403599,0.5,query_1,"['GO:0098754', 'GO:1901698']"
GO:BP,GO:0051262,protein tetramerization,0.16980271793834498,False,"""The formation of a protein tetramer, a macromolecular structure consisting of four noncovalently associated identical or nonidentical subunits."" [GOC:ecd]",16,389,2,22737,0.005141388174807198,0.125,query_1,['GO:0051259']
GO:BP,GO:0048856,anatomical structure development,0.16980271793834498,False,"""The biological process whose specific outcome is the progression of an anatomical structure from an initial condition to its mature state. This process begins with the formation of the structure and ends with the mature structure, whatever form that may be including its natural destruction. An anatomical structure is any biological entity that occupies space and is distinguished from its surroundings. Anatomical structures can be macroscopic such as a carpel, or microscopic such as an acrosome."" [GO_REF:0000021]",2766,389,60,22737,0.15424164524421594,0.021691973969631236,query_1,['GO:0032502']
GO:BP,GO:0006567,L-threonine catabolic process,0.16980271793834498,False,"""The chemical reactions and pathways resulting in the breakdown of L-threonine (2-amino-3-hydroxybutyric acid), a polar, uncharged, essential amino acid found in peptide linkage in proteins."" [GOC:jl, ISBN:0198506732]",2,389,1,22737,0.002570694087403599,0.5,query_1,"['GO:0006566', 'GO:0170035', 'GO:0170040']"
GO:BP,GO:1900056,negative regulation of leaf senescence,0.16980271793834498,False,"""Any process that stops, prevents or reduces the frequency, rate or extent of leaf senescence."" [GOC:TermGenie]",16,389,2,22737,0.005141388174807198,0.125,query_1,"['GO:0010150', 'GO:0051093', 'GO:1900055']"
GO:BP,GO:0046620,regulation of organ growth,0.16980271793834498,False,"""Any process that modulates the frequency, rate or extent of growth of an organ of an organism."" [GOC:bf, GOC:tb]",16,389,2,22737,0.005141388174807198,0.125,query_1,"['GO:0035265', 'GO:0048638', 'GO:0051239']"
GO:BP,GO:0002252,immune effector process,0.16980271793834498,False,"""Any process of the immune system that executes a component of an immune response. An effector immune process takes place after its activation."" [GO_REF:0000022, GOC:add, ISBN:0781735149]",16,389,2,22737,0.005141388174807198,0.125,query_1,['GO:0002376']
GO:BP,GO:2000070,regulation of response to water deprivation,0.16980271793834498,False,"""Any process that modulates the frequency, rate or extent of response to water deprivation."" [GOC:obol]",40,389,3,22737,0.007712082262210797,0.075,query_1,"['GO:0009414', 'GO:0080134']"
GO:BP,GO:0019222,regulation of metabolic process,0.16980271793834498,False,"""Any process that modulates the frequency, rate or extent of the chemical reactions and pathways within a cell or an organism."" [GOC:go_curators]",2561,389,56,22737,0.14395886889460155,0.021866458414681766,query_1,"['GO:0008152', 'GO:0050794']"
GO:BP,GO:0019499,cyanide metabolic process,0.16980271793834498,False,"""The chemical reactions and pathways involving cyanide, NC-, the anion of hydrocyanic acid. Cyanide is a potent inhibitor of respiration, reacting with the ferric form of cytochrome aa3 and thus blocking the electron transport chain."" [ISBN:0198506732]",2,389,1,22737,0.002570694087403599,0.5,query_1,['GO:0008152']
GO:BP,GO:0050821,protein stabilization,0.16980271793834498,False,"""Any process involved in maintaining the structure and integrity of a protein and preventing it from degradation or aggregation."" [GOC:ai]",16,389,2,22737,0.005141388174807198,0.125,query_1,['GO:0031647']
GO:BP,GO:0050789,regulation of biological process,0.16980271793834498,False,"""Any process that modulates the frequency, rate or extent of a biological process. Biological processes are regulated by many means; examples include the control of gene expression, protein modification or interaction with a protein or substrate molecule."" [GOC:ai, GOC:go_curators]",4223,389,87,22737,0.2236503856041131,0.020601468150603836,query_1,"['GO:0008150', 'GO:0065007']"
GO:BP,GO:0046373,L-arabinose metabolic process,0.16980271793834498,False,"""The chemical reactions and pathways involving L-arabinose, the D-enantiomer of arabino-pentose. L-arabinose occurs free, e.g. in the heartwood of many conifers, and in the combined state, in both furanose and pyranose forms, as a constituent of various plant hemicelluloses, bacterial polysaccharides etc."" [GOC:jsg, GOC:mah, ISBN:0198506732]",2,389,1,22737,0.002570694087403599,0.5,query_1,['GO:0019566']
GO:BP,GO:0009808,lignin metabolic process,0.16980271793834498,False,"""The chemical reactions and pathways involving lignins, a class of polymers of phenylpropanoid units."" [GOC:lr, GOC:yl]",71,389,4,22737,0.010282776349614395,0.056338028169014086,query_1,['GO:0009698']
GO:BP,GO:0015810,aspartate transmembrane transport,0.16980271793834498,False,"""The process in which aspartate is transported across a lipid bilayer, from one side of a membrane to the other."" [GOC:go_curators, ISBN:0198506732]",2,389,1,22737,0.002570694087403599,0.5,query_1,"['GO:0003333', 'GO:0015740', 'GO:0015800', 'GO:0071705', 'GO:1905039']"
GO:BP,GO:0080091,regulation of raffinose metabolic process,0.16980271793834498,False,"""Any process that modulates the frequency, rate or extent of the chemical reactions and pathways involving raffinose."" [PMID:19211694]",2,389,1,22737,0.002570694087403599,0.5,query_1,"['GO:0006109', 'GO:0033530']"
GO:BP,GO:0009801,cinnamic acid ester metabolic process,0.16980271793834498,False,"""The chemical reactions and pathways involving ester derivatives of cinnamic acid, phenylpropenoic acid."" [GOC:lr, GOC:yl]",2,389,1,22737,0.002570694087403599,0.5,query_1,"['GO:0009698', 'GO:0120254']"
GO:BP,GO:0015839,cadaverine transport,0.16980271793834498,False,"""The directed movement of cadaverine, 1,5-pentanediamine, into, out of or within a cell, or between cells, by means of some agent such as a transporter or pore."" [GOC:ai]",2,389,1,22737,0.002570694087403599,0.5,query_1,"['GO:0015695', 'GO:0071705']"
GO:BP,GO:0042743,hydrogen peroxide metabolic process,0.16980271793834498,False,"""The chemical reactions and pathways involving hydrogen peroxide (H2O2), a potentially harmful byproduct of aerobic cellular respiration which can cause damage to DNA."" [GOC:jl, PMID:21734470]",104,389,5,22737,0.012853470437017995,0.04807692307692308,query_1,['GO:0072593']
GO:BP,GO:0010218,response to far red light,0.17376131442061152,False,"""Any process that results in a change in state or activity of a cell or an organism (in terms of movement, secretion, enzyme production, gene expression, etc.) as a result of far red light stimulus. Far red light is electromagnetic radiation of wavelength 700-800nm. An example of this response is seen at the beginning of many plant species developmental stages. These include germination, and the point when cotyledon expansion is triggered. In certain species these processes take place in response to absorption of red light by the pigment molecule phytochrome, but the signal can be reversed by exposure to far red light. During the initial phase the phytochrome molecule is only present in the red light absorbing form, but on absorption of red light it changes to a far red light absorbing form, triggering progress through development. An immediate short period of exposure to far red light entirely returns the pigment to its initial state and prevents triggering of the developmental process. A thirty minute break between red and subsequent far red light exposure renders the red light effect irreversible, and development then occurs regardless of whether far red light exposure subsequently occurs."" [GOC:mtg_far_red, GOC:tb]",42,389,3,22737,0.007712082262210797,0.07142857142857142,query_1,['GO:0009639']
GO:BP,GO:0031667,response to nutrient levels,0.1751825679513275,False,"""Any process that results in a change in state or activity of a cell or an organism (in terms of movement, secretion, enzyme production, gene expression, etc.) as a result of a stimulus reflecting the presence, absence, or concentration of nutrients."" [GOC:mah]",219,389,8,22737,0.02056555269922879,0.0365296803652968,query_1,['GO:0050896']
GO:BP,GO:0060255,regulation of macromolecule metabolic process,0.1759572514707289,False,"""Any process that modulates the frequency, rate or extent of the chemical reactions and pathways involving macromolecules, any molecule of high relative molecular mass, the structure of which essentially comprises the multiple repetition of units derived, actually or conceptually, from molecules of low relative molecular mass."" [GOC:dph, GOC:tb]",2313,389,51,22737,0.13110539845758354,0.02204928664072633,query_1,"['GO:0019222', 'GO:0043170']"
GO:BP,GO:0048585,negative regulation of response to stimulus,0.17738664608153543,False,"""Any process that stops, prevents, or reduces the frequency, rate or extent of a response to a stimulus. Response to stimulus is a change in state or activity of a cell or an organism (in terms of movement, secretion, enzyme production, gene expression, etc.) as a result of a stimulus."" [GOC:jid]",220,389,8,22737,0.02056555269922879,0.03636363636363636,query_1,"['GO:0048519', 'GO:0048583', 'GO:0050896']"
GO:BP,GO:0048235,pollen sperm cell differentiation,0.18191974162733893,False,"""The process in which a relatively unspecialized cell acquires specialized features of a haploid sperm cell within the plant gametophyte."" [CL:0000366, GOC:jid, GOC:mtg_sensu]",18,389,2,22737,0.005141388174807198,0.1111111111111111,query_1,"['GO:0003006', 'GO:0030154', 'GO:0048232', 'GO:0055046']"
GO:BP,GO:0023052,signaling,0.1826042249138418,False,"""The entirety of a process in which information is transmitted within a biological system. This process begins with an active signal and ends when a cellular response has been triggered."" [GOC:mtg_signal, GOC:mtg_signaling_feb11, GOC:signaling]",1496,389,35,22737,0.08997429305912596,0.02339572192513369,query_1,['GO:0050789']
GO:BP,GO:0022414,reproductive process,0.183167948141542,False,"""A biological process that directly contributes to the process of producing new individuals by one or two organisms. The new individuals inherit some proportion of their genetic material from the parent or parents."" [GOC:dph, GOC:isa_complete]",1497,389,35,22737,0.08997429305912596,0.02338009352037408,query_1,['GO:0008150']
GO:BP,GO:0009620,response to fungus,0.1846127303459776,False,"""Any process that results in a change in state or activity of a cell or an organism (in terms of movement, secretion, enzyme production, gene expression, etc.) as a result of a stimulus from a fungus."" [GOC:hb]",392,389,12,22737,0.030848329048843187,0.030612244897959183,query_1,['GO:0051707']
GO:BP,GO:0006952,defense response,0.1864418789204464,False,"""Reactions, triggered in response to the presence of a foreign body or the occurrence of an injury, which result in restriction of damage to the organism attacked or prevention/recovery from the infection caused by the attack."" [GOC:go_curators]",1249,389,30,22737,0.07712082262210797,0.02401921537229784,query_1,['GO:0006950']
GO:BP,GO:0071489,cellular response to red or far red light,0.19585387943478125,False,"""Any process that results in a change in state or activity of a cell (in terms of movement, secretion, enzyme production, gene expression, etc.) as a result of a red or far red light stimulus. Red light is electromagnetic radiation of wavelength of 580-700nm. Far red light is electromagnetic radiation of wavelength 700-800nm. An example of this response is seen at the beginning of many plant species developmental stages. These include germination, and the point when cotyledon expansion is triggered. In certain species these processes take place in response to absorption of red light by the pigment molecule phytochrome, but the signal can be reversed by exposure to far red light. During the initial phase the phytochrome molecule is only present in the red light absorbing form, but on absorption of red light it changes to a far red light absorbing form, triggering progress through development. An immediate short period of exposure to far red light entirely returns the pigment to its initial state and prevents triggering of the developmental process. A thirty minute break between red and subsequent far red light exposure renders the red light effect irreversible, and development then occurs regardless of whether far red light exposure subsequently occurs."" [GOC:mah]",76,389,4,22737,0.010282776349614395,0.05263157894736842,query_1,"['GO:0009639', 'GO:0071482']"
GO:BP,GO:0016102,diterpenoid biosynthetic process,0.19585387943478125,False,"""The chemical reactions and pathways resulting in the formation of diterpenoid compounds, terpenoids with four isoprene units."" [GOC:mah, ISBN:0198547684]",45,389,3,22737,0.007712082262210797,0.06666666666666667,query_1,"['GO:0016101', 'GO:0016114']"
GO:BP,GO:0046283,anthocyanin-containing compound metabolic process,0.19585387943478125,False,"""The chemical reactions and pathways involving anthocyanins, any member of a group of intensely colored soluble glycosides of anthocyanidins that occur in plants. They are responsible from most of the scarlet, purple, mauve and blue coloring in higher plants, especially of flowers."" [ISBN:0198506732]",45,389,3,22737,0.007712082262210797,0.06666666666666667,query_1,"['GO:0009812', 'GO:0042440']"
GO:BP,GO:0031669,cellular response to nutrient levels,0.20329386119733758,False,"""Any process that results in a change in state or activity of a cell (in terms of movement, secretion, enzyme production, gene expression, etc.) as a result of a stimulus reflecting the presence, absence, or concentration of nutrients."" [GOC:mah]",149,389,6,22737,0.015424164524421594,0.040268456375838924,query_1,"['GO:0031667', 'GO:0051716']"
GO:BP,GO:0007165,signal transduction,0.2039377847110388,False,"""The cellular process in which a signal is conveyed to trigger a change in the activity or state of a cell. Signal transduction begins with reception of a signal (e.g. a ligand binding to a receptor or receptor activation by a stimulus such as light), or for signal transduction in the absence of ligand, signal-withdrawal or the activity of a constitutively active receptor. Signal transduction ends with regulation of a downstream cellular process, e.g. regulation of transcription or regulation of a metabolic process. Signal transduction covers signaling from receptors located on the surface of the cell and signaling via molecules located within the cell. For signaling between cells, signal transduction is restricted to events at and within the receiving cell."" [GOC:go_curators, GOC:mtg_signaling_feb11]",1464,389,34,22737,0.08740359897172237,0.023224043715846996,query_1,"['GO:0007154', 'GO:0009987', 'GO:0023052', 'GO:0050794', 'GO:0051716']"
GO:BP,GO:0007154,cell communication,0.2048057680402273,False,"""Any process that mediates interactions between a cell and its surroundings. Encompasses interactions such as signaling or attachment between one cell and another cell, between a cell and an extracellular matrix, or between a cell and any other aspect of its environment."" [GOC:mah]",1516,389,35,22737,0.08997429305912596,0.02308707124010554,query_1,['GO:0009987']
GO:BP,GO:0009735,response to cytokinin,0.20755380465229306,False,"""Any process that results in a change in state or activity of a cell or an organism (in terms of movement, secretion, enzyme production, gene expression, etc.) as a result of a cytokinin stimulus."" [GOC:jl]",113,389,5,22737,0.012853470437017995,0.04424778761061947,query_1,['GO:0009725']
GO:BP,GO:0009961,response to 1-aminocyclopropane-1-carboxylic acid,0.20828900548021545,False,"""Any process that results in a change in state or activity of a cell or an organism (in terms of movement, secretion, enzyme production, gene expression, etc.) as a result of a 1-aminocyclopropane-1-carboxylic acid stimulus."" [GOC:jl]",3,389,1,22737,0.002570694087403599,0.3333333333333333,query_1,"['GO:0043200', 'GO:1901698', 'GO:1901700']"
GO:BP,GO:0010432,bract development,0.20828900548021545,False,"""The process whose specific outcome is the progression of the bract over time, from its formation to the mature structure. A bract is a leaf, usually different in form from the foliage leaves, subtending a flower or inflorescence."" [GOC:tb, PMID:16554366, PO:0009055]",3,389,1,22737,0.002570694087403599,0.3333333333333333,query_1,['GO:0048827']
GO:BP,GO:0010380,regulation of chlorophyll biosynthetic process,0.20828900548021545,False,"""Any process that modulates the frequency, rate or extent of the chemical reactions and pathways resulting in the formation of chlorophyll, any compound of magnesium complexed in a porphyrin (tetrapyrrole) ring and which functions as a photosynthetic pigment, from less complex precursors."" [PMID:17291312]",21,389,2,22737,0.005141388174807198,0.09523809523809523,query_1,"['GO:0015995', 'GO:0090056', 'GO:1901463']"
GO:BP,GO:0070982,L-asparagine metabolic process,0.20828900548021545,False,"""The chemical reactions and pathways involving L-asparagine, (2S)-2-amino-3-carbamoylpropanoic acid."" [GOC:mah]",3,389,1,22737,0.002570694087403599,0.3333333333333333,query_1,"['GO:0006528', 'GO:0170033', 'GO:0170039']"
GO:BP,GO:0070981,L-asparagine biosynthetic process,0.20828900548021545,False,"""The chemical reactions and pathways resulting in the formation of asparagine, (2S)-2-amino-3-carbamoylpropanoic acid."" [GOC:mah]",3,389,1,22737,0.002570694087403599,0.3333333333333333,query_1,"['GO:0009067', 'GO:0070982']"
GO:BP,GO:0062211,root regeneration,0.20828900548021545,False,"""The the regeneration process by which a damaged or lost root regrows or re-differentiates. This process may occur via de-differentiation and subsequent reprogramming of somatic cells or activation of existing undifferentiated (meristematic) cells to form a new root meristem and subsequently new root."" [PMID:27143753]",3,389,1,22737,0.002570694087403599,0.3333333333333333,query_1,"['GO:0031099', 'GO:0048364']"
GO:BP,GO:0046247,terpene catabolic process,0.20828900548021545,False,"""The chemical reactions and pathways resulting in the breakdown of terpenes, any of a large group of hydrocarbons made up of isoprene units."" [GOC:ai]",3,389,1,22737,0.002570694087403599,0.3333333333333333,query_1,"['GO:0008300', 'GO:0042214', 'GO:0120253']"
GO:BP,GO:0015843,methylammonium transport,0.20828900548021545,False,"""The directed movement of methylammonium into, out of or within a cell, or between cells, by means of some agent such as a transporter or pore."" [GOC:ai]",3,389,1,22737,0.002570694087403599,0.3333333333333333,query_1,"['GO:0015695', 'GO:0015837', 'GO:0019755']"
GO:BP,GO:0015808,L-alanine transport,0.20828900548021545,False,"""The directed movement of L-alanine, the L-enantiomer of 2-aminopropanoic acid, into, out of or within a cell, or between cells, by means of some agent such as a transporter or pore."" [GOC:ai, GOC:jsg, GOC:mah]",3,389,1,22737,0.002570694087403599,0.3333333333333333,query_1,"['GO:0015807', 'GO:0032328']"
GO:BP,GO:0071497,cellular response to freezing,0.20828900548021545,False,"""Any process that results in a change in state or activity of a cell (in terms of movement, secretion, enzyme production, gene expression, etc.) as a result of a freezing stimulus, temperatures below 0 degrees Celsius."" [GOC:mah]",3,389,1,22737,0.002570694087403599,0.3333333333333333,query_1,"['GO:0050826', 'GO:0070417']"
GO:BP,GO:0034758,positive regulation of iron ion transport,0.20828900548021545,False,"""Any process that activates or increases the frequency, rate or extent of the directed movement of iron ions into, out of or within a cell, or between cells, by means of some agent such as a transporter or pore."" [GOC:mah]",3,389,1,22737,0.002570694087403599,0.3333333333333333,query_1,"['GO:0006826', 'GO:0034756', 'GO:0043270']"
GO:BP,GO:0035194,regulatory ncRNA-mediated post-transcriptional gene silencing,0.20828900548021545,False,"""A posttranscriptional gene silencing pathway in which regulatory RNAs elicit silencing of specific target genes, either by mRNA destabilization or inhibition of translation."" [GOC:ems, PMID:11201747, PMID:11713190, PMID:15020054, PMID:15066275, PMID:18771919, PMID:32885814, PMID:33184244]",79,389,4,22737,0.010282776349614395,0.05063291139240506,query_1,"['GO:0016441', 'GO:0031047']"
GO:BP,GO:0098712,L-glutamate import across plasma membrane,0.20828900548021545,False,"""The directed movement of L-glutamate from outside of a cell, across the plasma membrane and into the cytosol."" [GOC:dos]",3,389,1,22737,0.002570694087403599,0.3333333333333333,query_1,"['GO:0015813', 'GO:0089718']"
GO:BP,GO:0006721,terpenoid metabolic process,0.20828900548021545,False,"""The chemical reactions and pathways involving terpenoids, any member of a class of compounds characterized by an isoprenoid chemical structure and including derivatives with various functional groups."" [ISBN:0198506732]",152,389,6,22737,0.015424164524421594,0.039473684210526314,query_1,['GO:0006720']
GO:BP,GO:0089718,amino acid import across plasma membrane,0.20828900548021545,False,"""The directed movement of an amino acid from outside of a cell, across the plasma membrane and into the cytosol."" [GOC:krc, PMID:8195186]",3,389,1,22737,0.002570694087403599,0.3333333333333333,query_1,"['GO:0003333', 'GO:0098739']"
GO:BP,GO:0009809,lignin biosynthetic process,0.20828900548021545,False,"""The chemical reactions and pathways resulting in the formation of lignins, a class of polymers formed by the dehydrogenetive radical polymerization of various phenylpropanoid monomers."" [GOC:tair_curators, ISBN:0198547684]",48,389,3,22737,0.007712082262210797,0.0625,query_1,"['GO:0009699', 'GO:0009808']"
GO:BP,GO:0034219,carbohydrate transmembrane transport,0.20828900548021545,False,"""The process in which a carbohydrate is transported across a membrane."" [GOC:mah]",48,389,3,22737,0.007712082262210797,0.0625,query_1,"['GO:0008643', 'GO:0055085']"
GO:BP,GO:0033530,raffinose metabolic process,0.20828900548021545,False,"""The chemical reactions and pathways involving raffinose, the trisaccharide beta-D-fructofuranosyl alpha-D-galactopyranosyl-(1->6)-alpha-D-glucopyranoside."" [GOC:mah]",3,389,1,22737,0.002570694087403599,0.3333333333333333,query_1,['GO:0009311']
GO:BP,GO:0016118,carotenoid catabolic process,0.20828900548021545,False,"""The chemical reactions and pathways resulting in the breakdown of carotenoids, tetraterpenoid compounds in which two units of 4 isoprenoid residues joined head-to-tail are themselves joined tail-to-tail."" [GOC:go_curators]",3,389,1,22737,0.002570694087403599,0.3333333333333333,query_1,"['GO:0016110', 'GO:0016116']"
GO:BP,GO:0120253,hydrocarbon catabolic process,0.20828900548021545,False,"""The chemical reactions and pathways resulting in the breakdown of a hydrocarbon, a compound consisting of carbon and hydrogen only."" [GOC:krc, Wikipedia:Hydrocarbon]",3,389,1,22737,0.002570694087403599,0.3333333333333333,query_1,"['GO:0009056', 'GO:0120252']"
GO:BP,GO:0032328,alanine transport,0.20828900548021545,False,"""The directed movement of alanine, 2-aminopropanoic acid, into, out of or within a cell, or between cells, by means of some agent such as a transporter or pore."" [GOC:mah]",3,389,1,22737,0.002570694087403599,0.3333333333333333,query_1,"['GO:0015695', 'GO:0015804', 'GO:0046942', 'GO:0071705']"
GO:BP,GO:0016121,carotene catabolic process,0.20828900548021545,False,"""The chemical reactions and pathways resulting in the breakdown of carotenes, hydrocarbon carotenoids."" [GOC:go_curators]",3,389,1,22737,0.002570694087403599,0.3333333333333333,query_1,"['GO:0016119', 'GO:0046247']"
GO:BP,GO:0016101,diterpenoid metabolic process,0.20828900548021545,False,"""The chemical reactions and pathways involving diterpenoid compounds, terpenoids with four isoprene units."" [ISBN:0198547684]",48,389,3,22737,0.007712082262210797,0.0625,query_1,['GO:0006721']
GO:BP,GO:0006528,asparagine metabolic process,0.20828900548021545,False,"""The chemical reactions and pathways involving asparagine, 2-amino-3-carbamoylpropanoic acid."" [GOC:go_curators]",3,389,1,22737,0.002570694087403599,0.3333333333333333,query_1,['GO:0019752']
GO:BP,GO:0016110,tetraterpenoid catabolic process,0.20828900548021545,False,"""The chemical reactions and pathways resulting in the breakdown of tetraterpenoid compounds, terpenoids with eight isoprene units."" [GOC:go_curators]",3,389,1,22737,0.002570694087403599,0.3333333333333333,query_1,['GO:0016115']
GO:BP,GO:0140115,export across plasma membrane,0.214441988841871,False,"""The directed movement of some substance from inside of a cell, across the plasma membrane and into the extracellular region."" [GOC:pg]",82,389,4,22737,0.010282776349614395,0.04878048780487805,query_1,"['GO:0055085', 'GO:0140352']"
GO:BP,GO:0034605,cellular response to heat,0.22095477429766502,False,"""Any process that results in a change in state or activity of a cell (in terms of movement, secretion, enzyme production, gene expression, etc.) as a result of a heat stimulus, a temperature stimulus above the optimal temperature for that organism."" [GOC:mah]",50,389,3,22737,0.007712082262210797,0.06,query_1,"['GO:0009408', 'GO:0033554']"
GO:BP,GO:0009631,cold acclimation,0.2309207316033108,False,"""Any process that increases freezing tolerance of an organism in response to low, nonfreezing temperatures."" [GOC:syr]",51,389,3,22737,0.007712082262210797,0.058823529411764705,query_1,['GO:0009409']
GO:BP,GO:0006869,lipid transport,0.2317644269893429,False,"""The directed movement of lipids into, out of or within a cell, or between cells, by means of some agent such as a transporter or pore. Lipids are compounds soluble in an organic solvent but not, or sparingly, in an aqueous solvent."" [ISBN:0198506732]",121,389,5,22737,0.012853470437017995,0.04132231404958678,query_1,"['GO:0006810', 'GO:0010876']"
GO:BP,GO:1901463,regulation of tetrapyrrole biosynthetic process,0.2318604654482952,False,"""Any process that modulates the frequency, rate or extent of tetrapyrrole biosynthetic process."" [GOC:mengo_curators, GOC:TermGenie]",23,389,2,22737,0.005141388174807198,0.08695652173913043,query_1,"['GO:0009889', 'GO:0033014', 'GO:1901401']"
GO:BP,GO:0010030,positive regulation of seed germination,0.2318604654482952,False,"""Any process that activates or increase the rate of seed germination."" [GOC:sm]",23,389,2,22737,0.005141388174807198,0.08695652173913043,query_1,"['GO:0009845', 'GO:0010029', 'GO:0048582']"
GO:BP,GO:1901658,glycosyl compound catabolic process,0.2318604654482952,False,"""The chemical reactions and pathways resulting in the breakdown of glycosyl compound."" [GOC:pr, GOC:TermGenie]",23,389,2,22737,0.005141388174807198,0.08695652173913043,query_1,['GO:1901136']
GO:BP,GO:0048316,seed development,0.2318604654482952,False,"""The process whose specific outcome is the progression of the seed over time, from its formation to the mature structure. A seed is a propagating organ formed in the sexual reproductive cycle of gymnosperms and angiosperms, consisting of a protective coat enclosing an embryo and food reserves."" [GOC:jid, PO:0009010]",558,389,15,22737,0.038560411311053984,0.026881720430107527,query_1,"['GO:0009791', 'GO:0010154', 'GO:0048608']"
GO:BP,GO:0006835,dicarboxylic acid transport,0.2318604654482952,False,"""The directed movement of dicarboxylic acids into, out of or within a cell, or between cells, by means of some agent such as a transporter or pore."" [GOC:krc]",23,389,2,22737,0.005141388174807198,0.08695652173913043,query_1,['GO:0046942']
GO:BP,GO:0010876,lipid localization,0.23258039422045346,False,"""Any process in which a lipid is transported to, or maintained in, a specific location."" [GOC:BHF, GOC:dph, GOC:tb]",122,389,5,22737,0.012853470437017995,0.040983606557377046,query_1,['GO:0033036']
GO:BP,GO:0080090,regulation of primary metabolic process,0.24333936244056756,False,"""Any process that modulates the frequency, rate or extent of the chemical reactions and pathways within a cell or an organism involving those compounds formed as a part of the normal anabolic and catabolic processes. These processes take place in most, if not all, cells of the organism."" [PMID:19211694]",2137,389,46,22737,0.11825192802056556,0.02152550304164717,query_1,"['GO:0019222', 'GO:0044238']"
GO:BP,GO:0042435,indole-containing compound biosynthetic process,0.24333936244056756,False,"""The chemical reactions and pathways resulting in the formation of compounds that contain an indole (2,3-benzopyrrole) skeleton."" [GOC:jl]",53,389,3,22737,0.007712082262210797,0.05660377358490566,query_1,"['GO:0009058', 'GO:0042430']"
GO:BP,GO:0009637,response to blue light,0.24333936244056756,False,"""Any process that results in a change in state or activity of a cell or an organism (in terms of movement, secretion, enzyme production, gene expression, etc.) as a result of a blue light stimulus. Blue light is electromagnetic radiation with a wavelength of between 440 and 500nm."" [GOC:ai, GOC:mtg_far_red]",87,389,4,22737,0.010282776349614395,0.04597701149425287,query_1,['GO:0009416']
GO:BP,GO:0044273,sulfur compound catabolic process,0.24511140618919458,False,"""The chemical reactions and pathways resulting in the breakdown of compounds that contain sulfur, such as the amino acids methionine and cysteine or the tripeptide glutathione."" [GOC:jl]",24,389,2,22737,0.005141388174807198,0.08333333333333333,query_1,"['GO:0006790', 'GO:0009056']"
GO:BP,GO:0071482,cellular response to light stimulus,0.24768843237260982,False,"""Any process that results in a change in state or activity of a cell (in terms of movement, secretion, enzyme production, gene expression, etc.) as a result of a light stimulus, electromagnetic radiation of wavelengths classified as infrared, visible or ultraviolet light."" [GOC:mah]",125,389,5,22737,0.012853470437017995,0.04,query_1,"['GO:0009416', 'GO:0071478']"
GO:BP,GO:1900366,negative regulation of defense response to insect,0.2507191052439962,False,"""Any process that stops, prevents or reduces the frequency, rate or extent of defense response to insect."" [GOC:TermGenie, PMID:22474183]",4,389,1,22737,0.002570694087403599,0.25,query_1,"['GO:0002213', 'GO:0002832', 'GO:0031348', 'GO:0032102', 'GO:2000068']"
GO:BP,GO:0050667,homocysteine metabolic process,0.2507191052439962,False,"""The chemical reactions and pathways involving homocysteine, the amino acid alpha-amino-gamma-mercaptobutanoic acid. Homocysteine is an important intermediate in the metabolic reactions of its S-methyl derivative, methionine."" [ISBN:0198506732]",4,389,1,22737,0.002570694087403599,0.25,query_1,"['GO:0000096', 'GO:0170041', 'GO:1901605']"
GO:BP,GO:0090357,regulation of L-tryptophan metabolic process,0.2507191052439962,False,"""Any process that modulates the frequency, rate or extent of the chemical reactions and pathways involving tryptophan, the chiral amino acid 2-amino-3-(1H-indol-3-yl)propanoic acid."" [GOC:tb]",4,389,1,22737,0.002570694087403599,0.25,query_1,"['GO:0006521', 'GO:0006568', 'GO:0062012']"
GO:BP,GO:0006723,cuticle hydrocarbon biosynthetic process,0.2507191052439962,False,"""The chemical reactions and pathways resulting in the formation of hydrocarbons that make up the cuticle, the outer layer of some animals and plants, which acts to prevent water loss."" [GOC:ai]",4,389,1,22737,0.002570694087403599,0.25,query_1,"['GO:0042335', 'GO:0120251']"
GO:BP,GO:0016114,terpenoid biosynthetic process,0.2507191052439962,False,"""The chemical reactions and pathways resulting in the formation of terpenoids, any member of a class of compounds characterized by an isoprenoid chemical structure."" [GOC:ai]",126,389,5,22737,0.012853470437017995,0.03968253968253968,query_1,"['GO:0006721', 'GO:0008299']"
GO:BP,GO:0019346,transsulfuration,0.2507191052439962,False,"""The interconversion of homocysteine and cysteine via cystathionine. In contrast with enteric bacteria and mammals, Saccharomyces cerevisiae has two transsulfuration pathways employing two separate sets of enzymes."" [MetaCyc:PWY-801]",4,389,1,22737,0.002570694087403599,0.25,query_1,"['GO:0046439', 'GO:0050667']"
GO:BP,GO:0015697,quaternary ammonium group transport,0.2507191052439962,False,"""The directed movement into, out of or within a cell, or between cells, by means of some agent such as a transporter or pore of quaternary ammonium compounds, any compound that can be regarded as derived from ammonium hydroxide or an ammonium salt by replacement of all four hydrogen atoms of the NH4+ ion by organic groups."" [GOC:ai, ISBN:0198506732]",4,389,1,22737,0.002570694087403599,0.25,query_1,['GO:0071705']
GO:BP,GO:0035821,modulation of process of another organism,0.2507191052439962,False,"""A process in which an organism effects a change in a biological process in another organism."" [GOC:bf]",4,389,1,22737,0.002570694087403599,0.25,query_1,['GO:0044419']
GO:BP,GO:2000762,regulation of phenylpropanoid metabolic process,0.25230659870126704,False,"""Any process that modulates the frequency, rate or extent of phenylpropanoid metabolic process."" [GOC:obol]",25,389,2,22737,0.005141388174807198,0.08,query_1,"['GO:0009698', 'GO:0043455']"
GO:BP,GO:0035265,organ growth,0.25230659870126704,False,"""The increase in size or mass of an organ. Organs are commonly observed as visibly distinct structures, but may also exist as loosely associated clusters of cells that function together as to perform a specific function."" [GOC:bf, ISBN:0471245208, ISBN:0721662544]",25,389,2,22737,0.005141388174807198,0.08,query_1,"['GO:0032501', 'GO:0048589']"
GO:BP,GO:0051094,positive regulation of developmental process,0.2570462110834566,False,"""Any process that activates or increases the rate or extent of development, the biological process whose specific outcome is the progression of an organism over time from an initial condition (e.g. a zygote, or a young adult) to a later condition (e.g. a multicellular animal or an aged adult)."" [GOC:ai]",128,389,5,22737,0.012853470437017995,0.0390625,query_1,"['GO:0032502', 'GO:0048518', 'GO:0050793']"
GO:BP,GO:0071229,cellular response to acid chemical,0.26184232932427626,False,"""Any process that results in a change in state or activity of a cell (in terms of movement, secretion, enzyme production, gene expression, etc.) as a result of a stimulus by the chemical structure of the anion portion of the dissociated acid (rather than the acid acting as a proton donor). The acid chemical may be in gaseous, liquid or solid form."" [GOC:go_curators, GOC:mah, Wikipedia:Acid]",56,389,3,22737,0.007712082262210797,0.05357142857142857,query_1,"['GO:0001101', 'GO:0070887']"
GO:BP,GO:0071478,cellular response to radiation,0.26184232932427626,False,"""Any process that results in a change in state or activity of a cell (in terms of movement, secretion, enzyme production, gene expression, etc.) as a result of an electromagnetic radiation stimulus. Electromagnetic radiation is a propagating wave in space with electric and magnetic components. These components oscillate at right angles to each other and to the direction of propagation."" [GOC:mah]",129,389,5,22737,0.012853470437017995,0.03875968992248062,query_1,"['GO:0009314', 'GO:0071214']"
GO:BP,GO:0009845,seed germination,0.26637627728787217,False,"""The physiological and developmental changes that occur in a seed commencing with water uptake (imbibition) and terminating with the elongation of the embryonic axis."" [PMID:8281041]",170,389,6,22737,0.015424164524421594,0.03529411764705882,query_1,"['GO:0032501', 'GO:0090351']"
GO:BP,GO:0046148,pigment biosynthetic process,0.266662839870067,False,"""The chemical reactions and pathways resulting in the formation of a pigment, any general or particular coloring matter in living organisms, e.g. melanin."" [ISBN:0198506732]",130,389,5,22737,0.012853470437017995,0.038461538461538464,query_1,['GO:0042440']
GO:BP,GO:0071396,cellular response to lipid,0.26669558709304697,False,"""Any process that results in a change in state or activity of a cell (in terms of movement, secretion, enzyme production, gene expression, etc.) as a result of a lipid stimulus."" [GOC:mah]",530,389,14,22737,0.03598971722365039,0.026415094339622643,query_1,"['GO:0033993', 'GO:0070887']"
GO:BP,GO:0009791,post-embryonic development,0.2721645495156779,False,"""The process whose specific outcome is the progression of the organism over time, from the completion of embryonic development to the mature structure. See embryonic development."" [GOC:go_curators]",1485,389,33,22737,0.08483290488431877,0.022222222222222223,query_1,"['GO:0007275', 'GO:0032501']"
GO:BP,GO:0008150,biological_process,0.2756899914986358,False,"""A biological process is the execution of a genetically-encoded biological module or program. It consists of all the steps required to achieve the specific biological objective of the module. A biological process is accomplished by a particular set of molecular functions carried out by specific gene products (or macromolecular complexes), often in a highly regulated manner and in a particular temporal sequence."" [GOC:pdt]",16488,389,295,22737,0.7583547557840618,0.01789180009704027,query_1,[]
GO:BP,GO:0071214,cellular response to abiotic stimulus,0.27597453022835683,False,"""Any process that results in a change in state or activity of a cell (in terms of movement, secretion, enzyme production, gene expression, etc.) as a result of an abiotic (non-living) stimulus."" [GOC:mah]",215,389,7,22737,0.017994858611825194,0.03255813953488372,query_1,"['GO:0009628', 'GO:0104004']"
GO:BP,GO:0043200,response to amino acid,0.27597453022835683,False,"""Any process that results in a change in state or activity of a cell or an organism (in terms of movement, secretion, enzyme production, gene expression, etc.) as a result of an amino acid stimulus. An amino acid is a carboxylic acids containing one or more amino groups."" [GOC:ef, GOC:mlg]",27,389,2,22737,0.005141388174807198,0.07407407407407407,query_1,['GO:0001101']
GO:BP,GO:0090056,regulation of chlorophyll metabolic process,0.27597453022835683,False,"""Any process that modulates the frequency, rate or extent of the chemical reactions and pathways involving chlorophyll."" [GOC:dph, GOC:tb]",27,389,2,22737,0.005141388174807198,0.07407407407407407,query_1,"['GO:0015994', 'GO:1901401']"
GO:BP,GO:0104004,cellular response to environmental stimulus,0.27597453022835683,False,"""Any process that results in a change in state or activity of a cell (in terms of movement, secretion, enzyme production, gene expression, etc.) as a result of an environmental stimulus."" [GOC:dos]",215,389,7,22737,0.017994858611825194,0.03255813953488372,query_1,['GO:0051716']
GO:BP,GO:0051240,positive regulation of multicellular organismal process,0.2842171165223347,False,"""Any process that activates or increases the frequency, rate or extent of an organismal process, any of the processes pertinent to the function of an organism above the cellular level; includes the integrated processes of tissues and organs."" [GOC:ai]",96,389,4,22737,0.010282776349614395,0.041666666666666664,query_1,"['GO:0032501', 'GO:0048518', 'GO:0051239']"
GO:BP,GO:0009806,lignan metabolic process,0.2842171165223347,False,"""The chemical reactions and pathways involving lignans, any member of a class of plant metabolites related to lignins. Lignans are usually found as phenylpropanoid dimers in which the phenylpropanoid units are linked tail to tail and thus having a 2,3 dibenzylbutane skeleton, but higher oligomers can also exist."" [GOC:jl, PMID:10074466]",5,389,1,22737,0.002570694087403599,0.2,query_1,['GO:0009698']
GO:BP,GO:0043434,response to peptide hormone,0.2842171165223347,False,"""Any process that results in a change in state or activity of a cell or an organism (in terms of movement, secretion, enzyme production, gene expression, etc.) as a result of a peptide hormone stimulus. A peptide hormone is any of a class of peptides that are secreted into the blood stream and have endocrine functions in living animals."" [PMID:11027914, PMID:15134857, Wikipedia:Peptide_hormone]",5,389,1,22737,0.002570694087403599,0.2,query_1,"['GO:0009725', 'GO:1901698', 'GO:1901700']"
GO:BP,GO:0015813,L-glutamate transmembrane transport,0.2842171165223347,False,"""The directed movement of L-glutamate across a membrane by means of some agent such as a transporter or a pore."" [PMID:21307582]",5,389,1,22737,0.002570694087403599,0.2,query_1,"['GO:0051938', 'GO:1902475']"
GO:BP,GO:0080148,negative regulation of response to water deprivation,0.2842171165223347,False,"""Any process that stops, prevents, or reduces the frequency, rate or extent of a response to water deprivation. Response to water deprivation is a change in state or activity of a cell or an organism (in terms of movement, secretion, enzyme production, gene expression, etc.) as a result of a water deprivation stimulus, prolonged deprivation of water."" [PMID:18835996]",5,389,1,22737,0.002570694087403599,0.2,query_1,"['GO:0009414', 'GO:0048585', 'GO:2000070']"
GO:BP,GO:0019566,arabinose metabolic process,0.2842171165223347,False,"""The chemical reactions and pathways involving arabinose, arabino-pentose. L-Arabinose occurs both free, for example in the heartwood of many conifers, and in the combined state, as a constituent of plant hemicelluloses, bacterial polysaccharides etc. D-arabinose is a constituent of arabinonucleosides."" [ISBN:0198506732]",5,389,1,22737,0.002570694087403599,0.2,query_1,['GO:0019321']
GO:BP,GO:0080168,abscisic acid transport,0.2842171165223347,False,"""The directed movement of abscisic acid into, out of, within or between cells by means of some external agent such as a transporter or pore."" [PMID:20133881]",5,389,1,22737,0.002570694087403599,0.2,query_1,"['GO:0015718', 'GO:0015850', 'GO:0046865']"
GO:BP,GO:0051938,L-glutamate import,0.2842171165223347,False,"""The directed movement of L-glutamate, the L-enantiomer of the anion of 2-aminopentanedioic acid, into a cell or organelle."" [GOC:ai, GOC:jsg, GOC:mah]",5,389,1,22737,0.002570694087403599,0.2,query_1,"['GO:0006835', 'GO:0015800', 'GO:0015807']"
GO:BP,GO:0009823,cytokinin catabolic process,0.2842171165223347,False,"""The chemical reactions and pathways resulting in the breakdown of cytokinins, a class of adenine-derived compounds that can function in plants as plant growth regulators."" [GOC:lr]",5,389,1,22737,0.002570694087403599,0.2,query_1,"['GO:0009690', 'GO:0042447']"
GO:BP,GO:0009807,lignan biosynthetic process,0.2842171165223347,False,"""The chemical reactions and pathways resulting in the formation of lignans, any member of a class of plant metabolites related to lignins. Lignans are usually found as phenylpropanoid dimers in which the phenylpropanoid units are linked tail to tail and thus having a 2,3 dibenzylbutane skeleton, but higher oligomers can also exist."" [GOC:jl, PMID:10074466]",5,389,1,22737,0.002570694087403599,0.2,query_1,"['GO:0009699', 'GO:0009806']"
GO:BP,GO:0009813,flavonoid biosynthetic process,0.28569317864227417,False,"""The chemical reactions and pathways resulting in the formation of flavonoids, a group of phenolic derivatives containing a flavan skeleton."" [GOC:tair_curators, ISBN:0198547684]",60,389,3,22737,0.007712082262210797,0.05,query_1,"['GO:0009058', 'GO:0009812']"
GO:BP,GO:0010154,fruit development,0.28628859150444225,False,"""The process whose specific outcome is the progression of the fruit over time, from its formation to the mature structure. The fruit is a reproductive body of a seed plant."" [GOC:sm]",590,389,15,22737,0.038560411311053984,0.025423728813559324,query_1,['GO:0048608']
GO:BP,GO:0016441,post-transcriptional gene silencing,0.28956311566186616,False,"""The inactivation of gene expression that occurs after transcription."" [GOC:mah, PMID:15020054]",97,389,4,22737,0.010282776349614395,0.041237113402061855,query_1,"['GO:0010608', 'GO:0010629']"
GO:BP,GO:1901701,cellular response to oxygen-containing compound,0.29131209532871016,False,"""Any process that results in a change in state or activity of a cell (in terms of movement, secretion, enzyme production, gene expression, etc.) as a result of an oxygen-containing compound stimulus."" [GOC:pr, GOC:TermGenie]",690,389,17,22737,0.043701799485861184,0.02463768115942029,query_1,"['GO:0070887', 'GO:1901700']"
GO:BP,GO:0009644,response to high light intensity,0.29268831098265974,False,"""Any process that results in a change in state or activity of a cell or an organism (in terms of movement, secretion, enzyme production, gene expression, etc.) as a result of a high light intensity stimulus."" [GOC:go_curators]",61,389,3,22737,0.007712082262210797,0.04918032786885246,query_1,['GO:0009642']
GO:BP,GO:0006720,isoprenoid metabolic process,0.3015001977205834,False,"""The chemical reactions and pathways involving isoprenoid compounds, isoprene (2-methylbuta-1,3-diene) or compounds containing or derived from linked isoprene (3-methyl-2-butenylene) residues."" [ISBN:0198547684]",180,389,6,22737,0.015424164524421594,0.03333333333333333,query_1,['GO:0006629']
GO:BP,GO:0009063,amino acid catabolic process,0.3017481634106308,False,"""The chemical reactions and pathways resulting in the breakdown of amino acids, organic acids containing one or more amino substituents."" [GOC:ai]",62,389,3,22737,0.007712082262210797,0.04838709677419355,query_1,"['GO:0006520', 'GO:0009056']"
GO:BP,GO:0009605,response to external stimulus,0.30357829828218386,False,"""Any process that results in a change in state or activity of a cell or an organism (in terms of movement, secretion, enzyme production, gene expression, etc.) as a result of an external stimulus."" [GOC:hb]",1305,389,29,22737,0.07455012853470437,0.022222222222222223,query_1,['GO:0050896']
GO:BP,GO:0009639,response to red or far red light,0.30357829828218386,False,"""Any process that results in a change in state or activity of a cell or an organism (in terms of movement, secretion, enzyme production, gene expression, etc.) as a result of a red or far red light stimulus. Red light is electromagnetic radiation of wavelength of 580-700nm. Far red light is electromagnetic radiation of wavelength 700-800nm. An example of this response is seen at the beginning of many plant species developmental stages. These include germination, and the point when cotyledon expansion is triggered. In certain species these processes take place in response to absorption of red light by the pigment molecule phytochrome, but the signal can be reversed by exposure to far red light. During the initial phase the phytochrome molecule is only present in the red light absorbing form, but on absorption of red light it changes to a far red light absorbing form, triggering progress through development. An immediate short period of exposure to far red light entirely returns the pigment to its initial state and prevents triggering of the developmental process. A thirty minute break between red and subsequent far red light exposure renders the red light effect irreversible, and development then occurs regardless of whether far red light exposure subsequently occurs."" [GOC:ai, GOC:mtg_far_red]",224,389,7,22737,0.017994858611825194,0.03125,query_1,['GO:0009416']
GO:BP,GO:0048519,negative regulation of biological process,0.30767364221238797,False,"""Any process that stops, prevents, or reduces the frequency, rate or extent of a biological process. Biological processes are regulated by many means; examples include the control of gene expression, protein modification or interaction with a protein or substrate molecule."" [GOC:jid]",1000,389,23,22737,0.05912596401028278,0.023,query_1,"['GO:0008150', 'GO:0050789']"
GO:BP,GO:0006972,hyperosmotic response,0.30767364221238797,False,"""Any process that results in a change in state or activity of a cell or an organism (in terms of movement, secretion, enzyme production, gene expression, etc.) as a result of detection of, or exposure to, a hyperosmotic environment, i.e. an environment with a higher concentration of solutes than the organism or cell."" [GOC:jl, PMID:12142009]",63,389,3,22737,0.007712082262210797,0.047619047619047616,query_1,['GO:0006970']
GO:BP,GO:1901401,regulation of tetrapyrrole metabolic process,0.30767364221238797,False,"""Any process that modulates the frequency, rate or extent of tetrapyrrole metabolic process."" [GOC:mengo_curators, GOC:TermGenie]",30,389,2,22737,0.005141388174807198,0.06666666666666667,query_1,"['GO:0019222', 'GO:0033013']"
GO:BP,GO:0042447,hormone catabolic process,0.3157013094313516,False,"""The chemical reactions and pathways resulting in the breakdown of any hormone, naturally occurring substances secreted by specialized cells that affects the metabolism or behavior of other cells possessing functional receptors for the hormone."" [GOC:jl]",6,389,1,22737,0.002570694087403599,0.16666666666666666,query_1,"['GO:0009056', 'GO:0042445']"
GO:BP,GO:0009968,negative regulation of signal transduction,0.3157013094313516,False,"""Any process that stops, prevents, or reduces the frequency, rate or extent of signal transduction."" [GOC:sm]",102,389,4,22737,0.010282776349614395,0.0392156862745098,query_1,"['GO:0007165', 'GO:0009966', 'GO:0010648', 'GO:0023057', 'GO:0048585']"
GO:BP,GO:0042659,regulation of cell fate specification,0.3157013094313516,False,"""Any process that mediates the adoption of a specific fate by a cell."" [GOC:go_curators]",6,389,1,22737,0.002570694087403599,0.16666666666666666,query_1,"['GO:0001708', 'GO:0010453']"
GO:BP,GO:0048577,"negative regulation of short-day photoperiodism, flowering",0.3157013094313516,False,"""Any process that stops, prevents or reduces short-day photoperiodism, where the response associated with the photoperiodism is flowering. Flowering is defined by the switch from the vegetative to the reproductive phase."" [GOC:jid, GOC:pj, ISBN:0582015952, ISBN:0697037754, ISBN:0709408862]",6,389,1,22737,0.002570694087403599,0.16666666666666666,query_1,"['GO:0048575', 'GO:0048581', 'GO:0048585', 'GO:0048587']"
GO:BP,GO:0006597,spermine biosynthetic process,0.3157013094313516,False,"""The chemical reactions and pathways resulting in the formation of spermine, a polybasic amine found in human sperm, in ribosomes and in some viruses and involved in nucleic acid packaging."" [GOC:curators, MetaCyc:ARGSPECAT-PWY]",6,389,1,22737,0.002570694087403599,0.16666666666666666,query_1,"['GO:0006596', 'GO:0008215']"
GO:BP,GO:0080024,indolebutyric acid metabolic process,0.3157013094313516,False,"""The chemical reactions and pathways involving indolebutyric acid, a compound that serves as an active or storage form of the hormone indole-3-acetic acid (an auxin) in many plants."" [PMID:18725356]",6,389,1,22737,0.002570694087403599,0.16666666666666666,query_1,"['GO:0009850', 'GO:0032787', 'GO:0042430']"
GO:BP,GO:0140547,acquisition of seed longevity,0.3157013094313516,False,"""The acquisition of seed longevity is the ordered series of events during seed development, that prevent embryo deterioration and ROS damage and thus contribute to seed viability over time or in response to adverse environmental conditions. These events include protective (e.g. production of glassy cytoplasm ) and repair (e.g. oxidative stress responses) processes."" [PMID:26637538]",6,389,1,22737,0.002570694087403599,0.16666666666666666,query_1,"['GO:0032501', 'GO:0048316']"
GO:BP,GO:0071475,cellular hyperosmotic salinity response,0.3157013094313516,False,"""Any process that results in a change in state or activity of a cell (in terms of movement, secretion, enzyme production, gene expression, etc.) as a result of detection of, or exposure to, an increase in the concentration of salt (particularly but not exclusively sodium and chloride ions) in the environment."" [GOC:mah]",6,389,1,22737,0.002570694087403599,0.16666666666666666,query_1,"['GO:0042538', 'GO:0071472', 'GO:0071474']"
GO:BP,GO:0023057,negative regulation of signaling,0.3196238630848991,False,"""Any process that stops, prevents, or reduces the frequency, rate or extent of a signaling process."" [GOC:mtg_signal]",103,389,4,22737,0.010282776349614395,0.038834951456310676,query_1,"['GO:0023051', 'GO:0023052', 'GO:0048519']"
GO:BP,GO:0009311,oligosaccharide metabolic process,0.3196238630848991,False,"""The chemical reactions and pathways involving oligosaccharides, molecules with between two and (about) 20 monosaccharide residues connected by glycosidic linkages."" [ISBN:0198506732]",65,389,3,22737,0.007712082262210797,0.046153846153846156,query_1,['GO:0005975']
GO:BP,GO:0010648,negative regulation of cell communication,0.3196238630848991,False,"""Any process that decreases the frequency, rate or extent of cell communication. Cell communication is the process that mediates interactions between a cell and its surroundings. Encompasses interactions such as signaling or attachment between one cell and another cell, between a cell and an extracellular matrix, or between a cell and any other aspect of its environment."" [GOC:dph, GOC:tb]",103,389,4,22737,0.010282776349614395,0.038834951456310676,query_1,"['GO:0007154', 'GO:0010646', 'GO:0048523']"
GO:BP,GO:1901698,response to nitrogen compound,0.3271089505624993,False,"""Any process that results in a change in state or activity of a cell or an organism (in terms of movement, secretion, enzyme production, gene expression, etc.) as a result of a nitrogen compound stimulus."" [GOC:pr, GOC:TermGenie]",104,389,4,22737,0.010282776349614395,0.038461538461538464,query_1,['GO:0042221']
GO:BP,GO:0010224,response to UV-B,0.32737011690076645,False,"""Any process that results in a change in state or activity of a cell or an organism (in terms of movement, secretion, enzyme production, gene expression, etc.) as a result of a UV-B radiation stimulus. UV-B radiation (UV-B light) spans the wavelengths 280 to 315 nm."" [GOC:tb]",66,389,3,22737,0.007712082262210797,0.045454545454545456,query_1,['GO:0009411']
GO:BP,GO:0098869,cellular oxidant detoxification,0.33400745047052655,False,"""Any process carried out at the cellular level that reduces or removes the toxicity superoxide radicals or hydrogen peroxide."" [GOC:dos, GOC:vw]",146,389,5,22737,0.012853470437017995,0.03424657534246575,query_1,['GO:1990748']
GO:BP,GO:0016119,carotene metabolic process,0.3365236545195714,False,"""The chemical reactions and pathways involving carotenes, hydrocarbon carotenoids."" [ISBN:0198547684]",7,389,1,22737,0.002570694087403599,0.14285714285714285,query_1,['GO:0042214']
GO:BP,GO:0070301,cellular response to hydrogen peroxide,0.3365236545195714,False,"""Any process that results in a change in state or activity of a cell (in terms of movement, secretion, enzyme production, gene expression, etc.) as a result of a hydrogen peroxide (H2O2) stimulus."" [CHEBI:16240, GOC:mah]",7,389,1,22737,0.002570694087403599,0.14285714285714285,query_1,"['GO:0034614', 'GO:0042542']"
GO:BP,GO:0034614,cellular response to reactive oxygen species,0.3365236545195714,False,"""Any process that results in a change in state or activity of a cell (in terms of movement, secretion, enzyme production, gene expression, etc.) as a result of a reactive oxygen species stimulus. Reactive oxygen species include singlet oxygen, superoxide, and oxygen free radicals."" [GOC:mah]",34,389,2,22737,0.005141388174807198,0.058823529411764705,query_1,"['GO:0000302', 'GO:0034599', 'GO:1901701']"
GO:BP,GO:0071474,cellular hyperosmotic response,0.3365236545195714,False,"""Any process that results in a change in state or activity of a cell (in terms of movement, secretion, enzyme production, gene expression, etc.) as a result of detection of, or exposure to, a hyperosmotic environment, i.e. an environment with a higher concentration of solutes than the organism or cell."" [GOC:mah]",7,389,1,22737,0.002570694087403599,0.14285714285714285,query_1,"['GO:0006972', 'GO:0071470']"
GO:BP,GO:0015886,heme transport,0.3365236545195714,False,"""The directed movement of heme, any compound of iron complexed in a porphyrin (tetrapyrrole) ring, into, out of or within a cell, or between cells, by means of some agent such as a transporter or pore."" [GOC:ai]",7,389,1,22737,0.002570694087403599,0.14285714285714285,query_1,"['GO:0071705', 'GO:1901678']"
GO:BP,GO:1900367,positive regulation of defense response to insect,0.3365236545195714,False,"""Any process that activates or increases the frequency, rate or extent of defense response to insect."" [GOC:TermGenie, PMID:22474183]",7,389,1,22737,0.002570694087403599,0.14285714285714285,query_1,"['GO:0002213', 'GO:0002833', 'GO:0031349', 'GO:0032103', 'GO:2000068']"
GO:BP,GO:0009733,response to auxin,0.3365236545195714,False,"""Any process that results in a change in state or activity of a cell or an organism (in terms of movement, secretion, enzyme production, gene expression, etc.) as a result of an auxin stimulus."" [GOC:jl]",373,389,10,22737,0.02570694087403599,0.02680965147453083,query_1,['GO:0009725']
GO:BP,GO:0010258,NADH dehydrogenase complex (plastoquinone) assembly,0.3365236545195714,False,"""The aggregation, arrangement and bonding together of a set of components to form NADH:plastoquinone dehydrogenase complex, which is involved in the non-photochemical reduction of plastoquinones, as well as the cyclic electron transport around photosystem I."" [PMID:15608332]",7,389,1,22737,0.002570694087403599,0.14285714285714285,query_1,"['GO:0010257', 'GO:0010275']"
GO:BP,GO:0050794,regulation of cellular process,0.3365236545195714,False,"""Any process that modulates the frequency, rate or extent of a cellular process, any of those that are carried out at the cellular level, but are not necessarily restricted to a single cell. For example, cell communication occurs among more than one cell, but occurs at the cellular level."" [GOC:go_curators]",3835,389,75,22737,0.1928020565552699,0.01955671447196871,query_1,"['GO:0009987', 'GO:0050789']"
GO:BP,GO:0009411,response to UV,0.3365236545195714,False,"""Any process that results in a change in state or activity of a cell or an organism (in terms of movement, secretion, enzyme production, gene expression, etc.) as a result of an ultraviolet radiation (UV light) stimulus. Ultraviolet radiation is electromagnetic radiation with a wavelength in the range of 10 to 380 nanometers."" [GOC:hb]",108,389,4,22737,0.010282776349614395,0.037037037037037035,query_1,['GO:0009416']
GO:BP,GO:0010453,regulation of cell fate commitment,0.3365236545195714,False,"""Any process that modulates the frequency, rate or extent of cell fate commitment. Cell fate commitment is the commitment of cells to specific cell fates and their capacity to differentiate into particular kinds of cells. Positional information is established through protein signals that emanate from a localized source within a cell (the initial one-cell zygote) or within a developmental field."" [GOC:dph, GOC:tb]",7,389,1,22737,0.002570694087403599,0.14285714285714285,query_1,"['GO:0045165', 'GO:0050793', 'GO:0050794']"
GO:BP,GO:0043455,regulation of secondary metabolic process,0.3365236545195714,False,"""Any process that modulates the frequency, rate or extent of secondary metabolism, the chemical reactions and pathways involving compounds that are not necessarily required for growth and maintenance of cells, and are often unique to a taxon."" [GOC:jl]",34,389,2,22737,0.005141388174807198,0.058823529411764705,query_1,"['GO:0019222', 'GO:0019748']"
GO:BP,GO:0051289,protein homotetramerization,0.3365236545195714,False,"""The formation of a protein homotetramer, a macromolecular structure consisting of four noncovalently associated identical subunits."" [GOC:go_curators]",7,389,1,22737,0.002570694087403599,0.14285714285714285,query_1,"['GO:0051260', 'GO:0051262']"
GO:BP,GO:0009416,response to light stimulus,0.3365236545195714,False,"""Any process that results in a change in state or activity of a cell or an organism (in terms of movement, secretion, enzyme production, gene expression, etc.) as a result of a light stimulus, electromagnetic radiation of wavelengths classified as infrared, visible or ultraviolet light."" [GOC:go_curators, ISBN:0582227089]",714,389,17,22737,0.043701799485861184,0.023809523809523808,query_1,['GO:0009314']
GO:BP,GO:0009408,response to heat,0.3365236545195714,False,"""Any process that results in a change in state or activity of a cell or an organism (in terms of movement, secretion, enzyme production, gene expression, etc.) as a result of a heat stimulus, a temperature stimulus above the optimal temperature for that organism."" [GOC:lr]",236,389,7,22737,0.017994858611825194,0.029661016949152543,query_1,"['GO:0006950', 'GO:0009266']"
GO:BP,GO:0010106,cellular response to iron ion starvation,0.3365236545195714,False,"""Any process that results in a change in state or activity of a cell (in terms of movement, secretion, enzyme production, gene expression, etc.) as a result of deprivation of iron ions."" [GOC:mg]",7,389,1,22737,0.002570694087403599,0.14285714285714285,query_1,"['GO:0006879', 'GO:0009267']"
GO:BP,GO:0046864,isoprenoid transport,0.3365236545195714,False,"""The directed movement of isoprenoids into, out of or within a cell, or between cells, by means of some agent such as a transporter or pore. Isoprenoids comprise a group of compounds containing or derived from linked isoprene (3-methyl-2-butenylene) residues."" [GOC:ai]",7,389,1,22737,0.002570694087403599,0.14285714285714285,query_1,['GO:0006869']
GO:BP,GO:0048439,flower morphogenesis,0.3365236545195714,False,"""The process in which the anatomical structures of the flower are generated and organized."" [GOC:go_curators]",7,389,1,22737,0.002570694087403599,0.14285714285714285,query_1,"['GO:0003006', 'GO:0009908', 'GO:0010016', 'GO:0090698']"
GO:BP,GO:1902679,negative regulation of RNA biosynthetic process,0.3365236545195714,False,"""Any process that stops, prevents or reduces the frequency, rate or extent of RNA biosynthetic process."" [GO:jl, GO_REF:0000058, GOC:TermGenie]",192,389,6,22737,0.015424164524421594,0.03125,query_1,"['GO:0010558', 'GO:0032774', 'GO:0051253', 'GO:2001141']"
GO:BP,GO:0045892,negative regulation of DNA-templated transcription,0.3365236545195714,False,"""Any process that stops, prevents, or reduces the frequency, rate or extent of cellular DNA-templated transcription."" [GOC:go_curators, GOC:txnOH]",192,389,6,22737,0.015424164524421594,0.03125,query_1,"['GO:0006351', 'GO:0006355', 'GO:1902679']"
GO:BP,GO:0051055,negative regulation of lipid biosynthetic process,0.3365236545195714,False,"""Any process that stops, prevents, or reduces the frequency, rate or extent of the chemical reactions and pathways resulting in the formation of lipids."" [GOC:ai]",7,389,1,22737,0.002570694087403599,0.14285714285714285,query_1,"['GO:0008610', 'GO:0009890', 'GO:0045833', 'GO:0046890']"
GO:BP,GO:0046865,terpenoid transport,0.3365236545195714,False,"""The directed movement of terpenoids into, out of or within a cell, or between cells, by means of some agent such as a transporter or pore. Terpenoids are a class of compounds characterized by an isoprenoid chemical structure and include derivatives with various functional groups."" [GOC:ai]",7,389,1,22737,0.002570694087403599,0.14285714285714285,query_1,['GO:0046864']
GO:BP,GO:0009908,flower development,0.33902748977680647,False,"""The process whose specific outcome is the progression of the flower over time, from its formation to the mature structure. The flower is the reproductive structure in a plant, and its development begins with the transition of the vegetative or inflorescence meristem into a floral meristem."" [GOC:tb, ISBN:0879015322]",474,389,12,22737,0.030848329048843187,0.02531645569620253,query_1,['GO:0090567']
GO:BP,GO:0009617,response to bacterium,0.3394748558466001,False,"""Any process that results in a change in state or activity of a cell or an organism (in terms of movement, secretion, enzyme production, gene expression, etc.) as a result of a stimulus from a bacterium."" [GOC:hb]",426,389,11,22737,0.028277634961439587,0.025821596244131457,query_1,['GO:0051707']
GO:BP,GO:0048638,regulation of developmental growth,0.3418735319524454,False,"""Any process that modulates the frequency, rate or extent of developmental growth."" [GOC:go_curators]",151,389,5,22737,0.012853470437017995,0.033112582781456956,query_1,"['GO:0040008', 'GO:0048589', 'GO:0050793']"
GO:BP,GO:0008299,isoprenoid biosynthetic process,0.3418735319524454,False,"""The chemical reactions and pathways resulting in the formation of an isoprenoid compound, isoprene (2-methylbuta-1,3-diene) or compounds containing or derived from linked isoprene (3-methyl-2-butenylene) residues."" [ISBN:0198506732]",151,389,5,22737,0.012853470437017995,0.033112582781456956,query_1,"['GO:0006720', 'GO:0008610']"
GO:BP,GO:0009625,response to insect,0.3467336253341727,False,"""Any process that results in a change in state or activity of a cell or an organism (in terms of movement, secretion, enzyme production, gene expression, etc.) as a result of a stimulus from an insect."" [GOC:hb]",35,389,2,22737,0.005141388174807198,0.05714285714285714,query_1,['GO:0051707']
GO:BP,GO:0045927,positive regulation of growth,0.3467336253341727,False,"""Any process that activates or increases the rate or extent of growth, the increase in size or mass of all or part of an organism."" [GOC:go_curators]",35,389,2,22737,0.005141388174807198,0.05714285714285714,query_1,"['GO:0040007', 'GO:0040008', 'GO:0048518']"
GO:BP,GO:0010358,leaf shaping,0.3549343415787025,False,"""The developmental process that pertains to the organization of a leaf in three-dimensional space once the structure has initially formed."" [GOC:tb, PMID:16971475]",8,389,1,22737,0.002570694087403599,0.125,query_1,"['GO:0009965', 'GO:0048532']"
GO:BP,GO:0010262,somatic embryogenesis,0.3549343415787025,False,"""Initiation of a somatic embryo-an embryo arising from previously differentiated somatic cells, rather than from fused haploid gametes."" [GOC:sm, PMID:9611173]",8,389,1,22737,0.002570694087403599,0.125,query_1,"['GO:0009793', 'GO:0031099']"
GO:BP,GO:0019755,one-carbon compound transport,0.3549343415787025,False,"""The directed movement of one-carbon compounds into, out of or within a cell, or between cells, by means of some agent such as a transporter or pore."" [GOC:ai]",8,389,1,22737,0.002570694087403599,0.125,query_1,['GO:0006810']
GO:BP,GO:0034756,regulation of iron ion transport,0.3549343415787025,False,"""Any process that modulates the frequency, rate or extent of the directed movement of iron ions (Fe) into, out of or within a cell, or between cells, by means of some agent such as a transporter or pore."" [GOC:mah]",8,389,1,22737,0.002570694087403599,0.125,query_1,"['GO:0006826', 'GO:0010959']"
GO:BP,GO:0015800,acidic amino acid transport,0.3549343415787025,False,"""The directed movement of acidic amino acids, amino acids with a pH below 7, into, out of or within a cell, or between cells, by means of some agent such as a transporter or pore."" [GOC:ai]",8,389,1,22737,0.002570694087403599,0.125,query_1,['GO:0006865']
GO:BP,GO:0055046,microgametogenesis,0.3549343415787025,False,"""The process whose specific outcome is the progression of the pollen grain over time, from its formation as the microspore to the mature structure."" [GOC:mtg_plant]",36,389,2,22737,0.005141388174807198,0.05555555555555555,query_1,"['GO:0009555', 'GO:0032501']"
GO:BP,GO:0009314,response to radiation,0.3549343415787025,False,"""Any process that results in a change in state or activity of a cell or an organism (in terms of movement, secretion, enzyme production, gene expression, etc.) as a result of an electromagnetic radiation stimulus. Electromagnetic radiation is a propagating wave in space with electric and magnetic components. These components oscillate at right angles to each other and to the direction of propagation."" [GOC:jl, Wikipedia:Electromagnetic_radiation]",731,389,17,22737,0.043701799485861184,0.023255813953488372,query_1,['GO:0009628']
GO:BP,GO:0071452,cellular response to singlet oxygen,0.3549343415787025,False,"""Any process that results in a change in state or activity of a cell (in terms of movement, secretion, enzyme production, gene expression, etc.) as a result of a singlet oxygen stimulus. Singlet oxygen is a dioxygen (O2) molecule in which two 2p electrons have similar spin. Singlet oxygen is more highly reactive than the form in which these electrons are of opposite spin, and it is produced in mutant chloroplasts lacking carotenoids and by leukocytes during metabolic burst."" [GOC:mah]",8,389,1,22737,0.002570694087403599,0.125,query_1,"['GO:0000304', 'GO:0034614']"
GO:BP,GO:0036092,phosphatidylinositol-3-phosphate biosynthetic process,0.3549343415787025,False,"""The chemical reactions and pathways resulting in the formation of phosphatidylinositol-3-phosphate, a phosphatidylinositol monophosphate carrying the phosphate group at the 3-position."" [GOC:al, GOC:vw]",8,389,1,22737,0.002570694087403599,0.125,query_1,['GO:0046854']
GO:BP,GO:0072337,modified amino acid transport,0.3549343415787025,False,"""The directed movement of modified amino acids into, out of or within a cell, or between cells, by means of some agent such as a transporter or pore."" [GOC:mah]",8,389,1,22737,0.002570694087403599,0.125,query_1,['GO:0071705']
GO:BP,GO:1904276,regulation of wax biosynthetic process,0.3549343415787025,False,"""Any process that modulates the frequency, rate or extent of wax biosynthetic process."" [GO_REF:0000058, GOC:TermGenie, PMID:24692420]",8,389,1,22737,0.002570694087403599,0.125,query_1,"['GO:0010025', 'GO:0046890']"
GO:BP,GO:1902475,L-alpha-amino acid transmembrane transport,0.3549343415787025,False,"""The directed movement of L-alpha-amino acid across a membrane by means of some agent such as a transporter or a pore."" [GOC:kmv, GOC:TermGenie, PMID:14668347]",8,389,1,22737,0.002570694087403599,0.125,query_1,"['GO:0003333', 'GO:0015807', 'GO:1905039']"
GO:BP,GO:2000032,regulation of secondary shoot formation,0.3549343415787025,False,"""Any process that modulates the frequency, rate or extent of secondary shoot formation."" [GOC:obol]",8,389,1,22737,0.002570694087403599,0.125,query_1,"['GO:0010223', 'GO:0060688', 'GO:1905428']"
GO:BP,GO:0060688,regulation of morphogenesis of a branching structure,0.3549343415787025,False,"""Any process that modulates the rate, frequency, or extent of branching morphogenesis, the process in which the anatomical structures of branches are generated and organized."" [GOC:dph]",8,389,1,22737,0.002570694087403599,0.125,query_1,"['GO:0001763', 'GO:0022603', 'GO:0051239']"
GO:BP,GO:0009835,fruit ripening,0.3549343415787025,False,"""An developmental maturation process that has as participant a fruit. Ripening causes changes in one or more characteristics of a fruit (color, aroma, flavor, texture, hardness, cell wall structure) and may make it more attractive to animals and aid in seed dispersal."" [GOC:lr]",8,389,1,22737,0.002570694087403599,0.125,query_1,"['GO:0010154', 'GO:0071695']"
GO:BP,GO:1901678,iron coordination entity transport,0.3549343415787025,False,"""The directed movement of an iron coordination entity into, out of or within a cell, or between cells, by means of some agent such as a transporter or pore."" [GOC:pr, GOC:TermGenie]",8,389,1,22737,0.002570694087403599,0.125,query_1,['GO:0006826']
GO:BP,GO:0042631,cellular response to water deprivation,0.35908480400739523,False,"""Any process that results in a change in state or activity of a cell (in terms of movement, secretion, enzyme production, gene expression, etc.) as a result of deprivation of water."" [GOC:go_curators]",37,389,2,22737,0.005141388174807198,0.05405405405405406,query_1,"['GO:0009414', 'GO:0033554', 'GO:0071462']"
GO:BP,GO:0090567,reproductive shoot system development,0.35908480400739523,False,"""The process whose specific outcome is the progression of a reproductive shoot system over time, from its formation to the mature structure."" [GOC:pj]",486,389,12,22737,0.030848329048843187,0.024691358024691357,query_1,"['GO:0009791', 'GO:0048367', 'GO:0048608']"
GO:BP,GO:0010087,phloem or xylem histogenesis,0.35908480400739523,False,"""The process whose specific outcome is the progression of phloem and/or xylem over time, from formation to the mature structure. An example of this process is found in Arabidopsis thaliana."" [GOC:mtg_sensu, GOC:tb]",114,389,4,22737,0.010282776349614395,0.03508771929824561,query_1,['GO:0009888']
GO:BP,GO:0051253,negative regulation of RNA metabolic process,0.35908480400739523,False,"""Any process that stops, prevents, or reduces the frequency, rate or extent of the chemical reactions and pathways involving RNA."" [GOC:ai]",201,389,6,22737,0.015424164524421594,0.029850746268656716,query_1,"['GO:0010605', 'GO:0016070', 'GO:0045934', 'GO:0051252']"
GO:BP,GO:1990748,cellular detoxification,0.3599647943471264,False,"""Any process carried out at the cellular level that reduces or removes the toxicity of a toxic substance. These may include transport of the toxic substance away from sensitive areas and to compartments or complexes whose purpose is sequestration of the toxic substance."" [GOC:vw]",157,389,5,22737,0.012853470437017995,0.03184713375796178,query_1,"['GO:0009987', 'GO:0097237', 'GO:0098754']"
GO:BP,GO:0090351,seedling development,0.3625366993806358,False,"""The process whose specific outcome is the progression of the seedling over time, beginning with seed germination and ending when the first adult leaves emerge."" [GOC:tb, PO:0007131]",202,389,6,22737,0.015424164524421594,0.0297029702970297,query_1,['GO:0009791']
GO:BP,GO:0097237,cellular response to toxic substance,0.3648236465423171,False,"""Any process that results in a change in state or activity of a cell (in terms of movement, secretion, enzyme production, gene expression, etc.) as a result of a toxic stimulus."" [GOC:pr]",158,389,5,22737,0.012853470437017995,0.03164556962025317,query_1,"['GO:0009636', 'GO:0070887']"
GO:BP,GO:0080134,regulation of response to stress,0.36531598523848324,False,"""Any process that modulates the frequency, rate or extent of a response to stress. Response to stress is a change in state or activity of a cell or an organism (in terms of movement, secretion, enzyme production, gene expression, etc.) as a result of a disturbance in organismal or cellular homeostasis, usually, but not necessarily, exogenous (e.g. temperature, humidity, ionizing radiation)."" [GOC:dhl]",391,389,10,22737,0.02570694087403599,0.02557544757033248,query_1,"['GO:0006950', 'GO:0048583']"
GO:BP,GO:0071462,cellular response to water stimulus,0.3690176835878417,False,"""Any process that results in a change in state or activity of a cell (in terms of movement, secretion, enzyme production, gene expression, etc.) as a result of a stimulus reflecting the presence, absence, or concentration of water."" [GOC:mah]",38,389,2,22737,0.005141388174807198,0.05263157894736842,query_1,"['GO:0009415', 'GO:0071214', 'GO:0071229', 'GO:1901701']"
GO:BP,GO:0009954,proximal/distal pattern formation,0.3776700291423732,False,"""The regionalization process in which specific areas of cell differentiation are determined along a proximal/distal axis. The proximal/distal axis is defined by a line that runs from main body (proximal end) of an organism outward (distal end)."" [GOC:dph, GOC:go_curators, GOC:isa_complete]",9,389,1,22737,0.002570694087403599,0.1111111111111111,query_1,['GO:0003002']
GO:BP,GO:0010275,NAD(P)H dehydrogenase complex assembly,0.3776700291423732,False,"""The aggregation, arrangement and bonding together of a set of components to form NAD(P)H dehydrogenase complex, which is involved in electron transport from an unidentified electron donor, possibly NAD(P)H or ferredoxin(Fd) to the plastoquinone pool."" [GOC:sm]",9,389,1,22737,0.002570694087403599,0.1111111111111111,query_1,['GO:0065003']
GO:BP,GO:0032366,intracellular sterol transport,0.3776700291423732,False,"""The directed movement of sterols within cells."" [GOC:mah]",9,389,1,22737,0.002570694087403599,0.1111111111111111,query_1,"['GO:0015918', 'GO:0032365']"
GO:BP,GO:0002182,cytoplasmic translational elongation,0.3776700291423732,False,"""The successive addition of amino acid residues to a nascent polypeptide chain during protein biosynthesis in the cytoplasm."" [GOC:hjd]",9,389,1,22737,0.002570694087403599,0.1111111111111111,query_1,"['GO:0002181', 'GO:0006414']"
GO:BP,GO:0045833,negative regulation of lipid metabolic process,0.3776700291423732,False,"""Any process that stops, prevents, or reduces the frequency, rate or extent of the chemical reactions and pathways involving lipids."" [GOC:go_curators]",9,389,1,22737,0.002570694087403599,0.1111111111111111,query_1,"['GO:0006629', 'GO:0009892', 'GO:0019216']"
GO:BP,GO:0042127,regulation of cell population proliferation,0.3776700291423732,False,"""Any process that modulates the frequency, rate or extent of cell proliferation."" [GOC:jl]",76,389,3,22737,0.007712082262210797,0.039473684210526314,query_1,"['GO:0008283', 'GO:0050794']"
GO:BP,GO:0043270,positive regulation of monoatomic ion transport,0.3776700291423732,False,"""Any process that activates or increases the frequency, rate or extent of the directed movement of charged atoms or small charged molecules into, out of or within a cell, or between cells, by means of some agent such as a transporter or pore."" [GOC:jl]",9,389,1,22737,0.002570694087403599,0.1111111111111111,query_1,"['GO:0006811', 'GO:0043269', 'GO:0051050']"
GO:BP,GO:0048868,pollen tube development,0.3776700291423732,False,"""The process whose specific outcome is the progression of a pollen tube over time, from its initial formation to a mature structure."" [GOC:isa_complete]",161,389,5,22737,0.012853470437017995,0.031055900621118012,query_1,"['GO:0003006', 'GO:0009856', 'GO:0048856']"
GO:BP,GO:0050793,regulation of developmental process,0.3792487209398357,False,"""Any process that modulates the frequency, rate or extent of development, the biological process whose specific outcome is the progression of a multicellular organism over time from an initial condition (e.g. a zygote, or a young adult) to a later condition (e.g. a multicellular animal or an aged adult)."" [GOC:go_curators]",697,389,16,22737,0.04113110539845758,0.02295552367288379,query_1,"['GO:0032502', 'GO:0050789']"
GO:BP,GO:0044706,multi-multicellular organism process,0.384382796587615,False,"""A multicellular organism process which involves another multicellular organism of the same or different species."" [GOC:jl]",208,389,6,22737,0.015424164524421594,0.028846153846153848,query_1,['GO:0032501']
GO:BP,GO:0009856,pollination,0.384382796587615,False,"""The cascade of biological processes occurring in plants beginning when the pollen lands on the female reproductive organs of a plant and continuing up to, but not including, fertilization, as defined by sperm-egg cell fusion."" [GOC:tb, PMID:10973091]",208,389,6,22737,0.015424164524421594,0.028846153846153848,query_1,"['GO:0022414', 'GO:0044706']"
GO:BP,GO:0009812,flavonoid metabolic process,0.39812797277572665,False,"""The chemical reactions and pathways involving flavonoids, a group of water-soluble phenolic derivatives containing a flavan skeleton including flavones, flavonols and flavanoids, and anthocyanins."" [GOC:tair_curators, ISBN:0198547684]",79,389,3,22737,0.007712082262210797,0.0379746835443038,query_1,['GO:0008152']
GO:BP,GO:0015976,carbon utilization,0.4008831101858615,False,"""A series of processes that forms an integrated mechanism by which a cell or an organism detects the depletion of primary carbon sources and then activates genes to scavenge the last traces of the primary carbon source and to transport and metabolize alternative carbon sources such as carbon dioxide or carbonic acid. The utilization process begins when the cell or organism detects carbon levels, includes the activation of genes whose products detect, transport or metabolize carbon-containing substances, and ends when carbon is incorporated into the cell or organism's metabolism."" [GOC:mah, GOC:mlg]",10,389,1,22737,0.002570694087403599,0.1,query_1,['GO:0031667']
GO:BP,GO:0008295,spermidine biosynthetic process,0.4008831101858615,False,"""The chemical reactions and pathways resulting in the formation of spermidine, N-(3-aminopropyl)-1,4-diaminobutane."" [GOC:go_curators, ISBN:0198506732]",10,389,1,22737,0.002570694087403599,0.1,query_1,"['GO:0006596', 'GO:0008216']"
GO:BP,GO:0042440,pigment metabolic process,0.4008831101858615,False,"""The chemical reactions and pathways involving pigment, any general or particular coloring matter in living organisms, e.g. melanin."" [GOC:jl, ISBN:0198506732]",166,389,5,22737,0.012853470437017995,0.030120481927710843,query_1,['GO:0008152']
GO:BP,GO:0010582,floral meristem determinacy,0.4008831101858615,False,"""The process in which a floral meristem becomes determinate (i.e. ceases to produce lateral organs and may or may not terminally differentiate)."" [PMID:18441215]",10,389,1,22737,0.002570694087403599,0.1,query_1,"['GO:0003006', 'GO:0009908', 'GO:0010022']"
GO:BP,GO:0015837,amine transport,0.4008831101858615,False,"""The directed movement of amines, including polyamines, organic compounds containing one or more amino groups, into, out of or within a cell, or between cells, by means of some agent such as a transporter or pore."" [GOC:ai, ISBN:0198506732]",10,389,1,22737,0.002570694087403599,0.1,query_1,['GO:0071705']
GO:BP,GO:0051239,regulation of multicellular organismal process,0.4008831101858615,False,"""Any process that modulates the frequency, rate or extent of a multicellular organismal process, the processes pertinent to the function of a multicellular organism above the cellular level; includes the integrated processes of tissues and organs."" [GOC:ai, GOC:dph, GOC:tb]",404,389,10,22737,0.02570694087403599,0.024752475247524754,query_1,"['GO:0032501', 'GO:0050789']"
GO:BP,GO:0031930,mitochondria-nucleus signaling pathway,0.4008831101858615,False,"""The series of molecular signals that forms a pathway of communication from the mitochondria to the nucleus and initiates cellular changes in response to changes in mitochondrial function."" [GOC:jh, PMID:15068799]",10,389,1,22737,0.002570694087403599,0.1,query_1,['GO:0035556']
GO:BP,GO:0048579,"negative regulation of long-day photoperiodism, flowering",0.4008831101858615,False,"""Any process that stops, prevents or reduces long-day photoperiodism, where the response associated with the photoperiodism is flowering. Flowering is defined by the switch from the vegetative to the reproductive phase."" [GOC:jid, GOC:pj, ISBN:0582015952, ISBN:0697037754, ISBN:0709408862]",10,389,1,22737,0.002570694087403599,0.1,query_1,"['GO:0048574', 'GO:0048581', 'GO:0048585', 'GO:0048586']"
GO:BP,GO:0009759,indole glucosinolate biosynthetic process,0.4008831101858615,False,"""The chemical reactions and pathways resulting in the formation of indole glucosinolates, sulfur-containing compounds that have a common structure linked to an R group derived from tryptophan."" [GOC:ai]",10,389,1,22737,0.002570694087403599,0.1,query_1,"['GO:0019761', 'GO:0042343', 'GO:0042435']"
GO:BP,GO:0006541,glutamine metabolic process,0.4008831101858615,False,"""The chemical reactions and pathways involving glutamine, 2-amino-4-carbamoylbutanoic acid."" [GOC:ai]",41,389,2,22737,0.005141388174807198,0.04878048780487805,query_1,['GO:0019752']
GO:BP,GO:0006081,aldehyde metabolic process,0.40687884077837544,False,"""The chemical reactions and pathways involving aldehydes, any organic compound with the formula R-CH=O, as carried out by individual cells."" [GOC:go_curators, ISBN:0198506732]",42,389,2,22737,0.005141388174807198,0.047619047619047616,query_1,['GO:0008152']
GO:BP,GO:0046942,carboxylic acid transport,0.41569770176744747,False,"""The directed movement of carboxylic acids into, out of or within a cell, or between cells, by means of some agent such as a transporter or pore. Carboxylic acids are organic acids containing one or more carboxyl (COOH) groups or anions (COO-)."" [GOC:ai]",82,389,3,22737,0.007712082262210797,0.036585365853658534,query_1,"['GO:0015711', 'GO:0015849']"
GO:BP,GO:0015849,organic acid transport,0.41569770176744747,False,"""The directed movement of organic acids, any acidic compound containing carbon in covalent linkage, into, out of or within a cell, or between cells, by means of some agent such as a transporter or pore."" [ISBN:0198506732]",82,389,3,22737,0.007712082262210797,0.036585365853658534,query_1,['GO:0006810']
GO:BP,GO:0015807,L-amino acid transport,0.42853858215010054,False,"""The directed movement of L-enantiomer amino acids into, out of or within a cell, or between cells, by means of some agent such as a transporter or pore."" [GOC:ai, GOC:jsg, GOC:mah]",11,389,1,22737,0.002570694087403599,0.09090909090909091,query_1,"['GO:0006865', 'GO:0046942', 'GO:0071705']"
GO:BP,GO:0008215,spermine metabolic process,0.42853858215010054,False,"""The chemical reactions and pathways involving spermine, a polybasic amine found in human sperm, in ribosomes and in some viruses, which is involved in nucleic acid packaging. Synthesis is regulated by ornithine decarboxylase which plays a key role in control of DNA replication."" [GOC:curators]",11,389,1,22737,0.002570694087403599,0.09090909090909091,query_1,['GO:0006595']
GO:BP,GO:0048587,"regulation of short-day photoperiodism, flowering",0.42853858215010054,False,"""Any process that modulates the frequency, rate or extent of short-day photoperiodism, where the response associated with the photoperiodism is flowering. Flowering is defined by the switch from the vegetative to the reproductive phase."" [GOC:jid, GOC:pj, ISBN:0582015952, ISBN:0697037754, ISBN:0709408862]",11,389,1,22737,0.002570694087403599,0.09090909090909091,query_1,"['GO:0048575', 'GO:2000028']"
GO:BP,GO:1905428,regulation of plant organ formation,0.42853858215010054,False,"""Any process that modulates the frequency, rate or extent of plant organ formation."" [GO_REF:0000058, GOC:tb, GOC:TermGenie]",11,389,1,22737,0.002570694087403599,0.09090909090909091,query_1,"['GO:0022603', 'GO:1905393']"
GO:BP,GO:0031047,regulatory ncRNA-mediated gene silencing,0.42853858215010054,False,"""A process in which an regulatory non-coding RNA molecule reduces expression of target genes. This can occur pre-transcriptionally by assembly of heterochromatin and prevention of transcription or co- or post-transcriptionally by targeting RNAs for degradation or by interfering with splicing or translation. This process starts once the inhibitory RNA molecule has been transcribed, and includes processing of the RNA such as cleavage, modifications, transport from the nucleus to the cytoplasm, loading onto the RISC complex, and the effect on transcription or translation."" [PMID:15020054]",172,389,5,22737,0.012853470437017995,0.029069767441860465,query_1,['GO:0010629']
GO:BP,GO:0031347,regulation of defense response,0.43795484022041115,False,"""Any process that modulates the frequency, rate or extent of a defense response."" [GOC:mah]",268,389,7,22737,0.017994858611825194,0.026119402985074626,query_1,"['GO:0006952', 'GO:0080134']"
GO:BP,GO:0021700,developmental maturation,0.4404838286569083,False,"""A developmental process, independent of morphogenetic (shape) change, that is required for an anatomical structure, cell or cellular component to attain its fully functional state."" [GO_REF:0000021, GOC:cls, GOC:dgh, GOC:dph, GOC:jid]",221,389,6,22737,0.015424164524421594,0.027149321266968326,query_1,['GO:0032502']
GO:BP,GO:0045934,negative regulation of nucleobase-containing compound metabolic process,0.4404838286569083,False,"""Any cellular process that stops, prevents, or reduces the frequency, rate or extent of the chemical reactions and pathways involving nucleobases, nucleosides, nucleotides and nucleic acids."" [GOC:go_curators]",221,389,6,22737,0.015424164524421594,0.027149321266968326,query_1,"['GO:0006139', 'GO:0009892', 'GO:0019219']"
GO:BP,GO:0006082,organic acid metabolic process,0.4431997754334114,False,"""The chemical reactions and pathways involving organic acids, any acidic compound containing carbon in covalent linkage."" [ISBN:0198506732]",935,389,20,22737,0.05141388174807198,0.0213903743315508,query_1,['GO:0044281']
GO:BP,GO:0043436,oxoacid metabolic process,0.4431997754334114,False,"""The chemical reactions and pathways involving any oxoacid; an oxoacid is a compound which contains oxygen, at least one other element, and at least one hydrogen bound to oxygen, and which produces a conjugate base by loss of positive hydrogen ion(s) (hydrons)."" [Wikipedia:Oxyacid]",935,389,20,22737,0.05141388174807198,0.0213903743315508,query_1,['GO:0006082']
GO:BP,GO:0008283,cell population proliferation,0.44540968675566245,False,"""The multiplication or reproduction of cells, resulting in the expansion of a cell population."" [GOC:mah, GOC:mb]",86,389,3,22737,0.007712082262210797,0.03488372093023256,query_1,['GO:0009987']
GO:BP,GO:0006566,L-threonine metabolic process,0.45181514537306344,False,"""The chemical reactions and pathways involving threonine (2-amino-3-hydroxybutyric acid), a polar, uncharged, essential amino acid found in peptide linkage in proteins."" [GOC:jl, ISBN:0198506732]",12,389,1,22737,0.002570694087403599,0.08333333333333333,query_1,['GO:0019752']
GO:BP,GO:0010022,meristem determinacy,0.45181514537306344,False,"""The process in which a meristem becomes determinate (i.e. ceases to produce lateral organs and may or may not terminally differentiate)."" [GOC:lr]",12,389,1,22737,0.002570694087403599,0.08333333333333333,query_1,"['GO:0010073', 'GO:0032501']"
GO:BP,GO:0009684,indoleacetic acid biosynthetic process,0.45181514537306344,False,"""The chemical reactions and pathways resulting in the formation of indole-3-acetic acid, a compound which functions as a growth regulator in plants."" [ISBN:0387969845]",12,389,1,22737,0.002570694087403599,0.08333333333333333,query_1,"['GO:0009851', 'GO:0042435', 'GO:0072330']"
GO:BP,GO:0048232,male gamete generation,0.45181514537306344,False,"""Generation of the male gamete; specialised haploid cells produced by meiosis and along with a female gamete takes part in sexual reproduction."" [GOC:dph, GOC:jid]",46,389,2,22737,0.005141388174807198,0.043478260869565216,query_1,['GO:0007276']
GO:BP,GO:0002832,negative regulation of response to biotic stimulus,0.45904899381315556,False,"""Any process that stops, prevents, or reduces the frequency, rate, or extent of a response to biotic stimulus."" [GOC:add]",47,389,2,22737,0.005141388174807198,0.0425531914893617,query_1,"['GO:0002831', 'GO:0009607', 'GO:0048585']"
GO:BP,GO:0010162,seed dormancy process,0.45904899381315556,False,"""A dormancy process in which dormancy (sometimes called a dormant state) is induced, maintained or broken in a seed. Seed dormancy is a suspension of most physiological activity and growth in a seed, including the embryo contained therein, that can be reactivated. It often requires special conditions for reactivation, such as specific temperature, scarification, or leaching of inhibitors."" [GOC:lr, GOC:PO_curators, ISBN:9781405139830, PO_REF:00009]",47,389,2,22737,0.005141388174807198,0.0425531914893617,query_1,"['GO:0003006', 'GO:0010431', 'GO:0022611', 'GO:0032501', 'GO:0048609']"
GO:BP,GO:0032102,negative regulation of response to external stimulus,0.45904899381315556,False,"""Any process that stops, prevents, or reduces the frequency, rate or extent of a response to an external stimulus."" [GOC:mah]",47,389,2,22737,0.005141388174807198,0.0425531914893617,query_1,"['GO:0009605', 'GO:0032101', 'GO:0048585']"
GO:BP,GO:0022611,dormancy process,0.45904899381315556,False,"""A developmental process in which dormancy (sometimes called a dormant state) is induced, maintained or broken. Dormancy is a suspension of most physiological activity and growth that can be reactivated."" [GOC:isa_complete, GOC:PO_curators, PO_REF:00009]",47,389,2,22737,0.005141388174807198,0.0425531914893617,query_1,['GO:0032502']
GO:BP,GO:0034204,lipid translocation,0.47014080180930523,False,"""The translocation, or flipping, of lipid molecules from one monolayer of a membrane bilayer to the opposite monolayer."" [GOC:mah]",13,389,1,22737,0.002570694087403599,0.07692307692307693,query_1,"['GO:0006869', 'GO:0097035']"
GO:BP,GO:0140352,export from cell,0.47014080180930523,False,"""The directed movement of some substance from a cell, into the extracellular region. This may occur via transport across the plasma membrane or via exocytosis."" [GOC:pg]",135,389,4,22737,0.010282776349614395,0.02962962962962963,query_1,"['GO:0006810', 'GO:0009987']"
GO:BP,GO:0016115,terpenoid catabolic process,0.47014080180930523,False,"""The chemical reactions and pathways resulting in the breakdown of terpenoids, any member of a class of compounds characterized by an isoprenoid chemical structure."" [GOC:ai]",13,389,1,22737,0.002570694087403599,0.07692307692307693,query_1,"['GO:0006721', 'GO:0008300']"
GO:BP,GO:0080183,response to photooxidative stress,0.47014080180930523,False,"""Any process that results in a change in state or activity of a cell or organism (in terms of movement, secretion, enzyme production, gene expression, etc.) as the result of a photooxidative stress, the light-dependent generation of active oxygen species. The process begins with detection of the stimulus and ends with a change in state or activity or the cell or organism."" [DOI:10.1111/j.1399-3054.1994.tb03042.x]",13,389,1,22737,0.002570694087403599,0.07692307692307693,query_1,['GO:0006979']
GO:BP,GO:0016104,triterpenoid biosynthetic process,0.47014080180930523,False,"""The chemical reactions and pathways resulting in the formation of triterpenoid compounds, terpenoids with six isoprene units."" [GOC:go_curators]",13,389,1,22737,0.002570694087403599,0.07692307692307693,query_1,"['GO:0006722', 'GO:0016114']"
GO:BP,GO:0000302,response to reactive oxygen species,0.47014080180930523,False,"""Any process that results in a change in state or activity of a cell or an organism (in terms of movement, secretion, enzyme production, gene expression, etc.) as a result of a reactive oxygen species stimulus. Reactive oxygen species include singlet oxygen, superoxide, and oxygen free radicals."" [GOC:krc]",134,389,4,22737,0.010282776349614395,0.029850746268656716,query_1,"['GO:0006979', 'GO:1901700']"
GO:BP,GO:1990641,response to iron ion starvation,0.47014080180930523,False,"""Any process that results in a change in state or activity of a cell or an organism (in terms of movement, secretion, enzyme production, gene expression, etc.) as a result of a starvation stimulus, deprivation of iron ion."" [PMID:16208485]",13,389,1,22737,0.002570694087403599,0.07692307692307693,query_1,['GO:0180055']
GO:BP,GO:0015743,malate transport,0.47014080180930523,False,"""The directed movement of malate into, out of or within a cell, or between cells, by means of some agent such as a transporter or pore."" [GOC:krc]",13,389,1,22737,0.002570694087403599,0.07692307692307693,query_1,['GO:0015740']
GO:BP,GO:0010120,camalexin biosynthetic process,0.47014080180930523,False,"""The chemical reactions and pathways resulting in the formation of camalexin, an indole phytoalexin."" [GOC:pz]",13,389,1,22737,0.002570694087403599,0.07692307692307693,query_1,"['GO:0009700', 'GO:0044272']"
GO:BP,GO:0120252,hydrocarbon metabolic process,0.4770642064092935,False,"""The chemical reactions and pathways involving a hydrocarbon, a compound consisting of carbon and hydrogen only."" [GOC:krc, Wikipedia:Hydrocarbon]",49,389,2,22737,0.005141388174807198,0.04081632653061224,query_1,['GO:0008152']
GO:BP,GO:0000041,transition metal ion transport,0.48592435410025886,False,"""The directed movement of transition metal ions into, out of or within a cell, or between cells, by means of some agent such as a transporter or pore. A transition metal is an element whose atom has an incomplete d-subshell of extranuclear electrons, or which gives rise to a cation or cations with an incomplete d-subshell. Transition metals often have more than one valency state. Biologically relevant transition metals include vanadium, manganese, iron, copper, cobalt, nickel, molybdenum and silver."" [ISBN:0198506732]",92,389,3,22737,0.007712082262210797,0.03260869565217391,query_1,['GO:0030001']
GO:BP,GO:0002218,activation of innate immune response,0.48680921991368126,False,"""Any process that initiates an innate immune response. Innate immune responses are defense responses mediated by germline encoded components that directly recognize components of potential pathogens. Examples of this process include activation of the hypersensitive response of Arabidopsis thaliana and activation of any NOD or TLR signaling pathway in vertebrate species."" [GO_REF:0000022, GOC:add, GOC:mtg_sensu, ISBN:0781735149, PMID:15199967, PMID:16177805]",50,389,2,22737,0.005141388174807198,0.04,query_1,"['GO:0002253', 'GO:0045089']"
GO:BP,GO:0006278,RNA-templated DNA biosynthetic process,0.48680921991368126,False,"""A DNA biosynthetic process that uses RNA as a template for RNA-dependent DNA polymerases (e.g. reverse transcriptase) that synthesize the new strand."" [GOC:mah, ISBN:0198506732]",14,389,1,22737,0.002570694087403599,0.07142857142857142,query_1,['GO:0071897']
GO:BP,GO:0009308,amine metabolic process,0.48680921991368126,False,"""The chemical reactions and pathways involving any organic compound that is weakly basic in character and contains an amino or a substituted amino group. Amines are called primary, secondary, or tertiary according to whether one, two, or three carbon atoms are attached to the nitrogen atom."" [GOC:jl, ISBN:0198506732]",93,389,3,22737,0.007712082262210797,0.03225806451612903,query_1,['GO:0008152']
GO:BP,GO:0009700,indole phytoalexin biosynthetic process,0.48680921991368126,False,"""The chemical reactions and pathways resulting in the formation of indole phytoalexins, any indole compound produced by plants as part of their defense response."" [GOC:sm, ISBN:0198547684]",14,389,1,22737,0.002570694087403599,0.07142857142857142,query_1,"['GO:0042435', 'GO:0052315']"
GO:BP,GO:0009846,pollen germination,0.48680921991368126,False,"""The physiological and developmental changes that occur in a heterosporous plant pollen grain, beginning with hydration and terminating with the emergence of the pollen tube through the aperture."" [GOC:lr, ISBN:0943088399, PMID:30669423]",50,389,2,22737,0.005141388174807198,0.04,query_1,"['GO:0009856', 'GO:0032501']"
GO:BP,GO:0052315,phytoalexin biosynthetic process,0.48680921991368126,False,"""The chemical reactions and pathways resulting in the formation of phytoalexins, any of a range of substances produced by plants as part of their defense response."" [PMID:22209038, PMID:3882051, Wikipedia:Phytoalexin]",14,389,1,22737,0.002570694087403599,0.07142857142857142,query_1,"['GO:0009403', 'GO:0052314']"
GO:BP,GO:0052314,phytoalexin metabolic process,0.48680921991368126,False,"""The chemical reactions and pathways involving phytoalexins, any of a range of substances produced by plants as part of their defense response."" [Wikipedia:Phytoalexin]",14,389,1,22737,0.002570694087403599,0.07142857142857142,query_1,['GO:0009404']
GO:BP,GO:0009403,toxin biosynthetic process,0.48680921991368126,False,"""The chemical reactions and pathways resulting in the formation of toxin, a poisonous compound (typically a protein) that is produced by cells or organisms and that can cause disease when introduced into the body or tissues of an organism."" [GOC:go_curators]",14,389,1,22737,0.002570694087403599,0.07142857142857142,query_1,"['GO:0009404', 'GO:0044550']"
GO:BP,GO:0009970,cellular response to sulfate starvation,0.48680921991368126,False,"""Any process that results in a change in state or activity of a cell (in terms of movement, secretion, enzyme production, gene expression, etc.) as a result of deprivation of sulfate."" [GOC:sm]",14,389,1,22737,0.002570694087403599,0.07142857142857142,query_1,['GO:0009267']
GO:BP,GO:0048583,regulation of response to stimulus,0.48680921991368126,False,"""Any process that modulates the frequency, rate or extent of a response to a stimulus. Response to stimulus is a change in state or activity of a cell or an organism (in terms of movement, secretion, enzyme production, gene expression, etc.) as a result of a stimulus."" [GOC:jid]",746,389,16,22737,0.04113110539845758,0.021447721179624665,query_1,"['GO:0050789', 'GO:0050896']"
GO:BP,GO:0007623,circadian rhythm,0.48680921991368126,False,"""Any biological process in an organism that recurs with a regularity of approximately 24 hours."" [GOC:bf, GOC:go_curators]",138,389,4,22737,0.010282776349614395,0.028985507246376812,query_1,['GO:0048511']
GO:BP,GO:0002253,activation of immune response,0.48980381669006995,False,"""Any process that initiates an immune response."" [GO_REF:0000022, GOC:add, ISBN:0781735149]",51,389,2,22737,0.005141388174807198,0.0392156862745098,query_1,"['GO:0002376', 'GO:0050778']"
GO:BP,GO:0006826,iron ion transport,0.48980381669006995,False,"""The directed movement of iron (Fe) ions into, out of or within a cell, or between cells, by means of some agent such as a transporter or pore."" [GOC:ai]",51,389,2,22737,0.005141388174807198,0.0392156862745098,query_1,['GO:0000041']
GO:BP,GO:0009890,negative regulation of biosynthetic process,0.4925717204339606,False,"""Any process that stops, prevents, or reduces the rate of the chemical reactions and pathways resulting in the formation of substances."" [GOC:go_curators]",541,389,12,22737,0.030848329048843187,0.022181146025878003,query_1,"['GO:0009058', 'GO:0009889', 'GO:0009892']"
GO:BP,GO:0099402,plant organ development,0.4934962496325853,False,"""Development of a plant organ, a multi-tissue plant structure that forms a functional unit."" [GOC:dos]",1073,389,22,22737,0.056555269922879174,0.02050326188257223,query_1,"['GO:0048731', 'GO:0048856']"
GO:BP,GO:0009743,response to carbohydrate,0.49420885457105235,False,"""Any process that results in a change in state or activity of a cell or an organism (in terms of movement, secretion, enzyme production, gene expression, etc.) as a result of a carbohydrate stimulus."" [GOC:jl]",188,389,5,22737,0.012853470437017995,0.026595744680851064,query_1,['GO:1901700']
GO:BP,GO:2000377,regulation of reactive oxygen species metabolic process,0.4982139574567899,False,"""Any process that modulates the frequency, rate or extent of reactive oxygen species metabolic process."" [GOC:mah]",52,389,2,22737,0.005141388174807198,0.038461538461538464,query_1,"['GO:0019222', 'GO:0072593']"
GO:BP,GO:0042538,hyperosmotic salinity response,0.4982139574567899,False,"""Any process that results in a change in state or activity of a cell or an organism (in terms of movement, secretion, enzyme production, gene expression, etc.) as a result of detection of, or exposure to, an increase in the concentration of salt (particularly but not exclusively sodium and chloride ions) in the environment."" [GOC:jl]",52,389,2,22737,0.005141388174807198,0.038461538461538464,query_1,"['GO:0006972', 'GO:0009651']"
GO:BP,GO:0042742,defense response to bacterium,0.49870817071613543,False,"""Reactions triggered in response to the presence of a bacterium that act to protect the cell or organism."" [GOC:jl]",338,389,8,22737,0.02056555269922879,0.023668639053254437,query_1,"['GO:0006952', 'GO:0009617']"
GO:BP,GO:0008300,isoprenoid catabolic process,0.5008356743144929,False,"""The chemical reactions and pathways resulting in the breakdown of an isoprenoid compound, isoprene (2-methylbuta-1,3-diene) or compounds containing or derived from linked isoprene (3-methyl-2-butenylene) residues."" [ISBN:0198506732]",15,389,1,22737,0.002570694087403599,0.06666666666666667,query_1,"['GO:0006720', 'GO:0016042']"
GO:BP,GO:0032365,intracellular lipid transport,0.5008356743144929,False,"""The directed movement of lipids within cells."" [GOC:mah]",15,389,1,22737,0.002570694087403599,0.06666666666666667,query_1,"['GO:0006869', 'GO:0046907']"
GO:BP,GO:0048575,"short-day photoperiodism, flowering",0.5008356743144929,False,"""A change from vegetative to reproductive phase as a result of detection of, or exposure to, a period of light that falls short of the critical day length. The critical day length varies between species. Although the term is short-day is used, most species actually respond to the duration of the night, so that the response will occur when a period of darkness exceeds the number of hours defined by 24 minus the critical day length."" [GOC:jid, GOC:pj, ISBN:0582015952, ISBN:0697037754, ISBN:0709408862]",15,389,1,22737,0.002570694087403599,0.06666666666666667,query_1,"['GO:0048572', 'GO:0048573']"
GO:BP,GO:0042214,terpene metabolic process,0.5008356743144929,False,"""The chemical reactions and pathways involving terpenes, any of a large group of hydrocarbons that are made up of isoprene (C5H8) units which may be cyclic, acyclic or multicyclic, saturated or unsaturated, and may contain various functional groups."" [GOC:curators]",15,389,1,22737,0.002570694087403599,0.06666666666666667,query_1,"['GO:0006720', 'GO:0120252']"
GO:BP,GO:0180055,response to metal ion starvation,0.5008356743144929,False,"""Any process that results in a change in state or activity of a cell or an organism (in terms of movement, secretion, enzyme production, gene expression, etc.) as a result of a starvation stimulus, deprivation of some metal ion."" [PMID:24024382]",15,389,1,22737,0.002570694087403599,0.06666666666666667,query_1,['GO:0042594']
GO:BP,GO:0048572,short-day photoperiodism,0.5008356743144929,False,"""Any process that results in a change in state or activity of an organism (in terms of movement, secretion, enzyme production, gene expression, etc.) as a result of detection of, or exposure to, a day length that falls short of a particular duration known as the 'critical day length'. The critical day length varies between species. Although the term short-day is used, most species actually respond to the duration of the night, so that the response will occur when a period of darkness exceeds the number of hours defined by 24 hours minus the critical day length."" [GOC:jid, GOC:pj, ISBN:0582015952, ISBN:0697037754, ISBN:0709408862]",15,389,1,22737,0.002570694087403599,0.06666666666666667,query_1,['GO:0009648']
GO:BP,GO:0002833,positive regulation of response to biotic stimulus,0.5123800016022472,False,"""Any process that activates or increases the frequency, rate, or extent of a response to biotic stimulus."" [GOC:add]",98,389,3,22737,0.007712082262210797,0.030612244897959183,query_1,"['GO:0002831', 'GO:0009607', 'GO:0048584']"
GO:BP,GO:1903426,regulation of reactive oxygen species biosynthetic process,0.5123800016022472,False,"""Any process that modulates the frequency, rate or extent of reactive oxygen species biosynthetic process."" [GO_REF:0000058, GOC:bf, GOC:PARL, GOC:TermGenie, PMID:24252804]",16,389,1,22737,0.002570694087403599,0.0625,query_1,"['GO:0009889', 'GO:1903409', 'GO:2000377']"
GO:BP,GO:0097035,regulation of membrane lipid distribution,0.5123800016022472,False,"""Any process that modulates the proportions or spatial arrangement of lipids in a cellular membrane."" [GOC:mah, PMID:18441123, PMID:20823909]",16,389,1,22737,0.002570694087403599,0.0625,query_1,"['GO:0061024', 'GO:0065008']"
GO:BP,GO:0015770,sucrose transport,0.5123800016022472,False,"""The directed movement of sucrose into, out of or within a cell, or between cells by means of some agent such as a transporter or pore. Sucrose is the disaccharide fructofuranosyl-glucopyranoside."" [GOC:ai]",16,389,1,22737,0.002570694087403599,0.0625,query_1,['GO:0015766']
GO:BP,GO:0042938,dipeptide transport,0.5123800016022472,False,"""The directed movement of a dipeptide, a combination of two amino acids by means of a peptide (-CO-NH-) link, into, out of or within a cell, or between cells, by means of some agent such as a transporter or pore."" [GOC:jl]",16,389,1,22737,0.002570694087403599,0.0625,query_1,['GO:0006857']
GO:BP,GO:0009750,response to fructose,0.5123800016022472,False,"""Any process that results in a change in state or activity of a cell or an organism (in terms of movement, secretion, enzyme production, gene expression, etc.) as a result of a fructose stimulus."" [GOC:jl]",16,389,1,22737,0.002570694087403599,0.0625,query_1,['GO:0009746']
GO:BP,GO:0052482,defense response by cell wall thickening,0.5123800016022472,False,"""A type of cell wall modification, in which the cell wall is reinforced and made thicker, that occurs as part of the defense response of an organism."" [GOC:mtg_pamgo_17jul06]",16,389,1,22737,0.002570694087403599,0.0625,query_1,"['GO:0006952', 'GO:0033554', 'GO:0052386']"
GO:BP,GO:0052544,defense response by callose deposition in cell wall,0.5123800016022472,False,"""Any process in which callose is transported to, and/or maintained in, the cell wall during the defense response. Callose is a linear 1,3-beta-d-glucan formed from UDP-glucose and is found in certain plant cell walls."" [GOC:mtg_pamgo_17jul06]",16,389,1,22737,0.002570694087403599,0.0625,query_1,"['GO:0006952', 'GO:0052482', 'GO:0052542', 'GO:0052543']"
GO:BP,GO:0051510,regulation of unidimensional cell growth,0.5123800016022472,False,"""Any process that modulates the frequency, rate or extent of unidimensional cell growth, the process in which a cell irreversibly increases in size in one [spatial] dimension or along one axis."" [GOC:ai]",54,389,2,22737,0.005141388174807198,0.037037037037037035,query_1,"['GO:0001558', 'GO:0009826', 'GO:0022604', 'GO:0048638']"
GO:BP,GO:0006596,polyamine biosynthetic process,0.5123800016022472,False,"""The chemical reactions and pathways resulting in the formation of polyamines, any organic compound containing two or more amino groups."" [ISBN:0198506732]",16,389,1,22737,0.002570694087403599,0.0625,query_1,"['GO:0006595', 'GO:0042401']"
GO:BP,GO:0032103,positive regulation of response to external stimulus,0.5123800016022472,False,"""Any process that activates, maintains or increases the rate of a response to an external stimulus."" [GOC:mah]",98,389,3,22737,0.007712082262210797,0.030612244897959183,query_1,"['GO:0009605', 'GO:0032101', 'GO:0048584']"
GO:BP,GO:0019321,pentose metabolic process,0.5123800016022472,False,"""The chemical reactions and pathways involving a pentose, any monosaccharide with a chain of five carbon atoms in the molecule."" [ISBN:0198506732]",16,389,1,22737,0.002570694087403599,0.0625,query_1,['GO:0005996']
GO:BP,GO:0006778,porphyrin-containing compound metabolic process,0.5123800016022472,False,"""The chemical reactions and pathways involving any member of a large group of derivatives or analogs of porphyrin. Porphyrins consists of a ring of four pyrrole nuclei linked each to the next at their alpha positions through a methine group."" [GOC:jl, ISBN:0198506732, Wikipedia:Porphyrin#Natural_formation]",98,389,3,22737,0.007712082262210797,0.030612244897959183,query_1,['GO:0033013']
GO:BP,GO:0035442,dipeptide transmembrane transport,0.5123800016022472,False,"""The directed movement of a dipeptide across a membrane by means of some agent such as a transporter or pore. A dipeptide is a combination of two amino acids linked together by a peptide (-CO-NH-) bond."" [GOC:vw]",16,389,1,22737,0.002570694087403599,0.0625,query_1,"['GO:0035672', 'GO:0042938']"
GO:BP,GO:0008216,spermidine metabolic process,0.5123800016022472,False,"""The chemical reactions and pathways involving spermidine, N-(3-aminopropyl)-1,4-diaminobutane."" [GOC:ai]",16,389,1,22737,0.002570694087403599,0.0625,query_1,['GO:0006595']
GO:BP,GO:0007276,gamete generation,0.5133124784786759,False,"""The generation and maintenance of gametes in a multicellular organism. A gamete is a haploid reproductive cell."" [GOC:ems, GOC:mtg_sensu]",55,389,2,22737,0.005141388174807198,0.03636363636363636,query_1,"['GO:0019953', 'GO:0048609']"
GO:BP,GO:0048523,negative regulation of cellular process,0.5154766996370214,False,"""Any process that stops, prevents, or reduces the frequency, rate or extent of a cellular process, any of those that are carried out at the cellular level, but are not necessarily restricted to a single cell. For example, cell communication occurs among more than one cell, but occurs at the cellular level."" [GOC:jid]",822,389,17,22737,0.043701799485861184,0.02068126520681265,query_1,"['GO:0009987', 'GO:0048519', 'GO:0050794']"
GO:BP,GO:0048511,rhythmic process,0.5154766996370214,False,"""Any process pertinent to the generation and maintenance of rhythms in the physiology of an organism."" [GOC:jid]",147,389,4,22737,0.010282776349614395,0.027210884353741496,query_1,['GO:0008150']
GO:BP,GO:0033013,tetrapyrrole metabolic process,0.5154766996370214,False,"""The chemical reactions and pathways involving tetrapyrroles, natural pigments containing four pyrrole rings joined by one-carbon units linking position 2 of one pyrrole ring to position 5 of the next."" [GOC:mah]",100,389,3,22737,0.007712082262210797,0.03,query_1,['GO:0008152']
GO:BP,GO:0016024,CDP-diacylglycerol biosynthetic process,0.5194082812512565,False,"""The chemical reactions and pathways resulting in the formation of CDP-diacylglycerol, CDP-1,2-diacylglycerol, a substance composed of diacylglycerol in glycosidic linkage with cytidine diphosphate."" [PMID:24533860]",17,389,1,22737,0.002570694087403599,0.058823529411764705,query_1,"['GO:0046341', 'GO:0046474']"
GO:BP,GO:0006722,triterpenoid metabolic process,0.5194082812512565,False,"""The chemical reactions and pathways involving triterpenoid compounds, terpenoids with six isoprene units."" [ISBN:0198547684]",17,389,1,22737,0.002570694087403599,0.058823529411764705,query_1,['GO:0006721']
GO:BP,GO:0006099,tricarboxylic acid cycle,0.5194082812512565,False,"""A nearly universal metabolic pathway in which the acetyl group of acetyl coenzyme A is effectively oxidized to two CO2 and four pairs of electrons are transferred to coenzymes. The acetyl group combines with oxaloacetate to form citrate, which undergoes successive transformations to isocitrate, 2-oxoglutarate, succinyl-CoA, succinate, fumarate, malate, and oxaloacetate again, thus completing the cycle. In eukaryotes the tricarboxylic acid is confined to the mitochondria. See also glyoxylate cycle."" [ISBN:0198506732]",56,389,2,22737,0.005141388174807198,0.03571428571428571,query_1,"['GO:0009060', 'GO:0044238']"
GO:BP,GO:1900425,negative regulation of defense response to bacterium,0.5194082812512565,False,"""Any process that stops, prevents or reduces the frequency, rate or extent of defense response to bacterium."" [GOC:TermGenie, PMID:22346749]",17,389,1,22737,0.002570694087403599,0.058823529411764705,query_1,"['GO:0002832', 'GO:0031348', 'GO:0032102', 'GO:0042742', 'GO:1900424']"
GO:BP,GO:0015772,oligosaccharide transport,0.5194082812512565,False,"""The directed movement of oligosaccharides into, out of or within a cell, or between cells, by means of some agent such as a transporter or pore. Oligosaccharides are molecules with between two and (about) 20 monosaccharide residues connected by glycosidic linkages."" [GOC:ai]",17,389,1,22737,0.002570694087403599,0.058823529411764705,query_1,['GO:0008643']
GO:BP,GO:0015766,disaccharide transport,0.5194082812512565,False,"""The directed movement of disaccharides into, out of or within a cell, or between cells, by means of some agent such as a transporter or pore. Disaccharides are sugars composed of two monosaccharide units."" [GOC:ai]",17,389,1,22737,0.002570694087403599,0.058823529411764705,query_1,['GO:0015772']
GO:BP,GO:0046341,CDP-diacylglycerol metabolic process,0.5194082812512565,False,"""The chemical reactions and pathways involving CDP-diacylglycerol, CDP-1,2-diacylglycerol, a substance composed of diacylglycerol in glycosidic linkage with cytidine diphosphate. It is a common intermediate in phospholipid biosynthesis."" [PMID:24533860]",17,389,1,22737,0.002570694087403599,0.058823529411764705,query_1,['GO:0006650']
GO:BP,GO:0046271,phenylpropanoid catabolic process,0.5194082812512565,False,"""The chemical reactions and pathways resulting in the breakdown of aromatic derivatives of trans-cinnamic acid."" [GOC:ai]",17,389,1,22737,0.002570694087403599,0.058823529411764705,query_1,"['GO:0009056', 'GO:0009698']"
GO:BP,GO:0002831,regulation of response to biotic stimulus,0.5194082812512565,False,"""Any process that modulates the frequency, rate, or extent of a response to biotic stimulus."" [GOC:add]",197,389,5,22737,0.012853470437017995,0.025380710659898477,query_1,"['GO:0009607', 'GO:0048583']"
GO:BP,GO:0032101,regulation of response to external stimulus,0.5194082812512565,False,"""Any process that modulates the frequency, rate or extent of a response to an external stimulus."" [GOC:mah]",197,389,5,22737,0.012853470437017995,0.025380710659898477,query_1,"['GO:0009605', 'GO:0048583']"
GO:BP,GO:0046688,response to copper ion,0.5194082812512565,False,"""Any process that results in a change in state or activity of a cell or an organism (in terms of movement, secretion, enzyme production, gene expression, etc.) as a result of a copper ion stimulus."" [GOC:ai]",17,389,1,22737,0.002570694087403599,0.058823529411764705,query_1,['GO:0010038']
GO:BP,GO:0051050,positive regulation of transport,0.5194082812512565,False,"""Any process that activates or increases the frequency, rate or extent of the directed movement of substances (such as macromolecules, small molecules, ions) into, out of or within a cell, or between cells, by means of some agent such as a transporter or pore."" [GOC:ai]",17,389,1,22737,0.002570694087403599,0.058823529411764705,query_1,"['GO:0006810', 'GO:0048518', 'GO:0051049']"
GO:BP,GO:0046854,phosphatidylinositol phosphate biosynthetic process,0.5194082812512565,False,"""The chemical reactions and pathways resulting in the formation of phosphatidylinositol phosphate."" [ISBN:0198506732]",17,389,1,22737,0.002570694087403599,0.058823529411764705,query_1,['GO:0006661']
GO:BP,GO:0046274,lignin catabolic process,0.5194082812512565,False,"""The chemical reactions and pathways resulting in the breakdown of lignins, a class of polymers of phenylpropanoid units."" [GOC:ai]",17,389,1,22737,0.002570694087403599,0.058823529411764705,query_1,"['GO:0009808', 'GO:0046271']"
GO:BP,GO:0005992,trehalose biosynthetic process,0.5288713402222597,False,"""The chemical reactions and pathways resulting in the formation of trehalose, a disaccharide that consists of two molecules of glucose and is isomeric with sucrose."" [GOC:jl, ISBN:0028623819]",18,389,1,22737,0.002570694087403599,0.05555555555555555,query_1,"['GO:0005991', 'GO:0046351']"
GO:BP,GO:0005984,disaccharide metabolic process,0.5288713402222597,False,"""The chemical reactions and pathways involving any disaccharide, sugars composed of two monosaccharide units."" [GOC:jl, ISBN:0192800981]",58,389,2,22737,0.005141388174807198,0.034482758620689655,query_1,['GO:0009311']
GO:BP,GO:0045036,protein targeting to chloroplast,0.5288713402222597,False,"""The process of directing proteins towards the chloroplast, usually using signals contained within the protein. Imported proteins are synthesized as cytosolic precursors containing N-terminal uptake-targeting sequences that direct each protein to its correct subcompartment and are subsequently cleaved."" [ISBN:0716731363]",18,389,1,22737,0.002570694087403599,0.05555555555555555,query_1,"['GO:0006605', 'GO:0072596']"
GO:BP,GO:0045089,positive regulation of innate immune response,0.5288713402222597,False,"""Any process that activates or increases the frequency, rate or extent of the innate immune response, the organism's first line of defense against infection."" [GOC:ebc]",58,389,2,22737,0.005141388174807198,0.034482758620689655,query_1,"['GO:0002833', 'GO:0031349', 'GO:0032103', 'GO:0045087', 'GO:0045088', 'GO:0050778']"
GO:BP,GO:0009901,anther dehiscence,0.5288713402222597,False,"""The dehiscence of an anther to release the pollen grains contained within it."" [GOC:tb]",18,389,1,22737,0.002570694087403599,0.05555555555555555,query_1,"['GO:0009900', 'GO:0048653']"
GO:BP,GO:0050778,positive regulation of immune response,0.5288713402222597,False,"""Any process that activates or increases the frequency, rate or extent of the immune response, the immunological reaction of an organism to an immunogenic stimulus."" [GOC:ai]",59,389,2,22737,0.005141388174807198,0.03389830508474576,query_1,"['GO:0002684', 'GO:0006955', 'GO:0048584', 'GO:0050776']"
GO:BP,GO:0031349,positive regulation of defense response,0.5288713402222597,False,"""Any process that activates or increases the frequency, rate or extent of a defense response."" [GOC:mah]",104,389,3,22737,0.007712082262210797,0.028846153846153848,query_1,"['GO:0006952', 'GO:0031347', 'GO:0048584']"
GO:BP,GO:0010073,meristem maintenance,0.5288713402222597,False,"""Any process involved in maintaining the identity, size and shape of a meristem."" [GOC:tb]",153,389,4,22737,0.010282776349614395,0.026143790849673203,query_1,"['GO:0032501', 'GO:0048507']"
GO:BP,GO:0055085,transmembrane transport,0.5288713402222597,False,"""The process in which a solute is transported across a lipid bilayer, from one side of a membrane to the other."" [GOC:dph, GOC:jid]",1051,389,21,22737,0.05398457583547558,0.019980970504281638,query_1,"['GO:0006810', 'GO:0009987']"
GO:BP,GO:0009704,de-etiolation,0.5288713402222597,False,"""The greening response of plants grown in the dark (etiolated) as a result of chloroplast biogenesis and the accumulation of chlorophyll."" [GOC:lr]",18,389,1,22737,0.002570694087403599,0.05555555555555555,query_1,"['GO:0009416', 'GO:0009640']"
GO:BP,GO:0071230,cellular response to amino acid stimulus,0.5288713402222597,False,"""Any process that results in a change in state or activity of a cell (in terms of movement, secretion, enzyme production, gene expression, etc.) as a result of an amino acid stimulus. An amino acid is a carboxylic acids containing one or more amino groups."" [GOC:mah]",18,389,1,22737,0.002570694087403599,0.05555555555555555,query_1,"['GO:0043200', 'GO:0071229']"
GO:BP,GO:0015914,phospholipid transport,0.5288713402222597,False,"""The directed movement of phospholipids into, out of or within a cell, or between cells, by means of some agent such as a transporter or pore. Phospholipids are any lipids containing phosphoric acid as a mono- or diester."" [GOC:ai]",18,389,1,22737,0.002570694087403599,0.05555555555555555,query_1,"['GO:0006869', 'GO:0015748']"
GO:BP,GO:0015804,neutral amino acid transport,0.5288713402222597,False,"""The directed movement of neutral amino acids, amino acids with no net charge, into, out of or within a cell, or between cells, by means of some agent such as a transporter or pore."" [GOC:ai]",18,389,1,22737,0.002570694087403599,0.05555555555555555,query_1,['GO:0006865']
GO:BP,GO:1900057,positive regulation of leaf senescence,0.5288713402222597,False,"""Any process that activates or increases the frequency, rate or extent of leaf senescence."" [GOC:TermGenie]",18,389,1,22737,0.002570694087403599,0.05555555555555555,query_1,"['GO:0010150', 'GO:0051094', 'GO:1900055']"
GO:BP,GO:0002684,positive regulation of immune system process,0.5288713402222597,False,"""Any process that activates or increases the frequency, rate, or extent of an immune system process."" [GOC:add]",59,389,2,22737,0.005141388174807198,0.03389830508474576,query_1,"['GO:0002376', 'GO:0002682', 'GO:0048518']"
GO:BP,GO:0030001,metal ion transport,0.5288713402222597,False,"""The directed movement of metal ions, any metal ion with an electric charge, into, out of or within a cell, or between cells, by means of some agent such as a transporter or pore."" [GOC:ai]",253,389,6,22737,0.015424164524421594,0.023715415019762844,query_1,['GO:0006812']
GO:BP,GO:0048437,floral organ development,0.5415042440568286,False,"""The process whose specific outcome is the progression of the floral organ over time, from its formation to the mature structure."" [GOC:go_curators, GOC:PO_curators, PO:0025395]",205,389,5,22737,0.012853470437017995,0.024390243902439025,query_1,"['GO:0003006', 'GO:0009908', 'GO:0099402']"
GO:BP,GO:0071333,cellular response to glucose stimulus,0.5435319430601824,False,"""Any process that results in a change in state or activity of a cell (in terms of movement, secretion, enzyme production, gene expression, etc.) as a result of a glucose stimulus."" [GOC:mah]",19,389,1,22737,0.002570694087403599,0.05263157894736842,query_1,"['GO:0001678', 'GO:0009749', 'GO:0071331']"
GO:BP,GO:0009944,polarity specification of adaxial/abaxial axis,0.5435319430601824,False,"""The process resulting in the establishment of polarity along the adaxial/abaxial axis. Adaxial refers to being situated toward an axis of an anatomical structure. Abaxial refers to being situated away from an axis of an anatomical structure."" [GOC:dph, GOC:tb]",19,389,1,22737,0.002570694087403599,0.05263157894736842,query_1,"['GO:0009943', 'GO:0065001']"
GO:BP,GO:0010584,pollen exine formation,0.5435319430601824,False,"""The formation of the pollen exine. The reticulate pollen wall pattern consists of two layers, exine and intine."" [GOC:dhl]",19,389,1,22737,0.002570694087403599,0.05263157894736842,query_1,['GO:0010208']
GO:BP,GO:0010105,negative regulation of ethylene-activated signaling pathway,0.5435319430601824,False,"""Any process that stops or prevents ethylene (ethene) signal transduction."" [GOC:tb]",19,389,1,22737,0.002570694087403599,0.05263157894736842,query_1,"['GO:0009873', 'GO:0010104', 'GO:0070298']"
GO:BP,GO:0070298,negative regulation of phosphorelay signal transduction system,0.5435319430601824,False,"""Any process that stops, prevents, or reduces the frequency, rate or extent of signal transduction via a phosphorelay signal transduction system."" [GOC:mah]",19,389,1,22737,0.002570694087403599,0.05263157894736842,query_1,"['GO:0000160', 'GO:0070297', 'GO:1902532']"
GO:BP,GO:0042335,cuticle development,0.5435319430601824,False,"""The chemical reactions and pathways resulting in the formation of a cuticle, the outer layer of some animals and plants, which acts to prevent water loss."" [ISBN:0192800825]",19,389,1,22737,0.002570694087403599,0.05263157894736842,query_1,"['GO:0007275', 'GO:0048856']"
GO:BP,GO:0010959,regulation of metal ion transport,0.5435319430601824,False,"""Any process that modulates the frequency, rate, or extent of metal ion transport. Metal ion transport is the directed movement of metal ions, any metal ion with an electric charge, into, out of or within a cell, or between cells, by means of some agent such as a transporter or pore."" [GOC:dph, GOC:tb]",19,389,1,22737,0.002570694087403599,0.05263157894736842,query_1,"['GO:0030001', 'GO:0043269']"
GO:BP,GO:0010558,negative regulation of macromolecule biosynthetic process,0.549397454814099,False,"""Any process that decreases the rate, frequency or extent of the chemical reactions and pathways resulting in the formation of a macromolecule, any molecule of high relative molecular mass, the structure of which essentially comprises the multiple repetition of units derived, actually or conceptually, from molecules of low relative molecular mass."" [GOC:dph, GOC:tb]",522,389,11,22737,0.028277634961439587,0.0210727969348659,query_1,"['GO:0009059', 'GO:0009890', 'GO:0010556', 'GO:0010605']"
GO:BP,GO:0015995,chlorophyll biosynthetic process,0.5540562752140596,False,"""The chemical reactions and pathways resulting in the formation of chlorophyll, any compound of magnesium complexed in a porphyrin (tetrapyrrole) ring and which functions as a photosynthetic pigment, from less complex precursors."" [GOC:jl]",62,389,2,22737,0.005141388174807198,0.03225806451612903,query_1,"['GO:0006779', 'GO:0015994', 'GO:0046148']"
GO:BP,GO:0010075,regulation of meristem growth,0.5540562752140596,False,"""Any process involved in maintaining the size and shape of a meristem."" [GOC:tb]",62,389,2,22737,0.005141388174807198,0.03225806451612903,query_1,"['GO:0010073', 'GO:0035266', 'GO:0048638']"
GO:BP,GO:0071331,cellular response to hexose stimulus,0.5552178268598311,False,"""Any process that results in a change in state or activity of a cell (in terms of movement, secretion, enzyme production, gene expression, etc.) as a result of a hexose stimulus."" [GOC:mah]",20,389,1,22737,0.002570694087403599,0.05,query_1,"['GO:0009746', 'GO:0071326']"
GO:BP,GO:0042343,indole glucosinolate metabolic process,0.5552178268598311,False,"""The chemical reactions and pathways resulting in the formation of indole glucosinolates. Glucosinolates are sulfur-containing compounds that have a common structure linked to an R group derived from tryptophan; indoles are biologically active substances based on 2,3-benzopyrrole, formed during the catabolism of tryptophan."" [GOC:curators]",20,389,1,22737,0.002570694087403599,0.05,query_1,"['GO:0019760', 'GO:0042430']"
GO:BP,GO:0042939,tripeptide transport,0.5552178268598311,False,"""The directed movement of a tripeptide, a compound containing three amino acids linked together by peptide bonds, into, out of or within a cell, or between cells, by means of some agent such as a transporter or pore."" [GOC:jl]",20,389,1,22737,0.002570694087403599,0.05,query_1,['GO:0006857']
GO:BP,GO:0080092,regulation of pollen tube growth,0.5552178268598311,False,"""Any process that modulates the frequency, rate or extent of pollen tube growth."" [PMID:19208902]",20,389,1,22737,0.002570694087403599,0.05,query_1,"['GO:0009860', 'GO:0051239', 'GO:0051510', 'GO:2000241']"
GO:BP,GO:0010257,NADH dehydrogenase complex assembly,0.5552178268598311,False,"""The aggregation, arrangement and bonding together of a set of components to form an NADH dehydrogenase complex."" [GOC:sm]",20,389,1,22737,0.002570694087403599,0.05,query_1,['GO:0065003']
GO:BP,GO:0005991,trehalose metabolic process,0.5552178268598311,False,"""The chemical reactions and pathways involving trehalose, a disaccharide that consists of two molecules of glucose and is isomeric with sucrose."" [GOC:jl, ISBN:0028623819]",20,389,1,22737,0.002570694087403599,0.05,query_1,['GO:0005984']
GO:BP,GO:0006814,sodium ion transport,0.5552178268598311,False,"""The directed movement of sodium ions (Na+) into, out of or within a cell, or between cells, by means of some agent such as a transporter or pore."" [GOC:ai]",20,389,1,22737,0.002570694087403599,0.05,query_1,['GO:0030001']
GO:BP,GO:0071326,cellular response to monosaccharide stimulus,0.5552178268598311,False,"""Any process that results in a change in state or activity of a cell (in terms of movement, secretion, enzyme production, gene expression, etc.) as a result of a monosaccharide stimulus."" [GOC:mah]",20,389,1,22737,0.002570694087403599,0.05,query_1,"['GO:0034284', 'GO:0071322']"
GO:BP,GO:0070588,calcium ion transmembrane transport,0.5562973337275412,False,"""A process in which a calcium ion is transported from one side of a membrane to the other by means of some agent such as a transporter or pore."" [GOC:mah]",63,389,2,22737,0.005141388174807198,0.031746031746031744,query_1,"['GO:0006816', 'GO:0098655']"
GO:BP,GO:0009749,response to glucose,0.5672060942609327,False,"""Any process that results in a change in state or activity of a cell or an organism (in terms of movement, secretion, enzyme production, gene expression, etc.) as a result of a glucose stimulus."" [GOC:jl]",64,389,2,22737,0.005141388174807198,0.03125,query_1,['GO:0009746']
GO:BP,GO:0008284,positive regulation of cell population proliferation,0.5715222310044438,False,"""Any process that activates or increases the rate or extent of cell proliferation."" [GOC:go_curators]",21,389,1,22737,0.002570694087403599,0.047619047619047616,query_1,"['GO:0008283', 'GO:0042127', 'GO:0048522']"
GO:BP,GO:0009083,branched-chain amino acid catabolic process,0.5715222310044438,False,"""The chemical reactions and pathways resulting in the breakdown of amino acids containing a branched carbon skeleton, comprising isoleucine, leucine and valine."" [GOC:ai]",21,389,1,22737,0.002570694087403599,0.047619047619047616,query_1,"['GO:0009063', 'GO:0009081', 'GO:0046395']"
GO:BP,GO:0046189,phenol-containing compound biosynthetic process,0.5715222310044438,False,"""The chemical reactions and pathways resulting in the formation of a phenol, any compound containing one or more hydroxyl groups directly attached to an aromatic carbon ring."" [GOC:ai]",21,389,1,22737,0.002570694087403599,0.047619047619047616,query_1,"['GO:0009058', 'GO:0018958']"
GO:BP,GO:0046856,phosphatidylinositol dephosphorylation,0.5715222310044438,False,"""The process of removing one or more phosphate groups from a phosphatidylinositol."" [ISBN:0198506732]",21,389,1,22737,0.002570694087403599,0.047619047619047616,query_1,"['GO:0046488', 'GO:0046839']"
GO:BP,GO:0010016,shoot system morphogenesis,0.571640850273839,False,"""The process in which the anatomical structures of the shoot are generated and organized. The shoot is the part of a seed plant body that is usually above ground."" [GOC:sm, ISBN:0877797099]",163,389,4,22737,0.010282776349614395,0.024539877300613498,query_1,"['GO:0009653', 'GO:0048367']"
GO:BP,GO:0009793,embryo development ending in seed dormancy,0.571640850273839,False,"""The process whose specific outcome is the progression of the embryo over time, from zygote formation to the end of seed dormancy. An example of this process is found in Arabidopsis thaliana."" [GOC:go_curators, GOC:mtg_sensu]",372,389,8,22737,0.02056555269922879,0.021505376344086023,query_1,"['GO:0003006', 'GO:0009790', 'GO:0048316']"
GO:BP,GO:0006694,steroid biosynthetic process,0.571640850273839,False,"""The chemical reactions and pathways resulting in the formation of steroids, compounds with a 1,2,cyclopentanoperhydrophenanthrene nucleus; includes de novo formation and steroid interconversion by modification."" [GOC:go_curators]",65,389,2,22737,0.005141388174807198,0.03076923076923077,query_1,"['GO:0008202', 'GO:0008610']"
GO:BP,GO:0040008,regulation of growth,0.5801440879149345,False,"""Any process that modulates the frequency, rate or extent of the growth of all or part of an organism so that it occurs at its proper speed, either globally or in a specific part of the organism's development."" [GOC:ems, GOC:mah]",216,389,5,22737,0.012853470437017995,0.023148148148148147,query_1,"['GO:0040007', 'GO:0050789']"
GO:BP,GO:0046839,phospholipid dephosphorylation,0.5859388768856314,False,"""The process of removing one or more phosphate groups from a phosphorylated lipid, any member of a group of substances soluble in lipid solvents but only sparingly soluble in aqueous solvents."" [ISBN:0198506732]",22,389,1,22737,0.002570694087403599,0.045454545454545456,query_1,"['GO:0016311', 'GO:0030258']"
GO:BP,GO:1902532,negative regulation of intracellular signal transduction,0.5859388768856314,False,"""Any process that stops, prevents or reduces the frequency, rate or extent of intracellular signal transduction."" [GOC:dph, GOC:signaling, GOC:tb, GOC:TermGenie]",22,389,1,22737,0.002570694087403599,0.045454545454545456,query_1,"['GO:0009968', 'GO:0035556', 'GO:1902531']"
GO:BP,GO:0010555,response to mannitol,0.5859388768856314,False,"""Any process that results in a change in state or activity of a cell or an organism (in terms of movement, secretion, enzyme production, gene expression, etc.) as a result of a mannitol stimulus."" [PMID:17999646]",22,389,1,22737,0.002570694087403599,0.045454545454545456,query_1,['GO:0009743']
GO:BP,GO:0034599,cellular response to oxidative stress,0.5880968978512623,False,"""Any process that results in a change in state or activity of a cell (in terms of movement, secretion, enzyme production, gene expression, etc.) as a result of oxidative stress, a state often resulting from exposure to high levels of reactive oxygen species, e.g. superoxide anions, hydrogen peroxide (H2O2), and hydroxyl radicals."" [GOC:mah]",67,389,2,22737,0.005141388174807198,0.029850746268656716,query_1,"['GO:0006979', 'GO:0062197']"
GO:BP,GO:0006816,calcium ion transport,0.5880968978512623,False,"""The directed movement of calcium (Ca) ions into, out of or within a cell, or between cells, by means of some agent such as a transporter or pore."" [GOC:ai]",67,389,2,22737,0.005141388174807198,0.029850746268656716,query_1,['GO:0030001']
GO:BP,GO:0009785,blue light signaling pathway,0.6007386120938916,False,"""The series of molecular signals initiated upon sensing of blue light by photoreceptor molecule, at a wavelength between 400nm and 470nm."" [GOC:lr, GOC:sm]",23,389,1,22737,0.002570694087403599,0.043478260869565216,query_1,"['GO:0030522', 'GO:0071483']"
GO:BP,GO:0009943,adaxial/abaxial axis specification,0.6007386120938916,False,"""The establishment, maintenance and elaboration of the adaxial / abaxial axis. Adaxial refers to being situated toward an axis of an anatomical structure. Abaxial refers to being situated away from an axis of an anatomical structure."" [GOC:dph, GOC:tb]",23,389,1,22737,0.002570694087403599,0.043478260869565216,query_1,"['GO:0009798', 'GO:0009955']"
GO:BP,GO:0001678,intracellular glucose homeostasis,0.6007386120938916,False,"""A homeostatic process involved in the maintenance of a steady state level of glucose within a cell."" [GOC:dph, GOC:go_curators, GOC:tb]",23,389,1,22737,0.002570694087403599,0.043478260869565216,query_1,"['GO:0042593', 'GO:0055082']"
GO:BP,GO:0030522,intracellular receptor signaling pathway,0.6007386120938916,False,"""The series of molecular signals initiated by a ligand binding to a receptor located within a cell."" [GOC:bf, GOC:mah]",23,389,1,22737,0.002570694087403599,0.043478260869565216,query_1,['GO:0035556']
GO:BP,GO:0006779,porphyrin-containing compound biosynthetic process,0.6032272860000533,False,"""The chemical reactions and pathways resulting in the formation of any member of a large group of derivatives or analogs of porphyrin. Porphyrin consists of a ring of four pyrrole nuclei linked each to the next at their alpha positions through a methine group."" [GOC:jl, ISBN:0198506732, Wikipedia:Porphyrin#Natural_formation]",69,389,2,22737,0.005141388174807198,0.028985507246376812,query_1,"['GO:0006778', 'GO:0033014']"
GO:BP,GO:0045229,external encapsulating structure organization,0.6032272860000533,False,"""A process that is carried out at the cellular level which results in the assembly, arrangement of constituent parts, or disassembly of external structures that lie outside the plasma membrane and surround the entire cell."" [GOC:ai, GOC:dph, GOC:jl, GOC:mah]",490,389,10,22737,0.02570694087403599,0.02040816326530612,query_1,['GO:0016043']
GO:BP,GO:0120254,olefinic compound metabolic process,0.6032272860000533,False,"""The chemical reactions and pathways involving an olefinic compound, any compound which contains a carbon-carbon double bond (aka C=C)."" [GOC:krc]",69,389,2,22737,0.005141388174807198,0.028985507246376812,query_1,['GO:0008152']
GO:BP,GO:0042593,glucose homeostasis,0.6034768894253039,False,"""Any process involved in the maintenance of an internal steady state of glucose within an organism or cell."" [GOC:go_curators]",24,389,1,22737,0.002570694087403599,0.041666666666666664,query_1,['GO:0033500']
GO:BP,GO:0010346,shoot axis formation,0.6034768894253039,False,"""The process that gives rise to a shoot axis. This process pertains to the initial formation of a structure from unspecified parts."" [GOC:tb]",24,389,1,22737,0.002570694087403599,0.041666666666666664,query_1,"['GO:0010016', 'GO:1905393']"
GO:BP,GO:0009056,catabolic process,0.6034768894253039,False,"""A cellular process consisting of the biochemical pathways by which a living organism breaks down substances. This includes the breakdown of carbon compounds with the liberation of energy for use by the cell or organism."" [ISBN:0198547684]",1160,389,22,22737,0.056555269922879174,0.01896551724137931,query_1,['GO:0008152']
GO:BP,GO:0010223,secondary shoot formation,0.6034768894253039,False,"""The process that gives rise to secondary (or auxiliary or axillary) shoots in plants. This process pertains to the initial formation of a structure from unspecified parts. These secondary shoots originate from secondary meristems initiated in the axils of leaf primordia. Axillary meristems function like the shoot apical meristem of the primary shoot initiating the development of lateral organs."" [GOC:tb, PMID:12815068]",24,389,1,22737,0.002570694087403599,0.041666666666666664,query_1,"['GO:0001763', 'GO:0010346']"
GO:BP,GO:0040011,locomotion,0.6034768894253039,False,"""Self-propelled movement of a cell or organism from one location to another."" [GOC:dgh]",24,389,1,22737,0.002570694087403599,0.041666666666666664,query_1,['GO:0008150']
GO:BP,GO:0042330,taxis,0.6034768894253039,False,"""The directed movement of a motile cell or organism in response to an external stimulus."" [GOC:jl, ISBN:0192801023]",24,389,1,22737,0.002570694087403599,0.041666666666666664,query_1,"['GO:0009605', 'GO:0040011']"
GO:BP,GO:0030091,protein repair,0.6034768894253039,False,"""The process of restoring a protein to its original state after damage by such things as oxidation or spontaneous decomposition of residues."" [GOC:mlg]",24,389,1,22737,0.002570694087403599,0.041666666666666664,query_1,['GO:0019538']
GO:BP,GO:0006829,zinc ion transport,0.6034768894253039,False,"""The directed movement of zinc (Zn II) ions into, out of or within a cell, or between cells, by means of some agent such as a transporter or pore."" [GOC:ai]",24,389,1,22737,0.002570694087403599,0.041666666666666664,query_1,['GO:0000041']
GO:BP,GO:0006935,chemotaxis,0.6034768894253039,False,"""The directed movement of a motile cell or organism, or the directed growth of a cell guided by a specific chemical concentration gradient. Movement may be towards a higher concentration (positive chemotaxis) or towards a lower concentration (negative chemotaxis)."" [ISBN:0198506732]",24,389,1,22737,0.002570694087403599,0.041666666666666664,query_1,"['GO:0042221', 'GO:0042330']"
GO:BP,GO:0009746,response to hexose,0.6034768894253039,False,"""Any process that results in a change in state or activity of a cell or an organism (in terms of movement, secretion, enzyme production, gene expression, etc.) as a result of a hexose stimulus."" [GOC:jl]",70,389,2,22737,0.005141388174807198,0.02857142857142857,query_1,['GO:0034284']
GO:BP,GO:0050918,positive chemotaxis,0.6034768894253039,False,"""The directed movement of a motile cell or organism towards a higher concentration of a chemical."" [GOC:ai, GOC:bf, GOC:isa_complete]",24,389,1,22737,0.002570694087403599,0.041666666666666664,query_1,['GO:0006935']
GO:BP,GO:0009751,response to salicylic acid,0.6034768894253039,False,"""Any process that results in a change in state or activity of a cell or an organism (in terms of movement, secretion, enzyme production, gene expression, etc.) as a result of a salicylic acid stimulus."" [GOC:jl]",171,389,4,22737,0.010282776349614395,0.023391812865497075,query_1,['GO:1901700']
GO:BP,GO:0010183,pollen tube guidance,0.6034768894253039,False,"""The process in which the growth of pollen tube is directed towards the female gametophyte."" [GOC:lr]",24,389,1,22737,0.002570694087403599,0.041666666666666664,query_1,"['GO:0048868', 'GO:0050918']"
GO:BP,GO:0046488,phosphatidylinositol metabolic process,0.6034768894253039,False,"""The chemical reactions and pathways involving phosphatidylinositol, any glycophospholipid in which a sn-glycerol 3-phosphate residue is esterified to the 1-hydroxyl group of 1D-myo-inositol."" [ISBN:0198506732]",70,389,2,22737,0.005141388174807198,0.02857142857142857,query_1,['GO:0006650']
GO:BP,GO:0008643,carbohydrate transport,0.6065499703562719,False,"""The directed movement of carbohydrate into, out of or within a cell, or between cells, by means of some agent such as a transporter or pore. Carbohydrates are a group of organic compounds based of the general formula Cx(H2O)y."" [GOC:ai]",121,389,3,22737,0.007712082262210797,0.024793388429752067,query_1,['GO:0006810']
GO:BP,GO:0031348,negative regulation of defense response,0.6065499703562719,False,"""Any process that stops, prevents, or reduces the frequency, rate or extent of a defense response."" [GOC:mah]",71,389,2,22737,0.005141388174807198,0.028169014084507043,query_1,"['GO:0006952', 'GO:0031347', 'GO:0048585']"
GO:BP,GO:0009850,auxin metabolic process,0.6065499703562719,False,"""The chemical reactions and pathways involving auxins, a group of plant hormones that regulate aspects of plant growth."" [GOC:lr]",71,389,2,22737,0.005141388174807198,0.028169014084507043,query_1,['GO:0042445']
GO:BP,GO:0015711,organic anion transport,0.6119927794282756,False,"""The directed movement of organic anions into, out of or within a cell, or between cells, by means of some agent such as a transporter or pore. Organic anions are atoms or small molecules with a negative charge which contain carbon in covalent linkage."" [GOC:ai, GOC:krc]",122,389,3,22737,0.007712082262210797,0.02459016393442623,query_1,['GO:0006810']
GO:BP,GO:0009688,abscisic acid biosynthetic process,0.6134834725413914,False,"""The chemical reactions and pathways resulting in the formation of abscisic acid, 5-(1-hydroxy-2,6,6,trimethyl-4-oxocyclohex-2-en-1-y1)-3-methylpenta-2,4-dienoic acid."" [ISBN:0387969845]",25,389,1,22737,0.002570694087403599,0.04,query_1,"['GO:0009687', 'GO:0016106', 'GO:0043289', 'GO:0072330', 'GO:0120255', 'GO:1902645']"
GO:BP,GO:1990110,callus formation,0.6134834725413914,False,"""The process by which a callus is formed at a wound site. A plant callus is a portion of plant tissue that consists of mass of undifferentiated plant cells. It consists primarily of parenchyma cells but possibly contains other cell types as the callus begins to differentiate."" [ISBN:0070187517]",25,389,1,22737,0.002570694087403599,0.04,query_1,"['GO:0032501', 'GO:0042060']"
GO:BP,GO:0043289,apocarotenoid biosynthetic process,0.6134834725413914,False,"""The chemical reactions and pathways resulting in the formation of apocarotenoids by the oxidative cleavage of carotenoids. Many apocarotenoids are biologically important e.g. retinal and abscisic acid."" [GOC:jl, PMID:27485225]",25,389,1,22737,0.002570694087403599,0.04,query_1,['GO:0008299']
GO:BP,GO:1902645,tertiary alcohol biosynthetic process,0.6134834725413914,False,"""The chemical reactions and pathways resulting in the formation of tertiary alcohol."" [GO_REF:0000068, GOC:mengo_curators, GOC:TermGenie, PMID:11288200]",25,389,1,22737,0.002570694087403599,0.04,query_1,"['GO:0046165', 'GO:1902644']"
GO:BP,GO:0048586,"regulation of long-day photoperiodism, flowering",0.6190293467636729,False,"""Any process that modulates the frequency, rate or extent of long-day photoperiodism, where the response associated with the photoperiodism is flowering. Flowering is defined by the switch from the vegetative to the reproductive phase."" [GOC:jid, GOC:pj, ISBN:0582015952, ISBN:0697037754, ISBN:0709408862]",26,389,1,22737,0.002570694087403599,0.038461538461538464,query_1,"['GO:0048574', 'GO:2000028']"
GO:BP,GO:0170041,non-proteinogenic amino acid metabolic process,0.6190293467636729,False,"""The chemical reactions and pathways involving non-proteingenic amino acids."" [GOC:ew]",26,389,1,22737,0.002570694087403599,0.038461538461538464,query_1,"['GO:0006520', 'GO:0019752']"
GO:BP,GO:0010017,red or far-red light signaling pathway,0.6190293467636729,False,"""The series of molecular signals initiated upon sensing by photoreceptor molecules of red light or far red light. Red light is electromagnetic radiation of wavelength of 580-700nm. Far red light is electromagnetic radiation of wavelength 700-800nm. An example of this response is seen at the beginning of many plant species developmental stages. These include germination, and the point when cotyledon expansion is triggered. In certain species these processes take place in response to absorption of red light by the pigment molecule phytochrome, but the signal can be reversed by exposure to far red light. During the initial phase the phytochrome molecule is only present in the red light absorbing form, but on absorption of red light it changes to a far red light absorbing form, triggering progress through development. An immediate short period of exposure to far red light entirely returns the pigment to its initial state and prevents triggering of the developmental process. A thirty minute break between red and subsequent far red light exposure renders the red light effect irreversible, and development then occurs regardless of whether far red light exposure subsequently occurs."" [GOC:lr, GOC:mtg_far_red, GOC:sm]",74,389,2,22737,0.005141388174807198,0.02702702702702703,query_1,"['GO:0007165', 'GO:0071489']"
GO:BP,GO:0009892,negative regulation of metabolic process,0.6190293467636729,False,"""Any process that stops, prevents, or reduces the frequency, rate or extent of the chemical reactions and pathways within a cell or an organism."" [GOC:go_curators]",613,389,12,22737,0.030848329048843187,0.01957585644371941,query_1,"['GO:0008152', 'GO:0019222', 'GO:0048523']"
GO:BP,GO:0006568,L-tryptophan metabolic process,0.6190293467636729,False,"""The chemical reactions and pathways involving tryptophan, the chiral amino acid 2-amino-3-(1H-indol-3-yl)propanoic acid."" [ISBN:0198547684]",26,389,1,22737,0.002570694087403599,0.038461538461538464,query_1,"['GO:0009072', 'GO:0042430', 'GO:0170033', 'GO:0170039']"
GO:BP,GO:0043086,negative regulation of catalytic activity,0.6190293467636729,False,"""Any process that stops or reduces the activity of an enzyme."" [GOC:ebc, GOC:jl, GOC:tb, GOC:vw]",26,389,1,22737,0.002570694087403599,0.038461538461538464,query_1,"['GO:0044092', 'GO:0050790']"
GO:BP,GO:0042060,wound healing,0.6190293467636729,False,"""The series of events that restore integrity to a damaged tissue, following an injury."" [GOC:bf, PMID:15269788]",26,389,1,22737,0.002570694087403599,0.038461538461538464,query_1,['GO:0009611']
GO:BP,GO:0033014,tetrapyrrole biosynthetic process,0.6190293467636729,False,"""The chemical reactions and pathways leading to the formation of tetrapyrroles, natural pigments containing four pyrrole rings joined by one-carbon units linking position 2 of one pyrrole ring to position 5 of the next."" [GOC:mah]",73,389,2,22737,0.005141388174807198,0.0273972602739726,query_1,"['GO:0009058', 'GO:0033013']"
GO:BP,GO:0034284,response to monosaccharide,0.6190293467636729,False,"""Any process that results in a change in state or activity of a cell or an organism (in terms of movement, secretion, enzyme production, gene expression, etc.) as a result of a monosaccharide stimulus."" [GOC:mah]",74,389,2,22737,0.005141388174807198,0.02702702702702703,query_1,['GO:0009743']
GO:BP,GO:0010166,wax metabolic process,0.6190293467636729,False,"""The chemical reactions and pathways involving wax, a compound containing C16 and C18 fatty acids."" [GOC:sm]",26,389,1,22737,0.002570694087403599,0.038461538461538464,query_1,['GO:1901568']
GO:BP,GO:0010025,wax biosynthetic process,0.6190293467636729,False,"""The chemical reactions and pathways resulting in the formation of wax, which includes C16 and C18 fatty acids."" [ISBN:0943088399]",26,389,1,22737,0.002570694087403599,0.038461538461538464,query_1,"['GO:0010166', 'GO:1901570']"
GO:BP,GO:0052543,callose deposition in cell wall,0.6190293467636729,False,"""Any process in which callose is transported to, and/or maintained in, the cell wall. Callose is a linear 1,3-beta-d-glucan formed from UDP-glucose and is found in certain plant cell walls."" [GOC:mtg_pamgo_17jul06]",26,389,1,22737,0.002570694087403599,0.038461538461538464,query_1,"['GO:0052386', 'GO:0052545']"
GO:BP,GO:0045165,cell fate commitment,0.6190293467636729,False,"""The cellular developmental process by which a cell establishes the intrinsic character of a cell or tissue region irreversibly committing it to a particular fate."" [ISBN:0716731185]",74,389,2,22737,0.005141388174807198,0.02702702702702703,query_1,"['GO:0030154', 'GO:0048869']"
GO:BP,GO:0098542,defense response to other organism,0.6256846831463695,False,"""Reactions triggered in response to the presence of another organism that act to protect the cell or organism from damage caused by that organism."" [GOC:dos]",341,389,7,22737,0.017994858611825194,0.020527859237536656,query_1,"['GO:0006952', 'GO:0051707']"
GO:BP,GO:0065001,specification of axis polarity,0.6281840070859798,False,"""The pattern specification process in which the polarity of a body or organ axis is established and maintained."" [GOC:mah]",27,389,1,22737,0.002570694087403599,0.037037037037037035,query_1,"['GO:0007389', 'GO:0009798']"
GO:BP,GO:0046439,L-cysteine metabolic process,0.6281840070859798,False,"""The chemical reactions and pathways involving L-cysteine, the L-enantiomer of 2-amino-3-mercaptopropanoic acid, i.e. (2R)-2-amino-3-mercaptopropanoic acid."" [GOC:ai, GOC:jsg, GOC:mah]",27,389,1,22737,0.002570694087403599,0.037037037037037035,query_1,"['GO:0006534', 'GO:0170033', 'GO:0170039']"
GO:BP,GO:0009900,dehiscence,0.6281840070859798,False,"""The opening of an anther, fruit or other structure, which permits the escape of reproductive bodies contained within it."" [ISBN:0879015322]",27,389,1,22737,0.002570694087403599,0.037037037037037035,query_1,['GO:0048609']
GO:BP,GO:0052542,defense response by callose deposition,0.6281840070859798,False,"""Any process in which callose is transported to, and/or maintained in, a specific location during the defense response. Callose is a linear 1,3-beta-d-glucan formed from UDP-glucose and is found in certain plant cell walls."" [GOC:mtg_pamgo_17jul06]",27,389,1,22737,0.002570694087403599,0.037037037037037035,query_1,"['GO:0006952', 'GO:0009743', 'GO:0052545']"
GO:BP,GO:0009790,embryo development,0.6281840070859798,False,"""The process whose specific outcome is the progression of an embryo from its formation until the end of its embryonic life stage. The end of the embryonic stage is organism-specific. For example, for mammals, the process would begin with zygote formation and end with birth. For insects, the process would begin at zygote formation and end with larval hatching. For plant zygotic embryos, this would be from zygote formation to the end of seed dormancy. For plant vegetative embryos, this would be from the initial determination of the cell or group of cells to form an embryo until the point when the embryo becomes independent of the parent plant."" [GOC:go_curators, GOC:isa_complete, GOC:mtg_sensu]",397,389,8,22737,0.02056555269922879,0.020151133501259445,query_1,['GO:0007275']
GO:BP,GO:0098739,import across plasma membrane,0.6281840070859798,False,"""The directed movement of some substance from outside of a cell, across the plasma membrane and into the cytosol."" [GOC:dos]",27,389,1,22737,0.002570694087403599,0.037037037037037035,query_1,"['GO:0055085', 'GO:0098657']"
GO:BP,GO:1903409,reactive oxygen species biosynthetic process,0.6281840070859798,False,"""The chemical reactions and pathways resulting in the formation of reactive oxygen species, any molecules or ions formed by the incomplete one-electron reduction of oxygen."" [GO_REF:0000068, GOC:bf, GOC:PARL, GOC:TermGenie, PMID:24252804]",27,389,1,22737,0.002570694087403599,0.037037037037037035,query_1,"['GO:0009058', 'GO:0072593']"
GO:BP,GO:0010605,negative regulation of macromolecule metabolic process,0.6300476305736326,False,"""Any process that decreases the frequency, rate or extent of the chemical reactions and pathways involving macromolecules, any molecule of high relative molecular mass, the structure of which essentially comprises the multiple repetition of units derived, actually or conceptually, from molecules of low relative molecular mass."" [GOC:dph, GOC:tb]",565,389,11,22737,0.028277634961439587,0.019469026548672566,query_1,"['GO:0009892', 'GO:0043170', 'GO:0060255']"
GO:BP,GO:0042445,hormone metabolic process,0.6302466844421011,False,"""The chemical reactions and pathways involving any hormone, naturally occurring substances secreted by specialized cells that affects the metabolism or behavior of other cells possessing functional receptors for the hormone."" [GOC:jl]",128,389,3,22737,0.007712082262210797,0.0234375,query_1,"['GO:0008152', 'GO:0010817']"
GO:BP,GO:0045333,cellular respiration,0.63088669013877,False,"""The enzymatic release of energy from inorganic and organic compounds (especially carbohydrates and fats) which either requires oxygen (aerobic respiration) or does not (anaerobic respiration)."" [GOC:das, ISBN:0140513590, ISBN:0198506732]",183,389,4,22737,0.010282776349614395,0.02185792349726776,query_1,['GO:0015980']
GO:BP,GO:0009744,response to sucrose,0.63088669013877,False,"""Any process that results in a change in state or activity of a cell or an organism (in terms of movement, secretion, enzyme production, gene expression, etc.) as a result of a sucrose stimulus."" [GOC:jl]",77,389,2,22737,0.005141388174807198,0.025974025974025976,query_1,['GO:0034285']
GO:BP,GO:0001763,morphogenesis of a branching structure,0.63088669013877,False,"""The process in which the anatomical structures of branches are generated and organized. A branch is a division or offshoot from a main stem. Examples in animals would include blood vessels, nerves, lymphatics and other endothelial or epithelial tubes."" [ISBN:0721662544]",28,389,1,22737,0.002570694087403599,0.03571428571428571,query_1,"['GO:0009653', 'GO:0032501']"
GO:BP,GO:0070297,regulation of phosphorelay signal transduction system,0.63088669013877,False,"""Any process that modulates the frequency, rate or extent of signal transduction via a phosphorelay signal transduction system."" [GOC:mah]",28,389,1,22737,0.002570694087403599,0.03571428571428571,query_1,"['GO:0000160', 'GO:1902531']"
GO:BP,GO:0010104,regulation of ethylene-activated signaling pathway,0.63088669013877,False,"""Any process that modulates the frequency, rate or extent of ethylene (ethene) signal transduction."" [GOC:tb]",28,389,1,22737,0.002570694087403599,0.03571428571428571,query_1,"['GO:0009873', 'GO:0070297']"
GO:BP,GO:0010167,response to nitrate,0.63088669013877,False,"""Any process that results in a change in state or activity of a cell or an organism (in terms of movement, secretion, enzyme production, gene expression, etc.) as a result of a nitrate stimulus."" [GOC:sm]",28,389,1,22737,0.002570694087403599,0.03571428571428571,query_1,"['GO:1901698', 'GO:1901700']"
GO:BP,GO:0052386,cell wall thickening,0.63088669013877,False,"""A type of cell wall modification in which the cell wall is reinforced and made thicker."" [GOC:mtg_pamgo_17jul06]",28,389,1,22737,0.002570694087403599,0.03571428571428571,query_1,['GO:0042545']
GO:BP,GO:0006879,intracellular iron ion homeostasis,0.63088669013877,False,"""A homeostatic process involved in the maintenance of a steady state level of iron ions within a cell."" [GOC:ai, GOC:mah]",28,389,1,22737,0.002570694087403599,0.03571428571428571,query_1,"['GO:0030003', 'GO:0098771']"
GO:BP,GO:0097306,cellular response to alcohol,0.63088669013877,False,"""Any process that results in a change in state or activity of a cell (in terms of movement, secretion, enzyme production, gene expression, etc.) as a result of an alcohol stimulus."" [GOC:pr]",292,389,6,22737,0.015424164524421594,0.02054794520547945,query_1,"['GO:0097305', 'GO:1901701']"
GO:BP,GO:0008202,steroid metabolic process,0.63088669013877,False,"""The chemical reactions and pathways involving steroids, compounds with a 1,2,cyclopentanoperhydrophenanthrene nucleus."" [ISBN:0198547684]",77,389,2,22737,0.005141388174807198,0.025974025974025976,query_1,['GO:0006629']
GO:BP,GO:0006595,polyamine metabolic process,0.63088669013877,False,"""The chemical reactions and pathways involving polyamines, any organic compound containing two or more amino groups."" [ISBN:0198506732]",28,389,1,22737,0.002570694087403599,0.03571428571428571,query_1,['GO:0006576']
GO:BP,GO:0071215,cellular response to abscisic acid stimulus,0.63088669013877,False,"""Any process that results in a change in state or activity of a cell (in terms of movement, secretion, enzyme production, gene expression, etc.) as a result of an abscisic acid stimulus."" [GOC:mah]",292,389,6,22737,0.015424164524421594,0.02054794520547945,query_1,"['GO:0009737', 'GO:0032870', 'GO:0071396', 'GO:0097306']"
GO:BP,GO:0045087,innate immune response,0.6331113857531965,False,"""Innate immune responses are defense responses mediated by germline encoded components that directly recognize components of potential pathogens."" [GO_REF:0000022, GOC:add, GOC:ebc, GOC:mtg_sensu]",238,389,5,22737,0.012853470437017995,0.02100840336134454,query_1,"['GO:0006955', 'GO:0140546']"
GO:BP,GO:0035266,meristem growth,0.6339624047203601,False,"""The increase in size or mass of a meristem, a region of tissue in a plant that is composed of one or more undifferentiated cells capable of undergoing mitosis and differentiation."" [GOC:bf, ISBN:0198547684]",78,389,2,22737,0.005141388174807198,0.02564102564102564,query_1,"['GO:0048507', 'GO:0048589']"
GO:BP,GO:0006650,glycerophospholipid metabolic process,0.6363967028739558,False,"""The chemical reactions and pathways involving glycerophospholipids, any derivative of glycerophosphate that contains at least one O-acyl, O-alkyl, or O-alkenyl group attached to the glycerol residue."" [ISBN:0198506732]",131,389,3,22737,0.007712082262210797,0.022900763358778626,query_1,"['GO:0006644', 'GO:0046486']"
GO:BP,GO:0140546,defense response to symbiont,0.6363967028739558,False,"""Reactions triggered in response to the presence of a symbiont that act to protect or prevent damage to the host."" [GOC:pg]",294,389,6,22737,0.015424164524421594,0.02040816326530612,query_1,['GO:0098542']
GO:BP,GO:0034285,response to disaccharide,0.6384801514350774,False,"""Any process that results in a change in state or activity of a cell or an organism (in terms of movement, secretion, enzyme production, gene expression, etc.) as a result of a disaccharide stimulus."" [GOC:sart]",79,389,2,22737,0.005141388174807198,0.02531645569620253,query_1,['GO:0009743']
GO:BP,GO:0006833,water transport,0.6384801514350774,False,"""The directed movement of water (H2O) into, out of or within a cell, or between cells, by means of some agent such as a transporter or pore."" [GOC:ai]",29,389,1,22737,0.002570694087403599,0.034482758620689655,query_1,['GO:0042044']
GO:BP,GO:0003333,amino acid transmembrane transport,0.6384801514350774,False,"""The process in which an amino acid is transported across a membrane."" [GOC:dph, GOC:tb]",29,389,1,22737,0.002570694087403599,0.034482758620689655,query_1,"['GO:0006865', 'GO:0055085']"
GO:BP,GO:0042044,fluid transport,0.6384801514350774,False,"""The directed movement of substances that are in liquid form in normal living conditions into, out of or within a cell, or between cells, by means of some agent such as a transporter or pore."" [GOC:ai]",29,389,1,22737,0.002570694087403599,0.034482758620689655,query_1,['GO:0006810']
GO:BP,GO:0006534,cysteine metabolic process,0.6384801514350774,False,"""The chemical reactions and pathways involving cysteine, 2-amino-3-mercaptopropanoic acid."" [GOC:go_curators]",29,389,1,22737,0.002570694087403599,0.034482758620689655,query_1,"['GO:0000096', 'GO:1901605']"
GO:BP,GO:0071555,cell wall organization,0.6411331089234273,False,"""A process that results in the assembly, arrangement of constituent parts, or disassembly of the cell wall, the rigid or semi-rigid envelope lying outside the cell membrane of plant, fungal and most prokaryotic cells, maintaining their shape and protecting them from osmotic lysis."" [GOC:mah]",463,389,9,22737,0.02313624678663239,0.019438444924406047,query_1,"['GO:0045229', 'GO:0071554']"
GO:BP,GO:0048582,positive regulation of post-embryonic development,0.6439490926227525,False,"""Any process that activates or increases the frequency, rate or extent of post-embryonic development. Post-embryonic development is defined as the process whose specific outcome is the progression of the organism over time, from the completion of embryonic development to the mature structure."" [GOC:jid]",80,389,2,22737,0.005141388174807198,0.025,query_1,"['GO:0009791', 'GO:0048580', 'GO:0051094', 'GO:0051240']"
GO:BP,GO:0033500,carbohydrate homeostasis,0.6493027896542783,False,"""A homeostatic process involved in the maintenance of an internal steady state of a carbohydrate within an organism or cell."" [GOC:mah]",30,389,1,22737,0.002570694087403599,0.03333333333333333,query_1,['GO:0048878']
GO:BP,GO:0045168,cell-cell signaling involved in cell fate commitment,0.6493027896542783,False,"""Signaling at long or short range between cells that results in the commitment of a cell to a certain fate."" [GOC:dph, GOC:go_curators, GOC:tb]",30,389,1,22737,0.002570694087403599,0.03333333333333333,query_1,"['GO:0007267', 'GO:0045165']"
GO:BP,GO:0046351,disaccharide biosynthetic process,0.6493027896542783,False,"""The chemical reactions and pathways resulting in the formation of disaccharides, sugars composed of two monosaccharide units."" [GOC:ai]",30,389,1,22737,0.002570694087403599,0.03333333333333333,query_1,"['GO:0005984', 'GO:0009312']"
GO:BP,GO:0022604,regulation of cell morphogenesis,0.6493027896542783,False,"""Any process that modulates the frequency, rate or extent of cell morphogenesis. Cell morphogenesis is the developmental process in which the shape of a cell is generated and organized."" [GOC:isa_complete]",81,389,2,22737,0.005141388174807198,0.024691358024691357,query_1,"['GO:0000902', 'GO:0022603']"
GO:BP,GO:0009909,regulation of flower development,0.6527494084489345,False,"""Any process that modulates the frequency, rate or extent of flower development."" [GOC:go_curators]",135,389,3,22737,0.007712082262210797,0.022222222222222223,query_1,"['GO:0009908', 'GO:0048580', 'GO:0048831', 'GO:2000241']"
GO:BP,GO:0006811,monoatomic ion transport,0.6531619054442555,False,"""The directed movement of a monoatomic ion into, out of or within a cell, or between cells, by means of some agent such as a transporter or pore. Monatomic ions (also called simple ions) are ions consisting of exactly one atom."" [GOC:ai]",468,389,9,22737,0.02313624678663239,0.019230769230769232,query_1,['GO:0006810']
GO:BP,GO:0001558,regulation of cell growth,0.655621811531671,False,"""Any process that modulates the frequency, rate, extent or direction of cell growth."" [GOC:go_curators]",82,389,2,22737,0.005141388174807198,0.024390243902439025,query_1,"['GO:0016049', 'GO:0040008', 'GO:0051128']"
GO:BP,GO:0010208,pollen wall assembly,0.6585879483098036,False,"""The formation of reticulate pollen wall pattern consisting of two layers, exine and intine."" [PMID:11743117]",31,389,1,22737,0.002570694087403599,0.03225806451612903,query_1,"['GO:0009555', 'GO:0010927', 'GO:0045229']"
GO:BP,GO:0009966,regulation of signal transduction,0.6585879483098036,False,"""Any process that modulates the frequency, rate or extent of signal transduction."" [GOC:sm]",302,389,6,22737,0.015424164524421594,0.019867549668874173,query_1,"['GO:0007165', 'GO:0010646', 'GO:0023051', 'GO:0048583']"
GO:BP,GO:0035672,oligopeptide transmembrane transport,0.6585879483098036,False,"""The process in which an oligopeptide is transported across a membrane. Oligopeptides are molecules that contain a small number (2 to 20) of amino-acid residues connected by peptide linkages."" [GOC:vw, ISBN:0198506732]",31,389,1,22737,0.002570694087403599,0.03225806451612903,query_1,"['GO:0006857', 'GO:0055085']"
GO:BP,GO:0015980,energy derivation by oxidation of organic compounds,0.6594570379818447,False,"""The chemical reactions and pathways by which a cell derives energy from organic compounds; results in the oxidation of the compounds from which energy is released."" [GOC:mah]",192,389,4,22737,0.010282776349614395,0.020833333333333332,query_1,['GO:0006091']
GO:BP,GO:0048466,androecium development,0.6594570379818447,False,"""The process whose specific outcome is the progression of the androecium over time, from its formation to the mature structure."" [GOC:go_curators]",83,389,2,22737,0.005141388174807198,0.024096385542168676,query_1,['GO:0048438']
GO:BP,GO:0048443,stamen development,0.6594570379818447,False,"""The process whose specific outcome is the progression of the stamen over time, from its formation to the mature structure."" [GOC:go_curators]",83,389,2,22737,0.005141388174807198,0.024096385542168676,query_1,"['GO:0048437', 'GO:0048466', 'GO:0048827']"
GO:BP,GO:0009312,oligosaccharide biosynthetic process,0.6646504338487268,False,"""The chemical reactions and pathways resulting in the formation of oligosaccharides, molecules with between two and (about) 20 monosaccharide residues connected by glycosidic linkages."" [ISBN:0198506732]",32,389,1,22737,0.002570694087403599,0.03125,query_1,"['GO:0009311', 'GO:0016051']"
GO:BP,GO:0010646,regulation of cell communication,0.6646504338487268,False,"""Any process that modulates the frequency, rate or extent of cell communication. Cell communication is the process that mediates interactions between a cell and its surroundings. Encompasses interactions such as signaling or attachment between one cell and another cell, between a cell and an extracellular matrix, or between a cell and any other aspect of its environment."" [GOC:dph, GOC:tb]",305,389,6,22737,0.015424164524421594,0.019672131147540985,query_1,"['GO:0007154', 'GO:0050794']"
GO:BP,GO:0070417,cellular response to cold,0.6646504338487268,False,"""Any process that results in a change in state or activity of a cell (in terms of movement, secretion, enzyme production, gene expression, etc.) as a result of a cold stimulus, a temperature stimulus below the optimal temperature for that organism."" [GOC:jp]",32,389,1,22737,0.002570694087403599,0.03125,query_1,"['GO:0009409', 'GO:0033554']"
GO:BP,GO:0044092,negative regulation of molecular function,0.6646504338487268,False,"""Any process that stops or reduces the rate or extent of a molecular function, an elemental biological activity occurring at the molecular level, such as catalysis or binding."" [GO:jl]",32,389,1,22737,0.002570694087403599,0.03125,query_1,['GO:0065009']
GO:BP,GO:0023051,regulation of signaling,0.6646504338487268,False,"""Any process that modulates the frequency, rate or extent of a signaling process."" [GOC:mtg_signal]",305,389,6,22737,0.015424164524421594,0.019672131147540985,query_1,"['GO:0023052', 'GO:0050789']"
GO:BP,GO:0009690,cytokinin metabolic process,0.6646504338487268,False,"""The chemical reactions and pathways involving cytokinins, a class of adenine-derived compounds that can function in plants as growth regulators."" [ISBN:0387969845]",32,389,1,22737,0.002570694087403599,0.03125,query_1,"['GO:0009308', 'GO:0042445']"
GO:BP,GO:0016049,cell growth,0.6646504338487268,False,"""The process in which a cell irreversibly increases in size over time by accretion and biosynthetic production of matter similar to that already present."" [GOC:ai]",362,389,7,22737,0.017994858611825194,0.019337016574585635,query_1,"['GO:0009987', 'GO:0040007']"
GO:BP,GO:0051093,negative regulation of developmental process,0.6714217248248594,False,"""Any process that stops, prevents or reduces the rate or extent of development, the biological process whose specific outcome is the progression of an organism over time from an initial condition (e.g. a zygote, or a young adult) to a later condition (e.g. a multicellular animal or an aged adult)."" [GOC:ai]",140,389,3,22737,0.007712082262210797,0.02142857142857143,query_1,"['GO:0032502', 'GO:0048519', 'GO:0050793']"
GO:BP,GO:0022603,regulation of anatomical structure morphogenesis,0.6719599375589773,False,"""Any process that modulates the frequency, rate or extent of anatomical structure morphogenesis."" [GOC:mah]",141,389,3,22737,0.007712082262210797,0.02127659574468085,query_1,"['GO:0009653', 'GO:0050793']"
GO:BP,GO:1902644,tertiary alcohol metabolic process,0.6719599375589773,False,"""The chemical reactions and pathways involving tertiary alcohol."" [GO_REF:0000068, GOC:mengo_curators, GOC:TermGenie, PMID:11288200]",33,389,1,22737,0.002570694087403599,0.030303030303030304,query_1,['GO:0006066']
GO:BP,GO:0009827,plant-type cell wall modification,0.6719599375589773,False,"""The series of events leading to chemical and structural alterations of an existing cellulose and pectin-containing cell wall that can result in loosening, increased extensibility or disassembly. An example of this is found in Arabidopsis thaliana."" [GOC:lr, GOC:mtg_sensu]",33,389,1,22737,0.002570694087403599,0.030303030303030304,query_1,"['GO:0009664', 'GO:0042545']"
GO:BP,GO:0009687,abscisic acid metabolic process,0.6719599375589773,False,"""The chemical reactions and pathways involving abscisic acid, 5-(1-hydroxy-2,6,6,trimethyl-4-oxocyclohex-2-en-1-y1)-3-methylpenta-2,4-dienoic acid."" [ISBN:0387969845]",33,389,1,22737,0.002570694087403599,0.030303030303030304,query_1,"['GO:0006714', 'GO:0032787', 'GO:0120254', 'GO:1902644']"
GO:BP,GO:0015718,monocarboxylic acid transport,0.6719599375589773,False,"""The directed movement of monocarboxylic acids into, out of or within a cell, or between cells, by means of some agent such as a transporter or pore."" [GOC:krc]",33,389,1,22737,0.002570694087403599,0.030303030303030304,query_1,['GO:0046942']
GO:BP,GO:0016106,sesquiterpenoid biosynthetic process,0.6719599375589773,False,"""The chemical reactions and pathways resulting in the formation of sesquiterpenoid compounds, terpenoids with three isoprene units."" [GOC:go_curators]",33,389,1,22737,0.002570694087403599,0.030303030303030304,query_1,"['GO:0006714', 'GO:0016114']"
GO:BP,GO:0009955,adaxial/abaxial pattern specification,0.6761511526013188,False,"""The regionalization process in which differences in cell differentiation along the adaxial/abaxial are generated. Adaxial refers to being situated toward an axis of an anatomical structure. Abaxial refers to being situated away from an axis of an anatomical structure."" [GOC:dph, GOC:isa_complete, GOC:tb]",34,389,1,22737,0.002570694087403599,0.029411764705882353,query_1,['GO:0003002']
GO:BP,GO:0022607,cellular component assembly,0.6761511526013188,False,"""The aggregation, arrangement and bonding together of a cellular component."" [GOC:isa_complete]",655,389,12,22737,0.030848329048843187,0.0183206106870229,query_1,"['GO:0016043', 'GO:0044085']"
GO:BP,GO:0010927,cellular component assembly involved in morphogenesis,0.6761511526013188,False,"""The cellular component assembly that is part of the initial shaping of the component during its developmental progression."" [GOC:dph, GOC:tb]",34,389,1,22737,0.002570694087403599,0.029411764705882353,query_1,"['GO:0022607', 'GO:0032989', 'GO:0048646']"
GO:BP,GO:0015994,chlorophyll metabolic process,0.6761511526013188,False,"""The chemical reactions and pathways involving chlorophyll, any compound of magnesium complexed in a porphyrin (tetrapyrrole) ring and which functions as a photosynthetic pigment."" [GOC:jl]",87,389,2,22737,0.005141388174807198,0.022988505747126436,query_1,['GO:0006778']
GO:BP,GO:0005985,sucrose metabolic process,0.6761511526013188,False,"""The chemical reactions and pathways involving sucrose, the disaccharide fructofuranosyl-glucopyranoside."" [GOC:go_curators]",34,389,1,22737,0.002570694087403599,0.029411764705882353,query_1,['GO:0005984']
GO:BP,GO:0006520,amino acid metabolic process,0.6761511526013188,False,"""The chemical reactions and pathways involving amino acids, carboxylic acids containing one or more amino groups."" [ISBN:0198506732]",368,389,7,22737,0.017994858611825194,0.019021739130434784,query_1,['GO:0044238']
GO:BP,GO:0006955,immune response,0.6761511526013188,False,"""Any immune system process that functions in the calibrated response of an organism to a potential internal or invasive threat."" [GO_REF:0000022, GOC:add]",254,389,5,22737,0.012853470437017995,0.01968503937007874,query_1,"['GO:0002376', 'GO:0050896']"
GO:BP,GO:0010029,regulation of seed germination,0.6761511526013188,False,"""Any process that modulates the frequency, rate or extent of seed germination."" [GOC:sm]",88,389,2,22737,0.005141388174807198,0.022727272727272728,query_1,"['GO:0009845', 'GO:1900140']"
GO:BP,GO:0045088,regulation of innate immune response,0.6761511526013188,False,"""Any process that modulates the frequency, rate or extent of the innate immune response, the organism's first line of defense against infection."" [GOC:ebc]",88,389,2,22737,0.005141388174807198,0.022727272727272728,query_1,"['GO:0002831', 'GO:0031347', 'GO:0032101', 'GO:0045087', 'GO:0050776']"
GO:BP,GO:0032989,cellular anatomical entity morphogenesis,0.6761511526013188,False,"""The process in which a cellular entity is generated and organized. A cellular entity has granularity above the level of a protein complex but below that of an anatomical system."" [GOC:dph, GOC:mah, GOC:tb]",34,389,1,22737,0.002570694087403599,0.029411764705882353,query_1,['GO:0016043']
GO:BP,GO:0010082,regulation of root meristem growth,0.6761511526013188,False,"""Any process involved in maintaining the size and shape of a root meristem."" [GOC:tb]",34,389,1,22737,0.002570694087403599,0.029411764705882353,query_1,"['GO:0010015', 'GO:0010075', 'GO:0010449']"
GO:BP,GO:0001708,cell fate specification,0.6761511526013188,False,"""The cellular developmental process involved in cell fate commitment in which the cell is designated to follow a developmental path, unless they receive extrinsic cues that direct an alternative fate."" [GOC:go_curators]",34,389,1,22737,0.002570694087403599,0.029411764705882353,query_1,"['GO:0045165', 'GO:0048869']"
GO:BP,GO:0019752,carboxylic acid metabolic process,0.6776073452201341,False,"""The chemical reactions and pathways involving carboxylic acids, any organic acid containing one or more carboxyl (COOH) groups or anions (COO-)."" [ISBN:0198506732]",828,389,15,22737,0.038560411311053984,0.018115942028985508,query_1,['GO:0043436']
GO:BP,GO:0048831,regulation of shoot system development,0.6776073452201341,False,"""Any process that modulates the frequency, rate or extent of shoot development."" [GOC:tb, PMID:16361392]",144,389,3,22737,0.007712082262210797,0.020833333333333332,query_1,"['GO:0048367', 'GO:0050793']"
GO:BP,GO:0046474,glycerophospholipid biosynthetic process,0.6805155556025269,False,"""The chemical reactions and pathways resulting in the formation of glycerophospholipids, any derivative of glycerophosphate that contains at least one O-acyl, O-alkyl, or O-alkenyl group attached to the glycerol residue."" [ISBN:0198506732]",89,389,2,22737,0.005141388174807198,0.02247191011235955,query_1,"['GO:0006650', 'GO:0008654', 'GO:0045017']"
GO:BP,GO:2000028,"regulation of photoperiodism, flowering",0.6805155556025269,False,"""Any process that modulates the frequency, rate or extent of photoperiodism, flowering."" [GOC:obol]",89,389,2,22737,0.005141388174807198,0.02247191011235955,query_1,"['GO:0048573', 'GO:0048583']"
GO:BP,GO:0017004,cytochrome complex assembly,0.6825502654448453,False,"""The aggregation, arrangement and bonding together of a cytochrome complex. A cytochrome complex is a protein complex in which at least one of the proteins is a cytochrome, i.e. a heme-containing protein involved in catalysis of redox reactions."" [GOC:jl, GOC:mah]",35,389,1,22737,0.002570694087403599,0.02857142857142857,query_1,['GO:0065003']
GO:BP,GO:0006812,monoatomic cation transport,0.6846791643657854,False,"""The directed movement of a monoatomic cation, into, out of or within a cell, or between cells, by means of some agent such as a transporter or pore. Monatomic cations (also called simple cations) are positively charged ions consisting of exactly one atom."" [GOC:ai]",373,389,7,22737,0.017994858611825194,0.01876675603217158,query_1,['GO:0006811']
GO:BP,GO:0141187,nucleic acid biosynthetic process,0.6850465471815971,False,"""The biosynthetic process resulting in the formation of a nucleic acid."" [GOC:dph, GOC:tb]",2801,389,49,22737,0.12596401028277635,0.017493752231345947,query_1,"['GO:0009059', 'GO:0034654', 'GO:0090304']"
GO:BP,GO:0008285,negative regulation of cell population proliferation,0.6859527588704029,False,"""Any process that stops, prevents or reduces the rate or extent of cell proliferation."" [GOC:go_curators]",36,389,1,22737,0.002570694087403599,0.027777777777777776,query_1,"['GO:0008283', 'GO:0042127', 'GO:0048523']"
GO:BP,GO:0080188,gene silencing by siRNA-directed DNA methylation,0.6859527588704029,False,"""A small RNA-based gene silencing process in which small interfering RNAs (siRNAs) guide DNA methylation to the siRNA-generating genomic loci and other loci that are homologous to the siRNAs for de novo DNA methylation. This results in a heterochromatin assembly, a chromatin conformation that is refractory to transcription. In general this process consists of three phases: biogenesis of siRNAs, scaffold RNA production, and the formation of the guiding complex that recruits de novo DNA methyltransferases to the target loci. Transposable elements are silenced by this mechanism."" [PMID:21420348, PMID:33031395]",36,389,1,22737,0.002570694087403599,0.027777777777777776,query_1,"['GO:0006346', 'GO:0141194']"
GO:BP,GO:1901570,fatty acid derivative biosynthetic process,0.6859527588704029,False,"""The chemical reactions and pathways resulting in the formation of fatty acid derivative."" [GOC:pr, GOC:TermGenie]",36,389,1,22737,0.002570694087403599,0.027777777777777776,query_1,"['GO:0008610', 'GO:1901568']"
GO:BP,GO:0010182,sugar mediated signaling pathway,0.6859527588704029,False,"""The process in which a change in the level of a mono- or disaccharide such as glucose, fructose or sucrose triggers the expression of genes controlling metabolic and developmental processes."" [PMID:9014361]",36,389,1,22737,0.002570694087403599,0.027777777777777776,query_1,['GO:0009756']
GO:BP,GO:0141194,siRNA-mediated heterochromatin formation,0.6859527588704029,False,"""The formation of heterochromatin into a heterochromatin domain by a process mediated by a small interfering siRNA."" [GOC:ha, GOC:pg]",36,389,1,22737,0.002570694087403599,0.027777777777777776,query_1,['GO:0031048']
GO:BP,GO:0002376,immune system process,0.6859527588704029,False,"""Any process involved in the development or functioning of the immune system, an organismal system for calibrated responses to potential internal or invasive threats."" [GO_REF:0000022, GOC:add]",260,389,5,22737,0.012853470437017995,0.019230769230769232,query_1,['GO:0008150']
GO:BP,GO:0009067,aspartate family amino acid biosynthetic process,0.6859527588704029,False,"""The chemical reactions and pathways resulting in the formation of amino acids of the aspartate family, comprising asparagine, aspartate, lysine, methionine and threonine."" [GOC:ai, MetaCyc:PWY0-781]",36,389,1,22737,0.002570694087403599,0.027777777777777776,query_1,"['GO:0170034', 'GO:0170038']"
GO:BP,GO:0009756,carbohydrate mediated signaling,0.6859527588704029,False,"""The series of molecular signals mediated by the detection of carbohydrate."" [GOC:sm]",36,389,1,22737,0.002570694087403599,0.027777777777777776,query_1,"['GO:0007165', 'GO:0071322']"
GO:BP,GO:0009738,abscisic acid-activated signaling pathway,0.6881261232199043,False,"""The series of molecular signals generated by the binding of the plant hormone abscisic acid (ABA) to a receptor, and ending with modulation of a cellular process, e.g. transcription."" [GOC:signaling, GOC:sm, PMID:24269821]",262,389,5,22737,0.012853470437017995,0.019083969465648856,query_1,"['GO:0009755', 'GO:0071215']"
GO:BP,GO:0008610,lipid biosynthetic process,0.6881261232199043,False,"""The chemical reactions and pathways resulting in the formation of lipids, compounds soluble in an organic solvent but not, or sparingly, in an aqueous solvent."" [GOC:go_curators]",549,389,10,22737,0.02570694087403599,0.018214936247723135,query_1,"['GO:0006629', 'GO:0009058']"
GO:BP,GO:1901568,fatty acid derivative metabolic process,0.6963825198713381,False,"""The chemical reactions and pathways involving fatty acid derivative."" [GOC:pr, GOC:TermGenie]",37,389,1,22737,0.002570694087403599,0.02702702702702703,query_1,['GO:0006629']
GO:BP,GO:0009965,leaf morphogenesis,0.6983315007283434,False,"""The process in which the anatomical structures of the leaf are generated and organized."" [GOC:go_curators]",93,389,2,22737,0.005141388174807198,0.021505376344086023,query_1,"['GO:0010016', 'GO:0048366', 'GO:1905392']"
GO:BP,GO:0032774,RNA biosynthetic process,0.7014129600259008,False,"""The chemical reactions and pathways resulting in the formation of RNA, ribonucleic acid, one of the two main type of nucleic acid, consisting of a long, unbranched macromolecule formed from ribonucleotides joined in 3',5'-phosphodiester linkage. Includes polymerization of ribonucleotide monomers. Refers not only to transcription but also to e.g. viral RNA replication."" [GOC:mah, GOC:txnOH]",2762,389,48,22737,0.12339331619537275,0.017378711078928313,query_1,"['GO:0016070', 'GO:0141187']"
GO:BP,GO:2000022,regulation of jasmonic acid mediated signaling pathway,0.705414204712545,False,"""Any process that modulates the frequency, rate or extent of jasmonic acid mediated signaling pathway."" [GOC:obol]",38,389,1,22737,0.002570694087403599,0.02631578947368421,query_1,"['GO:0009867', 'GO:0009966']"
GO:BP,GO:1900150,regulation of defense response to fungus,0.705414204712545,False,"""Any process that modulates the frequency, rate or extent of defense response to fungus."" [GOC:dhl, GOC:TermGenie, PMID:22242006]",38,389,1,22737,0.002570694087403599,0.02631578947368421,query_1,"['GO:0002831', 'GO:0031347', 'GO:0032101', 'GO:0050832']"
GO:BP,GO:1900140,regulation of seedling development,0.7130279968635349,False,"""Any process that modulates the frequency, rate or extent of seedling development."" [GOC:TermGenie]",96,389,2,22737,0.005141388174807198,0.020833333333333332,query_1,"['GO:0048580', 'GO:0090351']"
GO:BP,GO:0043269,regulation of monoatomic ion transport,0.7130279968635349,False,"""Any process that modulates the frequency, rate or extent of the directed movement of charged atoms or small charged molecules into, out of or within a cell, or between cells, by means of some agent such as a transporter or pore."" [GOC:jl]",39,389,1,22737,0.002570694087403599,0.02564102564102564,query_1,"['GO:0006811', 'GO:0051049']"
GO:BP,GO:0002181,cytoplasmic translation,0.7130279968635349,False,"""The chemical reactions and pathways resulting in the formation of a protein in the cytoplasm. This is a ribosome-mediated process in which the information in messenger RNA (mRNA) is used to specify the sequence of amino acids in the protein."" [GOC:hjd]",39,389,1,22737,0.002570694087403599,0.02564102564102564,query_1,['GO:0006412']
GO:BP,GO:0090333,regulation of stomatal closure,0.7130279968635349,False,"""Any process that modulates the rate, frequency, or extent of stomatal closure. Stomatal closure is the process of closing of stomata, pores in the epidermis of leaves and stems bordered by two guard cells and serving in gas exchange."" [GOC:tb]",39,389,1,22737,0.002570694087403599,0.02564102564102564,query_1,"['GO:0010119', 'GO:0090332']"
GO:BP,GO:2000241,regulation of reproductive process,0.7130279968635349,False,"""Any process that modulates the frequency, rate or extent of reproductive process."" [GOC:mah]",211,389,4,22737,0.010282776349614395,0.018957345971563982,query_1,"['GO:0022414', 'GO:0050789']"
GO:BP,GO:0016116,carotenoid metabolic process,0.7130279968635349,False,"""The chemical reactions and pathways involving carotenoids, tetraterpenoid compounds in which two units of 4 isoprenoid residues joined head-to-tail are themselves joined tail-to-tail."" [ISBN:0198547684]",39,389,1,22737,0.002570694087403599,0.02564102564102564,query_1,['GO:0006721']
GO:BP,GO:0002682,regulation of immune system process,0.7188081984119529,False,"""Any process that modulates the frequency, rate, or extent of an immune system process."" [GOC:add]",97,389,2,22737,0.005141388174807198,0.020618556701030927,query_1,"['GO:0002376', 'GO:0050789']"
GO:BP,GO:0050776,regulation of immune response,0.7188081984119529,False,"""Any process that modulates the frequency, rate or extent of the immune response, the immunological reaction of an organism to an immunogenic stimulus."" [GOC:ai]",97,389,2,22737,0.005141388174807198,0.020618556701030927,query_1,"['GO:0002682', 'GO:0006955', 'GO:0048583']"
GO:BP,GO:0031048,regulatory ncRNA-mediated heterochromatin formation,0.7203247765673981,False,"""A heterochromatin formation-based gene silencing process mediated by a regulatory non-coding RNA molecule that occur before the beginning of trancription."" [PMID:19239886, PMID:21420348]",40,389,1,22737,0.002570694087403599,0.025,query_1,"['GO:0031047', 'GO:0031507']"
GO:BP,GO:0052545,callose localization,0.7203247765673981,False,"""Any process in which callose is transported to, and/or maintained in, a specific location. Callose is a linear 1,3-beta-d-glucan formed from UDP-glucose and is found in certain plant cell walls."" [GOC:mtg_pamgo_17jul06, PMID:18397379]",40,389,1,22737,0.002570694087403599,0.025,query_1,['GO:0033037']
GO:BP,GO:0048580,regulation of post-embryonic development,0.7259182240427237,False,"""Any process that modulates the frequency, rate or extent of post-embryonic development. Post-embryonic development is defined as the process whose specific outcome is the progression of the organism over time, from the completion of embryonic development to the mature structure."" [GOC:jid]",332,389,6,22737,0.015424164524421594,0.018072289156626505,query_1,"['GO:0009791', 'GO:2000026']"
GO:BP,GO:0046486,glycerolipid metabolic process,0.7269987595745963,False,"""The chemical reactions and pathways involving glycerolipids, any lipid with a glycerol backbone. Diacylglycerol and phosphatidate are key lipid intermediates of glycerolipid biosynthesis."" [GOC:ai, PMID:8906569]",157,389,3,22737,0.007712082262210797,0.01910828025477707,query_1,['GO:0006629']
GO:BP,GO:0006661,phosphatidylinositol biosynthetic process,0.7272911413919217,False,"""The chemical reactions and pathways resulting in the formation of phosphatidylinositol, any glycophospholipid in which the sn-glycerol 3-phosphate residue is esterified to the 1-hydroxyl group of 1D-myo-inositol."" [ISBN:0198506732]",41,389,1,22737,0.002570694087403599,0.024390243902439025,query_1,"['GO:0046474', 'GO:0046488']"
GO:BP,GO:0009309,amine biosynthetic process,0.7272911413919217,False,"""The chemical reactions and pathways resulting in the formation of any organic compound that is weakly basic in character and contains an amino or a substituted amino group. Amines are called primary, secondary, or tertiary according to whether one, two, or three carbon atoms are attached to the nitrogen atom."" [GOC:jl, ISBN:0198506732]",41,389,1,22737,0.002570694087403599,0.024390243902439025,query_1,"['GO:0009058', 'GO:0009308']"
GO:BP,GO:0042401,biogenic amine biosynthetic process,0.7272911413919217,False,"""The chemical reactions and pathways occurring at the level of individual cells resulting in the formation of any of a group of naturally occurring, biologically active amines, such as norepinephrine, histamine, and serotonin, many of which act as neurotransmitters."" [GOC:jl, ISBN:0395825172]",41,389,1,22737,0.002570694087403599,0.024390243902439025,query_1,"['GO:0006576', 'GO:0009309']"
GO:BP,GO:0018958,phenol-containing compound metabolic process,0.7361142426956949,False,"""The chemical reactions and pathways involving a phenol, any compound containing one or more hydroxyl groups directly attached to an aromatic carbon ring."" [ISBN:0198506732]",42,389,1,22737,0.002570694087403599,0.023809523809523808,query_1,['GO:0008152']
GO:BP,GO:0071472,cellular response to salt stress,0.7361142426956949,False,"""Any process that results in a change in state or activity of a cell (in terms of movement, secretion, enzyme production, gene expression, etc.) as a result of a stimulus indicating an increase or decrease in the concentration of salt (particularly but not exclusively sodium and chloride ions) in the environment."" [GOC:mah]",42,389,1,22737,0.002570694087403599,0.023809523809523808,query_1,"['GO:0009651', 'GO:0071470']"
GO:BP,GO:0048574,"long-day photoperiodism, flowering",0.7361142426956949,False,"""A change from the vegetative to the reproductive phase as a result of detection of, or exposure to, a period of light that exceeds the critical day length. The critical day length varies between species. Although the term is long-day is used, most species actually respond to the duration of the night, so that the response will occur when a period of darkness falls short of the number of hours defined by 24 minus the critical day length."" [GOC:jid, GOC:pj, ISBN:0582015952, ISBN:0697037754, ISBN:0709408862]",42,389,1,22737,0.002570694087403599,0.023809523809523808,query_1,"['GO:0048571', 'GO:0048573']"
GO:BP,GO:0170033,L-amino acid metabolic process,0.7375244153065866,False,"""The chemical reactions and pathways involving an L-amino acid."" [GOC:edw]",219,389,4,22737,0.010282776349614395,0.0182648401826484,query_1,['GO:1901605']
GO:BP,GO:0033037,polysaccharide localization,0.738141447876422,False,"""Any process in which a polysaccharide is transported to, or maintained in, a specific location."" [GOC:mah]",43,389,1,22737,0.002570694087403599,0.023255813953488372,query_1,['GO:0033036']
GO:BP,GO:0043622,cortical microtubule organization,0.738141447876422,False,"""A process that is carried out at the cellular level which results in the assembly, arrangement of constituent parts, or disassembly of structures formed of microtubules and associated proteins in the cell cortex, i.e. just beneath the plasma membrane of a cell."" [GOC:curators, GOC:dph, GOC:jl, GOC:mah]",43,389,1,22737,0.002570694087403599,0.023255813953488372,query_1,"['GO:0030865', 'GO:0031122']"
GO:BP,GO:0015833,peptide transport,0.738141447876422,False,"""The directed movement of peptides, compounds of two or more amino acids where the alpha carboxyl group of one is bound to the alpha amino group of another, into, out of or within a cell, or between cells, by means of some agent such as a transporter or pore."" [GOC:ai]",43,389,1,22737,0.002570694087403599,0.023255813953488372,query_1,['GO:0006810']
GO:BP,GO:0006857,oligopeptide transport,0.738141447876422,False,"""The directed movement of oligopeptides into, out of or within a cell, or between cells, by means of some agent such as a transporter or pore. Oligopeptides are molecules that contain a small number (2 to 20) of amino-acid residues connected by peptide linkages."" [ISBN:0198506732]",43,389,1,22737,0.002570694087403599,0.023255813953488372,query_1,"['GO:0015833', 'GO:0071705']"
GO:BP,GO:0071705,nitrogen compound transport,0.738141447876422,False,"""The directed movement of nitrogen-containing compounds into, out of or within a cell, or between cells, by means of some agent such as a transporter or pore."" [GOC:mah]",280,389,5,22737,0.012853470437017995,0.017857142857142856,query_1,['GO:0006810']
GO:BP,GO:0072596,establishment of protein localization to chloroplast,0.738141447876422,False,"""The directed movement of a protein to a specific location in a chloroplast."" [GOC:mah]",43,389,1,22737,0.002570694087403599,0.023255813953488372,query_1,['GO:0072594']
GO:BP,GO:0071897,DNA biosynthetic process,0.738141447876422,False,"""The biosynthetic process resulting in the formation of DNA."" [GOC:mah]",43,389,1,22737,0.002570694087403599,0.023255813953488372,query_1,"['GO:0006259', 'GO:0141187']"
GO:BP,GO:0009798,axis specification,0.738141447876422,False,"""The establishment, maintenance and elaboration of a pattern along a line or around a point."" [GOC:dph, GOC:go_curators, GOC:isa_complete]",43,389,1,22737,0.002570694087403599,0.023255813953488372,query_1,['GO:0007389']
GO:BP,GO:0006714,sesquiterpenoid metabolic process,0.7463623797860771,False,"""The chemical reactions and pathways involving sesquiterpenoid compounds, terpenoids with three isoprene units."" [ISBN:0198547684]",44,389,1,22737,0.002570694087403599,0.022727272727272728,query_1,['GO:0006721']
GO:BP,GO:0170039,proteinogenic amino acid metabolic process,0.7463623797860771,False,"""The chemical reactions and pathways involving any amino acid that is incorporated into protein naturally by ribosomal translation of mRNA, and that has a specific codon for translation from mRNA to protein."" [GOC:ew]",223,389,4,22737,0.010282776349614395,0.017937219730941704,query_1,"['GO:0006520', 'GO:0019752']"
GO:BP,GO:0010928,regulation of auxin mediated signaling pathway,0.7463623797860771,False,"""Any process that modulates the rate, frequency or extent of auxin mediated signaling pathway. Auxin mediated signaling pathway is the series of molecular signals generated in response to detection of auxin."" [GOC:dph, GOC:tb]",44,389,1,22737,0.002570694087403599,0.022727272727272728,query_1,"['GO:0009734', 'GO:0009966']"
GO:BP,GO:1905393,plant organ formation,0.7469356630870585,False,"""The process that gives rise to the plant organ. This process pertains to the initial formation of a structure from unspecified parts."" [GO_REF:0000081, GOC:tb, GOC:TermGenie]",104,389,2,22737,0.005141388174807198,0.019230769230769232,query_1,['GO:0048646']
GO:BP,GO:0010411,xyloglucan metabolic process,0.7496831367869746,False,"""The chemical reactions and pathways involving xyloglucan, the cross-linking glycan composed of (1->4)-beta-D-glucan backbone substituted at regular intervals with beta-D-xylosyl-(1->6) residues, which is present in the primary cell wall of most higher plants."" [GOC:tair_curators]",45,389,1,22737,0.002570694087403599,0.022222222222222223,query_1,['GO:0044042']
GO:BP,GO:0010043,response to zinc ion,0.7496831367869746,False,"""Any process that results in a change in state or activity of a cell or an organism (in terms of movement, secretion, enzyme production, gene expression, etc.) as a result of a zinc ion stimulus."" [GOC:sm]",45,389,1,22737,0.002570694087403599,0.022222222222222223,query_1,['GO:0010038']
GO:BP,GO:0010089,xylem development,0.7496831367869746,False,"""The formation of the principal water-conducting tissue of a vascular plant."" [GOC:tb, ISBN:0471245208]",45,389,1,22737,0.002570694087403599,0.022222222222222223,query_1,['GO:0010087']
GO:BP,GO:0120251,hydrocarbon biosynthetic process,0.7496831367869746,False,"""The chemical reactions and pathways resulting in the formation of a hydrocarbon, a compound consisting of carbon and hydrogen only."" [GOC:krc, Wikipedia:Hydrocarbon]",45,389,1,22737,0.002570694087403599,0.022222222222222223,query_1,"['GO:0009058', 'GO:0120252']"
GO:BP,GO:0006346,DNA methylation-dependent constitutive heterochromatin formation,0.7496831367869746,False,"""Formation of constitutive heterochromatin by a pathway that includes methylation of genomic DNA such as CpG islands."" [GOC:mah]",45,389,1,22737,0.002570694087403599,0.022222222222222223,query_1,['GO:0140719']
GO:BP,GO:0051247,positive regulation of protein metabolic process,0.7496831367869746,False,"""Any process that activates or increases the frequency, rate or extent of the chemical reactions and pathways involving a protein."" [GOC:ai]",45,389,1,22737,0.002570694087403599,0.022222222222222223,query_1,"['GO:0010604', 'GO:0019538', 'GO:0051246']"
GO:BP,GO:2000026,regulation of multicellular organismal development,0.7496831367869746,False,"""Any process that modulates the frequency, rate or extent of multicellular organismal development."" [GOC:obol]",345,389,6,22737,0.015424164524421594,0.017391304347826087,query_1,"['GO:0007275', 'GO:0050793', 'GO:0051239']"
GO:BP,GO:0016144,S-glycoside biosynthetic process,0.7522715166513668,False,"""The chemical reactions and pathways resulting in the formation of S-glycosides, any compound in which a glycosyl group has been substituted into a thiol group."" [ISBN:0198506732]",46,389,1,22737,0.002570694087403599,0.021739130434782608,query_1,"['GO:0044272', 'GO:1901659']"
GO:BP,GO:1905039,carboxylic acid transmembrane transport,0.7522715166513668,False,"""The process in which carboxylic acid is transported across a membrane."" [GO_REF:0000069, GOC:TermGenie, PMID:10869563]",46,389,1,22737,0.002570694087403599,0.021739130434782608,query_1,"['GO:0046942', 'GO:0055085']"
GO:BP,GO:0010449,root meristem growth,0.7522715166513668,False,"""The increase in size or mass of a root meristem, a population of undifferentiated cells in a plant root which maintains a continuous balance between the production of stem cells and the incorporation of their derivatives into the growth of the root."" [GOC:tb]",46,389,1,22737,0.002570694087403599,0.021739130434782608,query_1,"['GO:0035266', 'GO:0048364']"
GO:BP,GO:0042537,benzene-containing compound metabolic process,0.7522715166513668,False,"""The chemical reactions and pathways involving benzene, C6H6, a volatile, very inflammable liquid, contained in the naphtha produced by the destructive distillation of coal, from which it is separated by fractional distillation, or any of its derivatives."" [GOC:jl]",46,389,1,22737,0.002570694087403599,0.021739130434782608,query_1,['GO:0008152']
GO:BP,GO:0019761,glucosinolate biosynthetic process,0.7522715166513668,False,"""The chemical reactions and pathways resulting in the formation of glucosinolates, substituted thioglucosides found in rapeseed products and related cruciferae."" [GOC:ai]",46,389,1,22737,0.002570694087403599,0.021739130434782608,query_1,"['GO:0016144', 'GO:0019760']"
GO:BP,GO:0048571,long-day photoperiodism,0.7522715166513668,False,"""Any process that results in a change in state or activity of an organism (in terms of movement, secretion, enzyme production, gene expression, etc.) as a result of detection of, or exposure to, a day length that exceeds a particular duration known as the 'critical day length'. The critical day length varies between species. Although the term long-day is used, most species actually respond to the duration of the night, so that the response will occur when a period of darkness falls short of the number of hours defined by 24 hours minus the critical day length."" [GOC:jid, GOC:pj, ISBN:0582015952, ISBN:0697037754, ISBN:0709408862]",46,389,1,22737,0.002570694087403599,0.021739130434782608,query_1,['GO:0009648']
GO:BP,GO:0170035,L-amino acid catabolic process,0.7522715166513668,False,"""The chemical reactions and pathways resulting in the breakdown of an L-amino acid."" [GOC:edw]",46,389,1,22737,0.002570694087403599,0.021739130434782608,query_1,"['GO:0170033', 'GO:1901606']"
GO:BP,GO:0030865,cortical cytoskeleton organization,0.7553875175643586,False,"""A process that is carried out at the cellular level which results in the assembly, arrangement of constituent parts, or disassembly of cytoskeletal structures in the cell cortex, i.e. just beneath the plasma membrane."" [GOC:dph, GOC:jl, GOC:mah]",47,389,1,22737,0.002570694087403599,0.02127659574468085,query_1,['GO:0007010']
GO:BP,GO:0071554,cell wall organization or biogenesis,0.7553875175643586,False,"""A process that results in the biosynthesis of constituent macromolecules, assembly, arrangement of constituent parts, or disassembly of a cell wall."" [GOC:mah]",588,389,10,22737,0.02570694087403599,0.017006802721088437,query_1,['GO:0009987']
GO:BP,GO:0009081,branched-chain amino acid metabolic process,0.7553875175643586,False,"""The chemical reactions and pathways involving amino acids containing a branched carbon skeleton, comprising isoleucine, leucine and valine."" [GOC:ai]",47,389,1,22737,0.002570694087403599,0.02127659574468085,query_1,"['GO:0006520', 'GO:0019752']"
GO:BP,GO:0009555,pollen development,0.7553875175643586,False,"""The process whose specific outcome is the progression of the pollen grain over time, from its formation to the mature structure. The process begins with the meiosis of the microsporocyte to form four haploid microspores. The nucleus of each microspore then divides by mitosis to form a two-celled organism, the pollen grain, that contains a tube cell as well as a smaller generative cell. The pollen grain is surrounded by an elaborate cell wall. In some species, the generative cell immediately divides again to give a pair of sperm cells. In most flowering plants, however this division takes place later, in the tube that develops when a pollen grain germinates."" [GOC:mtg_plant, GOC:mtg_sensu, GOC:tb]",289,389,5,22737,0.012853470437017995,0.01730103806228374,query_1,['GO:0048229']
GO:BP,GO:0007267,cell-cell signaling,0.7553875175643586,False,"""Any process that mediates the transfer of information from one cell to another. This process includes signal transduction in the receiving cell and, where applicable, release of a ligand and any processes that actively facilitate its transport and presentation to the receiving cell. Examples include signaling via soluble ligands, via cell adhesion molecules and via gap junctions."" [GOC:dos, GOC:mah]",47,389,1,22737,0.002570694087403599,0.02127659574468085,query_1,"['GO:0007154', 'GO:0023052']"
GO:BP,GO:0000096,sulfur amino acid metabolic process,0.7553875175643586,False,"""The chemical reactions and pathways involving amino acids containing sulfur, comprising cysteine, homocysteine, methionine and selenocysteine."" [GOC:ai]",47,389,1,22737,0.002570694087403599,0.02127659574468085,query_1,"['GO:0006790', 'GO:0019752']"
GO:BP,GO:0000165,MAPK cascade,0.7553875175643586,False,"""An intracellular protein kinase cascade containing at least a MAP kinase (MAPK). It starts with the activation of a MAP3K, and the consecutive activation of a MPK2K and a MAPK. The cascade can also contain an additional tier: the upstream MAP4K. The kinases in each tier phosphorylate and activate the kinase in the downstream tier to transmit a signal within a cell."" [PMID:20811974, PMID:9561267]",47,389,1,22737,0.002570694087403599,0.02127659574468085,query_1,['GO:0141124']
GO:BP,GO:1902531,regulation of intracellular signal transduction,0.7582645826921879,False,"""Any process that modulates the frequency, rate or extent of intracellular signal transduction."" [GOC:dph, GOC:signaling, GOC:tb, GOC:TermGenie]",48,389,1,22737,0.002570694087403599,0.020833333333333332,query_1,"['GO:0009966', 'GO:0035556']"
GO:BP,GO:0009851,auxin biosynthetic process,0.7582645826921879,False,"""The chemical reactions and pathways resulting in the formation of auxins, plant hormones that regulate aspects of plant growth."" [GOC:lm, GOC:lr, ISBN:0122146743]",48,389,1,22737,0.002570694087403599,0.020833333333333332,query_1,"['GO:0009850', 'GO:0042446']"
GO:BP,GO:0140719,constitutive heterochromatin formation,0.7582645826921879,False,"""The compaction of chromatin into heterochromatin, a conformation that is refractory to transcription and in that involves the methylation of histone H3K9. Constitutive heterochromatin cannot be converted back to euchromatin, the transcriptionally-active conformation."" [PMID:17936700]",48,389,1,22737,0.002570694087403599,0.020833333333333332,query_1,['GO:0031507']
GO:BP,GO:0045893,positive regulation of DNA-templated transcription,0.7582645826921879,False,"""Any process that activates or increases the frequency, rate or extent of cellular DNA-templated transcription."" [GOC:go_curators, GOC:txnOH]",292,389,5,22737,0.012853470437017995,0.017123287671232876,query_1,"['GO:0006351', 'GO:0006355', 'GO:1902680']"
GO:BP,GO:1902680,positive regulation of RNA biosynthetic process,0.7582645826921879,False,"""Any process that activates or increases the frequency, rate or extent of RNA biosynthetic process."" [GO:jl, GO_REF:0000058, GOC:TermGenie]",292,389,5,22737,0.012853470437017995,0.017123287671232876,query_1,"['GO:0010557', 'GO:0032774', 'GO:0051254', 'GO:2001141']"
GO:BP,GO:0031122,cytoplasmic microtubule organization,0.7582645826921879,False,"""A process that is carried out at the cellular level which results in the assembly, arrangement of constituent parts, or disassembly of structures formed of microtubules and associated proteins in the cytoplasm of a cell."" [GOC:mah]",48,389,1,22737,0.002570694087403599,0.020833333333333332,query_1,"['GO:0000226', 'GO:0097435']"
GO:BP,GO:0002237,response to molecule of bacterial origin,0.7582645826921879,False,"""Any process that results in a change in state or activity of an organism (in terms of movement, secretion, enzyme production, gene expression, etc.) as a result of a stimulus by molecules of bacterial origin such as peptides derived from bacterial flagellin."" [GOC:rl, GOC:sm]",48,389,1,22737,0.002570694087403599,0.020833333333333332,query_1,"['GO:0009617', 'GO:0043207']"
GO:BP,GO:0045017,glycerolipid biosynthetic process,0.7642143122635764,False,"""The chemical reactions and pathways resulting in the formation of glycerolipids, any lipid with a glycerol backbone."" [GOC:ai]",111,389,2,22737,0.005141388174807198,0.018018018018018018,query_1,"['GO:0008610', 'GO:0046486']"
GO:BP,GO:0009668,plastid membrane organization,0.7661967582992797,False,"""A process that is carried out at the cellular level which results in the assembly, arrangement of constituent parts, or disassembly of either of the lipid bilayers surrounding a plastid."" [GOC:ai, GOC:dph, GOC:jl, GOC:mah]",49,389,1,22737,0.002570694087403599,0.02040816326530612,query_1,"['GO:0009657', 'GO:0061024']"
GO:BP,GO:0040007,growth,0.7793878074220498,False,"""The increase in size or mass of an entire organism, a part of an organism or a cell."" [GOC:bf, GOC:ma]",542,389,9,22737,0.02313624678663239,0.016605166051660517,query_1,['GO:0008150']
GO:BP,GO:0009860,pollen tube growth,0.7793878074220498,False,"""Growth of pollen via tip extension of the intine wall."" [ISBN:0943088399]",114,389,2,22737,0.005141388174807198,0.017543859649122806,query_1,"['GO:0003006', 'GO:0009932', 'GO:0048588', 'GO:0048868']"
GO:BP,GO:0061024,membrane organization,0.7793878074220498,False,"""A process which results in the assembly, arrangement of constituent parts, or disassembly of a membrane. A membrane is a double layer of lipid molecules that encloses all cells, and, in eukaryotes, many organelles; may be a single or double lipid bilayer; also includes associated proteins."" [GOC:dph, GOC:tb]",176,389,3,22737,0.007712082262210797,0.017045454545454544,query_1,['GO:0016043']
GO:BP,GO:0046395,carboxylic acid catabolic process,0.7814239756341591,False,"""The chemical reactions and pathways resulting in the breakdown of carboxylic acids, any organic acid containing one or more carboxyl (-COOH) groups."" [ISBN:0198506732]",115,389,2,22737,0.005141388174807198,0.017391304347826087,query_1,"['GO:0016054', 'GO:0019752']"
GO:BP,GO:0016054,organic acid catabolic process,0.7814239756341591,False,"""The chemical reactions and pathways resulting in the breakdown of organic acids, any acidic compound containing carbon in covalent linkage."" [ISBN:0198506732]",115,389,2,22737,0.005141388174807198,0.017391304347826087,query_1,"['GO:0006082', 'GO:0044282']"
GO:BP,GO:0048646,anatomical structure formation involved in morphogenesis,0.7814239756341591,False,"""The developmental process pertaining to the initial formation of an anatomical structure from unspecified parts. This process begins with the specific processes that contribute to the appearance of the discrete structure and ends when the structural rudiment is recognizable. An anatomical structure is any biological entity that occupies space and is distinguished from its surroundings. Anatomical structures can be macroscopic such as a carpel, or microscopic such as an acrosome."" [GOC:dph, GOC:jid, GOC:tb]",177,389,3,22737,0.007712082262210797,0.01694915254237288,query_1,"['GO:0009653', 'GO:0032502']"
GO:BP,GO:0010608,post-transcriptional regulation of gene expression,0.7814239756341591,False,"""Any process that modulates the frequency, rate or extent of gene expression after the production of an RNA transcript."" [GOC:dph, GOC:tb]",239,389,4,22737,0.010282776349614395,0.016736401673640166,query_1,['GO:0010468']
GO:BP,GO:0170040,proteinogenic amino acid catabolic process,0.782256177557923,False,"""The chemical reactions and pathways resulting in the breakdown of any amino acid that is incorporated into protein naturally by ribosomal translation of mRNA, and that has a specific codon for translation from mRNA to protein."" [GOC:ew]",52,389,1,22737,0.002570694087403599,0.019230769230769232,query_1,"['GO:0046395', 'GO:0170039']"
GO:BP,GO:0061025,membrane fusion,0.782256177557923,False,"""The membrane organization process that joins two lipid bilayers to form a single membrane."" [GOC:dph, GOC:tb]",52,389,1,22737,0.002570694087403599,0.019230769230769232,query_1,['GO:0061024']
GO:BP,GO:1901420,negative regulation of response to alcohol,0.782256177557923,False,"""Any process that stops, prevents or reduces the frequency, rate or extent of response to alcohol."" [GOC:mengo_curators, GOC:TermGenie]",52,389,1,22737,0.002570694087403599,0.019230769230769232,query_1,"['GO:0048585', 'GO:0097305', 'GO:1901419']"
GO:BP,GO:0009788,negative regulation of abscisic acid-activated signaling pathway,0.782256177557923,False,"""Any process that stops, prevents, or reduces the frequency, rate or extent of abscisic acid (ABA) signaling."" [GOC:lr]",52,389,1,22737,0.002570694087403599,0.019230769230769232,query_1,"['GO:0009738', 'GO:0009787', 'GO:0009968', 'GO:1905958']"
GO:BP,GO:1905958,negative regulation of cellular response to alcohol,0.782256177557923,False,"""Any process that stops, prevents or reduces the frequency, rate or extent of cellular response to alcohol."" [GO_REF:0000058, GOC:TermGenie, PMID:26434723]",52,389,1,22737,0.002570694087403599,0.019230769230769232,query_1,"['GO:0048523', 'GO:0097306', 'GO:1901420', 'GO:1905957']"
GO:BP,GO:0048518,positive regulation of biological process,0.7851921238407656,False,"""Any process that activates or increases the frequency, rate or extent of a biological process. Biological processes are regulated by many means; examples include the control of gene expression, protein modification or interaction with a protein or substrate molecule."" [GOC:jid]",910,389,15,22737,0.038560411311053984,0.016483516483516484,query_1,"['GO:0008150', 'GO:0050789']"
GO:BP,GO:0006576,biogenic amine metabolic process,0.7882412330900797,False,"""The chemical reactions and pathways occurring at the level of individual cells involving any of a group of naturally occurring, biologically active amines, such as norepinephrine, histamine, and serotonin, many of which act as neurotransmitters."" [GOC:jl, ISBN:0395825172]",53,389,1,22737,0.002570694087403599,0.018867924528301886,query_1,['GO:0009308']
GO:BP,GO:0071322,cellular response to carbohydrate stimulus,0.7882412330900797,False,"""Any process that results in a change in state or activity of a cell (in terms of movement, secretion, enzyme production, gene expression, etc.) as a result of a carbohydrate stimulus."" [GOC:mah]",53,389,1,22737,0.002570694087403599,0.018867924528301886,query_1,"['GO:0009743', 'GO:1901701']"
GO:BP,GO:0062197,cellular response to chemical stress,0.7902916239422695,False,"""Any process that results in a change in state or activity of a cell (in terms of movement, secretion, enzyme production, gene expression, etc.) as a result of a chemical stimulus indicating the organism is under stress."" [PMID:26653712]",118,389,2,22737,0.005141388174807198,0.01694915254237288,query_1,"['GO:0033554', 'GO:0070887']"
GO:BP,GO:1901136,carbohydrate derivative catabolic process,0.792022141616846,False,"""The chemical reactions and pathways resulting in the breakdown of carbohydrate derivative."" [GOC:TermGenie]",119,389,2,22737,0.005141388174807198,0.01680672268907563,query_1,"['GO:0009056', 'GO:1901135']"
GO:BP,GO:0019722,calcium-mediated signaling,0.792022141616846,False,"""Any intracellular signal transduction in which the signal is passed on within the cell via calcium ions."" [GOC:signaling]",54,389,1,22737,0.002570694087403599,0.018518518518518517,query_1,['GO:0141124']
GO:BP,GO:0090332,stomatal closure,0.792022141616846,False,"""The process of closing of stomata, pores in the epidermis of leaves and stems bordered by two guard cells and serving in gas exchange."" [GOC:tb]",54,389,1,22737,0.002570694087403599,0.018518518518518517,query_1,['GO:0010118']
GO:BP,GO:1900424,regulation of defense response to bacterium,0.792022141616846,False,"""Any process that modulates the frequency, rate or extent of defense response to bacterium."" [GOC:TermGenie, PMID:22346749]",54,389,1,22737,0.002570694087403599,0.018518518518518517,query_1,"['GO:0002831', 'GO:0031347', 'GO:0032101', 'GO:0042742']"
GO:BP,GO:1901606,alpha-amino acid catabolic process,0.7985238442649816,False,"""The chemical reactions and pathways resulting in the breakdown of an alpha-amino acid."" [GOC:TermGenie]",55,389,1,22737,0.002570694087403599,0.01818181818181818,query_1,"['GO:0009063', 'GO:0046395', 'GO:1901605']"
GO:BP,GO:0071470,cellular response to osmotic stress,0.7985238442649816,False,"""Any process that results in a change in state or activity of a cell (in terms of movement, secretion, enzyme production, gene expression, etc.) as a result of a stimulus indicating an increase or decrease in the concentration of solutes outside the organism or cell."" [GOC:mah]",55,389,1,22737,0.002570694087403599,0.01818181818181818,query_1,"['GO:0006970', 'GO:0062197', 'GO:0071214']"
GO:BP,GO:0006629,lipid metabolic process,0.8010960528745389,False,"""The chemical reactions and pathways involving lipids, compounds soluble in an organic solvent but not, or sparingly, in an aqueous solvent. Includes fatty acids; neutral fats, other fatty-acid esters, and soaps; long-chain (fatty) alcohols and waxes; sphingoids and other long-chain bases; glycolipids, phospholipids and sphingolipids; and carotenes, polyprenols, sterols, terpenes and other isoprenoids."" [GOC:ma]",922,389,15,22737,0.038560411311053984,0.016268980477223426,query_1,['GO:0044238']
GO:BP,GO:0009739,response to gibberellin,0.8111206012257013,False,"""Any process that results in a change in state or activity of a cell or an organism (in terms of movement, secretion, enzyme production, gene expression, etc.) as a result of a gibberellin stimulus."" [GOC:jl]",123,389,2,22737,0.005141388174807198,0.016260162601626018,query_1,"['GO:0009725', 'GO:0033993', 'GO:1901700']"
GO:BP,GO:1901659,glycosyl compound biosynthetic process,0.8120264316078596,False,"""The chemical reactions and pathways resulting in the formation of glycosyl compound."" [GOC:pr, GOC:TermGenie]",57,389,1,22737,0.002570694087403599,0.017543859649122806,query_1,['GO:1901137']
GO:BP,GO:0065008,regulation of biological quality,0.8120264316078596,False,"""Any process that modulates a qualitative or quantitative trait of a biological quality. A biological quality is a measurable attribute of an organism or part of an organism, such as size, mass, shape, color, etc."" [GOC:dph, GOC:isa_complete, GOC:mah, GOC:pr, GOC:vw]",439,389,7,22737,0.017994858611825194,0.015945330296127564,query_1,['GO:0065007']
GO:BP,GO:0042542,response to hydrogen peroxide,0.8184663251808145,False,"""Any process that results in a change in state or activity of a cell or an organism (in terms of movement, secretion, enzyme production, gene expression, etc.) as a result of a hydrogen peroxide (H2O2) stimulus."" [GOC:jl]",58,389,1,22737,0.002570694087403599,0.017241379310344827,query_1,['GO:0000302']
GO:BP,GO:0046890,regulation of lipid biosynthetic process,0.8233022589500079,False,"""Any process that modulates the frequency, rate or extent of the chemical reactions and pathways resulting in the formation of lipids."" [GOC:ai]",59,389,1,22737,0.002570694087403599,0.01694915254237288,query_1,"['GO:0008610', 'GO:0009889', 'GO:0019216']"
GO:BP,GO:0048653,anther development,0.8233022589500079,False,"""The process whose specific outcome is the progression of the anther over time, from its formation to the mature structure."" [GOC:jid, GOC:sm]",59,389,1,22737,0.002570694087403599,0.01694915254237288,query_1,"['GO:0003006', 'GO:0048443', 'GO:0048856']"
GO:BP,GO:0120255,olefinic compound biosynthetic process,0.8233022589500079,False,"""The chemical reactions and pathways resulting in the formation of an olefinic compound, any compound which contains a carbon-carbon double bond (aka C=C)."" [GOC:krc]",59,389,1,22737,0.002570694087403599,0.01694915254237288,query_1,"['GO:0009058', 'GO:0120254']"
GO:BP,GO:0016042,lipid catabolic process,0.824328323470901,False,"""The chemical reactions and pathways resulting in the breakdown of lipids, compounds soluble in an organic solvent but not, or sparingly, in an aqueous solvent."" [GOC:go_curators]",192,389,3,22737,0.007712082262210797,0.015625,query_1,"['GO:0006629', 'GO:0009056']"
GO:BP,GO:1901605,alpha-amino acid metabolic process,0.8266239056952605,False,"""The chemical reactions and pathways involving an alpha-amino acid."" [GOC:TermGenie]",257,389,4,22737,0.010282776349614395,0.01556420233463035,query_1,"['GO:0006520', 'GO:0019752']"
GO:BP,GO:0010286,heat acclimation,0.8279614608738839,False,"""Any process that increases heat tolerance of an organism in response to high temperatures."" [GOC:tair_curators]",60,389,1,22737,0.002570694087403599,0.016666666666666666,query_1,['GO:0009408']
GO:BP,GO:0031507,heterochromatin formation,0.8346564699043453,False,"""An epigenetic gene silencing mechanism in which chromatin is compacted into heterochromatin, resulting in a chromatin conformation refractory to transcription. This process starts with heterochromatin nucleation, its spreading, and ends with heterochromatin boundary formation."" [PMID:25192661, PMID:33827924]",61,389,1,22737,0.002570694087403599,0.01639344262295082,query_1,"['GO:0022607', 'GO:0045814', 'GO:0070828']"
GO:BP,GO:0141124,intracellular signaling cassette,0.8417606312866743,False,"""An intracellular signaling module that is part of larger signaling pathways that can be initiated either intracellularly or by cell surface receptors. Intracellular signaling cassettes are discrete signaling units that are often shared by multiple signaling pathways."" [GOC:ha, GOC:pg]",131,389,2,22737,0.005141388174807198,0.015267175572519083,query_1,['GO:0035556']
GO:BP,GO:0044085,cellular component biogenesis,0.8417606312866743,False,"""A process that results in the biosynthesis of constituent macromolecules, assembly, and arrangement of constituent parts of a cellular component. Includes biosynthesis of constituent macromolecules, and those macromolecular modifications that are involved in synthesis or assembly of the cellular component."" [GOC:jl, GOC:mah]",1070,389,17,22737,0.043701799485861184,0.01588785046728972,query_1,['GO:0071840']
GO:BP,GO:0051254,positive regulation of RNA metabolic process,0.8499791434537181,False,"""Any process that activates or increases the frequency, rate or extent of the chemical reactions and pathways involving RNA."" [GOC:ai]",329,389,5,22737,0.012853470437017995,0.015197568389057751,query_1,"['GO:0010604', 'GO:0016070', 'GO:0051252']"
GO:BP,GO:0046165,alcohol biosynthetic process,0.8527210509364541,False,"""The chemical reactions and pathways resulting in the formation of alcohols, any of a class of compounds containing one or more hydroxyl groups attached to a saturated carbon atom."" [GOC:ai]",64,389,1,22737,0.002570694087403599,0.015625,query_1,"['GO:0006066', 'GO:0044283']"
GO:BP,GO:0016311,dephosphorylation,0.8527329673101537,False,"""The process of removing one or more phosphoric (ester or anhydride) residues from a molecule."" [ISBN:0198506732]",134,389,2,22737,0.005141388174807198,0.014925373134328358,query_1,['GO:0006796']
GO:BP,GO:0034654,nucleobase-containing compound biosynthetic process,0.8527329673101537,False,"""The chemical reactions and pathways resulting in the formation of nucleobases, nucleosides, nucleotides and nucleic acids."" [GOC:mah]",3011,389,49,22737,0.12596401028277635,0.016273663234805714,query_1,"['GO:0006139', 'GO:0009058']"
GO:BP,GO:0005982,starch metabolic process,0.8543205332994613,False,"""The chemical reactions and pathways involving starch, the most important reserve polysaccharide in plants. It is a glucan consisting of two components, amylose and amylopectin, which are both glucose homopolymers. Starch is synthesized as a temporary storage form of carbon and can be catabolized to produce sucrose."" [ISBN:0198506732]",65,389,1,22737,0.002570694087403599,0.015384615384615385,query_1,['GO:0044042']
GO:BP,GO:0006644,phospholipid metabolic process,0.8543205332994613,False,"""The chemical reactions and pathways involving phospholipids, any lipid containing phosphoric acid as a mono- or diester."" [ISBN:0198506732]",202,389,3,22737,0.007712082262210797,0.01485148514851485,query_1,"['GO:0006629', 'GO:0006796', 'GO:0019637']"
GO:BP,GO:0070828,heterochromatin organization,0.8543205332994613,False,"""Any process that results in the specification, formation or maintenance of the physical structure of eukaryotic heterochromatin, a compact and highly condensed form of chromatin."" [GOC:mah]",65,389,1,22737,0.002570694087403599,0.015384615384615385,query_1,['GO:0006325']
GO:BP,GO:0048527,lateral root development,0.8571147846489449,False,"""The process whose specific outcome is the progression of the lateral root over time, from its formation to the mature structure. A lateral root is one formed from pericycle cells located on the xylem radius of the root, as opposed to the initiation of the main root from the embryo proper."" [GOC:tb]",136,389,2,22737,0.005141388174807198,0.014705882352941176,query_1,['GO:0048528']
GO:BP,GO:0055082,intracellular chemical homeostasis,0.8571147846489449,False,"""A homeostatic process involved in the maintenance of a steady state level of a chemical within a cell."" [GOC:isa_complete, GOC:jid]",136,389,2,22737,0.005141388174807198,0.014705882352941176,query_1,"['GO:0019725', 'GO:0048878']"
GO:BP,GO:0006457,protein folding,0.8634887903992601,False,"""The process of assisting in the covalent and noncovalent assembly of single chain polypeptides or multisubunit complexes into the correct tertiary structure."" [GOC:go_curators, GOC:rb]",138,389,2,22737,0.005141388174807198,0.014492753623188406,query_1,"['GO:0009987', 'GO:0051604']"
GO:BP,GO:0046686,response to cadmium ion,0.8634887903992601,False,"""Any process that results in a change in state or activity of a cell or an organism (in terms of movement, secretion, enzyme production, gene expression, etc.) as a result of a cadmium (Cd) ion stimulus."" [GOC:ai]",67,389,1,22737,0.002570694087403599,0.014925373134328358,query_1,['GO:0010038']
GO:BP,GO:0009932,cell tip growth,0.8634887903992601,False,"""Growth that occurs specifically at the tip of a cell."" [GOC:jid]",138,389,2,22737,0.005141388174807198,0.014492753623188406,query_1,['GO:0009826']
GO:BP,GO:0030258,lipid modification,0.8683249299951312,False,"""The covalent alteration of one or more fatty acids in a lipid, resulting in a change in the properties of the lipid."" [GOC:mah]",68,389,1,22737,0.002570694087403599,0.014705882352941176,query_1,['GO:0006629']
GO:BP,GO:0002239,response to oomycetes,0.8704527556672177,False,"""Any process that results in a change in state or activity of a cell or an organism (in terms of movement, secretion, enzyme production, gene expression, etc.) as a result of a stimulus from an oomycetes."" [GOC:add, PMID:16497589]",69,389,1,22737,0.002570694087403599,0.014492753623188406,query_1,['GO:0051707']
GO:BP,GO:0016036,cellular response to phosphate starvation,0.8704527556672177,False,"""Any process that results in a change in state or activity of a cell (in terms of movement, secretion, enzyme production, gene expression, etc.) as a result of deprivation of phosphate."" [GOC:jl]",69,389,1,22737,0.002570694087403599,0.014492753623188406,query_1,['GO:0009267']
GO:BP,GO:0010102,lateral root morphogenesis,0.8704527556672177,False,"""The process in which the anatomical structures of a lateral root are generated and organized. A lateral root is one formed from pericycle cells located on the xylem radius of the root, as opposed to the initiation of the main root from the embryo proper."" [GOC:tair_curators]",69,389,1,22737,0.002570694087403599,0.014492753623188406,query_1,"['GO:0010101', 'GO:0048527']"
GO:BP,GO:0006865,amino acid transport,0.8704527556672177,False,"""The directed movement of amino acids, organic acids containing one or more amino substituents, into, out of or within a cell, or between cells, by means of some agent such as a transporter or pore."" [GOC:ai]",69,389,1,22737,0.002570694087403599,0.014492753623188406,query_1,['GO:0006810']
GO:BP,GO:0048507,meristem development,0.8707977827734873,False,"""The process whose specific outcome is the progression of the meristem over time, from its formation to the mature structure."" [GOC:jid]",276,389,4,22737,0.010282776349614395,0.014492753623188406,query_1,['GO:0009888']
GO:BP,GO:0048573,"photoperiodism, flowering",0.8713245299044023,False,"""A change from the vegetative to the reproductive phase as a result of detection of, or exposure to, a period of light or dark of a given length. The length of the period of light or dark required to initiate the change is set relative to a particular duration known as the 'critical day length'. The critical day length varies between species."" [GOC:jid, GOC:pj, ISBN:0582015952, ISBN:0697037754, ISBN:0709408862]",142,389,2,22737,0.005141388174807198,0.014084507042253521,query_1,"['GO:0009648', 'GO:0010228']"
GO:BP,GO:0010101,post-embryonic root morphogenesis,0.8713245299044023,False,"""The process in which the anatomical structures of the post-embryonic root are generated and organized. The post-embryonic root is the root formed after the embryonic phase has been completed."" [GOC:tb]",70,389,1,22737,0.002570694087403599,0.014285714285714285,query_1,"['GO:0010015', 'GO:0048528', 'GO:0090697']"
GO:BP,GO:0015748,organophosphate ester transport,0.8713245299044023,False,"""The directed movement of organophosphate esters into, out of or within a cell, or between cells, by means of some agent such as a transporter or pore. Organophosphate esters are small organic molecules containing phosphate ester bonds."" [GOC:mcc]",70,389,1,22737,0.002570694087403599,0.014285714285714285,query_1,['GO:0006810']
GO:BP,GO:0009740,gibberellic acid mediated signaling pathway,0.8713245299044023,False,"""The series of molecular signals mediated by the detection of gibberellic acid."" [GOC:sm]",70,389,1,22737,0.002570694087403599,0.014285714285714285,query_1,['GO:0010476']
GO:BP,GO:0010476,gibberellin mediated signaling pathway,0.8754293324006318,False,"""The series of molecular signals generated as a consequence of gibberellin stimulus."" [PMID:17521411]",71,389,1,22737,0.002570694087403599,0.014084507042253521,query_1,"['GO:0009755', 'GO:0071370']"
GO:BP,GO:0019216,regulation of lipid metabolic process,0.8754293324006318,False,"""Any process that modulates the frequency, rate or extent of the chemical reactions and pathways involving lipids."" [GOC:go_curators]",71,389,1,22737,0.002570694087403599,0.014084507042253521,query_1,"['GO:0006629', 'GO:0080090']"
GO:BP,GO:0009734,auxin-activated signaling pathway,0.8766873348937695,False,"""The series of molecular signals generated by the binding of the plant hormone auxin to a receptor, and ending with modulation of a downstream cellular process, e.g. transcription."" [GOC:mah, GOC:sm, PMID:16990790, PMID:18647826]",213,389,3,22737,0.007712082262210797,0.014084507042253521,query_1,"['GO:0009755', 'GO:0071365']"
GO:BP,GO:0010629,negative regulation of gene expression,0.8767982653247475,False,"""Any process that decreases the frequency, rate or extent of gene expression. Gene expression is the process in which a gene's coding sequence is converted into a mature gene product (protein or RNA)."" [GOC:txnOH-2018]",347,389,5,22737,0.012853470437017995,0.01440922190201729,query_1,"['GO:0010467', 'GO:0010468', 'GO:0010558']"
GO:BP,GO:0065003,protein-containing complex assembly,0.8767982653247475,False,"""The aggregation, arrangement and bonding together of a set of macromolecules to form a protein-containing complex."" [GOC:jl]",412,389,6,22737,0.015424164524421594,0.014563106796116505,query_1,"['GO:0022607', 'GO:0043933']"
GO:BP,GO:0006414,translational elongation,0.8810066129556338,False,"""The successive addition of amino acid residues to a nascent polypeptide chain during protein biosynthesis."" [GOC:ems]",73,389,1,22737,0.002570694087403599,0.0136986301369863,query_1,"['GO:0006412', 'GO:0009059']"
GO:BP,GO:0044282,small molecule catabolic process,0.8810066129556338,False,"""The chemical reactions and pathways resulting in the breakdown of small molecules, any low molecular weight, monomeric, non-encoded molecule."" [GOC:curators, GOC:vw]",146,389,2,22737,0.005141388174807198,0.0136986301369863,query_1,"['GO:0009056', 'GO:0044281']"
GO:BP,GO:0006109,regulation of carbohydrate metabolic process,0.8810066129556338,False,"""Any process that modulates the frequency, rate or extent of the chemical reactions and pathways involving carbohydrates."" [GOC:go_curators]",73,389,1,22737,0.002570694087403599,0.0136986301369863,query_1,"['GO:0005975', 'GO:0080090']"
GO:BP,GO:0008654,phospholipid biosynthetic process,0.8830373650668825,False,"""The chemical reactions and pathways resulting in the formation of a phospholipid, a lipid containing phosphoric acid as a mono- or diester."" [ISBN:0198506732]",147,389,2,22737,0.005141388174807198,0.013605442176870748,query_1,"['GO:0006644', 'GO:0008610', 'GO:0090407']"
GO:BP,GO:0006813,potassium ion transport,0.8847284099685351,False,"""The directed movement of potassium ions (K+) into, out of or within a cell, or between cells, by means of some agent such as a transporter or pore."" [GOC:ai]",74,389,1,22737,0.002570694087403599,0.013513513513513514,query_1,['GO:0030001']
GO:BP,GO:0048528,post-embryonic root development,0.8892551202896545,False,"""The process whose specific outcome is the progression of the post-embryonic root over time, from its formation to the mature structure."" [GOC:tb]",149,389,2,22737,0.005141388174807198,0.013422818791946308,query_1,"['GO:0048364', 'GO:0090696']"
GO:BP,GO:0010557,positive regulation of macromolecule biosynthetic process,0.8920561506326906,False,"""Any process that increases the rate, frequency or extent of the chemical reactions and pathways resulting in the formation of a macromolecule, any molecule of high relative molecular mass, the structure of which essentially comprises the multiple repetition of units derived, actually or conceptually, from molecules of low relative molecular mass."" [GOC:dph, GOC:tb]",356,389,5,22737,0.012853470437017995,0.014044943820224719,query_1,"['GO:0009059', 'GO:0009891', 'GO:0010556', 'GO:0010604']"
GO:BP,GO:0048532,anatomical structure arrangement,0.8920561506326906,False,"""The process that gives rise to the configuration of the constituent parts of an anatomical structure. This process pertains to the physical shaping of a rudimentary structure. Anatomical structures can be macroscopic such as a carpel, or microscopic such as an acrosome."" [GOC:go_curators]",76,389,1,22737,0.002570694087403599,0.013157894736842105,query_1,"['GO:0009653', 'GO:0032502']"
GO:BP,GO:0030003,intracellular monoatomic cation homeostasis,0.8920561506326906,False,"""A homeostatic process involved in the maintenance of a steady state level of monoatomic cations within a cell. Monatomic cations (also called simple cations) are cations consisting of exactly one atom."" [GOC:ceb, GOC:mah]",76,389,1,22737,0.002570694087403599,0.013157894736842105,query_1,"['GO:0006873', 'GO:0055080']"
GO:BP,GO:0010118,stomatal movement,0.8930074511640962,False,"""The process of opening or closing of stomata, which is directly related to the stomatal conductance (measuring rate of passage of either water vapor or carbon dioxide (CO2) through stomata)."" [GOC:sm]",151,389,2,22737,0.005141388174807198,0.013245033112582781,query_1,['GO:0009987']
GO:BP,GO:0009648,photoperiodism,0.8948044486990248,False,"""Any process that results in a change in state or activity of an organism (in terms of movement, secretion, enzyme production, gene expression, etc.) as a result of detection of, or exposure to, a period of light or dark of a given length, measured relative to a particular duration known as the 'critical day length'. The critical day length varies between species."" [GOC:jid, GOC:pj, ISBN:0582015952, ISBN:0697037754, ISBN:0709408862]",152,389,2,22737,0.005141388174807198,0.013157894736842105,query_1,['GO:0009416']
GO:BP,GO:0009627,systemic acquired resistance,0.8948044486990248,False,"""The salicylic acid-mediated response to a pathogen which confers broad spectrum resistance."" [GOC:lr, Wikipedia:Systemic_acquired_resistance]",77,389,1,22737,0.002570694087403599,0.012987012987012988,query_1,['GO:0140546']
GO:BP,GO:0032787,monocarboxylic acid metabolic process,0.8973086400672138,False,"""The chemical reactions and pathways involving monocarboxylic acids, any organic acid containing one carboxyl (COOH) group or anion (COO-)."" [GOC:vk]",426,389,6,22737,0.015424164524421594,0.014084507042253521,query_1,['GO:0019752']
GO:BP,GO:0042446,hormone biosynthetic process,0.8973086400672138,False,"""The chemical reactions and pathways resulting in the formation of any hormone, naturally occurring substances secreted by specialized cells that affects the metabolism or behavior of other cells possessing functional receptors for the hormone."" [GOC:jl]",78,389,1,22737,0.002570694087403599,0.01282051282051282,query_1,"['GO:0009058', 'GO:0042445']"
GO:BP,GO:0006508,proteolysis,0.9023738695770068,False,"""The hydrolysis of proteins into smaller polypeptides and/or amino acids by cleavage of their peptide bonds."" [GOC:bf, GOC:mah]",429,389,6,22737,0.015424164524421594,0.013986013986013986,query_1,['GO:0019538']
GO:BP,GO:0044272,sulfur compound biosynthetic process,0.9059933791001561,False,"""The chemical reactions and pathways resulting in the formation of compounds that contain sulfur, such as the amino acids methionine and cysteine or the tripeptide glutathione."" [GOC:jl]",156,389,2,22737,0.005141388174807198,0.01282051282051282,query_1,"['GO:0006790', 'GO:0009058']"
GO:BP,GO:0010604,positive regulation of macromolecule metabolic process,0.9072541410717099,False,"""Any process that increases the frequency, rate or extent of the chemical reactions and pathways involving macromolecules, any molecule of high relative molecular mass, the structure of which essentially comprises the multiple repetition of units derived, actually or conceptually, from molecules of low relative molecular mass."" [GOC:dph, GOC:tb]",432,389,6,22737,0.015424164524421594,0.013888888888888888,query_1,"['GO:0009893', 'GO:0043170', 'GO:0060255']"
GO:BP,GO:0048438,floral whorl development,0.9108441056416069,False,"""The process whose specific outcome is the progression of a floral whorl over time, from its formation to the mature structure. A floral whorl is a circular arrangement of parts of a flower arising from a stem of a plant."" [GOC:dph, GOC:go_curators, GOC:PO_curators, GOC:tb, PO:0025023]",159,389,2,22737,0.005141388174807198,0.012578616352201259,query_1,"['GO:0003006', 'GO:0009908', 'GO:0048856']"
GO:BP,GO:0048589,developmental growth,0.9108441056416069,False,"""The increase in size or mass of an entire organism, a part of an organism or a cell, where the increase in size or mass has the specific outcome of the progression of the organism over time from one condition to another."" [GOC:go_curators]",437,389,6,22737,0.015424164524421594,0.013729977116704805,query_1,"['GO:0032502', 'GO:0040007']"
GO:BP,GO:0006873,intracellular monoatomic ion homeostasis,0.9108441056416069,False,"""A homeostatic process involved in the maintenance of a steady state level of monoatomic ions within a cell. Monatomic ions (also called simple ions) are ions consisting of exactly one atom."" [GOC:mah]",83,389,1,22737,0.002570694087403599,0.012048192771084338,query_1,"['GO:0050801', 'GO:0055082']"
GO:BP,GO:0098657,import into cell,0.9108441056416069,False,"""The directed movement of some substance from outside of a cell into a cell. This may occur via transport across the plasma membrane or via endocytosis."" [GOC:dos]",82,389,1,22737,0.002570694087403599,0.012195121951219513,query_1,['GO:0006810']
GO:BP,GO:0009626,plant-type hypersensitive response,0.9108441056416069,False,"""The rapid, localized death of plant cells in response to invasion by a pathogen."" [ISBN:0582227089]",83,389,1,22737,0.002570694087403599,0.012048192771084338,query_1,"['GO:0033554', 'GO:0034050', 'GO:0045087']"
GO:BP,GO:0009072,aromatic amino acid metabolic process,0.9108441056416069,False,"""The chemical reactions and pathways involving aromatic amino acid family, amino acids with aromatic ring (phenylalanine, tyrosine, tryptophan)."" [GOC:go_curators]",82,389,1,22737,0.002570694087403599,0.012195121951219513,query_1,"['GO:0006520', 'GO:0019752']"
GO:BP,GO:0071365,cellular response to auxin stimulus,0.9108441056416069,False,"""Any process that results in a change in state or activity of a cell (in terms of movement, secretion, enzyme production, gene expression, etc.) as a result of an auxin stimulus."" [GOC:mah]",230,389,3,22737,0.007712082262210797,0.013043478260869565,query_1,"['GO:0009733', 'GO:0032870']"
GO:BP,GO:0071370,cellular response to gibberellin stimulus,0.9108441056416069,False,"""Any process that results in a change in state or activity of a cell (in terms of movement, secretion, enzyme production, gene expression, etc.) as a result of a gibberellin stimulus."" [GOC:mah]",83,389,1,22737,0.002570694087403599,0.012048192771084338,query_1,"['GO:0009739', 'GO:0032870', 'GO:0071396', 'GO:1901701']"
GO:BP,GO:0034050,symbiont-induced defense-related programmed cell death,0.9146008679058515,False,"""Cell death resulting from activation of endogenous cellular processes after interaction with a symbiont (defined as the smaller of two, or more, organisms engaged in symbiosis, a close interaction encompassing mutualism through parasitism). This can be triggered by direct interaction with the organism, for example, contact with penetrating hyphae of a fungus; or an indirect interaction such as symbiont-secreted molecules."" [GOC:pamgo_curators]",84,389,1,22737,0.002570694087403599,0.011904761904761904,query_1,"['GO:0012501', 'GO:0140546']"
GO:BP,GO:0019725,cellular homeostasis,0.9156478713093109,False,"""Any process involved in the maintenance of an internal steady state at the level of the cell."" [GOC:isa_complete, GOC:jl, ISBN:0395825172]",162,389,2,22737,0.005141388174807198,0.012345679012345678,query_1,['GO:0042592']
GO:BP,GO:0009060,aerobic respiration,0.9180349319843186,False,"""The enzymatic release of energy from inorganic and organic compounds (especially carbohydrates and fats) which requires oxygen as the terminal electron acceptor."" [GOC:das, GOC:jl, ISBN:0140513590]",163,389,2,22737,0.005141388174807198,0.012269938650306749,query_1,['GO:0045333']
GO:BP,GO:0006605,protein targeting,0.920702484917057,False,"""The process of targeting specific proteins to particular regions of the cell, typically membrane-bounded subcellular organelles. Usually requires an organelle specific protein sequence motif."" [GOC:ma]",86,389,1,22737,0.002570694087403599,0.011627906976744186,query_1,['GO:0045184']
GO:BP,GO:0009888,tissue development,0.9235214676127347,False,"""The process whose specific outcome is the progression of a tissue over time, from its formation to the mature structure."" [ISBN:0471245208]",645,389,9,22737,0.02313624678663239,0.013953488372093023,query_1,['GO:0048856']
GO:BP,GO:0016070,RNA metabolic process,0.9237616793862199,False,"""The cellular chemical reactions and pathways involving RNA, ribonucleic acid, one of the two main type of nucleic acid, consisting of a long, unbranched macromolecule formed from ribonucleotides joined in 3',5'-phosphodiester linkage."" [ISBN:0198506732]",3079,389,48,22737,0.12339331619537275,0.015589477102955504,query_1,['GO:0090304']
GO:BP,GO:0009987,cellular process,0.9244007819641531,False,"""Any process that is carried out at the cellular level, but not necessarily restricted to a single cell. For example, cell communication occurs among more than one cell, but occurs at the cellular level."" [GOC:go_curators, GOC:isa_complete]",13206,389,219,22737,0.5629820051413882,0.016583371194911403,query_1,['GO:0008150']
GO:BP,GO:0062012,regulation of small molecule metabolic process,0.9253030096389203,False,"""Any process that modulates the rate, frequency or extent of a small molecule metabolic process."" [GOC:vw]",88,389,1,22737,0.002570694087403599,0.011363636363636364,query_1,"['GO:0019222', 'GO:0044281']"
GO:BP,GO:0044281,small molecule metabolic process,0.9254455414182042,False,"""The chemical reactions and pathways involving small molecules, any low molecular weight, monomeric, non-encoded molecule."" [GOC:curators, GOC:pde, GOC:vw]",1418,389,21,22737,0.05398457583547558,0.014809590973201692,query_1,['GO:0008152']
GO:BP,GO:0032259,methylation,0.9254455414182042,False,"""The process in which a methyl group is covalently attached to a molecule."" [GOC:mah]",312,389,4,22737,0.010282776349614395,0.01282051282051282,query_1,['GO:0008152']
GO:BP,GO:0045814,"negative regulation of gene expression, epigenetic",0.9299988513552063,False,"""An epigenetic process that silences gene expression at specific genomic regions through chromatin remodeling either by modifying higher order chromatin fiber structure, nucleosomal histones, or the cytosine DNA methylation."" [PMID:22243696]",90,389,1,22737,0.002570694087403599,0.011111111111111112,query_1,"['GO:0010629', 'GO:0040029']"
GO:BP,GO:0005975,carbohydrate metabolic process,0.9299988513552063,False,"""The chemical reactions and pathways involving carbohydrates, any of a group of organic compounds based of the general formula Cx(H2O)y."" [GOC:mah, ISBN:0198506732]",914,389,13,22737,0.033419023136246784,0.014223194748358862,query_1,['GO:0044238']
GO:BP,GO:0048229,gametophyte development,0.9303062541697895,False,"""The process whose specific outcome is the progression of the gametophyte over time, from its formation to the mature structure. The gametophyte is the gamete-producing individual or phase in the life cycle having alternation of generations. An example of this process is found in Arabidopsis thaliana."" [GOC:jid, PO:0009004]",385,389,5,22737,0.012853470437017995,0.012987012987012988,query_1,['GO:0007275']
GO:BP,GO:0043933,protein-containing complex organization,0.9303455097228833,False,"""Any process in which macromolecules aggregate, disaggregate, or are modified, resulting in the formation, disassembly, or alteration of a protein complex."" [GOC:mah]",454,389,6,22737,0.015424164524421594,0.013215859030837005,query_1,['GO:0016043']
GO:BP,GO:0009640,photomorphogenesis,0.9304149937774719,False,"""The control of plant growth, development, and differentiation by the duration and nature of light, independent of photosynthesis."" [GOC:lr]",91,389,1,22737,0.002570694087403599,0.01098901098901099,query_1,"['GO:0009639', 'GO:0009791']"
GO:BP,GO:0010817,regulation of hormone levels,0.9319916098448414,False,"""Any process that modulates the levels of hormone within an organism or a tissue. A hormone is any substance formed in very small amounts in one specialized organ or group of cells and carried (sometimes in the bloodstream) to another organ or group of cells in the same organism, upon which it has a specific regulatory action."" [GOC:BHF, GOC:dph, GOC:tb]",246,389,3,22737,0.007712082262210797,0.012195121951219513,query_1,['GO:0065008']
GO:BP,GO:0090698,post-embryonic plant morphogenesis,0.9349636230918351,False,"""The process, occurring after plant embryonic development, by which anatomical structures are generated and organized."" [GOC:tb]",173,389,2,22737,0.005141388174807198,0.011560693641618497,query_1,['GO:0009653']
GO:BP,GO:0048588,developmental cell growth,0.9368796351136431,False,"""The growth of a cell, where growth contributes to the progression of the cell over time from one condition to another."" [GOC:go_curators, GOC:isa_complete]",174,389,2,22737,0.005141388174807198,0.011494252873563218,query_1,"['GO:0016049', 'GO:0048468', 'GO:0048589']"
GO:BP,GO:0009826,unidimensional cell growth,0.9439764530409729,False,"""The process in which a cell irreversibly increases in size in one [spatial] dimension or along one axis, resulting in the morphogenesis of the cell."" [ISBN:0943088399]",252,389,3,22737,0.007712082262210797,0.011904761904761904,query_1,"['GO:0000902', 'GO:0016049', 'GO:0060560']"
GO:BP,GO:0048581,negative regulation of post-embryonic development,0.947536636083405,False,"""Any process that stops, prevents, or reduces the frequency, rate or extent of post-embryonic development. Post-embryonic development is defined as the process whose specific outcome is the progression of the organism over time, from the completion of embryonic development to the mature structure."" [GOC:jid]",97,389,1,22737,0.002570694087403599,0.010309278350515464,query_1,"['GO:0009791', 'GO:0048580', 'GO:0051093', 'GO:0051241']"
GO:BP,GO:0050790,regulation of catalytic activity,0.947536636083405,False,"""Any process that modulates the activity of an enzyme."" [GOC:ai, GOC:ebc, GOC:vw]",97,389,1,22737,0.002570694087403599,0.010309278350515464,query_1,['GO:0065009']
GO:BP,GO:0048584,positive regulation of response to stimulus,0.9479046311580395,False,"""Any process that activates, maintains or increases the rate of a response to a stimulus. Response to stimulus is a change in state or activity of a cell or an organism (in terms of movement, secretion, enzyme production, gene expression, etc.) as a result of a stimulus."" [GOC:jid]",255,389,3,22737,0.007712082262210797,0.011764705882352941,query_1,"['GO:0048518', 'GO:0048583', 'GO:0050896']"
GO:BP,GO:0009891,positive regulation of biosynthetic process,0.9536618633679341,False,"""Any process that activates or increases the frequency, rate or extent of the chemical reactions and pathways resulting in the formation of substances."" [GOC:go_curators]",402,389,5,22737,0.012853470437017995,0.012437810945273632,query_1,"['GO:0009058', 'GO:0009889', 'GO:0009893']"
GO:BP,GO:0006413,translational initiation,0.9551117364584477,False,"""The process preceding formation of the peptide bond between the first two amino acids of a protein. This includes the formation of a complex of the ribosome, mRNA or circRNA, and an initiation complex that contains the first aminoacyl-tRNA."" [ISBN:019879276X]",100,389,1,22737,0.002570694087403599,0.01,query_1,"['GO:0006412', 'GO:0008152']"
GO:BP,GO:0010119,regulation of stomatal movement,0.9609741135898427,False,"""Any process that modulates the frequency, rate or extent of stomatal movement."" [GOC:sm]",102,389,1,22737,0.002570694087403599,0.00980392156862745,query_1,"['GO:0010118', 'GO:0050794']"
GO:BP,GO:0006470,protein dephosphorylation,0.9632324093836161,False,"""The process of removing one or more phosphoric residues from a protein."" [GOC:hb]",103,389,1,22737,0.002570694087403599,0.009708737864077669,query_1,"['GO:0016311', 'GO:0036211']"
GO:BP,GO:0090696,post-embryonic plant organ development,0.9654960848432538,False,"""Development, taking place during the post-embryonic phase of a plant tissue or tissues that work together to perform a specific function or functions. Development pertains to the process whose specific outcome is the progression of a structure over time, from its formation to the mature structure. Organs are commonly observed as visibly distinct structures, but may also exist as loosely associated clusters of cells that work together to perform a specific function or functions."" [GOC:tb]",188,389,2,22737,0.005141388174807198,0.010638297872340425,query_1,"['GO:0009791', 'GO:0099402']"
GO:BP,GO:0016053,organic acid biosynthetic process,0.9720137697507435,False,"""The chemical reactions and pathways resulting in the formation of organic acids, any acidic compound containing carbon in covalent linkage."" [ISBN:0198506732]",488,389,6,22737,0.015424164524421594,0.012295081967213115,query_1,"['GO:0006082', 'GO:0044283']"
GO:BP,GO:0051049,regulation of transport,0.9720137697507435,False,"""Any process that modulates the frequency, rate or extent of the directed movement of substances (such as macromolecules, small molecules, ions) into, out of or within a cell, or between cells, by means of some agent such as a transporter or pore."" [GOC:ai]",107,389,1,22737,0.002570694087403599,0.009345794392523364,query_1,"['GO:0006810', 'GO:0032879']"
GO:BP,GO:0009058,biosynthetic process,0.9720137697507435,False,"""A cellular process consisting of the biochemical pathways by which a living organism synthesizes chemical substances. This typically represents the energy-requiring part of metabolism in which simpler substances are transformed into more complex ones."" [GOC:curators, ISBN:0198547684]",5613,389,88,22737,0.2262210796915167,0.015677890611081418,query_1,['GO:0008152']
GO:BP,GO:0044042,glucan metabolic process,0.9720137697507435,False,"""The chemical reactions and pathways involving glucans, polysaccharides consisting only of glucose residues."" [GOC:jl]",193,389,2,22737,0.005141388174807198,0.010362694300518135,query_1,['GO:0005976']
GO:BP,GO:0046394,carboxylic acid biosynthetic process,0.9720137697507435,False,"""The chemical reactions and pathways resulting in the formation of carboxylic acids, any organic acid containing one or more carboxyl (-COOH) groups."" [ISBN:0198506732]",488,389,6,22737,0.015424164524421594,0.012295081967213115,query_1,"['GO:0016053', 'GO:0019752']"
GO:BP,GO:0065009,regulation of molecular function,0.9738471777547086,False,"""Any process that modulates the frequency, rate or extent of a molecular function, an elemental biological activity occurring at the molecular level, such as catalysis or binding."" [GOC:isa_complete]",109,389,1,22737,0.002570694087403599,0.009174311926605505,query_1,['GO:0065007']
GO:BP,GO:0051241,negative regulation of multicellular organismal process,0.9738471777547086,False,"""Any process that stops, prevents, or reduces the frequency, rate or extent of an organismal process, the processes pertinent to the function of an organism above the cellular level; includes the integrated processes of tissues and organs."" [GOC:ai]",110,389,1,22737,0.002570694087403599,0.00909090909090909,query_1,"['GO:0032501', 'GO:0048519', 'GO:0051239']"
GO:BP,GO:0046777,protein autophosphorylation,0.9738471777547086,False,"""The phosphorylation by a protein of one or more of its own amino acid residues (cis-autophosphorylation), or residues on an identical protein (trans-autophosphorylation)."" [ISBN:0198506732]",110,389,1,22737,0.002570694087403599,0.00909090909090909,query_1,['GO:0006468']
GO:BP,GO:0090697,post-embryonic plant organ morphogenesis,0.9738471777547086,False,"""Morphogenesis, during the post-embryonic phase, of a plant tissue or tissues that work together to perform a specific function or functions. Morphogenesis pertains to process in which anatomical structures are generated and organized. Organs are commonly observed as visibly distinct structures, but may also exist as loosely associated clusters of cells that work together to perform a specific function or functions."" [GOC:tb]",110,389,1,22737,0.002570694087403599,0.00909090909090909,query_1,"['GO:0090696', 'GO:0090698', 'GO:1905392']"
GO:BP,GO:0006091,generation of precursor metabolites and energy,0.9743646929656007,False,"""The chemical reactions and pathways resulting in the formation of precursor metabolites, substances from which energy is derived, and any process involved in the liberation of energy from these substances."" [GOC:jl]",423,389,5,22737,0.012853470437017995,0.01182033096926714,query_1,['GO:0008152']
GO:BP,GO:0051128,regulation of cellular component organization,0.9765817363194663,False,"""Any process that modulates the frequency, rate or extent of a process involved in the formation, arrangement of constituent parts, or disassembly of cell structures, including the plasma membrane and any external encapsulating structures such as the cell wall and cell envelope."" [GOC:ai]",198,389,2,22737,0.005141388174807198,0.010101010101010102,query_1,"['GO:0016043', 'GO:0050794']"
GO:BP,GO:0009787,regulation of abscisic acid-activated signaling pathway,0.9771828306472848,False,"""Any process that modulates the frequency, rate or extent of abscisic acid (ABA) signaling."" [GOC:lr]",114,389,1,22737,0.002570694087403599,0.008771929824561403,query_1,"['GO:0009738', 'GO:0009966', 'GO:1905957']"
GO:BP,GO:1901419,regulation of response to alcohol,0.9771828306472848,False,"""Any process that modulates the frequency, rate or extent of response to alcohol."" [GOC:mengo_curators, GOC:TermGenie]",114,389,1,22737,0.002570694087403599,0.008771929824561403,query_1,"['GO:0048583', 'GO:0097305']"
GO:BP,GO:1905957,regulation of cellular response to alcohol,0.9771828306472848,False,"""Any process that modulates the frequency, rate or extent of cellular response to alcohol."" [GO_REF:0000058, GOC:TermGenie, PMID:26434723]",114,389,1,22737,0.002570694087403599,0.008771929824561403,query_1,"['GO:0050794', 'GO:0097306', 'GO:1901419']"
GO:BP,GO:0009741,response to brassinosteroid,0.9771828306472848,False,"""Any process that results in a change in state or activity of a cell or an organism (in terms of movement, secretion, enzyme production, gene expression, etc.) as a result of a brassinosteroid stimulus."" [GOC:jl]",113,389,1,22737,0.002570694087403599,0.008849557522123894,query_1,"['GO:0009725', 'GO:0033993', 'GO:1901700']"
GO:BP,GO:0009893,positive regulation of metabolic process,0.9771828306472848,False,"""Any process that activates or increases the frequency, rate or extent of the chemical reactions and pathways within a cell or an organism."" [GOC:go_curators]",499,389,6,22737,0.015424164524421594,0.012024048096192385,query_1,"['GO:0008152', 'GO:0019222', 'GO:0048522']"
GO:BP,GO:0010467,gene expression,0.9861965054922658,False,"""The process in which a gene's sequence is converted into a mature gene product (protein or RNA). This includes the production of an RNA transcript and its processing, as well as translation and maturation for protein-coding genes."" [GOC:txnOH-2018, PMID:25934543, PMID:31580950]",3841,389,58,22737,0.14910025706940874,0.015100234313980734,query_1,['GO:0009059']
GO:BP,GO:1905392,plant organ morphogenesis,0.9862464735841464,False,"""The developmental process by which a plant organ is generated and organized."" [GO_REF:0000083, GOC:tb, GOC:TermGenie]",437,389,5,22737,0.012853470437017995,0.011441647597254004,query_1,"['GO:0009653', 'GO:0099402']"
GO:BP,GO:0098771,inorganic ion homeostasis,0.9881510011056127,False,"""Any process involved in the maintenance of an internal steady state of inorganic ions within an organism or cell."" [GOC:dos]",120,389,1,22737,0.002570694087403599,0.008333333333333333,query_1,['GO:0048878']
GO:BP,GO:0055080,monoatomic cation homeostasis,0.9881510011056127,False,"""Any process involved in the maintenance of an internal steady state of monoatomic cations within an organism or cell. Monatomic cations (also called simple cations) are cations consisting of exactly one atom."" [GOC:ceb, GOC:jid, GOC:mah]",120,389,1,22737,0.002570694087403599,0.008333333333333333,query_1,['GO:0050801']
GO:BP,GO:0032879,regulation of localization,0.9941736505367164,False,"""Any process that modulates the frequency, rate or extent of any process in which a cell, a substance, or a cellular entity is transported to, or maintained in, a specific location."" [GOC:mah]",123,389,1,22737,0.002570694087403599,0.008130081300813009,query_1,"['GO:0050789', 'GO:0051179']"
GO:BP,GO:0071695,anatomical structure maturation,0.9948773707065716,False,"""A developmental process, independent of morphogenetic (shape) change, that is required for an anatomical structure to attain its fully functional state."" [GOC:mah]",128,389,1,22737,0.002570694087403599,0.0078125,query_1,"['GO:0021700', 'GO:0048856']"
GO:BP,GO:0040029,epigenetic regulation of gene expression,0.9948773707065716,False,"""A process that modulates the frequency, rate or extent of gene expression through chromatin remodeling either by modifying higher order chromatin fiber structure, nucleosomal histones, or cytosine methylation of DNA. Once established, this regulation may be maintained over many cell divisions. It can also be heritable in the absence of the instigating signal."" [PMID:10521337, PMID:11498582, PMID:22243696, PMID:34414474]",125,389,1,22737,0.002570694087403599,0.008,query_1,"['GO:0006338', 'GO:0010468']"
GO:BP,GO:0060560,developmental growth involved in morphogenesis,0.9948773707065716,False,"""The increase in size or mass of an anatomical structure that contributes to the structure attaining its shape."" [GOC:dph]",297,389,3,22737,0.007712082262210797,0.010101010101010102,query_1,"['GO:0009653', 'GO:0048589']"
GO:BP,GO:0006357,regulation of transcription by RNA polymerase II,0.9948773707065716,False,"""Any process that modulates the frequency, rate or extent of transcription mediated by RNA polymerase II."" [GOC:go_curators, GOC:txnOH]",217,389,2,22737,0.005141388174807198,0.009216589861751152,query_1,"['GO:0006355', 'GO:0006366']"
GO:BP,GO:0030154,cell differentiation,0.9948773707065716,False,"""The cellular developmental process in which a relatively unspecialized cell, e.g. embryonic or regenerative cell, acquires specialized structural and/or functional features that characterize a specific cell. Differentiation includes the processes involved in commitment of a cell to a specific fate and its subsequent development to the mature state."" [ISBN:0198506732]",598,389,7,22737,0.017994858611825194,0.011705685618729096,query_1,['GO:0048869']
GO:BP,GO:0051604,protein maturation,0.9948773707065716,False,"""Any process leading to the attainment of the full functional capacity of a protein."" [GOC:ai]",217,389,2,22737,0.005141388174807198,0.009216589861751152,query_1,"['GO:0010467', 'GO:0019538']"
GO:BP,GO:0006066,alcohol metabolic process,0.9948773707065716,False,"""The chemical reactions and pathways involving alcohols, any of a class of compounds containing one or more hydroxyl groups attached to a saturated carbon atom."" [ISBN:0198506732]",128,389,1,22737,0.002570694087403599,0.0078125,query_1,['GO:0044281']
GO:BP,GO:0034220,monoatomic ion transmembrane transport,0.9948773707065716,False,"""A process in which a monoatomic ion is transported across a membrane. Monatomic ions (also called simple ions) are ions consisting of exactly one atom."" [GOC:mah]",378,389,4,22737,0.010282776349614395,0.010582010582010581,query_1,"['GO:0006811', 'GO:0055085']"
GO:BP,GO:0019953,sexual reproduction,0.9948773707065716,False,"""A type of reproduction that combines the genetic material of two gametes (such as a sperm or egg cell or fungal spores). The gametes have an haploid genome (with a single set of chromosomes, the product of a meiotic division) and combines with one another to produce a zygote (diploid)."" [Wikipedia:Sexual_reproduction]",214,389,2,22737,0.005141388174807198,0.009345794392523364,query_1,['GO:0022414']
GO:BP,GO:0009553,embryo sac development,0.9987520849642846,False,"""The process whose specific outcome is the progression of the embryo sac over time, from its formation to the mature structure. The process begins with the meiosis of the megasporocyte to form four haploid megaspores. Three of the megaspores disintegrate, and the fourth undergoes mitosis giving rise to a binucleate syncytial embryo sac. The two haploid nuclei migrate to the opposite poles of the embryo sac and then undergo two rounds of mitosis generating four haploid nuclei at each pole. One nucleus from each set of four migrates to the center of the cell. Cellularization occurs, resulting in an eight-nucleate seven-celled structure. This structure contains two synergid cells and an egg cell at the micropylar end, and three antipodal cells at the other end. A binucleate endosperm mother cell is formed at the center. The two polar nuclei fuse resulting in a mononucleate diploid endosperm mother cell. The three antipodal cells degenerate."" [GOC:mtg_plant, GOC:tb]",131,389,1,22737,0.002570694087403599,0.007633587786259542,query_1,['GO:0048229']
GO:BP,GO:0000226,microtubule cytoskeleton organization,0.9987520849642846,False,"""A process that is carried out at the cellular level which results in the assembly, arrangement of constituent parts, or disassembly of cytoskeletal structures comprising microtubules and their associated proteins."" [GOC:mah]",131,389,1,22737,0.002570694087403599,0.007633587786259542,query_1,"['GO:0007010', 'GO:0007017']"
GO:BP,GO:0072330,monocarboxylic acid biosynthetic process,0.9999464629349486,False,"""The chemical reactions and pathways resulting in the formation of monocarboxylic acids, any organic acid containing one carboxyl (-COOH) group."" [GOC:mah]",224,389,2,22737,0.005141388174807198,0.008928571428571428,query_1,"['GO:0032787', 'GO:0046394']"
GO:BP,GO:0003002,regionalization,0.9999999213863999,False,"""The pattern specification process that results in the subdivision of an axis or axes in space to define an area or volume in which specific patterns of cell differentiation will take place or in which cells interpret a specific environment."" [GOC:dph, GOC:isa_complete]",145,389,1,22737,0.002570694087403599,0.006896551724137931,query_1,['GO:0007389']
GO:BP,GO:0022900,electron transport chain,0.9999999213863999,False,"""A process in which a series of electron carriers operate together to transfer electrons from donors to any of several different terminal electron acceptors."" [GOC:mtg_electron_transport]",168,389,1,22737,0.002570694087403599,0.005952380952380952,query_1,['GO:0006091']
GO:BP,GO:0030163,protein catabolic process,0.9999999213863999,False,"""The chemical reactions and pathways resulting in the breakdown of a protein by the destruction of the native, active configuration, with or without the hydrolysis of peptide bonds."" [GOC:mah]",248,389,1,22737,0.002570694087403599,0.004032258064516129,query_1,"['GO:0009057', 'GO:0019538']"
GO:BP,GO:0000375,"RNA splicing, via transesterification reactions",0.9999999213863999,False,"""Splicing of RNA via a series of two transesterification reactions."" [GOC:krc]",196,389,1,22737,0.002570694087403599,0.00510204081632653,query_1,['GO:0008380']
GO:BP,GO:0000377,"RNA splicing, via transesterification reactions with bulged adenosine as nucleophile",0.9999999213863999,False,"""Splicing of RNA via a series of two transesterification reactions with a bulged adenosine residue from the intron branch point as the initiating nucleophile. When the initial RNA for the splicing reaction is a single molecule (cis splicing), the excised intron is released in a lariat structure."" [GOC:krc, PMID:11377794]",196,389,1,22737,0.002570694087403599,0.00510204081632653,query_1,['GO:0000375']
GO:BP,GO:0000398,"mRNA splicing, via spliceosome",0.9999999213863999,False,"""The joining together of exons from one or more primary transcripts of messenger RNA (mRNA) and the excision of intron sequences, via a spliceosomal mechanism, so that mRNA consisting only of the joined exons is produced."" [GOC:krc, ISBN:0198506732, ISBN:0879695897]",169,389,1,22737,0.002570694087403599,0.005917159763313609,query_1,"['GO:0000377', 'GO:0006397']"
GO:BP,GO:0000902,cell morphogenesis,0.9999999213863999,False,"""The developmental process in which the size or shape of a cell is generated and organized."" [GOC:clt, GOC:dph, GOC:go_curators, GOC:tb]",353,389,3,22737,0.007712082262210797,0.0084985835694051,query_1,['GO:0009653']
GO:BP,GO:0090558,plant epidermis development,0.9999999213863999,False,"""The process whose specific outcome is the progression of the plant epidermis over time, from its formation to the mature structure."" [GOC:tb]",262,389,1,22737,0.002570694087403599,0.003816793893129771,query_1,['GO:0009888']
GO:BP,GO:0006793,phosphorus metabolic process,0.9999999213863999,False,"""The chemical reactions and pathways involving the nonmetallic element phosphorus or compounds that contain phosphorus."" [GOC:ai]",1785,389,11,22737,0.028277634961439587,0.0061624649859943975,query_1,['GO:0008152']
GO:BP,GO:0006796,phosphate-containing compound metabolic process,0.9999999213863999,False,"""The chemical reactions and pathways involving the phosphate group, the anion or salt of any phosphoric acid."" [GOC:ai]",1782,389,11,22737,0.028277634961439587,0.006172839506172839,query_1,['GO:0006793']
GO:BP,GO:0006810,transport,0.9999999213863999,False,"""The directed movement of substances (such as macromolecules, small molecules, ions) or cellular components (such as complexes and organelles) into, out of or within a cell, or between cells, or within a multicellular organism by means of some agent such as a transporter or a transporter complex, a pore or a motor protein."" [GOC:dos, GOC:dph, GOC:jl, GOC:mah]",2183,389,29,22737,0.07455012853470437,0.013284470911589555,query_1,['GO:0051234']
GO:BP,GO:0006631,fatty acid metabolic process,0.9999999213863999,False,"""The chemical reactions and pathways involving fatty acids, aliphatic monocarboxylic acids liberated from naturally occurring fats and oils by hydrolysis."" [ISBN:0198547684]",241,389,1,22737,0.002570694087403599,0.004149377593360996,query_1,"['GO:0006629', 'GO:0032787']"
GO:BP,GO:0090304,nucleic acid metabolic process,0.9999999213863999,False,"""Any cellular metabolic process involving nucleic acids."" [GOC:dph, GOC:tb]",3517,389,50,22737,0.12853470437017994,0.014216661927779357,query_1,"['GO:0006139', 'GO:0043170']"
GO:BP,GO:0090407,organophosphate biosynthetic process,0.9999999213863999,False,"""The chemical reactions and pathways resulting in the biosynthesis of deoxyribose phosphate, the phosphorylated sugar 2-deoxy-erythro-pentose."" [GOC:chem_mtg]",394,389,2,22737,0.005141388174807198,0.005076142131979695,query_1,"['GO:0009058', 'GO:0019637']"
GO:BP,GO:0071840,cellular component organization or biogenesis,0.9999999213863999,False,"""A process that results in the biosynthesis of constituent macromolecules, assembly, arrangement of constituent parts, or disassembly of a cellular component."" [GOC:mah]",2501,389,28,22737,0.07197943444730077,0.011195521791283487,query_1,['GO:0009987']
GO:BP,GO:0072594,establishment of protein localization to organelle,0.9999999213863999,False,"""The directed movement of a protein to a specific location on or in an organelle. Encompasses establishment of localization in the membrane or lumen of a membrane-bounded organelle."" [GOC:mah]",162,389,1,22737,0.002570694087403599,0.006172839506172839,query_1,['GO:0045184']
GO:BP,GO:0071669,plant-type cell wall organization or biogenesis,0.9999999213863999,False,"""A process that results in the biosynthesis of constituent macromolecules, assembly, arrangement of constituent parts, or disassembly of a cellulose- and pectin-containing cell wall."" [GOC:ecd, GOC:mah]",247,389,2,22737,0.005141388174807198,0.008097165991902834,query_1,['GO:0071554']
GO:BP,GO:0006886,intracellular protein transport,0.9999999213863999,False,"""The directed movement of proteins in a cell, including the movement of proteins between specific compartments or structures within a cell, such as organelles of a eukaryotic cell."" [GOC:mah]",231,389,1,22737,0.002570694087403599,0.004329004329004329,query_1,"['GO:0008104', 'GO:0015031', 'GO:0046907']"
GO:BP,GO:0006974,DNA damage response,0.9999999213863999,False,"""Any process that results in a change in state or activity of a cell (in terms of movement, secretion, enzyme production, gene expression, etc.) as a result of a stimulus indicating damage to its DNA from environmental insults or errors during metabolism."" [GOC:go_curators]",335,389,1,22737,0.002570694087403599,0.0029850746268656717,query_1,['GO:0033554']
GO:BP,GO:0006996,organelle organization,0.9999999213863999,False,"""A process that is carried out at the cellular level which results in the assembly, arrangement of constituent parts, or disassembly of an organelle within a cell. An organelle is an organized structure of distinctive morphology and function. Includes the nucleus, mitochondria, plastids, vacuoles, vesicles, ribosomes and the cytoskeleton. Excludes the plasma membrane."" [GOC:mah]",961,389,3,22737,0.007712082262210797,0.003121748178980229,query_1,['GO:0016043']
GO:BP,GO:0007010,cytoskeleton organization,0.9999999213863999,False,"""A process that is carried out at the cellular level which results in the assembly, arrangement of constituent parts, or disassembly of cytoskeletal structures."" [GOC:dph, GOC:jl, GOC:mah]",246,389,1,22737,0.002570694087403599,0.0040650406504065045,query_1,['GO:0006996']
GO:BP,GO:0007017,microtubule-based process,0.9999999213863999,False,"""Any cellular process that depends upon or alters the microtubule cytoskeleton, that part of the cytoskeleton comprising microtubules and their associated proteins."" [GOC:mah]",194,389,1,22737,0.002570694087403599,0.005154639175257732,query_1,['GO:0009987']
GO:BP,GO:0007166,cell surface receptor signaling pathway,0.9999999213863999,False,"""The series of molecular signals initiated by an extracellular ligand binding to a receptor located on the cell surface. The pathway ends with regulation of a downstream cellular process, e.g. transcription."" [GOC:signaling]",143,389,1,22737,0.002570694087403599,0.006993006993006993,query_1,['GO:0007165']
GO:BP,GO:0007389,pattern specification process,0.9999999213863999,False,"""Any developmental process that results in the creation of defined areas or spaces within an organism to which cells respond and eventually are instructed to differentiate."" [GOC:go_curators, GOC:isa_complete, ISBN:0521436125]",177,389,1,22737,0.002570694087403599,0.005649717514124294,query_1,"['GO:0007275', 'GO:0032501']"
GO:BP,GO:0008104,intracellular protein localization,0.9999999213863999,False,"""Any process in which a protein is transported to, or maintained in, a specific location."" [GOC:ai]",722,389,1,22737,0.002570694087403599,0.0013850415512465374,query_1,['GO:0033036']
GO:BP,GO:0008152,metabolic process,0.9999999213863999,False,"""A cellular process consisting of the biochemical pathways by which a living organism transforms chemical substances. This includes including anabolism (biosynthetic process) and catabolism (catabolic process). Metabolic processes includes the transformation of small molecules, as well  macromolecular processes such as DNA repair and replication, protein synthesis and degradation."" [GOC:go_curators, ISBN:0198547684]",10084,389,151,22737,0.38817480719794345,0.014974216580721936,query_1,['GO:0009987']
GO:BP,GO:0008219,cell death,0.9999999213863999,False,"""Any biological process that results in permanent cessation of all vital functions of a cell. A cell should be considered dead when any one of the following molecular or morphological criteria is met: (1) the cell has lost the integrity of its plasma membrane; (2) the cell, including its nucleus, has undergone complete fragmentation into discrete bodies (frequently referred to as apoptotic bodies). The cell corpse (or its fragments) may be engulfed by an adjacent cell in vivo, but engulfment of whole cells should not be considered a strict criteria to define cell death as, under some circumstances, live engulfed cells can be released from phagosomes (see PMID:18045538)."" [GOC:mah, GOC:mtg_apoptosis, PMID:25236395]",169,389,1,22737,0.002570694087403599,0.005917159763313609,query_1,['GO:0009987']
GO:BP,GO:0006511,ubiquitin-dependent protein catabolic process,0.9999999213863999,False,"""The chemical reactions and pathways resulting in the breakdown of a protein or peptide by hydrolysis of its peptide bonds, initiated by the covalent attachment of a ubiquitin group, or multiple ubiquitin groups, to the protein."" [GOC:go_curators]",192,389,1,22737,0.002570694087403599,0.005208333333333333,query_1,['GO:0019941']
GO:BP,GO:0090627,plant epidermal cell differentiation,0.9999999213863999,False,"""The process in which a relatively unspecialized cell acquires specialized features of a plant epidermal cell."" [GOC:tb]",169,389,1,22737,0.002570694087403599,0.005917159763313609,query_1,['GO:0030154']
GO:BP,GO:0097435,supramolecular fiber organization,0.9999999213863999,False,"""A process that is carried out at the cellular level which results in the assembly, arrangement of constituent parts, or disassembly of a supramolecular fiber, a polymer consisting of an indefinite number of protein or protein complex subunits that have polymerised to form a fiber-shaped structure."" [GOC:pr]",142,389,1,22737,0.002570694087403599,0.007042253521126761,query_1,['GO:0016043']
GO:BP,GO:0098655,monoatomic cation transmembrane transport,0.9999999213863999,False,"""The process in which a monoatomic cation is transported across a membrane. Monatomic cations (also called simple cations) are positively charged ions consisting of exactly one atom."" [GOC:dos, GOC:vw]",309,389,3,22737,0.007712082262210797,0.009708737864077669,query_1,"['GO:0006812', 'GO:0034220']"
GO:BP,GO:0008380,RNA splicing,0.9999999213863999,False,"""The process of removing sections of the primary RNA transcript to remove sequences not present in the mature form of the RNA and joining the remaining sections to form the mature form of the RNA."" [GOC:krc, GOC:mah]",296,389,1,22737,0.002570694087403599,0.0033783783783783786,query_1,['GO:0006396']
GO:BP,GO:0008652,amino acid biosynthetic process,0.9999999213863999,False,"""The chemical reactions and pathways resulting in the formation of amino acids, organic acids containing one or more amino substituents."" [ISBN:0198506732]",201,389,1,22737,0.002570694087403599,0.004975124378109453,query_1,"['GO:0006520', 'GO:0009058']"
GO:BP,GO:0009057,macromolecule catabolic process,0.9999999213863999,False,"""The chemical reactions and pathways resulting in the breakdown of a macromolecule, any molecule of high relative molecular mass, the structure of which essentially comprises the multiple repetition of units derived, actually or conceptually, from molecules of low relative molecular mass."" [GOC:mah]",517,389,1,22737,0.002570694087403599,0.0019342359767891683,query_1,"['GO:0009056', 'GO:0043170']"
GO:BP,GO:0009059,macromolecule biosynthetic process,0.9999999213863999,False,"""The chemical reactions and pathways resulting in the formation of a macromolecule, any molecule of high relative molecular mass, the structure of which essentially comprises the multiple repetition of units derived, actually or conceptually, from molecules of low relative molecular mass."" [GOC:mah]",4147,389,59,22737,0.15167095115681234,0.01422715215818664,query_1,"['GO:0009058', 'GO:0043170']"
GO:BP,GO:0070647,protein modification by small protein conjugation or removal,0.9999999213863999,False,"""A protein modification process in which one or more groups of a small protein, such as ubiquitin or a ubiquitin-like protein, are covalently attached to or removed from a target protein."" [GOC:mah]",614,389,5,22737,0.012853470437017995,0.008143322475570033,query_1,['GO:0043687']
GO:BP,GO:0009653,anatomical structure morphogenesis,0.9999999213863999,False,"""The process in which anatomical structures are generated and organized. Morphogenesis pertains to the creation of form."" [GOC:go_curators, ISBN:0521436125]",880,389,10,22737,0.02570694087403599,0.011363636363636364,query_1,"['GO:0032502', 'GO:0048856']"
GO:BP,GO:0009657,plastid organization,0.9999999213863999,False,"""A process that is carried out at the cellular level which results in the assembly, arrangement of constituent parts, or disassembly of a plastid."" [GOC:mah]",257,389,2,22737,0.005141388174807198,0.007782101167315175,query_1,['GO:0006996']
GO:BP,GO:0009664,plant-type cell wall organization,0.9999999213863999,False,"""A process that results in the assembly and arrangement of constituent parts of the cellulose and pectin-containing cell wall, or in the disassembly of the cellulose and pectin-containing cell wall. This process is carried out at the cellular level. An example of this process is found in Arabidopsis thaliana."" [GOC:jid, GOC:mtg_sensu]",143,389,1,22737,0.002570694087403599,0.006993006993006993,query_1,"['GO:0071555', 'GO:0071669']"
GO:BP,GO:0051246,regulation of protein metabolic process,0.9999999213863999,False,"""Any process that modulates the frequency, rate or extent of the chemical reactions and pathways involving a protein."" [GOC:ai]",180,389,1,22737,0.002570694087403599,0.005555555555555556,query_1,"['GO:0019538', 'GO:0060255', 'GO:0080090']"
GO:BP,GO:0051301,cell division,0.9999999213863999,False,"""The process resulting in division and partitioning of components of a cell to form more cells; may or may not be accompanied by the physical separation of a cell into distinct, individually membrane-bounded daughter cells."" [GOC:di, GOC:go_curators, GOC:pr]",400,389,4,22737,0.010282776349614395,0.01,query_1,['GO:0009987']
GO:BP,GO:0051641,cellular localization,0.9999999213863999,False,"""A cellular localization process whereby a substance or cellular entity, such as a protein complex or organelle, is transported to, and/or maintained in, a specific location within a cell including the localization of substances or cellular entities to the cell membrane."" [GOC:tb, GOC:vw]",508,389,2,22737,0.005141388174807198,0.003937007874015748,query_1,"['GO:0009987', 'GO:0051179']"
GO:BP,GO:0051649,establishment of localization in cell,0.9999999213863999,False,"""Any process, occurring in a cell, that localizes a substance or cellular component. This may occur via movement, tethering or selective degradation."" [GOC:ai, GOC:dos, GOC:dph, GOC:tb]",450,389,2,22737,0.005141388174807198,0.0044444444444444444,query_1,"['GO:0051234', 'GO:0051641']"
GO:BP,GO:0051179,localization,0.9999999213863999,False,"""Any process in which a cell, a substance, or a cellular entity, such as a protein complex or organelle, is transported, tethered to or otherwise maintained in a specific location. In the case of substances, localization may also be achieved via selective degradation."" [GOC:ai, GOC:dos]",2323,389,31,22737,0.07969151670951156,0.01334481274214378,query_1,['GO:0008150']
GO:BP,GO:0160307,protein biosynthetic process,0.9999999213863999,False,"""The chemical reactions and pathways resulting in the formation of protein."" [Wikipedia:Protein_biosynthesis]",709,389,3,22737,0.007712082262210797,0.004231311706629055,query_1,"['GO:0009059', 'GO:0010467', 'GO:0019538']"
GO:BP,GO:0170034,L-amino acid biosynthetic process,0.9999999213863999,False,"""The chemical reactions and pathways resulting in the formation of L-amino acids, the L-enantiomers of amino acids."" [GOC:edw]",152,389,1,22737,0.002570694087403599,0.006578947368421052,query_1,"['GO:0170033', 'GO:1901607']"
GO:BP,GO:0170038,proteinogenic amino acid biosynthetic process,0.9999999213863999,False,"""The chemical reactions and pathways resulting in the formation of any amino acid that is incorporated into protein naturally by ribosomal translation of mRNA, and that has a specific codon for translation from mRNA to protein."" [GOC:ew]",160,389,1,22737,0.002570694087403599,0.00625,query_1,"['GO:0046394', 'GO:0170039']"
GO:BP,GO:0051234,establishment of localization,0.9999999213863999,False,"""Any process that localizes a substance or cellular component. This may occur via movement, tethering or selective degradation."" [GOC:ai, GOC:dos]",2234,389,30,22737,0.07712082262210797,0.01342882721575649,query_1,['GO:0051179']
GO:BP,GO:0048869,cellular developmental process,0.9999999213863999,False,"""A biological process whose specific outcome is the progression of a cell over time from an initial condition to a later condition."" [GOC:isa_complete]",636,389,7,22737,0.017994858611825194,0.0110062893081761,query_1,"['GO:0009987', 'GO:0032502']"
GO:BP,GO:0048878,chemical homeostasis,0.9999999213863999,False,"""Any biological process involved in the maintenance of an internal steady state of a chemical."" [GOC:isa_complete]",235,389,2,22737,0.005141388174807198,0.00851063829787234,query_1,['GO:0042592']
GO:BP,GO:0050801,monoatomic ion homeostasis,0.9999999213863999,False,"""Any process involved in the maintenance of an internal steady state of monoatomic ions within an organism or cell. Monatomic ions (also called simple ions) are ions consisting of exactly one atom."" [GOC:ai]",133,389,1,22737,0.002570694087403599,0.007518796992481203,query_1,['GO:0048878']
GO:BP,GO:0048522,positive regulation of cellular process,0.9999999213863999,False,"""Any process that activates or increases the frequency, rate or extent of a cellular process, any of those that are carried out at the cellular level, but are not necessarily restricted to a single cell. For example, cell communication occurs among more than one cell, but occurs at the cellular level."" [GOC:jid]",689,389,7,22737,0.017994858611825194,0.010159651669085631,query_1,"['GO:0009987', 'GO:0048518', 'GO:0050794']"
GO:BP,GO:0010015,root morphogenesis,0.9999999213863999,False,"""The process in which the anatomical structures of roots are generated and organized. The root is the usually underground part of a seed plant body that originates from the hypocotyl, functions as an organ of absorption, aeration, and food storage or as a means of anchorage and support."" [GOC:sm, ISBN:0877797099]",311,389,3,22737,0.007712082262210797,0.00964630225080386,query_1,"['GO:0048364', 'GO:1905392']"
GO:BP,GO:0010038,response to metal ion,0.9999999213863999,False,"""Any process that results in a change in state or activity of a cell or an organism (in terms of movement, secretion, enzyme production, gene expression, etc.) as a result of a metal ion stimulus."" [GOC:sm]",206,389,1,22737,0.002570694087403599,0.0048543689320388345,query_1,['GO:0042221']
GO:BP,GO:0046907,intracellular transport,0.9999999213863999,False,"""The directed movement of substances within a cell."" [GOC:ai]",411,389,2,22737,0.005141388174807198,0.004866180048661801,query_1,"['GO:0006810', 'GO:0051641', 'GO:0051649']"
GO:BP,GO:0048364,root development,0.9999999213863999,False,"""The process whose specific outcome is the progression of the root over time, from its formation to the mature structure. The root is the water- and mineral-absorbing part of a plant which is usually underground, does not bear leaves, tends to grow downwards and is typically derived from the radicle of the embryo."" [GOC:jid, PO:0009005]",582,389,5,22737,0.012853470437017995,0.00859106529209622,query_1,"['GO:0022622', 'GO:0099402']"
GO:BP,GO:0048468,cell development,0.9999999213863999,False,"""The cellular developmental process in which a specific cell progresses from an immature to a mature state. Cell development start once cell commitment has taken place."" [GOC:go_curators]",249,389,2,22737,0.005141388174807198,0.008032128514056224,query_1,"['GO:0030154', 'GO:0048856', 'GO:0048869']"
GO:BP,GO:0006281,DNA repair,0.9999999213863999,False,"""The process of restoring DNA after damage. Genomes are subject to damage by chemical and physical agents in the environment (e.g. UV and ionizing radiations, chemical mutagens, fungal and bacterial toxins, etc.) and by free radicals or alkylating agents endogenously generated in metabolism. DNA is also damaged because of errors during its replication. A variety of different DNA repair pathways have been reported that include direct reversal, base excision repair, nucleotide excision repair, photoreactivation, bypass, double-strand break repair pathway, and mismatch repair pathway."" [PMID:11563486]",301,389,1,22737,0.002570694087403599,0.0033222591362126247,query_1,"['GO:0006259', 'GO:0006974']"
GO:BP,GO:0006325,chromatin organization,0.9999999213863999,False,"""The assembly or remodeling of chromatin composed of DNA complexed with histones, other associated proteins, and sometimes RNA."" [PMID:20404130]",327,389,1,22737,0.002570694087403599,0.0030581039755351682,query_1,['GO:0016043']
GO:BP,GO:0006338,chromatin remodeling,0.9999999213863999,False,"""A dynamic process of chromatin reorganization resulting in changes to chromatin structure. These changes allow DNA metabolic processes such as transcriptional regulation, DNA recombination, DNA repair, and DNA replication."" [GOC:jid, GOC:vw, PMID:12042764, PMID:12697820]",252,389,1,22737,0.002570694087403599,0.003968253968253968,query_1,['GO:0006325']
GO:BP,GO:0006366,transcription by RNA polymerase II,0.9999999213863999,False,"""The synthesis of RNA from a DNA template by RNA polymerase II (RNAP II), originating at an RNA polymerase II promoter. Includes transcription of messenger RNA (mRNA) and certain small nuclear RNAs (snRNAs)."" [GOC:jl, GOC:txnOH, ISBN:0321000382]",260,389,2,22737,0.005141388174807198,0.007692307692307693,query_1,['GO:0006351']
GO:BP,GO:0006396,RNA processing,0.9999999213863999,False,"""Any process involved in the conversion of one or more primary RNA transcripts into one or more mature RNA molecules."" [GOC:mah]",945,389,2,22737,0.005141388174807198,0.0021164021164021165,query_1,"['GO:0010467', 'GO:0032774', 'GO:0044238']"
GO:BP,GO:0006397,mRNA processing,0.9999999213863999,False,"""Any process involved in the conversion of a primary mRNA transcript into one or more mature mRNA(s) prior to translation into polypeptide."" [GOC:mah]",403,389,1,22737,0.002570694087403599,0.0024813895781637717,query_1,"['GO:0006396', 'GO:0016071']"
GO:BP,GO:0006412,translation,0.9999999213863999,False,"""The cellular metabolic process in which a protein is formed, using the sequence of a mature mRNA or circRNA molecule to specify the sequence of amino acids in a polypeptide chain. Translation is mediated by the ribosome, and begins with the formation of a ternary complex between aminoacylated initiator methionine tRNA, GTP, and initiation factor 2, which subsequently associates with the small subunit of the ribosome and an mRNA or circRNA. Translation ends with the release of a polypeptide chain from the ribosome."" [GOC:go_curators]",709,389,3,22737,0.007712082262210797,0.004231311706629055,query_1,"['GO:0009059', 'GO:0019538', 'GO:0160307']"
GO:BP,GO:0006468,protein phosphorylation,0.9999999213863999,False,"""The process of introducing a phosphate group on to a protein."" [GOC:hb]",932,389,5,22737,0.012853470437017995,0.00536480686695279,query_1,"['GO:0016310', 'GO:0036211']"
GO:BP,GO:0045184,establishment of protein localization,0.9999999213863999,False,"""The directed movement of a protein to a specific location."" [GOC:bf]",701,389,2,22737,0.005141388174807198,0.0028530670470756064,query_1,['GO:0051234']
GO:BP,GO:0010228,vegetative to reproductive phase transition of meristem,0.9999999213863999,False,"""The process involved in transforming a meristem that produces vegetative structures, such as leaves, into a meristem that produces reproductive structures, such as a flower or an inflorescence."" [GOC:tb]",228,389,2,22737,0.005141388174807198,0.008771929824561403,query_1,"['GO:0003006', 'GO:0009791', 'GO:0048608']"
GO:BP,GO:0043632,modification-dependent macromolecule catabolic process,0.9999999213863999,False,"""The chemical reactions and pathways resulting in the breakdown of a macromolecule, initiated by covalent modification of the target molecule."" [GOC:jl]",197,389,1,22737,0.002570694087403599,0.005076142131979695,query_1,['GO:0009057']
GO:BP,GO:0043687,post-translational protein modification,0.9999999213863999,False,"""The process of covalently altering one or more amino acids in a protein after the protein has been completely translated and released from the ribosome."" [GOC:jsg]",619,389,5,22737,0.012853470437017995,0.008077544426494346,query_1,['GO:0036211']
GO:BP,GO:0044238,primary metabolic process,0.9999999213863999,False,"""The chemical reactions and pathways involving those compounds which are formed as a part of the normal anabolic and catabolic processes. These processes take place in most, if not all, cells of the organism."" [GOC:go_curators]",8600,389,103,22737,0.2647814910025707,0.01197674418604651,query_1,['GO:0008152']
GO:BP,GO:0044283,small molecule biosynthetic process,0.9999999213863999,False,"""The chemical reactions and pathways resulting in the formation of small molecules, any low molecular weight, monomeric, non-encoded molecule."" [GOC:curators, GOC:pde, GOC:vw]",612,389,6,22737,0.015424164524421594,0.00980392156862745,query_1,"['GO:0009058', 'GO:0044281']"
GO:BP,GO:0043170,macromolecule metabolic process,0.9999999213863999,False,"""The chemical reactions and pathways involving macromolecules, any molecule of high relative molecular mass, the structure of which essentially comprises the multiple repetition of units derived, actually or conceptually, from molecules of low relative molecular mass."" [GOC:mah]",6981,389,80,22737,0.20565552699228792,0.011459676264145537,query_1,['GO:0008152']
GO:BP,GO:0043412,macromolecule modification,0.9999999213863999,False,"""The covalent alteration of one or more monomeric units in a polypeptide, polynucleotide, polysaccharide, or other biological macromolecule, resulting in a change in its properties."" [GOC:go_curators]",2110,389,11,22737,0.028277634961439587,0.005213270142180095,query_1,['GO:0043170']
GO:BP,GO:0012501,programmed cell death,0.9999999213863999,False,"""A process which begins when a cell receives an internal or external signal and activates a series of biochemical events (signaling pathway). The process ends with the death of the cell."" [GOC:lr, GOC:mtg_apoptosis]",148,389,1,22737,0.002570694087403599,0.006756756756756757,query_1,['GO:0008219']
GO:BP,GO:0015031,protein transport,0.9999999213863999,False,"""The directed movement of proteins into, out of or within a cell, or between cells, by means of some agent such as a transporter or pore."" [GOC:ai]",662,389,1,22737,0.002570694087403599,0.0015105740181268882,query_1,"['GO:0006810', 'GO:0008104', 'GO:0045184']"
GO:BP,GO:0042546,cell wall biogenesis,0.9999999213863999,False,"""A cellular process that results in the biosynthesis of constituent macromolecules, assembly, and arrangement of constituent parts of a cell wall. Includes biosynthesis of constituent macromolecules, such as proteins and polysaccharides, and those macromolecular modifications that are involved in synthesis or assembly of the cellular component. A cell wall is the rigid or semi-rigid envelope lying outside the cell membrane of plant, fungal and most prokaryotic cells, maintaining their shape and protecting them from osmotic lysis."" [GOC:jl, GOC:mah, GOC:mtg_sensu, ISBN:0198506732]",222,389,1,22737,0.002570694087403599,0.0045045045045045045,query_1,"['GO:0044085', 'GO:0071554']"
GO:BP,GO:0042592,homeostatic process,0.9999999213863999,False,"""Any biological process involved in the maintenance of an internal steady state. Homeostasis allows cells and organisms to maintain stable internal conditions despite varying external conditions."" [PMID:26265027]",269,389,2,22737,0.005141388174807198,0.007434944237918215,query_1,['GO:0008150']
GO:BP,GO:0006139,nucleobase-containing compound metabolic process,0.9999999213863999,False,"""Any cellular metabolic process involving nucleobases, nucleosides, nucleotides and nucleic acids."" [GOC:ai]",3873,389,50,22737,0.12853470437017994,0.012909888974954816,query_1,['GO:0044238']
GO:BP,GO:0006259,DNA metabolic process,0.9999999213863999,False,"""Any cellular metabolic process involving deoxyribonucleic acid. This is one of the two main types of nucleic acid, consisting of a long, unbranched macromolecule formed from one, or more commonly, two, strands of linked deoxyribonucleotides."" [ISBN:0198506732]",501,389,2,22737,0.005141388174807198,0.003992015968063872,query_1,['GO:0090304']
GO:BP,GO:1901135,carbohydrate derivative metabolic process,0.9999999213863999,False,"""The chemical reactions and pathways involving carbohydrate derivative."" [GOC:TermGenie]",526,389,5,22737,0.012853470437017995,0.009505703422053232,query_1,['GO:0008152']
GO:BP,GO:1901137,carbohydrate derivative biosynthetic process,0.9999999213863999,False,"""The chemical reactions and pathways resulting in the formation of carbohydrate derivative."" [GOC:TermGenie]",292,389,1,22737,0.002570694087403599,0.003424657534246575,query_1,"['GO:0009058', 'GO:1901135']"
GO:BP,GO:0015979,photosynthesis,0.9999999213863999,False,"""The synthesis by organisms of organic chemical compounds, especially carbohydrates, from carbon dioxide (CO2) using energy obtained from light rather than from the oxidation of chemical compounds."" [ISBN:0198547684]",272,389,2,22737,0.005141388174807198,0.007352941176470588,query_1,['GO:0008152']
GO:BP,GO:0016043,cellular component organization,0.9999999213863999,False,"""A process that results in the assembly, arrangement of constituent parts, or disassembly of a cellular component."" [GOC:ai, GOC:jl, GOC:mah]",2226,389,24,22737,0.061696658097686374,0.01078167115902965,query_1,['GO:0071840']
GO:BP,GO:0036211,protein modification process,0.9999999213863999,False,"""The covalent alteration of one or more amino acids occurring in proteins, peptides and nascent polypeptides (co-translational, post-translational modifications). Includes the modification of charged tRNAs that are destined to occur in a protein (pre-translation modification)."" [GOC:bf, GOC:jl]",1777,389,11,22737,0.028277634961439587,0.0061902082160945416,query_1,"['GO:0019538', 'GO:0043412']"
GO:BP,GO:0016051,carbohydrate biosynthetic process,0.9999999213863999,False,"""The chemical reactions and pathways resulting in the formation of carbohydrates, any of a group of organic compounds based of the general formula Cx(H2O)y."" [ISBN:0198506732]",305,389,1,22737,0.002570694087403599,0.003278688524590164,query_1,"['GO:0005975', 'GO:0009058']"
GO:BP,GO:0016071,mRNA metabolic process,0.9999999213863999,False,"""The chemical reactions and pathways involving mRNA, messenger RNA, which is responsible for carrying the coded genetic 'message', transcribed from DNA, to sites of protein assembly at the ribosomes."" [ISBN:0198506732]",496,389,1,22737,0.002570694087403599,0.0020161290322580645,query_1,['GO:0016070']
GO:BP,GO:0016192,vesicle-mediated transport,0.9999999213863999,False,"""A cellular transport process in which transported substances are moved in membrane-bounded vesicles; transported substances are enclosed in the vesicle lumen or located in the vesicle membrane. The process begins with a step that directs a substance to the forming vesicle, and includes vesicle budding and coating. Vesicles are then targeted to, and fuse with, an acceptor membrane."" [GOC:ai, GOC:mah, ISBN:08789310662000]",414,389,1,22737,0.002570694087403599,0.0024154589371980675,query_1,"['GO:0006810', 'GO:0009987']"
GO:BP,GO:0016310,phosphorylation,0.9999999213863999,False,"""The process of introducing a phosphate group into a molecule, usually with the formation of a phosphoric ester, a phosphoric anhydride or a phosphoric amide."" [ISBN:0198506732]",1225,389,8,22737,0.02056555269922879,0.006530612244897959,query_1,['GO:0006796']
GO:BP,GO:0016567,protein ubiquitination,0.9999999213863999,False,"""The process in which one or more ubiquitin groups are added to a protein."" [PMID:26906419]",520,389,5,22737,0.012853470437017995,0.009615384615384616,query_1,['GO:0032446']
GO:BP,GO:0032446,protein modification by small protein conjugation,0.9999999213863999,False,"""A protein modification process in which one or more groups of a small protein, such as ubiquitin or a ubiquitin-like protein, are covalently attached to a target protein."" [GOC:mah]",548,389,5,22737,0.012853470437017995,0.009124087591240875,query_1,['GO:0070647']
GO:BP,GO:0033036,macromolecule localization,0.9999999213863999,False,"""Any process in which a macromolecule is transported to, or maintained in, a specific location."" [GOC:mah]",919,389,7,22737,0.017994858611825194,0.007616974972796518,query_1,['GO:0051179']
GO:BP,GO:0019538,protein metabolic process,0.9999999213863999,False,"""The chemical reactions and pathways involving a protein. Includes protein modification."" [GOC:ma]",3193,389,23,22737,0.05912596401028278,0.007203257124960852,query_1,"['GO:0043170', 'GO:0044238']"
GO:BP,GO:0019637,organophosphate metabolic process,0.9999999213863999,False,"""The chemical reactions and pathways involving organophosphates, any phosphate-containing organic compound."" [ISBN:0198506732]",580,389,3,22737,0.007712082262210797,0.005172413793103448,query_1,['GO:0006793']
GO:BP,GO:1901607,alpha-amino acid biosynthetic process,0.9999999213863999,False,"""The chemical reactions and pathways resulting in the formation of an alpha-amino acid."" [GOC:TermGenie]",171,389,1,22737,0.002570694087403599,0.005847953216374269,query_1,"['GO:0008652', 'GO:0046394', 'GO:1901605']"
GO:BP,GO:0005976,polysaccharide metabolic process,0.9999999213863999,False,"""The chemical reactions and pathways involving a polysaccharide, a polymer of many (typically more than 10) monosaccharide residues linked glycosidically."" [ISBN:0198547684]",393,389,2,22737,0.005141388174807198,0.005089058524173028,query_1,"['GO:0005975', 'GO:0043170']"
GO:BP,GO:0005996,monosaccharide metabolic process,0.9999999213863999,False,"""The chemical reactions and pathways involving monosaccharides, the simplest carbohydrates. They are polyhydric alcohols containing either an aldehyde or a keto group and between three to ten or more carbon atoms. They form the constitutional repeating units of oligo- and polysaccharides."" [ISBN:0198506732]",155,389,1,22737,0.002570694087403599,0.0064516129032258064,query_1,"['GO:0005975', 'GO:0044281']"
GO:BP,GO:0019941,modification-dependent protein catabolic process,0.9999999213863999,False,"""The chemical reactions and pathways resulting in the breakdown of a protein or peptide by hydrolysis of its peptide bonds, initiated by the covalent modification of the target protein."" [GOC:go_curators]",195,389,1,22737,0.002570694087403599,0.005128205128205128,query_1,"['GO:0030163', 'GO:0043632']"
GO:BP,GO:0022622,root system development,0.9999999213863999,False,"""The process whose specific outcome is the progression of the root system over time, from its formation to the mature structure."" [GOC:isa_complete]",583,389,5,22737,0.012853470437017995,0.008576329331046312,query_1,['GO:0048731']
